"id","case_number","date","block","iucr","primary_type","description","location_description","arrest","domestic","beat","district","ward","community_area","fbi_code","x_coordinate","y_coordinate","year","updated_on","latitude","longitude","location"
"14303318","JK385106","2026-08-24T00:00:00.000","053XX S WELLS ST","0460","BATTERY","SIMPLE","VACANT LOT / LAND","false","false","0935","009","20","37","08B","1175515","1869464","2026","2026-08-31T15:53:00.000","41.797182083","-87.63189373","
,  
(41.797182083, -87.63189373)"
"14304357","JK386469","2026-08-24T00:00:00.000","019XX W NORWOOD ST","0760","BURGLARY","BURGLARY FROM MOTOR VEHICLE","STREET","false","false","2413","024","40","2","06","1162163","1940319","2026","2026-08-31T15:53:00.000","41.991902411","-87.678875297","
,  
(41.991902411, -87.678875297)"
"14306554","JK389395","2026-08-24T00:00:00.000","034XX W SCHUBERT AVE","2826","OTHER OFFENSE","HARASSMENT BY ELECTRONIC MEANS","APARTMENT","false","true","1412","014","35","22","26","1153039","1917747","2026","2026-08-31T15:53:00.000","41.930149791","-87.713037267","
,  
(41.930149791, -87.713037267)"
"14303341","JK385266","2026-08-24T00:00:00.000","049XX S DR MARTIN LUTHER KING JR DR","1320","CRIMINAL DAMAGE","TO VEHICLE","STREET","false","false","0223","002","3","38","14","1179695","1872324","2026","2026-08-31T15:53:00.000","41.804935557","-87.616477798","
,  
(41.804935557, -87.616477798)"
"14303122","JK384883","2026-08-24T00:00:00.000","071XX S RHODES AVE","0498","BATTERY","AGG. DOMESTIC BATTERY - HANDS, FISTS, FEET, SERIOUS INJURY","APARTMENT","true","true","0323","003","6","69","04B","1181139","1857892","2026","2026-08-31T15:53:00.000","41.765299634","-87.611626162","
,  
(41.765299634, -87.611626162)"
"14305076","JK387440","2026-08-24T00:00:00.000","070XX S MERRILL AVE","0281","CRIMINAL SEXUAL ASSAULT","NON-AGGRAVATED","RESIDENCE","false","false","0331","003","5","43","02","1191766","1858552","2026","2026-08-31T15:53:00.000","41.766859444","-87.572654154","
,  
(41.766859444, -87.572654154)"
"14304957","JK387410","2026-08-24T00:00:00.000","053XX S KENNETH AVE","0710","THEFT","THEFT FROM MOTOR VEHICLE","STREET","false","false","0815","008","23","62","06","1147610","1868593","2026","2026-08-31T15:53:00.000","41.795371191","-87.734248107","
,  
(41.795371191, -87.734248107)"
"14303261","JK385164","2026-08-24T00:00:00.000","010XX N WINCHESTER AVE","1320","CRIMINAL DAMAGE","TO VEHICLE","STREET","false","false","1212","012","1","24","14","1163214","1906947","2026","2026-08-31T15:53:00.000","41.900305772","-87.675950865","
,  
(41.900305772, -87.675950865)"
"14304662","JK386807","2026-08-24T00:00:00.000","011XX N LAMON AVE","0810","THEFT","OVER $500","DAY CARE CENTER","false","false","1531","015","37","25","06","1143485","1907310","2026","2026-08-31T15:53:00.000","41.901693867","-87.748407778","
,  
(41.901693867, -87.748407778)"
"14303416","JK385124","2026-08-24T00:00:00.000","005XX E 33RD PL","0760","BURGLARY","BURGLARY FROM MOTOR VEHICLE","STREET","false","false","0211","002","4","35","06","1180698","1882808","2026","2026-08-31T15:53:00.000","41.83368145","-87.612476684","
,  
(41.83368145, -87.612476684)"
"14304322","JK385318","2026-08-24T00:00:00.000","017XX W GARFIELD BLVD","0710","THEFT","THEFT FROM MOTOR VEHICLE","STREET","false","false","0932","009","16","61","06","1165762","1868222","2026","2026-08-31T15:53:00.000","41.793986705","-87.667694471","
,  
(41.793986705, -87.667694471)"
"14304286","JK386384","2026-08-24T00:00:00.000","022XX E 103RD ST","1320","CRIMINAL DAMAGE","TO VEHICLE","STREET","false","false","0434","004","7","51","14","1192874","1837123","2026","2026-08-31T15:53:00.000","41.708029389","-87.569290282","
,  
(41.708029389, -87.569290282)"
"14307940","JK391045","2026-08-24T00:00:00.000","100XX S OGLESBY AVE","1320","CRIMINAL DAMAGE","TO VEHICLE","STREET","false","false","0431","004","7","51","14","1193816","1838801","2026","2026-08-31T15:53:00.000","41.712611002","-87.565785921","
,  
(41.712611002, -87.565785921)"
"14303423","JK385152","2026-08-24T00:00:00.000","034XX S RHODES AVE","0760","BURGLARY","BURGLARY FROM MOTOR VEHICLE","PARKING LOT / GARAGE (NON RESIDENTIAL)","false","false","0211","002","4","35","06","1180461","1882209","2026","2026-08-31T15:53:00.000","41.832043206","-87.613364699","
,  
(41.832043206, -87.613364699)"
"14303273","JK385062","2026-08-24T00:00:00.000","0000X E 53RD ST","0760","BURGLARY","BURGLARY FROM MOTOR VEHICLE","SIDEWALK","false","false","0225","002","3","40","06","1177837","1869839","2026","2026-08-31T15:53:00.000","41.79815881","-87.623367365","
,  
(41.79815881, -87.623367365)"
"14303225","JK385030","2026-08-24T00:00:00.000","001XX S WACKER DR","1320","CRIMINAL DAMAGE","TO VEHICLE","STREET","false","false","0122","001","42","32","14","1173889","1899510","2026","2026-08-31T15:53:00.000","41.879667054","-87.63696315","
,  
(41.879667054, -87.63696315)"
"14303257","JK385163","2026-08-24T00:00:00.000","0000X E 46TH ST","2825","OTHER OFFENSE","HARASSMENT BY TELEPHONE","APARTMENT","false","true","0215","002","3","38","26","1177671","1874548","2026","2026-08-31T15:53:00.000","41.811084496","-87.623833562","
,  
(41.811084496, -87.623833562)"
"14303421","JK385125","2026-08-24T00:00:00.000","005XX E 33RD PL","0760","BURGLARY","BURGLARY FROM MOTOR VEHICLE","STREET","false","false","0211","002","4","35","06","1180698","1882808","2026","2026-08-31T15:53:00.000","41.83368145","-87.612476684","
,  
(41.83368145, -87.612476684)"
"14303045","JK384861","2026-08-23T23:54:00.000","089XX S SOUTH CHICAGO AVE","143A","WEAPONS VIOLATION","UNLAWFUL POSSESSION - HANDGUN","GAS STATION","true","false","0423","004","7","48","15","1195162","1846437","2026","2026-08-31T15:53:00.000","41.73353185","-87.560605528","
,  
(41.73353185, -87.560605528)"
"14303107","JK384951","2026-08-23T23:50:00.000","075XX N PAULINA ST","1563","SEX OFFENSE","CRIMINAL SEXUAL ABUSE","CTA PLATFORM","false","false","2422","024","49","1","17","1163690","1950023","2026","2026-08-31T15:53:00.000","42.018498254","-87.672983233","
,  
(42.018498254, -87.672983233)"
"14303197","JK384880","2026-08-23T23:47:00.000","036XX W FIFTH AVE","143A","WEAPONS VIOLATION","UNLAWFUL POSSESSION - HANDGUN","CHA PARKING LOT / GROUNDS","true","false","1133","011","28","27","15","1151985","1897719","2026","2026-08-31T15:53:00.000","41.875211896","-87.717438874","
,  
(41.875211896, -87.717438874)"
"14303073","JK384875","2026-08-23T23:45:00.000","036XX N PINE GROVE AVE","1320","CRIMINAL DAMAGE","TO VEHICLE","STREET","false","false","1925","019","46","6","14","1171288","1924505","2026","2026-08-31T15:53:00.000","41.948312144","-87.645777826","
,  
(41.948312144, -87.645777826)"
"14303626","JK385605","2026-08-23T23:37:00.000","008XX E 65TH ST","0810","THEFT","OVER $500","ALLEY","false","false","0312","003","20","42","06","1183148","1862099","2026","2026-08-31T15:53:00.000","41.776797552","-87.604131898","
,  
(41.776797552, -87.604131898)"
"14303140","JK384893","2026-08-23T23:35:00.000","048XX N DAMEN AVE","0460","BATTERY","SIMPLE","SIDEWALK","false","false","2032","020","47","4","08B","1162138","1932063","2026","2026-08-31T15:53:00.000","41.969248155","-87.679199169","
,  
(41.969248155, -87.679199169)"
"14303065","JK384842","2026-08-23T23:34:00.000","002XX W 103RD ST","143A","WEAPONS VIOLATION","UNLAWFUL POSSESSION - HANDGUN","GAS STATION","true","false","0511","005","9","49","15","1176618","1836644","2026","2026-08-31T15:53:00.000","41.707095328","-87.628834415","
,  
(41.707095328, -87.628834415)"
"14304914","JK386856","2026-08-23T23:30:00.000","041XX W 78TH PL","0486","BATTERY","DOMESTIC BATTERY SIMPLE","STREET","false","true","0834","008","18","70","08B","1150105","1852074","2026","2026-08-31T15:53:00.000","41.749992292","-87.725526868","
,  
(41.749992292, -87.725526868)"
"14304167","JK386233","2026-08-23T23:30:00.000","020XX N CLARK ST","0486","BATTERY","DOMESTIC BATTERY SIMPLE","STREET","false","true","1814","018","43","7","08B","1173986","1913691","2026","2026-08-31T15:53:00.000","41.918578314","-87.636183854","
,  
(41.918578314, -87.636183854)"
"14303063","JK384852","2026-08-23T23:23:00.000","043XX W CERMAK RD","0486","BATTERY","DOMESTIC BATTERY SIMPLE","APARTMENT","false","true","1012","010","24","29","08B","1147831","1889020","2026","2026-08-31T15:53:00.000","41.851421554","-87.732914213","
,  
(41.851421554, -87.732914213)"
"14303134","JK384864","2026-08-23T23:23:00.000","054XX W HIRSCH ST","0486","BATTERY","DOMESTIC BATTERY SIMPLE","RESIDENCE","false","true","2532","025","37","25","08B","1139884","1908785","2026","2026-08-31T15:53:00.000","41.905808054","-87.761598751","
,  
(41.905808054, -87.761598751)"
"14303132","JK384829","2026-08-23T23:22:00.000","065XX S PROMONTORY DR","143A","WEAPONS VIOLATION","UNLAWFUL POSSESSION - HANDGUN","PARK PROPERTY","true","false","0331","003","5","42","15","1192337","1862034","2026","2026-08-31T15:53:00.000","41.776400433","-87.570448042","
,  
(41.776400433, -87.570448042)"
"14303162","JK384895","2026-08-23T23:22:00.000","065XX S PROMONTORY DR","143A","WEAPONS VIOLATION","UNLAWFUL POSSESSION - HANDGUN","PARK PROPERTY","false","false","0331","003","5","42","15","1192337","1862034","2026","2026-08-31T15:53:00.000","41.776400433","-87.570448042","
,  
(41.776400433, -87.570448042)"
"14306943","JK389846","2026-08-23T23:20:00.000","001XX N MICHIGAN AVE","1130","DECEPTIVE PRACTICE","FRAUD OR CONFIDENCE GAME","STREET","false","false","0114","001","34","32","11","1177269","1901590","2026","2026-08-31T15:53:00.000","41.88529876","-87.624489335","
,  
(41.88529876, -87.624489335)"
"14303044","JK384844","2026-08-23T23:20:00.000","070XX S LOWE AVE","0484","BATTERY","PROTECTED EMPLOYEE - HANDS, FISTS, FEET, NO / MINOR INJURY","APARTMENT","false","false","0732","007","6","68","08B","1173186","1858153","2026","2026-08-31T15:53:00.000","41.766195265","-87.64076851","
,  
(41.766195265, -87.64076851)"
"14303087","JK384899","2026-08-23T23:15:00.000","039XX W DIVERSEY AVE","031A","ROBBERY","ARMED - HANDGUN","SIDEWALK","false","false","2524","025","35","22","03","1149822","1918331","2026","2026-08-31T15:53:00.000","41.931815594","-87.724843794","
,  
(41.931815594, -87.724843794)"
"14303043","JK384839","2026-08-23T23:14:00.000","109XX S STATE ST","1310","CRIMINAL DAMAGE","TO PROPERTY","RESIDENCE","false","false","0513","005","9","49","14","1178193","1832512","2026","2026-08-31T15:53:00.000","41.695721037","-87.623191571","
,  
(41.695721037, -87.623191571)"
"14303079","JK384843","2026-08-23T23:12:00.000","002XX W GARFIELD BLVD","0486","BATTERY","DOMESTIC BATTERY SIMPLE","CTA TRAIN","false","true","0935","009","20","37","08B","1175647","1868500","2026","2026-08-31T15:53:00.000","41.794533814","-87.631438536","
,  
(41.794533814, -87.631438536)"
"14303038","JK384826","2026-08-23T23:12:00.000","079XX S RICHMOND ST","143A","WEAPONS VIOLATION","UNLAWFUL POSSESSION - HANDGUN","SIDEWALK","true","false","0835","008","18","70","15","1158091","1851856","2026","2026-08-31T15:53:00.000","41.74923553","-87.696268305","
,  
(41.74923553, -87.696268305)"
"14303074","JK384848","2026-08-23T23:09:00.000","009XX W GORDON TER","0486","BATTERY","DOMESTIC BATTERY SIMPLE","NURSING / RETIREMENT HOME","false","true","1915","019","46","3","08B","1169173","1927808","2026","2026-08-31T15:53:00.000","41.957421993","-87.653455761","
,  
(41.957421993, -87.653455761)"
"14303022","JK384825","2026-08-23T23:08:00.000","028XX W OGDEN AVE","0460","BATTERY","SIMPLE","STREET","true","false","1022","010","24","29","08B","1157742","1892610","2026","2026-08-31T15:53:00.000","41.861076976","-87.696440558","
,  
(41.861076976, -87.696440558)"
"14303052","JK384856","2026-08-23T23:07:00.000","008XX E 79TH ST","143A","WEAPONS VIOLATION","UNLAWFUL POSSESSION - HANDGUN","GAS STATION","true","false","0624","006","8","69","15","1183364","1852811","2026","2026-08-31T15:53:00.000","41.751305337","-87.603628907","
,  
(41.751305337, -87.603628907)"
"14303192","JK384991","2026-08-23T23:04:00.000","002XX W 24TH PL","0460","BATTERY","SIMPLE","RESTAURANT","false","false","0914","009","11","34","08B","1175093","1888066","2026","2026-08-31T15:53:00.000","41.848237048","-87.632885125","
,  
(41.848237048, -87.632885125)"
"14303053","JK384838","2026-08-23T23:01:00.000","001XX E CHESTNUT ST","1330","CRIMINAL TRESPASS","TO LAND","PARKING LOT / GARAGE (NON RESIDENTIAL)","true","false","1833","018","42","8","26","1177081","1906353","2026","2026-08-31T15:53:00.000","41.89837293","-87.625035314","
,  
(41.89837293, -87.625035314)"
"14309483","JK393241","2026-08-23T23:00:00.000","074XX N HOYNE AVE","0560","ASSAULT","SIMPLE","RESIDENCE","false","false","2424","024","49","1","08A",,,"2026","2026-08-31T15:53:00.000",,,
"14303822","JK385847","2026-08-23T23:00:00.000","007XX S INDEPENDENCE BLVD","2825","OTHER OFFENSE","HARASSMENT BY TELEPHONE","APARTMENT","false","false","1133","011","24","26","26","1151209","1896597","2026","2026-08-31T15:53:00.000","41.872148247","-87.720317478","
,  
(41.872148247, -87.720317478)"
"14303665","JK385606","2026-08-23T23:00:00.000","120XX S PARNELL AVE","0710","THEFT","THEFT FROM MOTOR VEHICLE","STREET","false","false","0523","005","21","53","06","1174805","1825136","2026","2026-08-31T15:53:00.000","41.675556132","-87.635814838","
,  
(41.675556132, -87.635814838)"
"14304349","JK386508","2026-08-23T23:00:00.000","055XX W WEST END AVE","0910","MOTOR VEHICLE THEFT","AUTOMOBILE","STREET","false","false","1523","015","37","25","07","1139352","1900926","2026","2026-08-31T15:53:00.000","41.884251707","-87.763744657","
,  
(41.884251707, -87.763744657)"
"14303753","JK385497","2026-08-23T23:00:00.000","072XX S STONY ISLAND AVE","0610","BURGLARY","FORCIBLE ENTRY","APARTMENT","false","false","0324","003","7","43","05","1188059","1857479","2026","2026-08-31T15:53:00.000","41.764004198","-87.586275721","
,  
(41.764004198, -87.586275721)"
"14303066","JK384819","2026-08-23T23:00:00.000","028XX W 59TH ST","143A","WEAPONS VIOLATION","UNLAWFUL POSSESSION - HANDGUN","SIDEWALK","true","false","0824","008","15","63","15","1158637","1865403","2026","2026-08-31T15:53:00.000","41.786399399","-87.693898477","
,  
(41.786399399, -87.693898477)"
"14303245","JK385076","2026-08-23T23:00:00.000","045XX N DRAKE AVE","0760","BURGLARY","BURGLARY FROM MOTOR VEHICLE","STREET","false","false","1723","017","33","14","06","1151904","1929910","2026","2026-08-31T15:53:00.000","41.963548429","-87.716886677","
,  
(41.963548429, -87.716886677)"
"14303894","JK385831","2026-08-23T23:00:00.000","041XX W NORTH AVE","0486","BATTERY","DOMESTIC BATTERY SIMPLE","STREET","false","true","2534","025","26","23","08B","1148674","1910317","2026","2026-08-31T15:53:00.000","41.909846709","-87.729270003","
,  
(41.909846709, -87.729270003)"
"14303168","JK384830","2026-08-23T22:56:00.000","006XX N PULASKI RD","0460","BATTERY","SIMPLE","SIDEWALK","false","false","1111","011","37","23","08B","1149617","1903766","2026","2026-08-31T15:53:00.000","41.891851825","-87.725976161","
,  
(41.891851825, -87.725976161)"
"14303186","JK384860","2026-08-23T22:55:00.000","050XX S ASHLAND AVE","0461","BATTERY","AGGRAVATED P.O. - HANDS, FISTS, FEET, SERIOUS INJURY","SIDEWALK","false","false","0931","009","20","61","04B","1166524","1871398","2026","2026-08-31T15:53:00.000","41.802685798","-87.664809681","
,  
(41.802685798, -87.664809681)"
"14303072","JK384831","2026-08-23T22:50:00.000","035XX N CLARK ST","0460","BATTERY","SIMPLE","STREET","false","false","1924","019","44","6","08B","1168675","1923578","2026","2026-08-31T15:53:00.000","41.945825535","-87.655409564","
,  
(41.945825535, -87.655409564)"
"14303068","JK384827","2026-08-23T22:50:00.000","049XX N KILPATRICK AVE","0486","BATTERY","DOMESTIC BATTERY SIMPLE","APARTMENT","true","true","1712","017","39","14","08B","1144970","1932650","2026","2026-08-31T15:53:00.000","41.971201261","-87.742311456","
,  
(41.971201261, -87.742311456)"
"14303070","JK384857","2026-08-23T22:43:00.000","008XX W WELLINGTON AVE","1320","CRIMINAL DAMAGE","TO VEHICLE","PARKING LOT / GARAGE (NON RESIDENTIAL)","false","false","1933","019","44","6","14","1169981","1920130","2026","2026-08-31T15:53:00.000","41.936335635","-87.650710119","
,  
(41.936335635, -87.650710119)"
"14303092","JK384845","2026-08-23T22:42:00.000","046XX S SPRINGFIELD AVE","5000","OTHER OFFENSE","OTHER CRIME AGAINST PERSON","APARTMENT","false","true","0821","008","14","57","26","1151143","1873488","2026","2026-08-31T15:53:00.000","41.808735492","-87.721164505","
,  
(41.808735492, -87.721164505)"
"14303158","JK384823","2026-08-23T22:41:00.000","074XX S KIMBARK AVE","143A","WEAPONS VIOLATION","UNLAWFUL POSSESSION - HANDGUN","STREET","false","false","0324","003","8","43","15","1186167","1855955","2026","2026-08-31T15:53:00.000","41.759867082","-87.593258304","
,  
(41.759867082, -87.593258304)"
"14303707","JK385488","2026-08-23T22:40:00.000","074XX S SOUTH SHORE DR","0760","BURGLARY","BURGLARY FROM MOTOR VEHICLE","VEHICLE NON-COMMERCIAL","false","false","0334","003","7","43","06","1195764","1856629","2026","2026-08-31T15:53:00.000","41.761484638","-87.55806373","
,  
(41.761484638, -87.55806373)"
"14303139","JK384866","2026-08-23T22:39:00.000","074XX S COLFAX AVE","0420","BATTERY","AGGRAVATED - KNIFE / CUTTING INSTRUMENT","APARTMENT","false","false","0334","003","7","43","04B","1194661","1856123","2026","2026-08-31T15:53:00.000","41.760123344","-87.562122867","
,  
(41.760123344, -87.562122867)"
"14303093","JK384926","2026-08-23T22:30:00.000","005XX N MICHIGAN AVE","5000","OTHER OFFENSE","OTHER CRIME AGAINST PERSON","CTA BUS","false","false","1834","018","42","8","26","1177337","1904027","2026","2026-08-31T15:53:00.000","41.891984471","-87.62416567","
,  
(41.891984471, -87.62416567)"
"14303250","JK385094","2026-08-23T22:30:00.000","011XX E BOWEN AVE","1320","CRIMINAL DAMAGE","TO VEHICLE","STREET","false","false","0214","002","4","36","14","1184268","1877355","2026","2026-08-31T15:53:00.000","41.818635102","-87.599548655","
,  
(41.818635102, -87.599548655)"
"14303136","JK384822","2026-08-23T22:30:00.000","074XX S DR MARTIN LUTHER KING JR DR","0430","BATTERY","AGGRAVATED - OTHER DANGEROUS WEAPON","SIDEWALK","false","false","0323","003","6","69","04B","1180197","1855716","2026","2026-08-31T15:53:00.000","41.759350096","-87.61514544","
,  
(41.759350096, -87.61514544)"
"14304452","JK386685","2026-08-23T22:30:00.000","017XX W 77TH ST","0820","THEFT","$500 AND UNDER","STREET","false","false","0611","006","17","71","06","1166183","1853637","2026","2026-08-31T15:53:00.000","41.753954607","-87.666565337","
,  
(41.753954607, -87.666565337)"
"14304627","JK386823","2026-08-23T22:26:00.000","041XX W FULLERTON AVE","0620","BURGLARY","UNLAWFUL ENTRY","COMMERCIAL / BUSINESS OFFICE","false","false","2524","025","31","20","05","1148567","1915639","2026","2026-08-31T15:53:00.000","41.924452852","-87.729525431","
,  
(41.924452852, -87.729525431)"
"14303013","JK384816","2026-08-23T22:26:00.000","018XX W GARFIELD BLVD","2024","NARCOTICS","POSSESS - HEROIN (WHITE)","STREET","true","false","0715","007","16","67","18","1164825","1868068","2026","2026-08-31T15:53:00.000","41.793583967","-87.671134755","
,  
(41.793583967, -87.671134755)"
"14303024","JK384810","2026-08-23T22:24:00.000","051XX W DIVERSEY AVE","0312","ROBBERY","ARMED - KNIFE / CUTTING INSTRUMENT","DEPARTMENT STORE","true","false","2521","025","31","19","03","1141596","1918129","2026","2026-08-31T15:53:00.000","41.931417509","-87.755078443","
,  
(41.931417509, -87.755078443)"
"14303090","JK384946","2026-08-23T22:19:00.000","014XX N SPRINGFIELD AVE","5002","OTHER OFFENSE","OTHER VEHICLE OFFENSE","VEHICLE NON-COMMERCIAL","false","false","2535","025","26","23","26","1150119","1909199","2026","2026-08-31T15:53:00.000","41.906750761","-87.723990805","
,  
(41.906750761, -87.723990805)"
"14303114","JK384862","2026-08-23T22:08:00.000","038XX N OCONTO AVE","0486","BATTERY","DOMESTIC BATTERY SIMPLE","RESIDENCE","true","true","1631","016","38","17","08B","1127053","1924746","2026","2026-08-31T15:53:00.000","41.949832076","-87.808373549","
,  
(41.949832076, -87.808373549)"
"14303050","JK384800","2026-08-23T22:01:00.000","105XX S MICHIGAN AVE","0486","BATTERY","DOMESTIC BATTERY SIMPLE","APARTMENT","false","true","0512","005","9","49","08B","1178848","1835093","2026","2026-08-31T15:53:00.000","41.702788818","-87.620715211","
,  
(41.702788818, -87.620715211)"
"14303471","JK385401","2026-08-23T22:00:00.000","001XX N STETSON AVE","0910","MOTOR VEHICLE THEFT","AUTOMOBILE","STREET","false","false","0114","001","42","32","07","1177872","1901506","2026","2026-08-31T15:53:00.000","41.88505457","-87.622277594","
,  
(41.88505457, -87.622277594)"
"14303515","JK385252","2026-08-23T22:00:00.000","032XX S RACINE AVE","0910","MOTOR VEHICLE THEFT","AUTOMOBILE","STREET","false","false","0913","009","11","60","07","1168844","1883368","2026","2026-08-31T15:53:00.000","41.83548288","-87.655955147","
,  
(41.83548288, -87.655955147)"
"14303228","JK385024","2026-08-23T22:00:00.000","023XX N SACRAMENTO AVE","0917","MOTOR VEHICLE THEFT","CYCLE, SCOOTER, BIKE WITH VIN","STREET","false","false","1414","014","35","22","07","1155977","1915551","2026","2026-08-31T15:53:00.000","41.924064965","-87.702300194","
,  
(41.924064965, -87.702300194)"
"14305887","JK388253","2026-08-23T22:00:00.000","027XX S SPRINGFIELD AVE","1320","CRIMINAL DAMAGE","TO VEHICLE","STREET","false","false","1031","010","22","30","14","1150820","1885445","2026","2026-08-31T15:53:00.000","41.841553431","-87.722037173","
,  
(41.841553431, -87.722037173)"
"14304253","JK385133","2026-08-23T22:00:00.000","032XX S PRINCETON AVE","1320","CRIMINAL DAMAGE","TO VEHICLE","STREET","false","false","0915","009","11","34","14","1174813","1883572","2026","2026-08-31T15:53:00.000","41.835911418","-87.634047017","
,  
(41.835911418, -87.634047017)"
"14303119","JK384870","2026-08-23T22:00:00.000","045XX S WALLACE ST","1320","CRIMINAL DAMAGE","TO VEHICLE","STREET","false","false","0925","009","15","61","14","1173051","1874983","2026","2026-08-31T15:53:00.000","41.812381595","-87.640766408","
,  
(41.812381595, -87.640766408)"
"14303395","JK385344","2026-08-23T22:00:00.000","004XX E 110TH PL","0820","THEFT","$500 AND UNDER","VEHICLE NON-COMMERCIAL","false","false","0513","005","9","49","06","1181063","1831622","2026","2026-08-31T15:53:00.000","41.693213341","-87.612710835","
,  
(41.693213341, -87.612710835)"
"14303091","JK384833","2026-08-23T22:00:00.000","028XX W 64TH ST","051A","ASSAULT","AGGRAVATED - HANDGUN","APARTMENT","false","false","0823","008","15","66","04A","1158328","1862073","2026","2026-08-31T15:53:00.000","41.777267706","-87.695122058","
,  
(41.777267706, -87.695122058)"
"14303307","JK385231","2026-08-23T22:00:00.000","023XX E 69TH ST","0760","BURGLARY","BURGLARY FROM MOTOR VEHICLE","STREET","false","false","0331","003","5","43","06","1192661","1859660","2026","2026-08-31T15:53:00.000","41.769878112","-87.569337612","
,  
(41.769878112, -87.569337612)"
"14302987","JK384805","2026-08-23T22:00:00.000","048XX N HERMITAGE AVE","2825","OTHER OFFENSE","HARASSMENT BY TELEPHONE","OTHER (SPECIFY)","false","false","2032","020","47","3","26","1163922","1932354","2026","2026-08-31T15:53:00.000","41.970009106","-87.672631167","
,  
(41.970009106, -87.672631167)"
"14302977","JK384803","2026-08-23T22:00:00.000","021XX W 52ND PL","0460","BATTERY","SIMPLE","STREET","false","false","0932","009","16","61","08B","1163093","1869663","2026","2026-08-31T15:53:00.000","41.797997283","-87.677441259","
,  
(41.797997283, -87.677441259)"
"14303056","JK384821","2026-08-23T21:56:00.000","027XX N MELVINA AVE","0460","BATTERY","SIMPLE","RESIDENCE","true","false","2512","025","36","19","08B","1134603","1917545","2026","2026-08-31T15:53:00.000","41.929941493","-87.780790739","
,  
(41.929941493, -87.780790739)"
"14303177","JK384809","2026-08-23T21:55:00.000","001XX S CICERO AVE","031A","ROBBERY","ARMED - HANDGUN","GAS STATION","false","false","1113","011","28","25","03","1144415","1898849","2026","2026-08-31T15:53:00.000","41.878458449","-87.745204753","
,  
(41.878458449, -87.745204753)"
"14303023","JK384806","2026-08-23T21:50:00.000","098XX S DOBSON AVE","0560","ASSAULT","SIMPLE","RESIDENCE","false","true","0511","005","8","50","08A","1184952","1839887","2026","2026-08-31T15:53:00.000","41.715803359","-87.598214238","
,  
(41.715803359, -87.598214238)"
"14303009","JK384788","2026-08-23T21:45:00.000","0000X E ONTARIO ST","0560","ASSAULT","SIMPLE","STREET","false","false","1834","018","42","8","08A","1176746","1904502","2026","2026-08-31T15:53:00.000","41.893301278","-87.626321754","
,  
(41.893301278, -87.626321754)"
"14303687","JK384789","2026-08-23T21:37:00.000","105XX S WALDEN PKWY","0440","BATTERY","AGGRAVATED - HANDS, FISTS, FEET, NO / MINOR INJURY","APARTMENT","false","false","2212","022","19","72","08B","1165490","1834849","2026","2026-08-31T15:53:00.000","41.702412152","-87.669635833","
,  
(41.702412152, -87.669635833)"
"14304691","JK386868","2026-08-23T21:37:00.000","003XX N DEARBORN ST","0610","BURGLARY","FORCIBLE ENTRY","COMMERCIAL / BUSINESS OFFICE","false","false","1831","018","42","8","05","1175883","1902611","2026","2026-08-31T15:53:00.000","41.888131743","-87.629548167","
,  
(41.888131743, -87.629548167)"
"14302997","JK384786","2026-08-23T21:31:00.000","016XX W 95TH ST","0860","THEFT","RETAIL THEFT","DRUG STORE","false","false","2213","022","19","73","06","1166969","1841705","2026","2026-08-31T15:53:00.000","41.7211947","-87.664024973","
,  
(41.7211947, -87.664024973)"
"14303156","JK384972","2026-08-23T21:30:00.000","031XX S PULASKI RD","0486","BATTERY","DOMESTIC BATTERY SIMPLE","APARTMENT","false","true","1031","010","22","30","08B","1150210","1883417","2026","2026-08-31T15:53:00.000","41.836000227","-87.72432846","
,  
(41.836000227, -87.72432846)"
"14303049","JK384841","2026-08-23T21:30:00.000","009XX W 63RD ST","0486","BATTERY","DOMESTIC BATTERY SIMPLE","STREET","false","true","0723","007","16","68","08B","1171308","1863061","2026","2026-08-31T15:53:00.000","41.779704696","-87.647508582","
,  
(41.779704696, -87.647508582)"
"14303617","JK385526","2026-08-23T21:30:00.000","011XX N LAMON AVE","0910","MOTOR VEHICLE THEFT","AUTOMOBILE","STREET","false","true","1531","015","37","25","07","1143485","1907310","2026","2026-08-31T15:53:00.000","41.901693867","-87.748407778","
,  
(41.901693867, -87.748407778)"
"14302994","JK384812","2026-08-23T21:30:00.000","056XX S KILPATRICK AVE","1305","CRIMINAL DAMAGE","CRIMINAL DEFACEMENT","CTA TRAIN","false","false","0813","008","13","56","14","1146073","1866900","2026","2026-08-31T15:53:00.000","41.790754583","-87.739927261","
,  
(41.790754583, -87.739927261)"
"14303240","JK385108","2026-08-23T21:30:00.000","003XX E 44TH ST","0760","BURGLARY","BURGLARY FROM MOTOR VEHICLE","STREET","false","false","0215","002","3","38","06","1179020","1875910","2026","2026-08-31T15:53:00.000","41.814791271","-87.618844044","
,  
(41.814791271, -87.618844044)"
"14303055","JK384797","2026-08-23T21:16:00.000","103XX S PRAIRIE AVE","1310","CRIMINAL DAMAGE","TO PROPERTY","RESIDENCE","false","true","0512","005","9","49","14","1179741","1836427","2026","2026-08-31T15:53:00.000","41.70642917","-87.617404681","
,  
(41.70642917, -87.617404681)"
"14302972","JK384785","2026-08-23T21:14:00.000","034XX W PALMER ST","0560","ASSAULT","SIMPLE","ALLEY","false","false","1413","014","35","22","08A","1153200","1914413","2026","2026-08-31T15:53:00.000","41.920997822","-87.712534329","
,  
(41.920997822, -87.712534329)"
"14303327","JK385079","2026-08-23T21:13:00.000","105XX S WALDEN PKWY","0420","BATTERY","AGGRAVATED - KNIFE / CUTTING INSTRUMENT","APARTMENT","false","false","2212","022","19","72","04B","1165490","1834849","2026","2026-08-31T15:53:00.000","41.702412152","-87.669635833","
,  
(41.702412152, -87.669635833)"
"14302992","JK384774","2026-08-23T21:12:00.000","018XX E 103RD ST","0930","MOTOR VEHICLE THEFT","THEFT / RECOVERY - AUTOMOBILE","STREET","false","false","0434","004","10","51","07","1189924","1837042","2026","2026-08-31T15:53:00.000","41.707878434","-87.580095747","
,  
(41.707878434, -87.580095747)"
"14303887","JK385810","2026-08-23T21:00:00.000","002XX N LA SALLE ST","0281","CRIMINAL SEXUAL ASSAULT","NON-AGGRAVATED","HOTEL / MOTEL","false","false","0122","001","42","32","02","1175087","1902156","2026","2026-08-31T15:53:00.000","41.886901075","-87.632484966","
,  
(41.886901075, -87.632484966)"
"14310203","JK393970","2026-08-23T21:00:00.000","071XX S COLES AVE","1320","CRIMINAL DAMAGE","TO VEHICLE","APARTMENT","false","false","0334","003","7","43","14",,,"2026","2026-08-31T15:53:00.000",,,
"14306775","JK388831","2026-08-23T21:00:00.000","010XX N MASSASOIT AVE","0420","BATTERY","AGGRAVATED - KNIFE / CUTTING INSTRUMENT","RESIDENCE","false","false","1511","015","29","25","04B","1137832","1906356","2026","2026-08-31T15:53:00.000","41.899179865","-87.769195267","
,  
(41.899179865, -87.769195267)"
"14304436","JK386584","2026-08-23T21:00:00.000","024XX S HALSTED ST","0520","ASSAULT","AGGRAVATED - KNIFE / CUTTING INSTRUMENT","SIDEWALK","true","false","0913","009","11","60","04A","1171384","1888185","2026","2026-08-31T15:53:00.000","41.848645802","-87.646493766","
,  
(41.848645802, -87.646493766)"
"14306267","JK388898","2026-08-23T21:00:00.000","010XX E 62ND ST","0930","MOTOR VEHICLE THEFT","THEFT / RECOVERY - AUTOMOBILE","STREET","false","false","0314","003","20","42","07","1184102","1864110","2026","2026-08-31T15:53:00.000","41.782293664","-87.60057179","
,  
(41.782293664, -87.60057179)"
"14303870","JK386005","2026-08-23T21:00:00.000","038XX W CHICAGO AVE","0910","MOTOR VEHICLE THEFT","AUTOMOBILE","STREET","false","false","1112","011","37","23","07","1150490","1905065","2026","2026-08-31T15:53:00.000","41.895399414","-87.722736046","
,  
(41.895399414, -87.722736046)"
"14305821","JK388209","2026-08-23T21:00:00.000","036XX N KEELER AVE","1320","CRIMINAL DAMAGE","TO VEHICLE","STREET","false","false","1731","017","30","16","14","1147760","1923853","2026","2026-08-31T15:53:00.000","41.947008345","-87.732279113","
,  
(41.947008345, -87.732279113)"
"14303686","JK385753","2026-08-23T21:00:00.000","013XX W ERIE ST","0890","THEFT","FROM BUILDING","RESIDENCE","false","false","1215","012","27","24","06","1167191","1904473","2026","2026-08-31T15:53:00.000","41.893432392","-87.661414411","
,  
(41.893432392, -87.661414411)"
"14303623","JK385554","2026-08-23T21:00:00.000","028XX S DR MARTIN LUTHER KING JR DR","1320","CRIMINAL DAMAGE","TO VEHICLE","STREET","false","false","0133","001","4","35","14","1179378","1886082","2026","2026-08-31T15:53:00.000","41.842695834","-87.61721984","
,  
(41.842695834, -87.61721984)"
"14302932","JK384763","2026-08-23T20:55:00.000","030XX W 26TH ST","0810","THEFT","OVER $500","DRUG STORE","false","false","1033","010","25","30","06","1156324","1886588","2026","2026-08-31T15:53:00.000","41.844580682","-87.701808336","
,  
(41.844580682, -87.701808336)"
"14304702","JK386710","2026-08-23T20:44:00.000","0000X E 119TH PL","0486","BATTERY","DOMESTIC BATTERY SIMPLE","APARTMENT","false","true","0532","005","9","53","08B","1178674","1825740","2026","2026-08-31T15:53:00.000","41.677126781","-87.621635309","
,  
(41.677126781, -87.621635309)"
"14302945","JK384767","2026-08-23T20:42:00.000","001XX N LONG AVE","0460","BATTERY","SIMPLE","RESIDENCE","false","false","1523","015","37","25","08B","1140301","1900867","2026","2026-08-31T15:53:00.000","41.884072466","-87.760261213","
,  
(41.884072466, -87.760261213)"
"14304989","JK387113","2026-08-23T20:41:00.000","007XX S KENNETH AVE","4387","OTHER OFFENSE","VIOLATE ORDER OF PROTECTION","OTHER (SPECIFY)","false","false","1131","011","24","26","26","1146815","1896088","2026","2026-08-31T15:53:00.000","41.870836468","-87.736462868","
,  
(41.870836468, -87.736462868)"
"14302952","JK384736","2026-08-23T20:34:00.000","0000X S HOMAN AVE","0810","THEFT","OVER $500","APARTMENT","true","false","1124","011","28","27","06","1153727","1899655","2026","2026-08-31T15:53:00.000","41.880490003","-87.710991365","
,  
(41.880490003, -87.710991365)"
"14302958","JK384743","2026-08-23T20:31:00.000","035XX W 12TH PL","143A","WEAPONS VIOLATION","UNLAWFUL POSSESSION - HANDGUN","STREET","false","false","1021","010","24","29","15","1152967","1894061","2026","2026-08-31T15:53:00.000","41.865154549","-87.713930253","
,  
(41.865154549, -87.713930253)"
"14304128","JK386191","2026-08-23T20:31:00.000","025XX S MICHIGAN AVE","0820","THEFT","$500 AND UNDER","HOSPITAL BUILDING / GROUNDS","false","false","0133","001","4","33","06","1177647","1887564","2026","2026-08-31T15:53:00.000","41.846801978","-87.623527134","
,  
(41.846801978, -87.623527134)"
"14303358","JK385153","2026-08-23T20:30:00.000","083XX S CARPENTER ST","0930","MOTOR VEHICLE THEFT","THEFT / RECOVERY - AUTOMOBILE","RESIDENCE","false","false","0613","006","17","71","07","1170768","1849560","2026","2026-08-31T15:53:00.000","41.742668037","-87.649881541","
,  
(41.742668037, -87.649881541)"
"14303064","JK384793","2026-08-23T20:30:00.000","0000X W RIVERWALK S","0460","BATTERY","SIMPLE","STREET","true","false","0111","001","42","32","08B","1176161","1902223","2026","2026-08-31T15:53:00.000","41.887060789","-87.62853897","
,  
(41.887060789, -87.62853897)"
"14304375","JK385159","2026-08-23T20:30:00.000","013XX W 32ND PL","0710","THEFT","THEFT FROM MOTOR VEHICLE","STREET","false","false","0913","009","11","60","06","1167972","1883228","2026","2026-08-31T15:53:00.000","41.835117532","-87.659158818","
,  
(41.835117532, -87.659158818)"
"14303019","JK384751","2026-08-23T20:30:00.000","016XX N HALSTED ST","0486","BATTERY","DOMESTIC BATTERY SIMPLE","APARTMENT","false","true","1813","018","43","7","08B","1170717","1910915","2026","2026-08-31T15:53:00.000","41.911033117","-87.648275815","
,  
(41.911033117, -87.648275815)"
"14303776","JK385604","2026-08-23T20:30:00.000","014XX W MONROE ST","0910","MOTOR VEHICLE THEFT","AUTOMOBILE","STREET","false","false","1224","012","27","28","07","1166720","1899658","2026","2026-08-31T15:53:00.000","41.880229781","-87.6632823","
,  
(41.880229781, -87.6632823)"
"14302946","JK384746","2026-08-23T20:25:00.000","059XX S ROCKWELL ST","0486","BATTERY","DOMESTIC BATTERY SIMPLE","APARTMENT","false","true","0824","008","16","66","08B","1160057","1865191","2026","2026-08-31T15:53:00.000","41.785788544","-87.688697825","
,  
(41.785788544, -87.688697825)"
"14303782","JK385665","2026-08-23T20:22:00.000","043XX W 63RD ST","1187","DECEPTIVE PRACTICE","STATE BENEFITS FRAUD","OTHER (SPECIFY)","false","false","0813","008","13","65","11","1148333","1862469","2026","2026-08-31T15:53:00.000","41.778552105","-87.731753939","
,  
(41.778552105, -87.731753939)"
"14303012","JK384782","2026-08-23T20:20:00.000","017XX N LONG AVE","1310","CRIMINAL DAMAGE","TO PROPERTY","APARTMENT","false","true","2532","025","37","25","14","1140129","1911045","2026","2026-08-31T15:53:00.000","41.912005269","-87.760643338","
,  
(41.912005269, -87.760643338)"
"14302941","JK384748","2026-08-23T20:19:00.000","071XX W FOSTER PL","1330","CRIMINAL TRESPASS","TO LAND","PARKING LOT / GARAGE (NON RESIDENTIAL)","true","false","1613","016","41","10","26","1127535","1933838","2026","2026-08-31T15:53:00.000","41.974773411","-87.806396207","
,  
(41.974773411, -87.806396207)"
"14302982","JK384773","2026-08-23T20:15:00.000","009XX S INDEPENDENCE BLVD","0520","ASSAULT","AGGRAVATED - KNIFE / CUTTING INSTRUMENT","APARTMENT","false","false","1133","011","24","29","04A","1151401","1895691","2026","2026-08-31T15:53:00.000","41.869658316","-87.71963634","
,  
(41.869658316, -87.71963634)"
"14302975","JK384780","2026-08-23T20:13:00.000","034XX W HIRSCH ST","0620","BURGLARY","UNLAWFUL ENTRY","RESIDENCE - GARAGE","false","false","1422","014","26","23","05","1153253","1909097","2026","2026-08-31T15:53:00.000","41.906409196","-87.712480984","
,  
(41.906409196, -87.712480984)"
"14303010","JK384762","2026-08-23T20:10:00.000","047XX W GRAND AVE","2028","NARCOTICS","POSSESS - SYNTHETIC DRUGS","SIDEWALK","true","false","2533","025","36","25","18","1144691","1911467","2026","2026-08-31T15:53:00.000","41.913078471","-87.743873016","
,  
(41.913078471, -87.743873016)"
"14303452","JK385426","2026-08-23T20:10:00.000","056XX S LAFAYETTE AVE","0820","THEFT","$500 AND UNDER","STREET","false","false","0225","002","20","40","06","1176939","1867651","2026","2026-08-31T15:53:00.000","41.79217503","-87.626726424","
,  
(41.79217503, -87.626726424)"
"14302927","JK384730","2026-08-23T20:09:00.000","0000X S HOMAN AVE","0560","ASSAULT","SIMPLE","ALLEY","false","false","1124","011","28","27","08A","1153727","1899655","2026","2026-08-31T15:53:00.000","41.880490003","-87.710991365","
,  
(41.880490003, -87.710991365)"
"14302914","JK384727","2026-08-23T20:06:00.000","010XX W 19TH ST","0460","BATTERY","SIMPLE","APARTMENT","false","false","1235","012","25","31","08B","1169920","1891095","2026","2026-08-31T15:53:00.000","41.856663094","-87.651781962","
,  
(41.856663094, -87.651781962)"
"14302940","JK384718","2026-08-23T20:05:00.000","032XX W BELMONT AVE","0860","THEFT","RETAIL THEFT","SMALL RETAIL STORE","true","false","1733","017","35","21","06","1153997","1921094","2026","2026-08-31T15:53:00.000","41.939315143","-87.70942733","
,  
(41.939315143, -87.70942733)"
"14303016","JK384769","2026-08-23T20:00:00.000","007XX E 50TH PL","051A","ASSAULT","AGGRAVATED - HANDGUN","APARTMENT","false","true","0223","002","20","38","04A","1181886","1871687","2026","2026-08-31T15:53:00.000","41.80313715","-87.608461942","
,  
(41.80313715, -87.608461942)"
"14303196","JK384997","2026-08-23T20:00:00.000","081XX S COMMERCIAL AVE","0910","MOTOR VEHICLE THEFT","AUTOMOBILE","STREET","false","false","0422","004","7","46","07","1197605","1851618","2026","2026-08-31T15:53:00.000","41.747688375","-87.551483355","
,  
(41.747688375, -87.551483355)"
"14303633","JK385581","2026-08-23T20:00:00.000","008XX N LAMON AVE","0910","MOTOR VEHICLE THEFT","AUTOMOBILE","STREET","false","false","1531","015","37","25","07","1143532","1905295","2026","2026-08-31T15:53:00.000","41.896163599","-87.748285612","
,  
(41.896163599, -87.748285612)"
"14303229","JK385052","2026-08-23T20:00:00.000","017XX W LAKE ST","0820","THEFT","$500 AND UNDER","STREET","false","false","1215","012","27","28","06","1164557","1901444","2026","2026-08-31T15:53:00.000","41.885176776","-87.671173973","
,  
(41.885176776, -87.671173973)"
"14304299","JK386425","2026-08-23T20:00:00.000","064XX S GREENWOOD AVE","0760","BURGLARY","BURGLARY FROM MOTOR VEHICLE","STREET","false","false","0314","003","20","42","06","1184471","1862544","2026","2026-08-31T15:53:00.000","41.777987785","-87.599267962","
,  
(41.777987785, -87.599267962)"
"14303015","JK384750","2026-08-23T20:00:00.000","006XX N CICERO AVE","0486","BATTERY","DOMESTIC BATTERY SIMPLE","STREET","false","true","1532","015","37","25","08B","1144251","1903638","2026","2026-08-31T15:53:00.000","41.891603117","-87.745686519","
,  
(41.891603117, -87.745686519)"
"14307739","JK390886","2026-08-23T20:00:00.000","061XX N HARLEM AVE","1320","CRIMINAL DAMAGE","TO VEHICLE","STREET","false","false","1612","016","41","10","14","1127373","1940154","2026","2026-08-31T15:53:00.000","41.99210788","-87.806849178","
,  
(41.99210788, -87.806849178)"
"14303077","JK384796","2026-08-23T20:00:00.000","015XX W 81ST ST","1320","CRIMINAL DAMAGE","TO VEHICLE","STREET","false","false","0614","006","17","71","14","1167316","1851012","2026","2026-08-31T15:53:00.000","41.74672707","-87.662488272","
,  
(41.74672707, -87.662488272)"
"14305207","JK387510","2026-08-23T20:00:00.000","049XX N KILPATRICK AVE","1320","CRIMINAL DAMAGE","TO VEHICLE","STREET","false","false","1712","017","39","14","14","1145030","1932721","2026","2026-08-31T15:53:00.000","41.971394955","-87.742089025","
,  
(41.971394955, -87.742089025)"
"14303268","JK385081","2026-08-23T20:00:00.000","018XX W WELLINGTON AVE","0910","MOTOR VEHICLE THEFT","AUTOMOBILE","STREET","false","false","1931","019","32","5","07","1163442","1919946","2026","2026-08-31T15:53:00.000","41.935971089","-87.674746753","
,  
(41.935971089, -87.674746753)"
"14303222","JK385029","2026-08-23T20:00:00.000","039XX W OGDEN AVE","0910","MOTOR VEHICLE THEFT","AUTOMOBILE","PARKING LOT / GARAGE (NON RESIDENTIAL)","false","false","1013","010","22","29","07","1150286","1889027","2026","2026-08-31T15:53:00.000","41.851393305","-87.723903515","
,  
(41.851393305, -87.723903515)"
"14302978","JK384729","2026-08-23T20:00:00.000","022XX S DR MARTIN LUTHER KING JR DR","0820","THEFT","$500 AND UNDER","OTHER (SPECIFY)","false","false","0132","001","4","33","06","1178866","1889450","2026","2026-08-31T15:53:00.000","41.851949553","-87.618995915","
,  
(41.851949553, -87.618995915)"
"14302929","JK384765","2026-08-23T20:00:00.000","060XX S PRAIRIE AVE","0560","ASSAULT","SIMPLE","APARTMENT","false","true","0311","003","20","40","08A","1179077","1864955","2026","2026-08-31T15:53:00.000","41.784728458","-87.618968921","
,  
(41.784728458, -87.618968921)"
"14302917","JK384735","2026-08-23T19:52:00.000","085XX S COTTAGE GROVE AVE","0860","THEFT","RETAIL THEFT","SMALL RETAIL STORE","false","false","0632","006","8","44","06","1183051","1848568","2026","2026-08-31T15:53:00.000","41.739669366","-87.604907509","
,  
(41.739669366, -87.604907509)"
"14303046","JK384835","2026-08-23T19:50:00.000","046XX W NORTH AVE","051A","ASSAULT","AGGRAVATED - HANDGUN","PARKING LOT / GARAGE (NON RESIDENTIAL)","false","false","2533","025","37","25","04A","1145011","1910225","2026","2026-08-31T15:53:00.000","41.909664252","-87.742728815","
,  
(41.909664252, -87.742728815)"
"14302900","JK384739","2026-08-23T19:42:00.000","025XX W 71ST ST","0820","THEFT","$500 AND UNDER","APARTMENT","false","true","0832","008","17","66","06","1160480","1857485","2026","2026-08-31T15:53:00.000","41.764633478","-87.687359125","
,  
(41.764633478, -87.687359125)"
"14303032","JK384879","2026-08-23T19:35:00.000","024XX W DEVON AVE","1154","DECEPTIVE PRACTICE","FINANCIAL IDENTITY THEFT $300 AND UNDER","APARTMENT","false","false","2412","024","50","2","11","1158989","1942414","2026","2026-08-31T15:53:00.000","41.997717137","-87.690492381","
,  
(41.997717137, -87.690492381)"
"14302885","JK384691","2026-08-23T19:35:00.000","018XX S KOMENSKY AVE","2027","NARCOTICS","POSSESS - CRACK","SIDEWALK","true","false","1012","010","24","29","18","1149680","1890620","2026","2026-08-31T15:53:00.000","41.855776475","-87.726086351","
,  
(41.855776475, -87.726086351)"
"14302902","JK384728","2026-08-23T19:35:00.000","066XX S CAMPBELL AVE","0820","THEFT","$500 AND UNDER","STREET","false","false","0832","008","16","66","06","1160853","1860513","2026","2026-08-31T15:53:00.000","41.77293505","-87.685908428","
,  
(41.77293505, -87.685908428)"
"14302969","JK384744","2026-08-23T19:35:00.000","097XX S AVENUE G DR","0470","PUBLIC PEACE VIOLATION","RECKLESS CONDUCT","STREET","true","false","0432","004","10","52","24","1203280","1840956","2026","2026-08-31T15:53:00.000","41.718287752","-87.531053144","
,  
(41.718287752, -87.531053144)"
"14303042","JK384711","2026-08-23T19:29:00.000","012XX W NORTH AVE","0810","THEFT","OVER $500","PARKING LOT / GARAGE (NON RESIDENTIAL)","true","false","1433","014","32","24","06","1168038","1910796","2026","2026-08-31T15:53:00.000","41.910764867","-87.658120918","
,  
(41.910764867, -87.658120918)"
"14302879","JK384685","2026-08-23T19:20:00.000","014XX N KOSTNER AVE","0460","BATTERY","SIMPLE","SMALL RETAIL STORE","false","false","2533","025","37","23","08B","1146780","1909198","2026","2026-08-31T15:53:00.000","41.90681245","-87.736256455","
,  
(41.90681245, -87.736256455)"
"14302906","JK384690","2026-08-23T19:20:00.000","109XX S DOTY AVE W","0860","THEFT","RETAIL THEFT","DEPARTMENT STORE","true","false","0513","005","9","50","06","1185441","1832670","2026","2026-08-31T15:53:00.000","41.69598756","-87.596649418","
,  
(41.69598756, -87.596649418)"
"14304208","JK384667","2026-08-23T19:14:00.000","022XX N MANGO AVE","0460","BATTERY","SIMPLE","APARTMENT","false","true","2515","025","36","19","08B","1137691","1914223","2026","2026-08-31T15:53:00.000","41.920770388","-87.769523227","
,  
(41.920770388, -87.769523227)"
"14303008","JK384775","2026-08-23T19:04:00.000","005XX N FRANKLIN ST","502P","OTHER OFFENSE","FALSE / STOLEN / ALTERED TRP","STREET","false","false","1831","018","42","8","26","1174229","1903935","2026","2026-08-31T15:53:00.000","41.89180194","-87.63558262","
,  
(41.89180194, -87.63558262)"
"14302892","JK384663","2026-08-23T19:02:00.000","025XX W 115TH PL","0560","ASSAULT","SIMPLE","STREET","false","false","2212","022","19","75","08A","1161247","1827952","2026","2026-08-31T15:53:00.000","41.683574226","-87.685362633","
,  
(41.683574226, -87.685362633)"
"14302943","JK384668","2026-08-23T19:01:00.000","048XX W VAN BUREN ST","0460","BATTERY","SIMPLE","RESIDENCE - YARD (FRONT / BACK)","false","false","1533","015","29","25","08B","1144126","1897572","2026","2026-08-31T15:53:00.000","41.874959634","-87.746297982","
,  
(41.874959634, -87.746297982)"
"14302846","JK384688","2026-08-23T19:00:00.000","016XX N MOBILE AVE","1320","CRIMINAL DAMAGE","TO VEHICLE","RESIDENCE","false","false","2513","025","29","25","14","1133950","1910204","2026","2026-08-31T15:53:00.000","41.909808431","-87.78336339","
,  
(41.909808431, -87.78336339)"
"14303962","JK386023","2026-08-23T19:00:00.000","006XX W IRVING PARK RD","0810","THEFT","OVER $500","APARTMENT","false","false","1925","019","46","6","06","1170908","1926796","2026","2026-08-31T15:53:00.000","41.954607083","-87.647107189","
,  
(41.954607083, -87.647107189)"
"14303835","JK385915","2026-08-23T19:00:00.000","082XX S PEORIA ST","0710","THEFT","THEFT FROM MOTOR VEHICLE","VEHICLE NON-COMMERCIAL","false","false","0613","006","17","71","06","1171742","1850269","2026","2026-08-31T15:53:00.000","41.744592345","-87.64629205","
,  
(41.744592345, -87.64629205)"
"14303800","JK385930","2026-08-23T19:00:00.000","019XX S MAY ST","0910","MOTOR VEHICLE THEFT","AUTOMOBILE","VEHICLE NON-COMMERCIAL","false","false","1235","012","25","31","07","1169099","1890938","2026","2026-08-31T15:53:00.000","41.856250116","-87.654800012","
,  
(41.856250116, -87.654800012)"
"14303199","JK384840","2026-08-23T18:45:00.000","005XX N SAWYER AVE","0560","ASSAULT","SIMPLE","APARTMENT","false","false","1121","011","27","23","08A","1154612","1903479","2026","2026-08-31T15:53:00.000","41.890965782","-87.707639334","
,  
(41.890965782, -87.707639334)"
"14303533","JK384684","2026-08-23T18:45:00.000","031XX N ST LOUIS AVE","1130","DECEPTIVE PRACTICE","FRAUD OR CONFIDENCE GAME","RESIDENCE","false","false","1412","014","35","21","11","1152512","1920615","2026","2026-08-31T15:53:00.000","41.938030258","-87.714897847","
,  
(41.938030258, -87.714897847)"
"14302953","JK384649","2026-08-23T18:41:00.000","074XX S CHAPPEL AVE","0650","BURGLARY","HOME INVASION","APARTMENT","false","false","0333","003","7","43","05","1191172","1855922","2026","2026-08-31T15:53:00.000","41.759656906","-87.574916355","
,  
(41.759656906, -87.574916355)"
"14303083","JK384657","2026-08-23T18:40:00.000","110XX S DOTY AVE W","0560","ASSAULT","SIMPLE","RESTAURANT","false","false","0513","005","9","50","08A","1184354","1832148","2026","2026-08-31T15:53:00.000","41.694580568","-87.600645537","
,  
(41.694580568, -87.600645537)"
"14302850","JK384681","2026-08-23T18:38:00.000","085XX S MACKINAW AVE","0560","ASSAULT","SIMPLE","STREET","false","true","0424","004","10","46","08A","1199953","1848974","2026","2026-08-31T15:53:00.000","41.740374187","-87.542968763","
,  
(41.740374187, -87.542968763)"
"14303007","JK384698","2026-08-23T18:37:00.000","007XX S DEARBORN ST","0454","BATTERY","AGGRAVATED P.O. - HANDS, FISTS, FEET, NO / MINOR INJURY","RESTAURANT","false","false","0123","001","4","32","08B","1176037","1897042","2026","2026-08-31T15:53:00.000","41.872846618","-87.629150437","
,  
(41.872846618, -87.629150437)"
"14303117","JK384697","2026-08-23T18:37:00.000","007XX S DEARBORN ST","2890","PUBLIC PEACE VIOLATION","OTHER VIOLATION","BAR OR TAVERN","false","false","0123","001","4","32","24","1176037","1897046","2026","2026-08-31T15:53:00.000","41.872857594","-87.629150316","
,  
(41.872857594, -87.629150316)"
"14302993","JK384672","2026-08-23T18:34:00.000","062XX N CAMPBELL AVE","143A","WEAPONS VIOLATION","UNLAWFUL POSSESSION - HANDGUN","STREET","true","false","2413","024","50","2","15","1158527","1941244","2026","2026-08-31T15:53:00.000","41.994516118","-87.692224137","
,  
(41.994516118, -87.692224137)"
"14302942","JK384659","2026-08-23T18:32:00.000","087XX S BURLEY AVE","0460","BATTERY","SIMPLE","APARTMENT","false","false","0424","004","10","46","08B","1199187","1847619","2026","2026-08-31T15:53:00.000","41.736675238","-87.545820662","
,  
(41.736675238, -87.545820662)"
"14302989","JK384676","2026-08-23T18:30:00.000","048XX S LAVERGNE AVE","0460","BATTERY","SIMPLE","RESIDENCE - YARD (FRONT / BACK)","false","false","0814","008","22","56","08B","1143842","1872102","2026","2026-08-31T15:53:00.000","41.805071678","-87.747978049","
,  
(41.805071678, -87.747978049)"
"14303005","JK384645","2026-08-23T18:25:00.000","013XX W 82ND ST","0496","BATTERY","AGGRAVATED DOMESTIC BATTERY - KNIFE / CUTTING INSTRUMENT","APARTMENT","false","true","0613","006","17","71","04B","1168668","1850386","2026","2026-08-31T15:53:00.000","41.744980208","-87.657552215","
,  
(41.744980208, -87.657552215)"
"14302798","JK384623","2026-08-23T18:25:00.000","037XX N BROADWAY","0460","BATTERY","SIMPLE","SMALL RETAIL STORE","true","false","1925","019","46","6","08B","1170552","1924871","2026","2026-08-31T15:53:00.000","41.94933263","-87.64847244","
,  
(41.94933263, -87.64847244)"
"14302848","JK384630","2026-08-23T18:21:00.000","0000X N LARAMIE AVE","0820","THEFT","$500 AND UNDER","APARTMENT","false","true","1522","015","37","25","06","1141706","1900095","2026","2026-08-31T15:53:00.000","41.88192814","-87.75512093","
,  
(41.88192814, -87.75512093)"
"14302841","JK384638","2026-08-23T18:17:00.000","049XX W QUINCY ST","1310","CRIMINAL DAMAGE","TO PROPERTY","APARTMENT","false","true","1533","015","28","25","14","1143603","1898550","2026","2026-08-31T15:53:00.000","41.877653187","-87.748193765","
,  
(41.877653187, -87.748193765)"
"14302971","JK384665","2026-08-23T18:14:00.000","060XX N ROCKWELL ST","0820","THEFT","$500 AND UNDER","STREET","false","false","2413","024","40","2","06","1157901","1940069","2026","2026-08-31T15:53:00.000","41.991304707","-87.694559091","
,  
(41.991304707, -87.694559091)"
"14302802","JK384603","2026-08-23T18:10:00.000","009XX W RANDOLPH ST","0460","BATTERY","SIMPLE","SIDEWALK","false","false","1224","012","27","28","08B","1169964","1901141","2026","2026-08-31T15:53:00.000","41.88422912","-87.651327489","
,  
(41.88422912, -87.651327489)"
"14302814","JK384605","2026-08-23T18:05:00.000","019XX W GARFIELD BLVD","0860","THEFT","RETAIL THEFT","GAS STATION","false","false","0932","009","16","61","06","1164157","1868187","2026","2026-08-31T15:53:00.000","41.793924612","-87.673580917","
,  
(41.793924612, -87.673580917)"
"14302781","JK384653","2026-08-23T18:05:00.000","004XX N WELLS ST","1152","DECEPTIVE PRACTICE","ILLEGAL USE CASH CARD","RESTAURANT","false","false","1831","018","42","8","11","1174655","1903373","2026","2026-08-31T15:53:00.000","41.890250263","-87.63403495","
,  
(41.890250263, -87.63403495)"
"14302956","JK384620","2026-08-23T18:02:00.000","020XX E 72ND PL","2820","OTHER OFFENSE","TELEPHONE THREAT","APARTMENT","false","true","0333","003","5","43","08A","1191034","1857297","2026","2026-08-31T15:53:00.000","41.763433356","-87.575377712","
,  
(41.763433356, -87.575377712)"
"14302944","JK384716","2026-08-23T18:00:00.000","071XX S LANGLEY AVE","1206","DECEPTIVE PRACTICE","THEFT BY LESSEE, MOTOR VEHICLE","RESIDENCE","false","false","0323","003","6","69","11","1182130","1857864","2026","2026-08-31T15:53:00.000","41.765199925","-87.607994743","
,  
(41.765199925, -87.607994743)"
"14304293","JK386404","2026-08-23T18:00:00.000","015XX W WELLINGTON AVE","0620","BURGLARY","UNLAWFUL ENTRY","APARTMENT","false","false","1932","019","32","6","05","1165532","1919998","2026","2026-08-31T15:53:00.000","41.936069465","-87.667064363","
,  
(41.936069465, -87.667064363)"
"14303561","JK385486","2026-08-23T18:00:00.000","043XX S LAKE PARK AVE","0760","BURGLARY","BURGLARY FROM MOTOR VEHICLE","STREET","false","false","0222","002","4","39","06","1184649","1876378","2026","2026-08-31T15:53:00.000","41.815945209","-87.598181694","
,  
(41.815945209, -87.598181694)"
"14304575","JK386750","2026-08-23T18:00:00.000","054XX S SHORE DR","1320","CRIMINAL DAMAGE","TO VEHICLE","STREET","false","false","0234","002","5","41","14","1189140","1869811","2026","2026-08-31T15:53:00.000","41.797818324","-87.581918691","
,  
(41.797818324, -87.581918691)"
"14304350","JK385383","2026-08-23T18:00:00.000","013XX N PAULINA ST","0810","THEFT","OVER $500","STREET","false","false","1433","014","1","24","06","1164814","1909135","2026","2026-08-31T15:53:00.000","41.906276004","-87.670011875","
,  
(41.906276004, -87.670011875)"
"14303104","JK384704","2026-08-23T18:00:00.000","018XX S LAWNDALE AVE","051A","ASSAULT","AGGRAVATED - HANDGUN","RESIDENCE","false","false","1014","010","24","29","04A","1151992","1890757","2026","2026-08-31T15:53:00.000","41.856107237","-87.717596513","
,  
(41.856107237, -87.717596513)"
"14302838","JK384671","2026-08-23T18:00:00.000","027XX S MILLARD AVE","0710","THEFT","THEFT FROM MOTOR VEHICLE","STREET","false","false","1032","010","22","30","06","1152478","1885613","2026","2026-08-31T15:53:00.000","41.841981901","-87.715948377","
,  
(41.841981901, -87.715948377)"
"14304438","JK386644","2026-08-23T18:00:00.000","032XX S INDIANA AVE","1320","CRIMINAL DAMAGE","TO VEHICLE","STREET","false","false","0211","002","3","35","14","1178134","1883521","2026","2026-08-31T15:53:00.000","41.835696634","-87.621862788","
,  
(41.835696634, -87.621862788)"
"14302825","JK384655","2026-08-23T18:00:00.000","062XX N KENMORE AVE","0910","MOTOR VEHICLE THEFT","AUTOMOBILE","STREET","false","false","2433","024","48","77","07","1168109","1941545","2026","2026-08-31T15:53:00.000","41.995139805","-87.656968598","
,  
(41.995139805, -87.656968598)"
"14306872","JK389912","2026-08-23T18:00:00.000","061XX S DREXEL AVE","0620","BURGLARY","UNLAWFUL ENTRY","APARTMENT","false","false","0313","003","20","42","05","1183066","1864341","2026","2026-08-31T15:53:00.000","41.782951712","-87.604362828","
,  
(41.782951712, -87.604362828)"
"14303330","JK385225","2026-08-23T18:00:00.000","053XX S HOMAN AVE","0710","THEFT","THEFT FROM MOTOR VEHICLE","STREET","false","false","0822","008","14","63","06","1154613","1869165","2026","2026-08-31T15:53:00.000","41.796804047","-87.708552412","
,  
(41.796804047, -87.708552412)"
"14303235","JK385107","2026-08-23T18:00:00.000","105XX S HALE AVE","0910","MOTOR VEHICLE THEFT","AUTOMOBILE","RESIDENCE - YARD (FRONT / BACK)","false","false","2212","022","19","72","07","1165627","1834777","2026","2026-08-31T15:53:00.000","41.702211673","-87.669136207","
,  
(41.702211673, -87.669136207)"
"14303400","JK385260","2026-08-23T18:00:00.000","048XX N HARLEM AVE","0486","BATTERY","DOMESTIC BATTERY SIMPLE","STREET","false","true","1613","016","41","10","08B","1127345","1931863","2026","2026-08-31T15:53:00.000","41.969357007","-87.807139521","
,  
(41.969357007, -87.807139521)"
"14302963","JK384686","2026-08-23T17:57:00.000","067XX S STONY ISLAND AVE","0430","BATTERY","AGGRAVATED - OTHER DANGEROUS WEAPON","RESTAURANT","false","false","0332","003","5","43","04B","1188026","1860679","2026","2026-08-31T15:53:00.000","41.772786058","-87.586294803","
,  
(41.772786058, -87.586294803)"
"14302786","JK384588","2026-08-23T17:51:00.000","031XX W 66TH ST","2022","NARCOTICS","POSSESS - COCAINE","STREET","true","false","0831","008","15","66","18","1156768","1860700","2026","2026-08-31T15:53:00.000","41.773531618","-87.700878068","
,  
(41.773531618, -87.700878068)"
"14302948","JK384749","2026-08-23T17:51:00.000","0000X W 109TH PL","0820","THEFT","$500 AND UNDER","RESIDENCE","false","false","0513","005","9","49","06","1177986","1832360","2026","2026-08-31T15:53:00.000","41.695308608","-87.62395405","
,  
(41.695308608, -87.62395405)"
"14302884","JK384628","2026-08-23T17:50:00.000","017XX W 81ST ST","0497","BATTERY","AGGRAVATED DOMESTIC BATTERY - OTHER DANGEROUS WEAPON","APARTMENT","false","true","0611","006","17","71","04B","1166302","1850986","2026","2026-08-31T15:53:00.000","41.746677356","-87.666204568","
,  
(41.746677356, -87.666204568)"
"14302876","JK384626","2026-08-23T17:50:00.000","053XX N VIRGINIA AVE","2826","OTHER OFFENSE","HARASSMENT BY ELECTRONIC MEANS","APARTMENT","false","true","2011","020","39","4","26","1155482","1935288","2026","2026-08-31T15:53:00.000","41.978234573","-87.703586149","
,  
(41.978234573, -87.703586149)"
"14302860","JK384654","2026-08-23T17:50:00.000","124XX S NORMAL AVE","0560","ASSAULT","SIMPLE","RESIDENCE","false","true","0523","005","9","53","08A","1175224","1822398","2026","2026-08-31T15:53:00.000","41.668033301","-87.634362504","
,  
(41.668033301, -87.634362504)"
"14302738","JK384577","2026-08-23T17:48:00.000","065XX S CAMPBELL AVE","2020","NARCOTICS","POSSESS - AMPHETAMINES","STREET","true","false","0832","008","16","66","18","1160831","1861311","2026","2026-08-31T15:53:00.000","41.775125329","-87.685967055","
,  
(41.775125329, -87.685967055)"
"14302923","JK384572","2026-08-23T17:40:00.000","044XX S SHIELDS AVE","041A","BATTERY","AGGRAVATED - HANDGUN","RESIDENCE - PORCH / HALLWAY","false","false","0925","009","20","37","04B","1174723","1875300","2026","2026-08-31T15:53:00.000","41.813214333","-87.634624099","
,  
(41.813214333, -87.634624099)"
"14302829","JK384557","2026-08-23T17:40:00.000","036XX W GRAND AVE","1330","CRIMINAL TRESPASS","TO LAND","DEPARTMENT STORE","false","false","1112","011","36","23","26","1152073","1907615","2026","2026-08-31T15:53:00.000","41.902365801","-87.716854733","
,  
(41.902365801, -87.716854733)"
"14303095","JK384865","2026-08-23T17:30:00.000","076XX S LOOMIS BLVD","2825","OTHER OFFENSE","HARASSMENT BY TELEPHONE","APARTMENT","false","true","0612","006","17","71","26","1168325","1854015","2026","2026-08-31T15:53:00.000","41.754946068","-87.65870476","
,  
(41.754946068, -87.65870476)"
"14302843","JK384596","2026-08-23T17:30:00.000","031XX W 15TH ST","0560","ASSAULT","SIMPLE","STREET","false","true","1022","010","24","29","08A","1155629","1892683","2026","2026-08-31T15:53:00.000","41.861320047","-87.704195008","
,  
(41.861320047, -87.704195008)"
"14303670","JK385450","2026-08-23T17:30:00.000","032XX S STEWART AVE","1320","CRIMINAL DAMAGE","TO VEHICLE","STREET","false","false","0915","009","11","60","14","1174307","1883382","2026","2026-08-31T15:53:00.000","41.835401331","-87.635909353","
,  
(41.835401331, -87.635909353)"
"14306483","JK386640","2026-08-23T17:30:00.000","028XX W 19TH ST","0460","BATTERY","SIMPLE","HOSPITAL BUILDING / GROUNDS","false","false","1022","010","25","30","08B","1157372","1890584","2026","2026-08-31T15:53:00.000","41.855524939","-87.6978538","
,  
(41.855524939, -87.6978538)"
"14302903","JK384565","2026-08-23T17:28:00.000","104XX S COTTAGE GROVE AVE","1320","CRIMINAL DAMAGE","TO VEHICLE","STREET","false","true","0512","005","9","50","14","1182582","1836002","2026","2026-08-31T15:53:00.000","41.70519763","-87.607014274","
,  
(41.70519763, -87.607014274)"
"14303419","JK385245","2026-08-23T17:23:00.000","014XX N MONITOR AVE","0910","MOTOR VEHICLE THEFT","AUTOMOBILE","STREET","false","false","2531","025","29","25","07","1137084","1909071","2026","2026-08-31T15:53:00.000","41.906643623","-87.771877429","
,  
(41.906643623, -87.771877429)"
"14303723","JK385516","2026-08-23T17:20:00.000","0000X W WACKER DR","0810","THEFT","OVER $500","STREET","false","false","0111","001","42","32","06","1176210","1902134","2026","2026-08-31T15:53:00.000","41.886815464","-87.628361716","
,  
(41.886815464, -87.628361716)"
"14302961","JK384627","2026-08-23T17:20:00.000","015XX E 70TH ST","0610","BURGLARY","FORCIBLE ENTRY","APARTMENT","false","false","0332","003","5","43","05","1187747","1858884","2026","2026-08-31T15:53:00.000","41.767867071","-87.587374597","
,  
(41.767867071, -87.587374597)"
"14302847","JK384712","2026-08-23T17:16:00.000","003XX W 35TH ST","0560","ASSAULT","SIMPLE","OTHER (SPECIFY)","false","false","0915","009","11","34","08A","1174431","1881739","2026","2026-08-31T15:53:00.000","41.830890037","-87.635503335","
,  
(41.830890037, -87.635503335)"
"14305739","JK388221","2026-08-23T17:15:00.000","055XX W DRUMMOND PL","0820","THEFT","$500 AND UNDER","RESIDENCE - YARD (FRONT / BACK)","false","false","2514","025","31","19","06","1139045","1917072","2026","2026-08-31T15:53:00.000","41.928563818","-87.764478825","
,  
(41.928563818, -87.764478825)"
"14302818","JK384559","2026-08-23T17:11:00.000","036XX E 106TH ST","0860","THEFT","RETAIL THEFT","SMALL RETAIL STORE","true","false","0432","004","10","52","06","1201989","1835277","2026","2026-08-31T15:53:00.000","41.702737032","-87.535974085","
,  
(41.702737032, -87.535974085)"
"14302754","JK384575","2026-08-23T17:11:00.000","030XX W LOGAN BLVD","0890","THEFT","FROM BUILDING","RESIDENCE","false","false","1414","014","1","22","06","1155694","1917134","2026","2026-08-31T15:53:00.000","41.92841455","-87.703297315","
,  
(41.92841455, -87.703297315)"
"14302741","JK384555","2026-08-23T17:11:00.000","001XX W 95TH ST","0860","THEFT","RETAIL THEFT","SMALL RETAIL STORE","false","false","0634","006","9","49","06","1177201","1841967","2026","2026-08-31T15:53:00.000","41.721689256","-87.626539467","
,  
(41.721689256, -87.626539467)"
"14302744","JK384551","2026-08-23T17:08:00.000","047XX N SIMONDS DR","0460","BATTERY","SIMPLE","STREET","false","false","1914","019","46","3","08B","1171509","1931779","2026","2026-08-31T15:53:00.000","41.968267349","-87.644750632","
,  
(41.968267349, -87.644750632)"
"14302776","JK384652","2026-08-23T17:00:00.000","004XX N WELLS ST","0820","THEFT","$500 AND UNDER","RESTAURANT","false","false","1831","018","42","8","06","1174655","1903373","2026","2026-08-31T15:53:00.000","41.890250263","-87.63403495","
,  
(41.890250263, -87.63403495)"
"14303403","JK385199","2026-08-23T17:00:00.000","026XX N SAYRE AVE","1330","CRIMINAL TRESPASS","TO LAND","SCHOOL - PRIVATE GROUNDS","false","false","2512","025","36","18","26","1129144","1916671","2026","2026-08-31T15:53:00.000","41.927637913","-87.800871486","
,  
(41.927637913, -87.800871486)"
"14303771","JK385864","2026-08-23T17:00:00.000","043XX W WALTON ST","0910","MOTOR VEHICLE THEFT","AUTOMOBILE","STREET","false","false","1111","011","37","23","07","1147227","1905974","2026","2026-08-31T15:53:00.000","41.897956905","-87.734697069","
,  
(41.897956905, -87.734697069)"
"14302999","JK384582","2026-08-23T17:00:00.000","052XX S HYDE PARK BLVD","0460","BATTERY","SIMPLE","APARTMENT","false","false","0234","002","5","41","08B","1188451","1870826","2026","2026-08-31T15:53:00.000","41.800620055","-87.584412895","
,  
(41.800620055, -87.584412895)"
"14303366","JK385222","2026-08-23T17:00:00.000","010XX W LELAND AVE","0810","THEFT","OVER $500","ALLEY","false","false","1914","019","46","3","06","1168660","1931389","2026","2026-08-31T15:53:00.000","41.967259531","-87.655237517","
,  
(41.967259531, -87.655237517)"
"14303953","JK386018","2026-08-23T17:00:00.000","028XX E 76TH ST","0910","MOTOR VEHICLE THEFT","AUTOMOBILE","APARTMENT","true","false","0421","004","7","43","07","1196609","1855785","2026","2026-08-31T15:53:00.000","41.759147704","-87.554994786","
,  
(41.759147704, -87.554994786)"
"14304381","JK386593","2026-08-23T17:00:00.000","071XX S HARVARD AVE","1220","DECEPTIVE PRACTICE","THEFT OF LOST / MISLAID PROPERTY","RESIDENCE","false","false","0731","007","6","69","11","1175194","1857610","2026","2026-08-31T15:53:00.000","41.764660608","-87.633424696","
,  
(41.764660608, -87.633424696)"
"14302930","JK384695","2026-08-23T17:00:00.000","104XX S COTTAGE GROVE AVE","0560","ASSAULT","SIMPLE","STREET","false","true","0512","005","9","50","08A","1182584","1836014","2026","2026-08-31T15:53:00.000","41.705230513","-87.60700658","
,  
(41.705230513, -87.60700658)"
"14303258","JK385089","2026-08-23T17:00:00.000","033XX W HUTCHINSON ST","0460","BATTERY","SIMPLE","RESIDENCE","false","false","1724","017","33","16","08B","1153316","1928057","2026","2026-08-31T15:53:00.000","41.958435683","-87.711744612","
,  
(41.958435683, -87.711744612)"
"14308027","JK391371","2026-08-23T17:00:00.000","0000X E RANDOLPH ST","1320","CRIMINAL DAMAGE","TO VEHICLE","PARKING LOT / GARAGE (NON RESIDENTIAL)","false","false","0111","001","42","32","14","1176550","1901291","2026","2026-08-31T15:53:00.000","41.884494554","-87.627138636","
,  
(41.884494554, -87.627138636)"
"14302708","JK384542","2026-08-23T17:00:00.000","011XX W 19TH ST","1320","CRIMINAL DAMAGE","TO VEHICLE","STREET","false","false","1235","012","25","31","14","1168906","1891065","2026","2026-08-31T15:53:00.000","41.856602797","-87.655504737","
,  
(41.856602797, -87.655504737)"
"14302858","JK384538","2026-08-23T16:57:00.000","070XX S PULASKI RD","1330","CRIMINAL TRESPASS","TO LAND","RESTAURANT","false","false","0833","008","23","65","26","1150907","1857803","2026","2026-08-31T15:53:00.000","41.765698047","-87.722438871","
,  
(41.765698047, -87.722438871)"
"14302766","JK384568","2026-08-23T16:56:00.000","105XX S WALLACE ST","2022","NARCOTICS","POSSESS - COCAINE","STREET","true","false","2233","022","21","49","18","1174164","1835193","2026","2026-08-31T15:53:00.000","41.703168312","-87.637863836","
,  
(41.703168312, -87.637863836)"
"14302811","JK384598","2026-08-23T16:55:00.000","016XX N WESTERN AVE","5130","OTHER OFFENSE","VIOLENT OFFENDER - DUTY TO REGISTER","PARKING LOT / GARAGE (NON RESIDENTIAL)","true","false","1434","014","32","24","26","1160113","1910759","2026","2026-08-31T15:53:00.000","41.910830841","-87.687235499","
,  
(41.910830841, -87.687235499)"
"14302764","JK384522","2026-08-23T16:54:00.000","063XX S MAPLEWOOD AVE","0486","BATTERY","DOMESTIC BATTERY SIMPLE","APARTMENT","true","true","0825","008","16","66","08B","1160463","1862528","2026","2026-08-31T15:53:00.000","41.778472542","-87.687282586","
,  
(41.778472542, -87.687282586)"
"14302755","JK384592","2026-08-23T16:53:00.000","059XX S WESTERN AVE","0560","ASSAULT","SIMPLE","SIDEWALK","false","false","0825","008","16","66","08A","1161388","1865254","2026","2026-08-31T15:53:00.000","41.785933937","-87.683815974","
,  
(41.785933937, -87.683815974)"
"14302894","JK384526","2026-08-23T16:52:00.000","077XX S EMERALD AVE","0820","THEFT","$500 AND UNDER","ALLEY","false","false","0621","006","17","71","06","1172644","1853474","2026","2026-08-31T15:53:00.000","41.753367468","-87.642892778","
,  
(41.753367468, -87.642892778)"
"14302685","JK384525","2026-08-23T16:48:00.000","0000X W 79TH ST","1330","CRIMINAL TRESPASS","TO LAND","PARKING LOT / GARAGE (NON RESIDENTIAL)","true","false","0623","006","17","44","26","1177187","1852624","2026","2026-08-31T15:53:00.000","41.750933717","-87.626270055","
,  
(41.750933717, -87.626270055)"
"14303029","JK384781","2026-08-23T16:45:00.000","043XX N MASON AVE","0870","THEFT","POCKET-PICKING","STREET","false","false","1624","016","38","15","06","1135904","1928170","2026","2026-08-31T15:53:00.000","41.9590745","-87.77575584","
,  
(41.9590745, -87.77575584)"
"14306508","JK389333","2026-08-23T16:43:00.000","030XX N ASHLAND AVE","0820","THEFT","$500 AND UNDER","APARTMENT","false","true","1932","019","32","6","06","1165118","1920430","2026","2026-08-31T15:53:00.000","41.937263715","-87.668573535","
,  
(41.937263715, -87.668573535)"
"14302801","JK384600","2026-08-23T16:40:00.000","035XX S HALSTED ST","0460","BATTERY","SIMPLE","CTA BUS","false","false","0915","009","11","60","08B","1171544","1881570","2026","2026-08-31T15:53:00.000","41.830490151","-87.646100807","
,  
(41.830490151, -87.646100807)"
"14302784","JK384553","2026-08-23T16:33:00.000","026XX N CLARK ST","0860","THEFT","RETAIL THEFT","DEPARTMENT STORE","true","false","1935","019","43","7","06","1171818","1918166","2026","2026-08-31T15:53:00.000","41.930906002","-87.644017035","
,  
(41.930906002, -87.644017035)"
"14303089","JK384887","2026-08-23T16:30:00.000","032XX W 62ND PL","0610","BURGLARY","FORCIBLE ENTRY","RESIDENCE","false","false","0823","008","14","66","05","1155821","1863005","2026","2026-08-31T15:53:00.000","41.779875941","-87.704287784","
,  
(41.779875941, -87.704287784)"
"14302925","JK384643","2026-08-23T16:30:00.000","0000X S STATE ST","0820","THEFT","$500 AND UNDER","CONVENIENCE STORE","false","false","0112","001","34","32","06","1176392","1900179","2026","2026-08-31T15:53:00.000","41.881446731","-87.627752399","
,  
(41.881446731, -87.627752399)"
"14309810","JK393696","2026-08-23T16:30:00.000","005XX N STATE ST","1320","CRIMINAL DAMAGE","TO VEHICLE","PARKING LOT / GARAGE (NON RESIDENTIAL)","false","false","1831","018","42","8","14",,,"2026","2026-08-31T15:53:00.000",,,
"14302859","JK384533","2026-08-23T16:25:00.000","078XX S EAST END AVE","0330","ROBBERY","AGGRAVATED","STREET","false","false","0414","004","8","43","03","1188902","1853161","2026","2026-08-31T15:53:00.000","41.75213509","-87.583323956","
,  
(41.75213509, -87.583323956)"
"14302698","JK384516","2026-08-23T16:25:00.000","052XX W PENSACOLA AVE","1570","SEX OFFENSE","PUBLIC INDECENCY","STREET","true","false","1624","016","45","15","17","1140623","1928421","2026","2026-08-31T15:53:00.000","41.959677698","-87.758400405","
,  
(41.959677698, -87.758400405)"
"14302695","JK384515","2026-08-23T16:20:00.000","044XX W 26TH ST","0560","ASSAULT","SIMPLE","STREET","true","false","1031","010","22","30","08A","1147173","1886347","2026","2026-08-31T15:53:00.000","41.84409909","-87.735397563","
,  
(41.84409909, -87.735397563)"
"14302783","JK384520","2026-08-23T16:15:00.000","056XX W LAWRENCE AVE","0530","ASSAULT","AGGRAVATED - OTHER DANGEROUS WEAPON","PARKING LOT / GARAGE (NON RESIDENTIAL)","false","false","1622","016","45","15","04A","1137968","1931354","2026","2026-08-31T15:53:00.000","41.967774586","-87.768090384","
,  
(41.967774586, -87.768090384)"
"14304967","JK384477","2026-08-23T16:10:00.000","076XX N BOSWORTH AVE","0460","BATTERY","SIMPLE","APARTMENT","false","true","2422","024","49","1","08B","1164635","1950654","2026","2026-08-31T15:53:00.000","42.020209668","-87.669487791","
,  
(42.020209668, -87.669487791)"
"14302732","JK384521","2026-08-23T16:10:00.000","048XX W BELMONT AVE","1811","NARCOTICS","POSSESS - CANNABIS 30 GRAMS OR LESS","VEHICLE NON-COMMERCIAL","true","false","1634","016","31","15","18","1143471","1920836","2026","2026-08-31T15:53:00.000","41.938810869","-87.748120159","
,  
(41.938810869, -87.748120159)"
"14302822","JK384488","2026-08-23T16:10:00.000","002XX N COLUMBUS DR","1330","CRIMINAL TRESPASS","TO LAND","RESTAURANT","true","false","0114","001","42","32","26","1178302","1901916","2026","2026-08-31T15:53:00.000","41.886169843","-87.620686081","
,  
(41.886169843, -87.620686081)"
"14302851","JK384512","2026-08-23T16:10:00.000","032XX W DOUGLAS BLVD","0460","BATTERY","SIMPLE","APARTMENT","true","false","1022","010","24","29","08B","1155132","1893275","2026","2026-08-31T15:53:00.000","41.86295454","-87.706003528","
,  
(41.86295454, -87.706003528)"
"14302771","JK384529","2026-08-23T16:07:00.000","059XX S SPAULDING AVE","2031","NARCOTICS","POSSESS - METHAMPHETAMINE","STREET","true","false","0822","008","14","66","18","1155406","1865137","2026","2026-08-31T15:53:00.000","41.785734784","-87.705752198","
,  
(41.785734784, -87.705752198)"
"14302686","JK384457","2026-08-23T16:03:00.000","074XX N WESTERN AVE","0460","BATTERY","SIMPLE","RESTAURANT","true","false","2411","024","50","2","08B","1159015","1949221","2026","2026-08-31T15:53:00.000","42.016395226","-87.690208629","
,  
(42.016395226, -87.690208629)"
"14302702","JK384462","2026-08-23T16:00:00.000","003XX W 35TH ST","0460","BATTERY","SIMPLE","SIDEWALK","true","false","0915","009","11","34","08B","1174431","1881739","2026","2026-08-31T15:53:00.000","41.830890037","-87.635503335","
,  
(41.830890037, -87.635503335)"
"14302725","JK384496","2026-08-23T16:00:00.000","019XX W CULLERTON ST","0560","ASSAULT","SIMPLE","RESIDENCE","false","true","1234","012","25","31","08A","1163836","1890424","2026","2026-08-31T15:53:00.000","41.854952155","-87.674132369","
,  
(41.854952155, -87.674132369)"
"14304683","JK386969","2026-08-23T16:00:00.000","079XX S STONY ISLAND AVE","1220","DECEPTIVE PRACTICE","THEFT OF LOST / MISLAID PROPERTY","SIDEWALK","false","false","0411","004","8","45","11","1188223","1852840","2026","2026-08-31T15:53:00.000","41.751270452","-87.585822373","
,  
(41.751270452, -87.585822373)"
"14304414","JK386638","2026-08-23T16:00:00.000","113XX S CALUMET AVE","0710","THEFT","THEFT FROM MOTOR VEHICLE","STREET","false","false","0531","005","9","49","06","1180600","1829841","2026","2026-08-31T15:53:00.000","41.688336644","-87.614460378","
,  
(41.688336644, -87.614460378)"
"14306644","JK389482","2026-08-23T16:00:00.000","003XX W 35TH ST","0820","THEFT","$500 AND UNDER","SPORTS ARENA / STADIUM","false","false","0915","009","11","34","06","1174431","1881739","2026","2026-08-31T15:53:00.000","41.830890037","-87.635503335","
,  
(41.830890037, -87.635503335)"
"14303373","JK385309","2026-08-23T16:00:00.000","016XX W 38TH PL","2825","OTHER OFFENSE","HARASSMENT BY TELEPHONE","RESIDENCE","false","true","0912","009","11","59","26","1165949","1879196","2026","2026-08-31T15:53:00.000","41.824096635","-87.666696608","
,  
(41.824096635, -87.666696608)"
"14303206","JK385016","2026-08-23T16:00:00.000","049XX S DR MARTIN LUTHER KING JR DR","1320","CRIMINAL DAMAGE","TO VEHICLE","STREET","false","false","0223","002","3","38","14","1179695","1872324","2026","2026-08-31T15:53:00.000","41.804935557","-87.616477798","
,  
(41.804935557, -87.616477798)"
"14303786","JK385482","2026-08-23T16:00:00.000","047XX N KELSO AVE","0810","THEFT","OVER $500","STREET","false","false","1722","017","39","14","06","1147368","1930792","2026","2026-08-31T15:53:00.000","41.966057041","-87.73354149","
,  
(41.966057041, -87.73354149)"
"14302807","JK384589","2026-08-23T16:00:00.000","004XX N WELLS ST","0760","BURGLARY","BURGLARY FROM MOTOR VEHICLE","PARKING LOT / GARAGE (NON RESIDENTIAL)","false","false","1831","018","42","8","06","1174661","1903052","2026","2026-08-31T15:53:00.000","41.889369287","-87.634022523","
,  
(41.889369287, -87.634022523)"
"14303491","JK385416","2026-08-23T16:00:00.000","003XX W WELLINGTON AVE","0710","THEFT","THEFT FROM MOTOR VEHICLE","APARTMENT","false","false","1934","019","44","6","06","1173253","1920250","2026","2026-08-31T15:53:00.000","41.936592798","-87.638681703","
,  
(41.936592798, -87.638681703)"
"14304860","JK387294","2026-08-23T16:00:00.000","0000X E OAK ST","0860","THEFT","RETAIL THEFT","SMALL RETAIL STORE","false","false","1833","018","42","8","06","1176321","1907214","2026","2026-08-31T15:53:00.000","41.900752739","-87.627800699","
,  
(41.900752739, -87.627800699)"
"14307476","JK390540","2026-08-23T16:00:00.000","018XX W 77TH ST","0560","ASSAULT","SIMPLE","APARTMENT","false","true","0611","006","17","71","08A","1165486","1853621","2026","2026-08-31T15:53:00.000","41.753925496","-87.669120066","
,  
(41.753925496, -87.669120066)"
"14302983","JK384455","2026-08-23T15:56:00.000","060XX S VERNON AVE","0497","BATTERY","AGGRAVATED DOMESTIC BATTERY - OTHER DANGEROUS WEAPON","APARTMENT","false","true","0313","003","20","42","04B","1180310","1865054","2026","2026-08-31T15:53:00.000","41.784971924","-87.614445236","
,  
(41.784971924, -87.614445236)"
"14305029","JK387449","2026-08-23T15:50:00.000","100XX W OHARE ST","0760","BURGLARY","BURGLARY FROM MOTOR VEHICLE","STREET","false","false","1651","016","41","76","06","1100658","1934241","2026","2026-08-31T15:53:00.000","41.976290414","-87.905227221","
,  
(41.976290414, -87.905227221)"
"14302724","JK384432","2026-08-23T15:47:00.000","011XX S CLARK ST","0860","THEFT","RETAIL THEFT","COMMERCIAL / BUSINESS OFFICE","true","false","0123","001","34","32","06","1175696","1895352","2026","2026-08-31T15:53:00.000","41.86821682","-87.6304532","
,  
(41.86821682, -87.6304532)"
"14302683","JK384456","2026-08-23T15:46:00.000","038XX W CERMAK RD","0486","BATTERY","DOMESTIC BATTERY SIMPLE","APARTMENT","true","true","1014","010","24","29","08B","1151233","1889110","2026","2026-08-31T15:53:00.000","41.851602571","-87.720425599","
,  
(41.851602571, -87.720425599)"
"14302690","JK384434","2026-08-23T15:45:00.000","055XX W 65TH ST","0560","ASSAULT","SIMPLE","RESIDENCE","true","true","0813","008","13","64","08A","1140671","1860911","2026","2026-08-31T15:53:00.000","41.77442033","-87.759881916","
,  
(41.77442033, -87.759881916)"
"14302913","JK384441","2026-08-23T15:45:00.000","091XX S PHILLIPS AVE","051A","ASSAULT","AGGRAVATED - HANDGUN","RESIDENCE","false","true","0423","004","7","48","04A","1194088","1844926","2026","2026-08-31T15:53:00.000","41.729411923","-87.564589488","
,  
(41.729411923, -87.564589488)"
"14302675","JK384479","2026-08-23T15:45:00.000","001XX W 87TH ST","0860","THEFT","RETAIL THEFT","SMALL RETAIL STORE","false","false","0634","006","21","44","06","1176727","1847272","2026","2026-08-31T15:53:00.000","41.736257532","-87.628116439","
,  
(41.736257532, -87.628116439)"
"14302893","JK384651","2026-08-23T15:45:00.000","005XX S FRANCISCO AVE","0340","ROBBERY","ATTEMPT STRONG ARM - NO WEAPON","SIDEWALK","false","false","1135","011","27","27","03","1157124","1897530","2026","2026-08-31T15:53:00.000","41.874590521","-87.69857557","
,  
(41.874590521, -87.69857557)"
"14302655","JK384486","2026-08-23T15:43:00.000","021XX N ELSTON AVE","1310","CRIMINAL DAMAGE","TO PROPERTY","APARTMENT","false","false","1432","014","32","22","14","1164495","1914353","2026","2026-08-31T15:53:00.000","41.920601304","-87.671035667","
,  
(41.920601304, -87.671035667)"
"14302931","JK384484","2026-08-23T15:42:00.000","055XX S ASHLAND AVE","143A","WEAPONS VIOLATION","UNLAWFUL POSSESSION - HANDGUN","STREET","true","false","0715","007","16","67","15","1166620","1867881","2026","2026-08-31T15:53:00.000","41.793032686","-87.664557956","
,  
(41.793032686, -87.664557956)"
"14302747","JK384490","2026-08-23T15:41:00.000","005XX W WEBSTER AVE","0860","THEFT","RETAIL THEFT","SMALL RETAIL STORE","false","false","1812","018","43","7","06","1172220","1914889","2026","2026-08-31T15:53:00.000","41.921904892","-87.642636783","
,  
(41.921904892, -87.642636783)"
"14302915","JK384717","2026-08-23T15:40:00.000","024XX S HALSTED ST","0486","BATTERY","DOMESTIC BATTERY SIMPLE","LAKEFRONT / WATERFRONT / RIVERBANK","false","true","0913","009","11","60","08B","1171384","1888185","2026","2026-08-31T15:53:00.000","41.848645802","-87.646493766","
,  
(41.848645802, -87.646493766)"
"14302720","JK384447","2026-08-23T15:39:00.000","020XX N DAMEN AVE","0560","ASSAULT","SIMPLE","SIDEWALK","false","false","1432","014","32","22","08A","1162695","1913767","2026","2026-08-31T15:53:00.000","41.919031238","-87.677665683","
,  
(41.919031238, -87.677665683)"
"14302882","JK384705","2026-08-23T15:35:00.000","040XX W 50TH ST","1130","DECEPTIVE PRACTICE","FRAUD OR CONFIDENCE GAME","STREET","false","false","0815","008","14","57","11","1150065","1871156","2026","2026-08-31T15:53:00.000","41.802357145","-87.72517895","
,  
(41.802357145, -87.72517895)"
"14302957","JK384507","2026-08-23T15:35:00.000","062XX S PARK SHORE EAST CT","0498","BATTERY","AGG. DOMESTIC BATTERY - HANDS, FISTS, FEET, SERIOUS INJURY","APARTMENT","false","true","0314","003","5","42","04B","1187565","1864149","2026","2026-08-31T15:53:00.000","41.782319","-87.587874415","
,  
(41.782319, -87.587874415)"
"14302863","JK384407","2026-08-23T15:31:00.000","019XX W CERMAK RD","041A","BATTERY","AGGRAVATED - HANDGUN","STREET","false","false","1234","012","25","31","04B","1163872","1889422","2026","2026-08-31T15:53:00.000","41.852201812","-87.674028472","
,  
(41.852201812, -87.674028472)"
"14302658","JK384428","2026-08-23T15:31:00.000","037XX N LOCKWOOD AVE","1811","NARCOTICS","POSSESS - CANNABIS 30 GRAMS OR LESS","STREET","true","false","1634","016","30","15","18","1140357","1924515","2026","2026-08-31T15:53:00.000","41.948964167","-87.759474513","
,  
(41.948964167, -87.759474513)"
"14303286","JK385116","2026-08-23T15:30:00.000","052XX S CENTRAL AVE","0910","MOTOR VEHICLE THEFT","AUTOMOBILE","STREET","false","false","0811","008","23","56","07","1139911","1869421","2026","2026-08-31T15:53:00.000","41.797787128","-87.76246087","
,  
(41.797787128, -87.76246087)"
"14302815","JK384459","2026-08-23T15:30:00.000","026XX N HAMPDEN CT","0486","BATTERY","DOMESTIC BATTERY SIMPLE","APARTMENT","true","true","1935","019","43","7","08B","1172653","1917769","2026","2026-08-31T15:53:00.000","41.929798155","-87.64096039","
,  
(41.929798155, -87.64096039)"
"14303246","JK385142","2026-08-23T15:30:00.000","043XX S DR MARTIN LUTHER KING JR DR","0760","BURGLARY","BURGLARY FROM MOTOR VEHICLE","STREET","false","false","0221","002","3","38","06","1179584","1876233","2026","2026-08-31T15:53:00.000","41.815664722","-87.616765357","
,  
(41.815664722, -87.616765357)"
"14302722","JK384390","2026-08-23T15:24:00.000","013XX N MILWAUKEE AVE","0460","BATTERY","SIMPLE","STREET","false","false","1424","014","1","24","08B","1164223","1909393","2026","2026-08-31T15:53:00.000","41.906996494","-87.672175533","
,  
(41.906996494, -87.672175533)"
"14302740","JK384418","2026-08-23T15:19:00.000","026XX N EMMETT ST","0486","BATTERY","DOMESTIC BATTERY SIMPLE","APARTMENT","true","true","1412","014","35","22","08B","1154448","1917894","2026","2026-08-31T15:53:00.000","41.930525082","-87.707855577","
,  
(41.930525082, -87.707855577)"
"14302897","JK384439","2026-08-23T15:19:00.000","012XX N KARLOV AVE","0497","BATTERY","AGGRAVATED DOMESTIC BATTERY - OTHER DANGEROUS WEAPON","RESIDENCE","false","true","2534","025","37","23","04B","1148827","1907772","2026","2026-08-31T15:53:00.000","41.902860016","-87.728773832","
,  
(41.902860016, -87.728773832)"
"14306003","JK388788","2026-08-23T15:11:00.000","006XX W DIVERSEY PKWY","3960","INTIMIDATION","INTIMIDATION","OTHER (SPECIFY)","false","false","1934","019","44","6","08A","1171738","1918860","2026","2026-08-31T15:53:00.000","41.932812132","-87.64429052","
,  
(41.932812132, -87.64429052)"
"14302678","JK384438","2026-08-23T15:03:00.000","071XX S DORCHESTER AVE","0460","BATTERY","SIMPLE","STREET","false","false","0324","003","8","43","08B","1186779","1857721","2026","2026-08-31T15:53:00.000","41.764698678","-87.590959498","
,  
(41.764698678, -87.590959498)"
"14302665","JK384368","2026-08-23T15:03:00.000","031XX W 64TH ST","2027","NARCOTICS","POSSESS - CRACK","ALLEY","true","false","0823","008","14","66","18","1156366","1862019","2026","2026-08-31T15:53:00.000","41.777159254","-87.702316246","
,  
(41.777159254, -87.702316246)"
"14306469","JK389113","2026-08-23T15:02:00.000","013XX N STATE PKWY","1130","DECEPTIVE PRACTICE","FRAUD OR CONFIDENCE GAME","STREET","false","false","1824","018","43","8","11","1176046","1909144","2026","2026-08-31T15:53:00.000","41.906054951","-87.628752556","
,  
(41.906054951, -87.628752556)"
"14302728","JK384406","2026-08-23T15:00:00.000","009XX S CLAREMONT AVE","0486","BATTERY","DOMESTIC BATTERY SIMPLE","RESIDENCE","false","true","1225","012","28","28","08B","1160861","1895837","2026","2026-08-31T15:53:00.000","41.869868114","-87.684901871","
,  
(41.869868114, -87.684901871)"
"14303264","JK385180","2026-08-23T15:00:00.000","025XX N WAYNE AVE","0760","BURGLARY","BURGLARY FROM MOTOR VEHICLE","STREET","false","false","1932","019","32","7","06","1166883","1916922","2026","2026-08-31T15:53:00.000","41.927599841","-87.662187828","
,  
(41.927599841, -87.662187828)"
"14303653","JK385662","2026-08-23T15:00:00.000","068XX S OGLESBY AVE","1345","CRIMINAL DAMAGE","TO CITY OF CHICAGO PROPERTY","GOVERNMENT BUILDING / PROPERTY","false","false","0331","003","5","43","14","1192944","1860166","2026","2026-08-31T15:53:00.000","41.77125971","-87.568283777","
,  
(41.77125971, -87.568283777)"
"14304268","JK385411","2026-08-23T15:00:00.000","056XX S WOODLAWN AVE","0620","BURGLARY","UNLAWFUL ENTRY","CHURCH / SYNAGOGUE / PLACE OF WORSHIP","false","false","0235","002","5","41","05","1185183","1867952","2026","2026-08-31T15:53:00.000","41.792811083","-87.596487878","
,  
(41.792811083, -87.596487878)"
"14304407","JK386624","2026-08-23T15:00:00.000","031XX N TROY ST","1320","CRIMINAL DAMAGE","TO VEHICLE","ALLEY","false","false","1411","014","35","21","14","1154839","1920466","2026","2026-08-31T15:53:00.000","41.937575007","-87.706349614","
,  
(41.937575007, -87.706349614)"
"14302703","JK384401","2026-08-23T15:00:00.000","069XX S PERRY AVE","0560","ASSAULT","SIMPLE","STREET","false","true","0731","007","6","69","08A","1176594","1859033","2026","2026-08-31T15:53:00.000","41.768534104","-87.62825059","
,  
(41.768534104, -87.62825059)"
"14302664","JK384398","2026-08-23T15:00:00.000","054XX S KEDZIE AVE","0486","BATTERY","DOMESTIC BATTERY SIMPLE","PARKING LOT / GARAGE (NON RESIDENTIAL)","false","true","0923","009","14","63","08B","1155977","1868216","2026","2026-08-31T15:53:00.000","41.794172544","-87.70357593","
,  
(41.794172544, -87.70357593)"
"14302671","JK384380","2026-08-23T14:50:00.000","039XX N MERRIMAC AVE","0486","BATTERY","DOMESTIC BATTERY SIMPLE","RESIDENCE","false","true","1633","016","38","17","08B","1133983","1925553","2026","2026-08-31T15:53:00.000","41.951927266","-87.782880152","
,  
(41.951927266, -87.782880152)"
"14302677","JK384367","2026-08-23T14:49:00.000","077XX S WABASH AVE","0560","ASSAULT","SIMPLE","APARTMENT","false","false","0623","006","6","69","08A","1178055","1853680","2026","2026-08-31T15:53:00.000","41.753811885","-87.623057353","
,  
(41.753811885, -87.623057353)"
"14302670","JK384350","2026-08-23T14:48:00.000","044XX W ADAMS ST","0486","BATTERY","DOMESTIC BATTERY SIMPLE","APARTMENT","false","true","1113","011","28","26","08B","1146816","1898644","2026","2026-08-31T15:53:00.000","41.877850418","-87.736393934","
,  
(41.877850418, -87.736393934)"
"14303720","JK385653","2026-08-23T14:45:00.000","028XX W LAWRENCE AVE","0860","THEFT","RETAIL THEFT","GAS STATION","false","false","2031","020","40","4","06","1156793","1931761","2026","2026-08-31T15:53:00.000","41.968529752","-87.698860976","
,  
(41.968529752, -87.698860976)"
"14302778","JK384440","2026-08-23T14:40:00.000","056XX S PEORIA ST","0487","BATTERY","AGGRAVATED OF AN UNBORN CHILD","RESIDENCE","false","true","0712","007","16","68","04B","1171269","1867432","2026","2026-08-31T15:53:00.000","41.791700072","-87.647523744","
,  
(41.791700072, -87.647523744)"
"14302828","JK384540","2026-08-23T14:30:00.000","064XX S LANGLEY AVE","2825","OTHER OFFENSE","HARASSMENT BY TELEPHONE","APARTMENT","false","true","0312","003","20","42","26","1182000","1862462","2026","2026-08-31T15:53:00.000","41.777820294","-87.60832916","
,  
(41.777820294, -87.60832916)"
"14309554","JK393253","2026-08-23T14:30:00.000","003XX W 35TH ST","0460","BATTERY","SIMPLE","SPORTS ARENA / STADIUM","false","false","0915","009","11","34","08B",,,"2026","2026-08-31T15:53:00.000",,,
"14302706","JK384376","2026-08-23T14:30:00.000","068XX S EMERALD AVE","5000","OTHER OFFENSE","OTHER CRIME AGAINST PERSON","STREET","false","false","0723","007","6","68","26","1172515","1859521","2026","2026-08-31T15:53:00.000","41.769964021","-87.643187726","
,  
(41.769964021, -87.643187726)"
"14302705","JK384452","2026-08-23T14:30:00.000","006XX E 131ST ST","0560","ASSAULT","SIMPLE","SIDEWALK","false","false","0533","005","10","54","08A","1183077","1818560","2026","2026-08-31T15:53:00.000","41.657322883","-87.605741042","
,  
(41.657322883, -87.605741042)"
"14302709","JK384560","2026-08-23T14:30:00.000","021XX S TRUMBULL AVE","0710","THEFT","THEFT FROM MOTOR VEHICLE","STREET","false","false","1024","010","24","30","06","1153751","1889522","2026","2026-08-31T15:53:00.000","41.852683458","-87.711172897","
,  
(41.852683458, -87.711172897)"
"14302653","JK384340","2026-08-23T14:25:00.000","036XX W POLK ST","143A","WEAPONS VIOLATION","UNLAWFUL POSSESSION - HANDGUN","STREET","true","false","1133","011","24","27","15","1152145","1896121","2026","2026-08-31T15:53:00.000","41.870823656","-87.71689355","
,  
(41.870823656, -87.71689355)"
"14302614","JK384330","2026-08-23T14:25:00.000","058XX W MADISON ST","0560","ASSAULT","SIMPLE","GROCERY FOOD STORE","true","false","1513","015","29","25","08A","1137518","1899421","2026","2026-08-31T15:53:00.000","41.880154994","-87.770515674","
,  
(41.880154994, -87.770515674)"
"14302816","JK384377","2026-08-23T14:23:00.000","073XX S PRINCETON AVE","0486","BATTERY","DOMESTIC BATTERY SIMPLE","SIDEWALK","false","true","0731","007","6","69","08B","1175563","1856335","2026","2026-08-31T15:53:00.000","41.761153612","-87.632110314","
,  
(41.761153612, -87.632110314)"
"14302965","JK384373","2026-08-23T14:21:00.000","0000X E JACKSON BLVD","1020","ARSON","BY FIRE","ALLEY","false","false","0113","001","34","32","09","1176593","1899006","2026","2026-08-31T15:53:00.000","41.878223415","-87.62704979","
,  
(41.878223415, -87.62704979)"
"14302955","JK384423","2026-08-23T14:18:00.000","019XX E 71ST PL","0460","BATTERY","SIMPLE","APARTMENT","false","false","0333","003","5","43","08B","1190562","1857968","2026","2026-08-31T15:53:00.000","41.765286035","-87.577086035","
,  
(41.765286035, -87.577086035)"
"14302727","JK384374","2026-08-23T14:15:00.000","087XX S BURLEY AVE","1320","CRIMINAL DAMAGE","TO VEHICLE","PARKING LOT / GARAGE (NON RESIDENTIAL)","false","false","0424","004","10","46","14","1199188","1847544","2026","2026-08-31T15:53:00.000","41.736469407","-87.545819513","
,  
(41.736469407, -87.545819513)"
"14302648","JK384402","2026-08-23T14:10:00.000","047XX S HALSTED ST","4650","OTHER OFFENSE","SEX OFFENDER - FAIL TO REGISTER","STREET","false","false","0935","009","15","61","26","1171764","1873607","2026","2026-08-31T15:53:00.000","41.808634077","-87.645527495","
,  
(41.808634077, -87.645527495)"
"14309693","JK393245","2026-08-23T14:00:00.000","003XX W 35TH ST","0460","BATTERY","SIMPLE","OTHER (SPECIFY)","false","false","0915","009","11","34","08B",,,"2026","2026-08-31T15:53:00.000",,,
"14308871","JK392242","2026-08-23T14:00:00.000","087XX S BISHOP ST","1310","CRIMINAL DAMAGE","TO PROPERTY","RESIDENCE","false","false","2222","022","21","71","14",,,"2026","2026-08-31T15:53:00.000",,,
"14302599","JK384347","2026-08-23T14:00:00.000","006XX W WRIGHTWOOD AVE","0760","BURGLARY","BURGLARY FROM MOTOR VEHICLE","RESIDENCE - GARAGE","false","false","1935","019","43","7","06","1171772","1917593","2026","2026-08-31T15:53:00.000","41.92933468","-87.644202999","
,  
(41.92933468, -87.644202999)"
"14303703","JK385703","2026-08-23T14:00:00.000","014XX N HUMBOLDT DR","2826","OTHER OFFENSE","HARASSMENT BY ELECTRONIC MEANS","STREET","false","false","1423","014","26","24","26","1156308","1909461","2026","2026-08-31T15:53:00.000","41.907346819","-87.701248884","
,  
(41.907346819, -87.701248884)"
"14302730","JK384413","2026-08-23T14:00:00.000","009XX W 31ST ST","0560","ASSAULT","SIMPLE","RESIDENCE","false","false","0913","009","11","60","08A","1170526","1884299","2026","2026-08-31T15:53:00.000","41.838001065","-87.649756188","
,  
(41.838001065, -87.649756188)"
"14302639","JK384292","2026-08-23T14:00:00.000","0000X W OHIO ST","2170","NARCOTICS","POSSESSION OF DRUG EQUIPMENT","SIDEWALK","true","false","1831","018","42","8","18","1176022","1904188","2026","2026-08-31T15:53:00.000","41.892455986","-87.628990179","
,  
(41.892455986, -87.628990179)"
"14302758","JK384508","2026-08-23T14:00:00.000","047XX S DAMEN AVE","0910","MOTOR VEHICLE THEFT","AUTOMOBILE","ALLEY","false","false","0931","009","15","61","07","1163823","1873232","2026","2026-08-31T15:53:00.000","41.807775736","-87.674663917","
,  
(41.807775736, -87.674663917)"
"14302810","JK384692","2026-08-23T14:00:00.000","056XX S KILPATRICK AVE","1305","CRIMINAL DAMAGE","CRIMINAL DEFACEMENT","CTA TRAIN","false","false","0813","008","13","56","14","1146073","1866900","2026","2026-08-31T15:53:00.000","41.790754583","-87.739927261","
,  
(41.790754583, -87.739927261)"
"14303485","JK384801","2026-08-23T14:00:00.000","043XX W WASHINGTON BLVD","0281","CRIMINAL SEXUAL ASSAULT","NON-AGGRAVATED","APARTMENT","false","false","1114","011","28","26","02","1147402","1900140","2026","2026-08-31T15:53:00.000","41.881944411","-87.73420392","
,  
(41.881944411, -87.73420392)"
"14302684","JK384329","2026-08-23T14:00:00.000","006XX E 131ST ST","0486","BATTERY","DOMESTIC BATTERY SIMPLE","CHA APARTMENT","false","true","0533","005","10","54","08B","1183077","1818560","2026","2026-08-31T15:53:00.000","41.657322883","-87.605741042","
,  
(41.657322883, -87.605741042)"
"14302645","JK384320","2026-08-23T13:55:00.000","089XX S SOUTH CHICAGO AVE","143A","WEAPONS VIOLATION","UNLAWFUL POSSESSION - HANDGUN","GAS STATION","true","false","0423","004","7","48","15","1195162","1846437","2026","2026-08-31T15:53:00.000","41.73353185","-87.560605528","
,  
(41.73353185, -87.560605528)"
"14302604","JK384302","2026-08-23T13:55:00.000","005XX W MADISON ST","1330","CRIMINAL TRESPASS","TO LAND","APARTMENT","true","false","0121","001","34","28","26","1172573","1900294","2026","2026-08-31T15:53:00.000","41.881847601","-87.641772074","
,  
(41.881847601, -87.641772074)"
"14302700","JK384392","2026-08-23T13:53:00.000","012XX S CENTRAL PARK AVE","0486","BATTERY","DOMESTIC BATTERY SIMPLE","APARTMENT","false","true","1011","010","24","29","08B","1152566","1894157","2026","2026-08-31T15:53:00.000","41.865425914","-87.715399806","
,  
(41.865425914, -87.715399806)"
"14302763","JK384480","2026-08-23T13:40:00.000","017XX N LONG AVE","1310","CRIMINAL DAMAGE","TO PROPERTY","RESIDENCE","false","true","2532","025","37","25","14","1140129","1911045","2026","2026-08-31T15:53:00.000","41.912005269","-87.760643338","
,  
(41.912005269, -87.760643338)"
"14302605","JK384289","2026-08-23T13:36:00.000","019XX E 71ST PL","0486","BATTERY","DOMESTIC BATTERY SIMPLE","APARTMENT","false","true","0333","003","5","43","08B","1190562","1857968","2026","2026-08-31T15:53:00.000","41.765286035","-87.577086035","
,  
(41.765286035, -87.577086035)"
"14302603","JK384295","2026-08-23T13:32:00.000","012XX N SPRINGFIELD AVE","4387","OTHER OFFENSE","VIOLATE ORDER OF PROTECTION","STREET","false","true","2535","025","37","23","26","1150153","1908066","2026","2026-08-31T15:53:00.000","41.903641035","-87.723895477","
,  
(41.903641035, -87.723895477)"
"14302806","JK384584","2026-08-23T13:30:00.000","028XX S DR MARTIN LUTHER KING JR DR","0760","BURGLARY","BURGLARY FROM MOTOR VEHICLE","STREET","false","false","0133","001","4","35","06","1179375","1886199","2026","2026-08-31T15:53:00.000","41.843016958","-87.61722727","
,  
(41.843016958, -87.61722727)"
"14302621","JK384372","2026-08-23T13:30:00.000","079XX S DR MARTIN LUTHER KING JR DR","0460","BATTERY","SIMPLE","RESIDENCE","false","true","0623","006","6","44","08B","1180276","1852488","2026","2026-08-31T15:53:00.000","41.7504903","-87.614954696","
,  
(41.7504903, -87.614954696)"
"14306854","JK389642","2026-08-23T13:30:00.000","056XX N CHRISTIANA AVE","2826","OTHER OFFENSE","HARASSMENT BY ELECTRONIC MEANS","APARTMENT","false","false","1711","017","39","13","26","1153030","1937255","2026","2026-08-31T15:53:00.000","41.983681243","-87.712551032","
,  
(41.983681243, -87.712551032)"
"14302552","JK384271","2026-08-23T13:17:00.000","015XX W 79TH ST","143A","WEAPONS VIOLATION","UNLAWFUL POSSESSION - HANDGUN","SIDEWALK","true","false","0612","006","17","71","15","1167088","1852335","2026","2026-08-31T15:53:00.000","41.750362444","-87.663285971","
,  
(41.750362444, -87.663285971)"
"14302531","JK384238","2026-08-23T13:15:00.000","085XX S MACKINAW AVE","0486","BATTERY","DOMESTIC BATTERY SIMPLE","STREET","false","true","0424","004","10","46","08B","1199950","1849082","2026","2026-08-31T15:53:00.000","41.740670623","-87.54297612","
,  
(41.740670623, -87.54297612)"
"14302626","JK384301","2026-08-23T13:13:00.000","006XX E 67TH ST","3731","INTERFERENCE WITH PUBLIC OFFICER","OBSTRUCTING IDENTIFICATION","SIDEWALK","true","false","0321","003","20","42","24","1181825","1860735","2026","2026-08-31T15:53:00.000","41.773085286","-87.609024031","
,  
(41.773085286, -87.609024031)"
"14302889","JK384693","2026-08-23T13:00:00.000","015XX E 67TH ST","0520","ASSAULT","AGGRAVATED - KNIFE / CUTTING INSTRUMENT","STREET","false","false","0332","003","5","43","04A","1187705","1860871","2026","2026-08-31T15:53:00.000","41.773320568","-87.587465382","
,  
(41.773320568, -87.587465382)"
"14305437","JK387906","2026-08-23T13:00:00.000","006XX N AVERS AVE","0460","BATTERY","SIMPLE","APARTMENT","false","false","1122","011","27","23","08B","1150608","1904020","2026","2026-08-31T15:53:00.000","41.892529521","-87.722329989","
,  
(41.892529521, -87.722329989)"
"14303844","JK385657","2026-08-23T13:00:00.000","049XX N MC VICKER AVE","1310","CRIMINAL DAMAGE","TO PROPERTY","RESIDENCE","false","false","1622","016","45","11","14","1134861","1932429","2026","2026-08-31T15:53:00.000","41.970780167","-87.779489192","
,  
(41.970780167, -87.779489192)"
"14303031","JK384233","2026-08-23T12:45:00.000","062XX N BROADWAY","0560","ASSAULT","SIMPLE","RESTAURANT","false","false","2433","024","48","77","08A","1167168","1941591","2026","2026-08-31T15:53:00.000","41.995286373","-87.660428707","
,  
(41.995286373, -87.660428707)"
"14302974","JK384492","2026-08-23T12:42:00.000","067XX S CHAPPEL AVE","0430","BATTERY","AGGRAVATED - OTHER DANGEROUS WEAPON","ALLEY","false","false","0331","003","5","43","04B","1191038","1860691","2026","2026-08-31T15:53:00.000","41.772746663","-87.575253411","
,  
(41.772746663, -87.575253411)"
"14303325","JK385259","2026-08-23T12:38:00.000","027XX W WARREN BLVD","0810","THEFT","OVER $500","RESIDENCE - PORCH / HALLWAY","false","false","1222","012","27","27","06","1158146","1900240","2026","2026-08-31T15:53:00.000","41.882006219","-87.694749189","
,  
(41.882006219, -87.694749189)"
"14302545","JK384226","2026-08-23T12:30:00.000","036XX N PINE GROVE AVE","1130","DECEPTIVE PRACTICE","FRAUD OR CONFIDENCE GAME","SIDEWALK","false","false","1925","019","46","6","11","1171302","1924474","2026","2026-08-31T15:53:00.000","41.94822677","-87.645727279","
,  
(41.94822677, -87.645727279)"
"14303301","JK385150","2026-08-23T12:30:00.000","036XX N LINDER AVE","0560","ASSAULT","SIMPLE","APARTMENT","false","true","1633","016","30","15","08A","1139043","1923688","2026","2026-08-31T15:53:00.000","41.946718838","-87.764324807","
,  
(41.946718838, -87.764324807)"
"14303645","JK385542","2026-08-23T12:30:00.000","072XX S COLES AVE","0910","MOTOR VEHICLE THEFT","AUTOMOBILE","STREET","false","false","0334","003","7","43","07","1194443","1857668","2026","2026-08-31T15:53:00.000","41.764368298","-87.562871106","
,  
(41.764368298, -87.562871106)"
"14302609","JK384229","2026-08-23T12:30:00.000","028XX W 19TH ST","1310","CRIMINAL DAMAGE","TO PROPERTY","HOSPITAL BUILDING / GROUNDS","false","false","1022","010","25","30","14","1157372","1890584","2026","2026-08-31T15:53:00.000","41.855524939","-87.6978538","
,  
(41.855524939, -87.6978538)"
"14302566","JK384258","2026-08-23T12:10:00.000","080XX S CICERO AVE","0860","THEFT","RETAIL THEFT","SMALL RETAIL STORE","false","false","0834","008","18","70","06","1145815","1850887","2026","2026-08-31T15:53:00.000","41.746817035","-87.74127748","
,  
(41.746817035, -87.74127748)"
"14302617","JK384275","2026-08-23T12:06:00.000","0000X N PARKSIDE AVE","2025","NARCOTICS","POSSESS - HALLUCINOGENS","RESIDENCE - PORCH / HALLWAY","true","false","1513","015","29","25","18","1138603","1899693","2026","2026-08-31T15:53:00.000","41.880881803","-87.766525021","
,  
(41.880881803, -87.766525021)"
"14303326","JK385097","2026-08-23T12:00:00.000","030XX W FOSTER AVE","0460","BATTERY","SIMPLE","RESIDENCE","true","false","1712","017","39","13","08B","1155076","1934388","2026","2026-08-31T15:53:00.000","41.975773105","-87.705103499","
,  
(41.975773105, -87.705103499)"
"14302949","JK384609","2026-08-23T12:00:00.000","074XX S CHAPPEL AVE","0485","BATTERY","AGGRAVATED OF A CHILD","APARTMENT","false","false","0333","003","7","43","04B","1191172","1855922","2026","2026-08-31T15:53:00.000","41.759656906","-87.574916355","
,  
(41.759656906, -87.574916355)"
"14302586","JK384331","2026-08-23T12:00:00.000","075XX N WESTERN AVE","0810","THEFT","OVER $500","DRUG STORE","false","false","2411","024","50","2","06","1159016","1949895","2026","2026-08-31T15:53:00.000","42.018244679","-87.690186314","
,  
(42.018244679, -87.690186314)"
"14304456","JK386559","2026-08-23T12:00:00.000","038XX W CONGRESS PKWY","0910","MOTOR VEHICLE THEFT","AUTOMOBILE","STREET","false","false","1133","011","28","26","07","1151087","1897432","2026","2026-08-31T15:53:00.000","41.874441971","-87.720743516","
,  
(41.874441971, -87.720743516)"
"14303204","JK385005","2026-08-23T12:00:00.000","054XX S UNION AVE","0820","THEFT","$500 AND UNDER","STREET","false","false","0935","009","16","61","06","1172564","1868579","2026","2026-08-31T15:53:00.000","41.794819118","-87.642741449","
,  
(41.794819118, -87.642741449)"
"14305404","JK387807","2026-08-23T12:00:00.000","039XX N HAMILTON AVE","1310","CRIMINAL DAMAGE","TO PROPERTY","ALLEY","false","false","1921","019","47","5","14","1161322","1926108","2026","2026-08-31T15:53:00.000","41.952924397","-87.682365943","
,  
(41.952924397, -87.682365943)"
"14302595","JK384336","2026-08-23T12:00:00.000","051XX S SAWYER AVE","0820","THEFT","$500 AND UNDER","VEHICLE NON-COMMERCIAL","false","false","0822","008","14","63","06","1155579","1870415","2026","2026-08-31T15:53:00.000","41.8002149","-87.704976448","
,  
(41.8002149, -87.704976448)"
"14303141","JK384913","2026-08-23T12:00:00.000","056XX S SANGAMON ST","0486","BATTERY","DOMESTIC BATTERY SIMPLE","STREET","false","true","0712","007","16","68","08B","1170937","1867497","2026","2026-08-31T15:53:00.000","41.791885701","-87.648739225","
,  
(41.791885701, -87.648739225)"
"14304659","JK386814","2026-08-23T12:00:00.000","040XX N MENARD AVE","0820","THEFT","$500 AND UNDER","ALLEY","false","false","1624","016","38","15","06","1136959","1926329","2026","2026-08-31T15:53:00.000","41.954003715","-87.771921502","
,  
(41.954003715, -87.771921502)"
"14303198","JK384999","2026-08-23T12:00:00.000","013XX N LATROBE AVE","0486","BATTERY","DOMESTIC BATTERY SIMPLE","SIDEWALK","false","true","2532","025","37","25","08B","1141133","1908282","2026","2026-08-31T15:53:00.000","41.904404829","-87.757023082","
,  
(41.904404829, -87.757023082)"
"14302567","JK384206","2026-08-23T11:55:00.000","109XX S DOTY AVE E","0810","THEFT","OVER $500","DEPARTMENT STORE","true","false","0513","005","10","51","06","1185667","1832643","2026","2026-08-31T15:53:00.000","41.695908161","-87.595822806","
,  
(41.695908161, -87.595822806)"
"14302513","JK384182","2026-08-23T11:52:00.000","005XX E ILLINOIS ST","0486","BATTERY","DOMESTIC BATTERY SIMPLE","STREET","false","true","1834","018","42","8","08B","1179981","1903730","2026","2026-08-31T15:53:00.000","41.891109114","-87.614464689","
,  
(41.891109114, -87.614464689)"
"14302592","JK384168","2026-08-23T11:51:00.000","032XX W DOUGLAS BLVD","0454","BATTERY","AGGRAVATED P.O. - HANDS, FISTS, FEET, NO / MINOR INJURY","APARTMENT","false","true","1022","010","24","29","08B","1155108","1893275","2026","2026-08-31T15:53:00.000","41.862955021","-87.70609163","
,  
(41.862955021, -87.70609163)"
"14302568","JK384190","2026-08-23T11:49:00.000","102XX S LA SALLE ST","0486","BATTERY","DOMESTIC BATTERY SIMPLE","RESIDENCE","false","true","0511","005","9","49","08B","1177076","1837074","2026","2026-08-31T15:53:00.000","41.708265014","-87.627144315","
,  
(41.708265014, -87.627144315)"
"14303506","JK385407","2026-08-23T11:41:00.000","001XX E CHICAGO AVE","0860","THEFT","RETAIL THEFT","SMALL RETAIL STORE","false","false","1833","018","2","8","06","1177003","1905748","2026","2026-08-31T15:53:00.000","41.896714548","-87.625340136","
,  
(41.896714548, -87.625340136)"
"14304419","JK386587","2026-08-23T11:33:00.000","046XX W FOSTER AVE","0860","THEFT","RETAIL THEFT","DEPARTMENT STORE","false","false","1712","017","39","14","06","1144494","1934166","2026","2026-08-31T15:53:00.000","41.975370278","-87.744023432","
,  
(41.975370278, -87.744023432)"
"14302450","JK384159","2026-08-23T11:30:00.000","027XX W DEVON AVE","1320","CRIMINAL DAMAGE","TO VEHICLE","ALLEY","false","false","2412","024","50","2","14","1157081","1942356","2026","2026-08-31T15:53:00.000","41.997597074","-87.697512817","
,  
(41.997597074, -87.697512817)"
"14302750","JK384396","2026-08-23T11:30:00.000","032XX N BROADWAY","0810","THEFT","OVER $500","VEHICLE NON-COMMERCIAL","false","false","1925","019","44","6","06","1171684","1921595","2026","2026-08-31T15:53:00.000","41.940318272","-87.644408194","
,  
(41.940318272, -87.644408194)"
"14307675","JK390822","2026-08-23T11:30:00.000","003XX N CICERO AVE","0560","ASSAULT","SIMPLE","CHURCH / SYNAGOGUE / PLACE OF WORSHIP","false","false","1113","011","28","25","08A","1144327","1901468","2026","2026-08-31T15:53:00.000","41.885646954","-87.745462","
,  
(41.885646954, -87.745462)"
"14302572","JK384183","2026-08-23T11:30:00.000","014XX N HUMBOLDT DR","0460","BATTERY","SIMPLE","PARK PROPERTY","false","false","1423","014","26","24","08B","1156303","1909321","2026","2026-08-31T15:53:00.000","41.906962748","-87.701271041","
,  
(41.906962748, -87.701271041)"
"14302827","JK384637","2026-08-23T11:23:00.000","005XX S KEDZIE AVE","1515","PROSTITUTION","PANDERING","CTA TRAIN","true","false","1134","011","24","27","16","1155124","1897322","2026","2026-08-31T15:53:00.000","41.874060099","-87.705924314","
,  
(41.874060099, -87.705924314)"
"14302528","JK384213","2026-08-23T11:17:00.000","022XX E 103RD ST","0461","BATTERY","AGGRAVATED P.O. - HANDS, FISTS, FEET, SERIOUS INJURY","POLICE FACILITY / VEHICLE PARKING LOT","true","false","0434","004","7","51","04B","1192874","1837123","2026","2026-08-31T15:53:00.000","41.708029389","-87.569290282","
,  
(41.708029389, -87.569290282)"
"14302535","JK384128","2026-08-23T11:15:00.000","065XX S STONY ISLAND AVE","0460","BATTERY","SIMPLE","RESTAURANT","false","false","0321","003","5","42","08B","1188017","1861750","2026","2026-08-31T15:53:00.000","41.775725186","-87.586293691","
,  
(41.775725186, -87.586293691)"
"14302497","JK384107","2026-08-23T11:04:00.000","056XX W MADISON ST","1310","CRIMINAL DAMAGE","TO PROPERTY","RESTAURANT","false","false","1513","015","29","25","14","1138946","1899461","2026","2026-08-31T15:53:00.000","41.880238942","-87.76527117","
,  
(41.880238942, -87.76527117)"
"14302601","JK384126","2026-08-23T11:01:00.000","025XX S WASHTENAW AVE","0498","BATTERY","AGG. DOMESTIC BATTERY - HANDS, FISTS, FEET, SERIOUS INJURY","RESIDENCE","false","true","1034","010","24","30","04B","1158774","1886888","2026","2026-08-31T15:53:00.000","41.845354126","-87.692808972","
,  
(41.845354126, -87.692808972)"
"14302561","JK384120","2026-08-23T11:01:00.000","027XX E 78TH ST","0486","BATTERY","DOMESTIC BATTERY SIMPLE","APARTMENT","true","true","0421","004","7","43","08B","1195776","1853775","2026","2026-08-31T15:53:00.000","41.753652757","-87.558114008","
,  
(41.753652757, -87.558114008)"
"14302608","JK384103","2026-08-23T11:00:00.000","018XX S KOMENSKY AVE","0497","BATTERY","AGGRAVATED DOMESTIC BATTERY - OTHER DANGEROUS WEAPON","STREET","false","true","1012","010","24","29","04B","1149680","1890620","2026","2026-08-31T15:53:00.000","41.855776475","-87.726086351","
,  
(41.855776475, -87.726086351)"
"14302687","JK384235","2026-08-23T11:00:00.000","0000X E RANDOLPH ST","0910","MOTOR VEHICLE THEFT","AUTOMOBILE","PARKING LOT / GARAGE (NON RESIDENTIAL)","false","false","0111","001","42","32","07","1176550","1901291","2026","2026-08-31T15:53:00.000","41.884494554","-87.627138636","
,  
(41.884494554, -87.627138636)"
"14302780","JK384224","2026-08-23T11:00:00.000","092XX S COLFAX AVE","0910","MOTOR VEHICLE THEFT","AUTOMOBILE","STREET","false","false","0423","004","7","48","07","1195115","1844206","2026","2026-08-31T15:53:00.000","41.727410948","-87.560851061","
,  
(41.727410948, -87.560851061)"
"14302688","JK384288","2026-08-23T11:00:00.000","011XX S CLARK ST","1220","DECEPTIVE PRACTICE","THEFT OF LOST / MISLAID PROPERTY","SMALL RETAIL STORE","false","false","0123","001","34","32","11","1175696","1895352","2026","2026-08-31T15:53:00.000","41.86821682","-87.6304532","
,  
(41.86821682, -87.6304532)"
"14303365","JK385160","2026-08-23T11:00:00.000","007XX E 60TH ST","1320","CRIMINAL DAMAGE","TO VEHICLE","STREET","false","true","0313","003","20","42","14","1182179","1865389","2026","2026-08-31T15:53:00.000","41.785848109","-87.607582382","
,  
(41.785848109, -87.607582382)"
"14302527","JK384115","2026-08-23T10:50:00.000","035XX W GRAND AVE","031A","ROBBERY","ARMED - HANDGUN","SMALL RETAIL STORE","false","false","1121","011","36","23","03","1152341","1907475","2026","2026-08-31T15:53:00.000","41.901976339","-87.715874022","
,  
(41.901976339, -87.715874022)"
"14302481","JK384166","2026-08-23T10:45:00.000","106XX S UNION AVE","0560","ASSAULT","SIMPLE","RESIDENCE - PORCH / HALLWAY","false","false","2233","022","21","49","08A","1173527","1834376","2026","2026-08-31T15:53:00.000","41.700940434","-87.640220458","
,  
(41.700940434, -87.640220458)"
"14303304","JK385162","2026-08-23T10:43:00.000","018XX S SPRINGFIELD AVE","1310","CRIMINAL DAMAGE","TO PROPERTY","RESIDENCE","false","false","1014","010","24","29","14","1150691","1890672","2026","2026-08-31T15:53:00.000","41.855899489","-87.722374099","
,  
(41.855899489, -87.722374099)"
"14302591","JK384098","2026-08-23T10:40:00.000","001XX W 110TH ST","0496","BATTERY","AGGRAVATED DOMESTIC BATTERY - KNIFE / CUTTING INSTRUMENT","RESIDENCE","false","true","0513","005","9","49","04B","1177289","1832011","2026","2026-08-31T15:53:00.000","41.694366626","-87.626516467","
,  
(41.694366626, -87.626516467)"
"14302417","JK384087","2026-08-23T10:30:00.000","030XX N MONITOR AVE","0486","BATTERY","DOMESTIC BATTERY SIMPLE","RESIDENCE","false","true","2514","025","30","19","08B","1136852","1919662","2026","2026-08-31T15:53:00.000","41.935710703","-87.772475222","
,  
(41.935710703, -87.772475222)"
"14302908","JK384478","2026-08-23T10:27:00.000","022XX N KILBOURN AVE","0520","ASSAULT","AGGRAVATED - KNIFE / CUTTING INSTRUMENT","APARTMENT","false","true","2522","025","26","20","04A","1146023","1914424","2026","2026-08-31T15:53:00.000","41.92116755","-87.738904205","
,  
(41.92116755, -87.738904205)"
"14302499","JK384075","2026-08-23T10:27:00.000","011XX N MENARD AVE","0560","ASSAULT","SIMPLE","RESIDENCE","false","false","1511","015","29","25","08A","1137481","1906991","2026","2026-08-31T15:53:00.000","41.90092871","-87.770469199","
,  
(41.90092871, -87.770469199)"
"14302619","JK384032","2026-08-23T10:15:00.000","002XX N LEAMINGTON AVE","2093","NARCOTICS","FOUND SUSPECT NARCOTICS","RESIDENCE - PORCH / HALLWAY","true","false","1532","015","28","25","18","1142001","1901135","2026","2026-08-31T15:53:00.000","41.884776569","-87.7540119","
,  
(41.884776569, -87.7540119)"
"14302439","JK384070","2026-08-23T10:15:00.000","040XX W IOWA ST","2014","NARCOTICS","MANUFACTURE / DELIVER -  HEROIN (WHITE)","SIDEWALK","true","false","1111","011","37","23","18","1149451","1905714","2026","2026-08-31T15:53:00.000","41.897200564","-87.726535213","
,  
(41.897200564, -87.726535213)"
"14302516","JK384155","2026-08-23T10:15:00.000","044XX W ADAMS ST","0610","BURGLARY","FORCIBLE ENTRY","RESIDENCE","false","false","1113","011","28","26","05","1146789","1898643","2026","2026-08-31T15:53:00.000","41.877848189","-87.736493098","
,  
(41.877848189, -87.736493098)"
"14302610","JK384142","2026-08-23T10:11:00.000","023XX E 70TH ST","051A","ASSAULT","AGGRAVATED - HANDGUN","APARTMENT","true","true","0331","003","5","43","04A","1193149","1859004","2026","2026-08-31T15:53:00.000","41.76806609","-87.567570258","
,  
(41.76806609, -87.567570258)"
"14302506","JK384148","2026-08-23T10:10:00.000","065XX S LOWE AVE","2825","OTHER OFFENSE","HARASSMENT BY TELEPHONE","APARTMENT","false","false","0723","007","6","68","26","1173163","1861518","2026","2026-08-31T15:53:00.000","41.775429728","-87.640753492","
,  
(41.775429728, -87.640753492)"
"14302562","JK384072","2026-08-23T10:10:00.000","004XX W 129TH PL","0486","BATTERY","DOMESTIC BATTERY SIMPLE","RESIDENCE","false","true","0523","005","9","53","08B","1175568","1818814","2026","2026-08-31T15:53:00.000","41.658190553","-87.633210094","
,  
(41.658190553, -87.633210094)"
"14302482","JK384035","2026-08-23T10:09:00.000","023XX W JACKSON BLVD","1330","CRIMINAL TRESPASS","TO LAND","CHA PARKING LOT / GROUNDS","true","false","1225","012","27","28","26","1160842","1898642","2026","2026-08-31T15:53:00.000","41.877565688","-87.684893829","
,  
(41.877565688, -87.684893829)"
"14302532","JK384033","2026-08-23T10:05:00.000","015XX W MADISON ST","0560","ASSAULT","SIMPLE","RESTAURANT","false","false","1224","012","34","28","08A","1166197","1900106","2026","2026-08-31T15:53:00.000","41.881470317","-87.665189884","
,  
(41.881470317, -87.665189884)"
"14302495","JK384054","2026-08-23T10:04:00.000","015XX W 94TH ST","0486","BATTERY","DOMESTIC BATTERY SIMPLE","APARTMENT","false","true","2221","022","21","73","08B","1167512","1842383","2026","2026-08-31T15:53:00.000","41.723043634","-87.662016704","
,  
(41.723043634, -87.662016704)"
"14302422","JK384045","2026-08-23T10:01:00.000","004XX W 104TH ST","0486","BATTERY","DOMESTIC BATTERY SIMPLE","RESIDENCE","false","true","2233","022","21","49","08B","1174990","1835940","2026","2026-08-31T15:53:00.000","41.705199844","-87.634817034","
,  
(41.705199844, -87.634817034)"
"14302794","JK384639","2026-08-23T10:00:00.000","018XX N HARDING AVE","0910","MOTOR VEHICLE THEFT","AUTOMOBILE","OTHER (SPECIFY)","false","false","2535","025","26","20","07","1149754","1911999","2026","2026-08-31T15:53:00.000","41.914441338","-87.725258691","
,  
(41.914441338, -87.725258691)"
"14302564","JK384291","2026-08-23T10:00:00.000","024XX N GENEVA TER","0760","BURGLARY","BURGLARY FROM MOTOR VEHICLE","STREET","false","false","1935","019","43","7","06","1171825","1916866","2026","2026-08-31T15:53:00.000","41.927338591","-87.644029718","
,  
(41.927338591, -87.644029718)"
"14303467","JK384073","2026-08-23T10:00:00.000","001XX S HALSTED ST","0560","ASSAULT","SIMPLE","DRUG STORE","false","false","1232","012","34","28","08A","1171070","1899648","2026","2026-08-31T15:53:00.000","41.880108035","-87.647309981","
,  
(41.880108035, -87.647309981)"
"14302421","JK384036","2026-08-23T10:00:00.000","041XX S ALBANY AVE","0486","BATTERY","DOMESTIC BATTERY SIMPLE","APARTMENT","true","true","0921","009","12","58","08B","1156375","1876808","2026","2026-08-31T15:53:00.000","41.817742138","-87.701884992","
,  
(41.817742138, -87.701884992)"
"14306915","JK389587","2026-08-23T10:00:00.000","125XX S UNION AVE","1153","DECEPTIVE PRACTICE","FINANCIAL IDENTITY THEFT OVER $ 300","RESIDENCE","false","false","0523","005","9","53","11","1173930","1821770","2026","2026-08-31T15:53:00.000","41.666338668","-87.639116763","
,  
(41.666338668, -87.639116763)"
"14302496","JK384172","2026-08-23T10:00:00.000","016XX S KARLOV AVE","0620","BURGLARY","UNLAWFUL ENTRY","APARTMENT","false","false","1012","010","24","29","05","1149323","1891456","2026","2026-08-31T15:53:00.000","41.858077482","-87.727375071","
,  
(41.858077482, -87.727375071)"
"14302996","JK384732","2026-08-23T10:00:00.000","061XX S EBERHART AVE","0486","BATTERY","DOMESTIC BATTERY SIMPLE","RESIDENCE","true","true","0313","003","20","42","08B","1180634","1864484","2026","2026-08-31T15:53:00.000","41.78340035","-87.613274825","
,  
(41.78340035, -87.613274825)"
"14302689","JK384498","2026-08-23T10:00:00.000","003XX W ILLINOIS ST","0760","BURGLARY","BURGLARY FROM MOTOR VEHICLE","PARKING LOT / GARAGE (NON RESIDENTIAL)","false","false","1831","018","42","8","06","1174024","1903552","2026","2026-08-31T15:53:00.000","41.890755538","-87.636346911","
,  
(41.890755538, -87.636346911)"
"14302460","JK384076","2026-08-23T09:55:00.000","038XX S DR MARTIN LUTHER KING JR DR","1330","CRIMINAL TRESPASS","TO LAND","GROCERY FOOD STORE","false","false","0212","002","4","35","26","1179489","1879516","2026","2026-08-31T15:53:00.000","41.824675709","-87.617013434","
,  
(41.824675709, -87.617013434)"
"14302409","JK384067","2026-08-23T09:45:00.000","057XX S CORNELL DR","0460","BATTERY","SIMPLE","STREET","false","false","0331","003","5","41","08B","1188208","1867383","2026","2026-08-31T15:53:00.000","41.791178022","-87.585413895","
,  
(41.791178022, -87.585413895)"
"14302517","JK383998","2026-08-23T09:35:00.000","009XX E 83RD ST","0460","BATTERY","SIMPLE","APARTMENT","true","false","0631","006","8","44","08B","1184121","1850165","2026","2026-08-31T15:53:00.000","41.744026785","-87.600937437","
,  
(41.744026785, -87.600937437)"
"14302511","JK384044","2026-08-23T09:32:00.000","010XX N LA SALLE DR","0560","ASSAULT","SIMPLE","CHURCH / SYNAGOGUE / PLACE OF WORSHIP","false","false","1824","018","2","8","08A","1174947","1907296","2026","2026-08-31T15:53:00.000","41.901008648","-87.632844976","
,  
(41.901008648, -87.632844976)"
"14302392","JK384056","2026-08-23T09:30:00.000","068XX S ADA ST","0710","THEFT","THEFT FROM MOTOR VEHICLE","APARTMENT","false","false","0724","007","17","67","06","1168509","1859351","2026","2026-08-31T15:53:00.000","41.769584791","-87.6578769","
,  
(41.769584791, -87.6578769)"
"14302480","JK384028","2026-08-23T09:30:00.000","058XX S WESTERN AVE","0860","THEFT","RETAIL THEFT","SMALL RETAIL STORE","false","false","0824","008","16","63","06","1161368","1865950","2026","2026-08-31T15:53:00.000","41.787844269","-87.683870028","
,  
(41.787844269, -87.683870028)"
"14302371","JK383996","2026-08-23T09:27:00.000","002XX W MADISON ST","1345","CRIMINAL DAMAGE","TO CITY OF CHICAGO PROPERTY","STREET","false","false","0122","001","34","32","14","1174636","1900346","2026","2026-08-31T15:53:00.000","41.881944424","-87.634195294","
,  
(41.881944424, -87.634195294)"
"14302424","JK384024","2026-08-23T09:18:00.000","022XX N KILBOURN AVE","0560","ASSAULT","SIMPLE","APARTMENT","false","true","2522","025","26","20","08A","1146023","1914424","2026","2026-08-31T15:53:00.000","41.92116755","-87.738904205","
,  
(41.92116755, -87.738904205)"
"14302537","JK384018","2026-08-23T09:13:00.000","034XX W 82ND ST","0486","BATTERY","DOMESTIC BATTERY SIMPLE","RESIDENCE","false","true","0834","008","18","70","08B","1154956","1850012","2026","2026-08-31T15:53:00.000","41.744238411","-87.707805414","
,  
(41.744238411, -87.707805414)"
"14302745","JK384566","2026-08-23T09:12:00.000","062XX N KENMORE AVE","2826","OTHER OFFENSE","HARASSMENT BY ELECTRONIC MEANS","APARTMENT","false","true","2433","024","48","77","26","1168109","1941545","2026","2026-08-31T15:53:00.000","41.995139805","-87.656968598","
,  
(41.995139805, -87.656968598)"
"14302477","JK383989","2026-08-23T09:12:00.000","067XX N CLARK ST","0460","BATTERY","SIMPLE","SIDEWALK","false","false","2432","024","49","1","08B","1163756","1944993","2026","2026-08-31T15:53:00.000","42.004694436","-87.672883168","
,  
(42.004694436, -87.672883168)"
"14302457","JK384096","2026-08-23T09:12:00.000","035XX S DEARBORN ST","0560","ASSAULT","SIMPLE","APARTMENT","false","true","0213","002","3","35","08A","1176461","1881274","2026","2026-08-31T15:53:00.000","41.829568547","-87.628069217","
,  
(41.829568547, -87.628069217)"
"14302414","JK383979","2026-08-23T09:07:00.000","033XX W FULLERTON AVE","0312","ROBBERY","ARMED - KNIFE / CUTTING INSTRUMENT","SMALL RETAIL STORE","true","false","1413","014","35","22","03","1153545","1915755","2026","2026-08-31T15:53:00.000","41.924673521","-87.711230943","
,  
(41.924673521, -87.711230943)"
"14302523","JK383976","2026-08-23T09:01:00.000","023XX W 24TH ST","0340","ROBBERY","ATTEMPT STRONG ARM - NO WEAPON","SIDEWALK","false","false","1034","010","25","31","03","1161226","1888025","2026","2026-08-31T15:53:00.000","41.848423638","-87.683778826","
,  
(41.848423638, -87.683778826)"
"14302579","JK384125","2026-08-23T09:00:00.000","0000X E 37TH ST","0810","THEFT","OVER $500","STREET","false","true","0213","002","3","35","06","1177533","1880487","2026","2026-08-31T15:53:00.000","41.827384739","-87.62415994","
,  
(41.827384739, -87.62415994)"
"14302464","JK384156","2026-08-23T09:00:00.000","040XX S STATE ST","0820","THEFT","$500 AND UNDER","PARKING LOT / GARAGE (NON RESIDENTIAL)","false","false","0213","002","3","38","06","1176945","1878239","2026","2026-08-31T15:53:00.000","41.821229339","-87.626385072","
,  
(41.821229339, -87.626385072)"
"14309600","JK393239","2026-08-23T09:00:00.000","045XX S PAULINA ST","2825","OTHER OFFENSE","HARASSMENT BY TELEPHONE","RESIDENCE","false","true","0924","009","15","61","26",,,"2026","2026-08-31T15:53:00.000",,,
"14304857","JK387263","2026-08-23T09:00:00.000","076XX S BLACKSTONE AVE","0820","THEFT","$500 AND UNDER","APARTMENT","false","true","0411","004","8","43","06","1187529","1854690","2026","2026-08-31T15:53:00.000","41.756363543","-87.588306799","
,  
(41.756363543, -87.588306799)"
"14302628","JK384342","2026-08-23T09:00:00.000","016XX W 95TH ST","0820","THEFT","$500 AND UNDER","OTHER (SPECIFY)","false","false","2213","022","19","73","06","1166969","1841705","2026","2026-08-31T15:53:00.000","41.7211947","-87.664024973","
,  
(41.7211947, -87.664024973)"
"14304984","JK386766","2026-08-23T09:00:00.000","092XX S GREENWOOD AVE","0710","THEFT","THEFT FROM MOTOR VEHICLE","STREET","false","false","0413","004","8","47","06","1185162","1843892","2026","2026-08-31T15:53:00.000","41.726788618","-87.597319719","
,  
(41.726788618, -87.597319719)"
"14302505","JK384140","2026-08-23T09:00:00.000","097XX S AVENUE J","0820","THEFT","$500 AND UNDER","STREET","false","false","0432","004","10","52","06","1202453","1841111","2026","2026-08-31T15:53:00.000","41.718734191","-87.534076789","
,  
(41.718734191, -87.534076789)"
"14304287","JK386381","2026-08-23T09:00:00.000","002XX W 95TH ST","1192","DECEPTIVE PRACTICE","WIC FRAUD","GROCERY FOOD STORE","false","false","0511","005","9","49","11","1176383","1841945","2026","2026-08-31T15:53:00.000","41.721647275","-87.629536303","
,  
(41.721647275, -87.629536303)"
"14302341","JK383975","2026-08-23T08:53:00.000","047XX N BROADWAY","0820","THEFT","$500 AND UNDER","SMALL RETAIL STORE","false","false","1914","019","46","3","06","1167488","1931888","2026","2026-08-31T15:53:00.000","41.968654176","-87.659532372","
,  
(41.968654176, -87.659532372)"
"14302386","JK383966","2026-08-23T08:38:00.000","067XX N ASHLAND AVE","0560","ASSAULT","SIMPLE","RESIDENCE","false","true","2432","024","49","1","08A","1164391","1944729","2026","2026-08-31T15:53:00.000","42.003956548","-87.670554505","
,  
(42.003956548, -87.670554505)"
"29305","JK383883","2026-08-23T08:36:00.000","061XX S CAMPBELL AVE","0110","HOMICIDE","FIRST DEGREE MURDER","STREET","false","false","0825","008","16","66","01A","1160757","1863873","2026","2026-08-31T15:53:00.000","41.782157342","-87.686167649","
,  
(41.782157342, -87.686167649)"
"14302340","JK383936","2026-08-23T08:30:00.000","067XX S ROCKWELL ST","0486","BATTERY","DOMESTIC BATTERY SIMPLE","RESIDENCE","false","true","0832","008","16","66","08B","1160204","1859816","2026","2026-08-31T15:53:00.000","41.771035765","-87.688306673","
,  
(41.771035765, -87.688306673)"
"14302472","JK383977","2026-08-23T08:30:00.000","042XX W DIVISION ST","0560","ASSAULT","SIMPLE","STREET","true","false","2534","025","37","23","08A","1147993","1907665","2026","2026-08-31T15:53:00.000","41.902582485","-87.731840051","
,  
(41.902582485, -87.731840051)"
"14302412","JK383972","2026-08-23T08:30:00.000","066XX S VERNON AVE","0610","BURGLARY","FORCIBLE ENTRY","APARTMENT","false","false","0312","003","20","42","05","1180388","1861111","2026","2026-08-31T15:53:00.000","41.774150158","-87.614280143","
,  
(41.774150158, -87.614280143)"
"14302394","JK383981","2026-08-23T08:30:00.000","049XX W SUPERIOR ST","0710","THEFT","THEFT FROM MOTOR VEHICLE","SIDEWALK","false","false","1531","015","37","25","06","1143360","1904516","2026","2026-08-31T15:53:00.000","41.89402915","-87.74893683","
,  
(41.89402915, -87.74893683)"
"14302939","JK384561","2026-08-23T08:24:00.000","093XX S PAXTON AVE","1563","SEX OFFENSE","CRIMINAL SEXUAL ABUSE","CTA BUS","false","false","0413","004","7","48","17","1192469","1843568","2026","2026-08-31T15:53:00.000","41.725724967","-87.570564287","
,  
(41.725724967, -87.570564287)"
"14302491","JK383957","2026-08-23T08:22:00.000","047XX N SAWYER AVE","0486","BATTERY","DOMESTIC BATTERY SIMPLE","APARTMENT","false","true","1713","017","33","14","08B","1153857","1931331","2026","2026-08-31T15:53:00.000","41.967408961","-87.709668074","
,  
(41.967408961, -87.709668074)"
"14302410","JK383943","2026-08-23T08:09:00.000","092XX S COMMERCIAL AVE","1310","CRIMINAL DAMAGE","TO PROPERTY","RESTAURANT","false","false","0424","004","10","46","14","1197747","1844338","2026","2026-08-31T15:53:00.000","41.727707947","-87.551205466","
,  
(41.727707947, -87.551205466)"
"14302692","JK384556","2026-08-23T08:00:00.000","096XX S WOODLAWN AVE","2825","OTHER OFFENSE","HARASSMENT BY TELEPHONE","OTHER (SPECIFY)","false","false","0511","005","8","50","26","1185894","1841361","2026","2026-08-31T15:53:00.000","41.719826062","-87.594717899","
,  
(41.719826062, -87.594717899)"
"14303404","JK385334","2026-08-23T08:00:00.000","014XX N KEELER AVE","0560","ASSAULT","SIMPLE","APARTMENT","false","true","2534","025","36","23","08A","1148121","1909265","2026","2026-08-31T15:53:00.000","41.906970585","-87.731328637","
,  
(41.906970585, -87.731328637)"
"14306750","JK389562","2026-08-23T08:00:00.000","048XX W WABANSIA AVE","1320","CRIMINAL DAMAGE","TO VEHICLE","RESIDENCE - GARAGE","false","false","2533","025","37","25","14","1143832","1910866","2026","2026-08-31T15:53:00.000","41.91144542","-87.747043915","
,  
(41.91144542, -87.747043915)"
"14302403","JK384016","2026-08-23T08:00:00.000","095XX S ASHLAND AVE","1130","DECEPTIVE PRACTICE","FRAUD OR CONFIDENCE GAME","CONVENIENCE STORE","false","false","2213","022","21","72","11","1167338","1841621","2026","2026-08-31T15:53:00.000","41.720956311","-87.662675794","
,  
(41.720956311, -87.662675794)"
"14302693","JK384424","2026-08-23T08:00:00.000","010XX E 62ND ST","0486","BATTERY","DOMESTIC BATTERY SIMPLE","APARTMENT","false","true","0314","003","20","42","08B","1184120","1864110","2026","2026-08-31T15:53:00.000","41.782293243","-87.600505797","
,  
(41.782293243, -87.600505797)"
"14302855","JK384648","2026-08-23T08:00:00.000","062XX S KOLIN AVE","0620","BURGLARY","UNLAWFUL ENTRY","RESIDENCE - GARAGE","false","false","0813","008","13","65","05","1148442","1862956","2026","2026-08-31T15:53:00.000","41.779886419","-87.731341833","
,  
(41.779886419, -87.731341833)"
"14302834","JK384658","2026-08-23T08:00:00.000","054XX W WASHINGTON BLVD","1320","CRIMINAL DAMAGE","TO VEHICLE","PARKING LOT / GARAGE (NON RESIDENTIAL)","false","false","1522","015","29","25","14","1139791","1900210","2026","2026-08-31T15:53:00.000","41.882278904","-87.762150073","
,  
(41.882278904, -87.762150073)"
"14303058","JK384853","2026-08-23T08:00:00.000","014XX N FAIRFIELD AVE","0917","MOTOR VEHICLE THEFT","CYCLE, SCOOTER, BIKE WITH VIN","STREET","false","false","1423","014","26","24","07","1157818","1909551","2026","2026-08-31T15:53:00.000","41.907563119","-87.695699514","
,  
(41.907563119, -87.695699514)"
"14302933","JK384734","2026-08-23T08:00:00.000","024XX W 51ST ST","0860","THEFT","RETAIL THEFT","DEPARTMENT STORE","false","false","0923","009","15","63","06","1161020","1870793","2026","2026-08-31T15:53:00.000","41.801141301","-87.685012091","
,  
(41.801141301, -87.685012091)"
"14302361","JK383946","2026-08-23T07:55:00.000","079XX S VERNON AVE","0560","ASSAULT","SIMPLE","STREET","false","true","0624","006","6","44","08A","1180620","1852479","2026","2026-08-31T15:53:00.000","41.750457714","-87.613694407","
,  
(41.750457714, -87.613694407)"
"14302349","JK383927","2026-08-23T07:48:00.000","106XX S HALSTED ST","0860","THEFT","RETAIL THEFT","GAS STATION","true","false","2233","022","21","49","06","1172869","1834211","2026","2026-08-31T15:53:00.000","41.700502156","-87.642634662","
,  
(41.700502156, -87.642634662)"
"14302375","JK383961","2026-08-23T07:45:00.000","013XX N PULASKI RD","031A","ROBBERY","ARMED - HANDGUN","CONVENIENCE STORE","false","false","2534","025","36","23","03","1149466","1908864","2026","2026-08-31T15:53:00.000","41.905844192","-87.726398267","
,  
(41.905844192, -87.726398267)"
"14303242","JK385065","2026-08-23T07:40:00.000","006XX W FULLERTON PKWY","0460","BATTERY","SIMPLE","RESIDENCE","false","false","1935","019","43","7","08B","1171694","1916203","2026","2026-08-31T15:53:00.000","41.925522178","-87.644530656","
,  
(41.925522178, -87.644530656)"
"14302330","JK383938","2026-08-23T07:15:00.000","045XX S KOMENSKY AVE","0486","BATTERY","DOMESTIC BATTERY SIMPLE","STREET","true","true","0815","008","14","57","08B","1150111","1874308","2026","2026-08-31T15:53:00.000","41.8110058","-87.724928415","
,  
(41.8110058, -87.724928415)"
"14302401","JK383917","2026-08-23T07:13:00.000","100XX S MERRILL AVE","143A","WEAPONS VIOLATION","UNLAWFUL POSSESSION - HANDGUN","STREET","true","false","0431","004","7","51","15","1192497","1838787","2026","2026-08-31T15:53:00.000","41.712604748","-87.570616874","
,  
(41.712604748, -87.570616874)"
"14302398","JK383913","2026-08-23T07:05:00.000","007XX N MAYFIELD AVE","0460","BATTERY","SIMPLE","APARTMENT","false","true","1511","015","29","25","08B","1137018","1904192","2026","2026-08-31T15:53:00.000","41.893256225","-87.772237098","
,  
(41.893256225, -87.772237098)"
"14302353","JK383919","2026-08-23T07:05:00.000","071XX S SEELEY AVE","041A","BATTERY","AGGRAVATED - HANDGUN","SIDEWALK","false","false","0735","007","17","67","04B","1163926","1857385","2026","2026-08-31T15:53:00.000","41.764287354","-87.674731353","
,  
(41.764287354, -87.674731353)"
"14302707","JK384473","2026-08-23T07:00:00.000","018XX S KOMENSKY AVE","1310","CRIMINAL DAMAGE","TO PROPERTY","APARTMENT","false","false","1012","010","24","29","14","1149681","1890598","2026","2026-08-31T15:53:00.000","41.855716085","-87.726083251","
,  
(41.855716085, -87.726083251)"
"14302483","JK384030","2026-08-23T07:00:00.000","012XX N HAMLIN AVE","0312","ROBBERY","ARMED - KNIFE / CUTTING INSTRUMENT","RESIDENCE","false","false","2535","025","36","23","03","1150824","1907823","2026","2026-08-31T15:53:00.000","41.902961112","-87.721437088","
,  
(41.902961112, -87.721437088)"
"14307671","JK390843","2026-08-23T07:00:00.000","054XX S HARPER AVE","0710","THEFT","THEFT FROM MOTOR VEHICLE","STREET","false","false","0234","002","5","41","06","1187208","1869231","2026","2026-08-31T15:53:00.000","41.796272887","-87.589021955","
,  
(41.796272887, -87.589021955)"
"14302484","JK384145","2026-08-23T07:00:00.000","006XX N LONG AVE","031A","ROBBERY","ARMED - HANDGUN","SIDEWALK","false","false","1524","015","37","25","03","1140213","1903609","2026","2026-08-31T15:53:00.000","41.891598468","-87.760517149","
,  
(41.891598468, -87.760517149)"
"14302470","JK384097","2026-08-23T06:51:00.000","015XX W GLENLAKE AVE","4387","OTHER OFFENSE","VIOLATE ORDER OF PROTECTION","APARTMENT","false","true","2433","024","48","77","26","1164897","1940601","2026","2026-08-31T15:53:00.000","41.992618453","-87.6688108","
,  
(41.992618453, -87.6688108)"
"14302366","JK384011","2026-08-23T06:40:00.000","050XX S LAKE PARK AVE","0870","THEFT","POCKET-PICKING","CTA BUS","false","false","0222","002","4","39","06","1187358","1871995","2026","2026-08-31T15:53:00.000","41.803853936","-87.58838406","
,  
(41.803853936, -87.58838406)"
"14302406","JK383910","2026-08-23T06:32:00.000","016XX W OGDEN AVE","0910","MOTOR VEHICLE THEFT","AUTOMOBILE","STREET","false","false","1224","012","34","28","07","1165382","1899448","2026","2026-08-31T15:53:00.000","41.879682085","-87.668201247","
,  
(41.879682085, -87.668201247)"
"14302327","JK383918","2026-08-23T06:30:00.000","063XX S ST LAWRENCE AVE","0560","ASSAULT","SIMPLE","APARTMENT","false","false","0312","003","20","42","08A","1181324","1863116","2026","2026-08-31T15:53:00.000","41.779630545","-87.61078722","
,  
(41.779630545, -87.61078722)"
"14302336","JK383907","2026-08-23T06:30:00.000","011XX N LEAMINGTON AVE","031A","ROBBERY","ARMED - HANDGUN","STREET","false","false","1531","015","37","25","03","1141820","1907176","2026","2026-08-31T15:53:00.000","41.901357145","-87.75452692","
,  
(41.901357145, -87.75452692)"
"14302379","JK383911","2026-08-23T06:21:00.000","027XX W TOUHY AVE","031A","ROBBERY","ARMED - HANDGUN","PARKING LOT / GARAGE (NON RESIDENTIAL)","false","false","2411","024","50","2","03","1156794","1947639","2026","2026-08-31T15:53:00.000","42.012099666","-87.698424465","
,  
(42.012099666, -87.698424465)"
"14302425","JK383912","2026-08-23T06:20:00.000","068XX S CARPENTER ST","051A","ASSAULT","AGGRAVATED - HANDGUN","ALLEY","false","false","0724","007","16","68","04A","1170493","1859444","2026","2026-08-31T15:53:00.000","41.769797008","-87.650601744","
,  
(41.769797008, -87.650601744)"
"14302333","JK383924","2026-08-23T06:16:00.000","001XX E WACKER DR","1330","CRIMINAL TRESPASS","TO LAND","COMMERCIAL / BUSINESS OFFICE","true","false","0114","001","42","32","26","1177683","1902638","2026","2026-08-31T15:53:00.000","41.888165132","-87.622937212","
,  
(41.888165132, -87.622937212)"
"29304","JK383883","2026-08-23T06:05:00.000","061XX S CAMPBELL AVE","0110","HOMICIDE","FIRST DEGREE MURDER","STREET","false","false","0825","008","16","66","01A","1160757","1863873","2026","2026-08-31T15:53:00.000","41.782157342","-87.686167649","
,  
(41.782157342, -87.686167649)"
"14302299","JK383888","2026-08-23T06:01:00.000","021XX W 63RD ST","0485","BATTERY","AGGRAVATED OF A CHILD","APARTMENT","false","true","0726","007","16","67","04B","1163370","1862844","2026","2026-08-31T15:53:00.000","41.779279263","-87.676616458","
,  
(41.779279263, -87.676616458)"
"14302508","JK384164","2026-08-23T06:00:00.000","069XX S STATE ST","0460","BATTERY","SIMPLE","GAS STATION","false","false","0322","003","6","69","08B","1177495","1859111","2026","2026-08-31T15:53:00.000","41.768727829","-87.624945647","
,  
(41.768727829, -87.624945647)"
"14302589","JK384283","2026-08-23T06:00:00.000","075XX S LAFAYETTE AVE","0820","THEFT","$500 AND UNDER","STREET","false","false","0623","006","6","69","06","1177142","1855093","2026","2026-08-31T15:53:00.000","41.757709956","-87.626360608","
,  
(41.757709956, -87.626360608)"
"14302800","JK384570","2026-08-23T06:00:00.000","111XX S ALBANY AVE","1320","CRIMINAL DAMAGE","TO VEHICLE","RESIDENCE - GARAGE","false","false","2211","022","19","74","14","1157681","1830432","2026","2026-08-31T15:53:00.000","41.690452675","-87.698349754","
,  
(41.690452675, -87.698349754)"
"14302302","JK383902","2026-08-23T06:00:00.000","050XX S FAIRFIELD AVE","0486","BATTERY","DOMESTIC BATTERY SIMPLE","APARTMENT","false","true","0923","009","15","63","08B","1158891","1871153","2026","2026-08-31T15:53:00.000","41.802172989","-87.692810094","
,  
(41.802172989, -87.692810094)"
"14302404","JK383899","2026-08-23T05:54:00.000","007XX E 31ST DR","0460","BATTERY","SIMPLE","STREET","false","false","0211","002","4","35","08B","1181979","1884604","2026","2026-08-31T15:53:00.000","41.838580199","-87.60772081","
,  
(41.838580199, -87.60772081)"
"14302243","JK383884","2026-08-23T05:50:00.000","074XX W BELMONT AVE","1320","CRIMINAL DAMAGE","TO VEHICLE","STREET","false","false","2511","025","29","17","14","1125743","1920416","2026","2026-08-31T15:53:00.000","41.937971945","-87.81328563","
,  
(41.937971945, -87.81328563)"
"14302400","JK383951","2026-08-23T05:44:00.000","049XX S DREXEL BLVD","1320","CRIMINAL DAMAGE","TO VEHICLE","STREET","false","false","0223","002","4","39","14","1183017","1872544","2026","2026-08-31T15:53:00.000","41.805462577","-87.604287425","
,  
(41.805462577, -87.604287425)"
"14302429","JK383894","2026-08-23T05:30:00.000","061XX S CAMPBELL AVE","041A","BATTERY","AGGRAVATED - HANDGUN","RESIDENCE","false","false","0825","008","16","66","04B","1160757","1863853","2026","2026-08-31T15:53:00.000","41.782102459","-87.686168201","
,  
(41.782102459, -87.686168201)"
"14307837","JK390982","2026-08-23T05:30:00.000","016XX N WASHTENAW AVE","0650","BURGLARY","HOME INVASION","RESIDENCE","false","false","1421","014","26","24","05","1158116","1910880","2026","2026-08-31T15:53:00.000","41.911203919","-87.694568465","
,  
(41.911203919, -87.694568465)"
"14302296","JK383891","2026-08-23T05:30:00.000","018XX N SPAULDING AVE","0486","BATTERY","DOMESTIC BATTERY SIMPLE","APARTMENT","true","true","1422","014","26","22","08B","1153849","1912128","2026","2026-08-31T15:53:00.000","41.91471467","-87.710210746","
,  
(41.91471467, -87.710210746)"
"14302373","JK383873","2026-08-23T05:15:00.000","082XX S EMERALD AVE","041A","BATTERY","AGGRAVATED - HANDGUN","RESIDENCE","false","false","0622","006","6","71","04B","1172738","1850236","2026","2026-08-31T15:53:00.000","41.744479908","-87.642643556","
,  
(41.744479908, -87.642643556)"
"14303731","JK385505","2026-08-23T05:00:00.000","033XX S DR MARTIN LUTHER KING JR DR","2825","OTHER OFFENSE","HARASSMENT BY TELEPHONE","RESTAURANT","false","false","0211","002","4","35","26","1179465","1882665","2026","2026-08-31T15:53:00.000","41.833317352","-87.617005153","
,  
(41.833317352, -87.617005153)"
"14302289","JK383889","2026-08-23T05:00:00.000","101XX S WINSTON AVE","0460","BATTERY","SIMPLE","VEHICLE - OTHER RIDE SHARE SERVICE (LYFT, UBER, ETC.)","false","false","2213","022","21","73","08B","1169258","1837636","2026","2026-08-31T15:53:00.000","41.709979603","-87.655758109","
,  
(41.709979603, -87.655758109)"
"14302556","JK384131","2026-08-23T05:00:00.000","047XX N WINTHROP AVE","0710","THEFT","THEFT FROM MOTOR VEHICLE","PARKING LOT / GARAGE (NON RESIDENTIAL)","false","false","1914","019","46","3","06","1168012","1931591","2026","2026-08-31T15:53:00.000","41.967827873","-87.657614266","
,  
(41.967827873, -87.657614266)"
"14302947","JK384563","2026-08-23T05:00:00.000","022XX E 70TH ST","1320","CRIMINAL DAMAGE","TO VEHICLE","SIDEWALK","false","false","0331","003","5","43","14","1192200","1858983","2026","2026-08-31T15:53:00.000","41.768031597","-87.571049401","
,  
(41.768031597, -87.571049401)"
"14302954","JK384287","2026-08-23T05:00:00.000","053XX S MORGAN ST","1310","CRIMINAL DAMAGE","TO PROPERTY","RESIDENCE","false","false","0934","009","16","61","14","1170553","1869431","2026","2026-08-31T15:53:00.000","41.797201194","-87.65009092","
,  
(41.797201194, -87.65009092)"
"14302293","JK383915","2026-08-23T05:00:00.000","028XX W 83RD PL","1310","CRIMINAL DAMAGE","TO PROPERTY","RESIDENCE","false","false","0835","008","18","70","14","1158847","1849144","2026","2026-08-31T15:53:00.000","41.741777977","-87.693571888","
,  
(41.741777977, -87.693571888)"
"14302288","JK383866","2026-08-23T04:54:00.000","054XX N LINCOLN AVE","0470","PUBLIC PEACE VIOLATION","RECKLESS CONDUCT","STREET","false","false","2011","020","40","4","24","1158411","1936219","2026","2026-08-31T15:53:00.000","41.980729687","-87.692789084","
,  
(41.980729687, -87.692789084)"
"14305601","JK388030","2026-08-23T04:50:00.000","039XX W 63RD ST","1310","CRIMINAL DAMAGE","TO PROPERTY","STREET","false","false","0823","008","23","65","14","1151131","1862534","2026","2026-08-31T15:53:00.000","41.778676304","-87.721494463","
,  
(41.778676304, -87.721494463)"
"14302224","JK383857","2026-08-23T04:45:00.000","024XX W 47TH ST","1310","CRIMINAL DAMAGE","TO PROPERTY","COMMERCIAL / BUSINESS OFFICE","false","false","0922","009","15","58","14","1160992","1873448","2026","2026-08-31T15:53:00.000","41.808427535","-87.685041334","
,  
(41.808427535, -87.685041334)"
"14302262","JK383871","2026-08-23T04:45:00.000","028XX W WASHINGTON BLVD","0486","BATTERY","DOMESTIC BATTERY SIMPLE","STREET","false","true","1222","012","27","27","08B","1157627","1900560","2026","2026-08-31T15:53:00.000","41.882894911","-87.696646239","
,  
(41.882894911, -87.696646239)"
"14302297","JK383868","2026-08-23T04:43:00.000","056XX W LAKE ST","143A","WEAPONS VIOLATION","UNLAWFUL POSSESSION - HANDGUN","LIBRARY","true","false","1512","015","29","25","15","1138819","1902193","2026","2026-08-31T15:53:00.000","41.887738208","-87.765671149","
,  
(41.887738208, -87.765671149)"
"29303","JK383819","2026-08-23T04:38:00.000","131XX S LANGLEY AVE","0110","HOMICIDE","FIRST DEGREE MURDER","YARD","false","false","0533","005","10","54","01A","1183246","1818245","2026","2026-08-31T15:53:00.000","41.656454559","-87.605132385","
,  
(41.656454559, -87.605132385)"
"14302616","JK384351","2026-08-23T04:30:00.000","085XX S EUCLID AVE","1320","CRIMINAL DAMAGE","TO VEHICLE","RESIDENCE","false","false","0412","004","8","45","14","1190673","1848640","2026","2026-08-31T15:53:00.000","41.73968651","-87.576979757","
,  
(41.73968651, -87.576979757)"
"14302423","JK383949","2026-08-23T04:30:00.000","064XX S ASHLAND AVE","0420","BATTERY","AGGRAVATED - KNIFE / CUTTING INSTRUMENT","ALLEY","false","false","0725","007","15","67","04B","1166774","1862112","2026","2026-08-31T15:53:00.000","41.777198547","-87.664157893","
,  
(41.777198547, -87.664157893)"
"14302287","JK383848","2026-08-23T04:24:00.000","009XX N HAMLIN AVE","051A","ASSAULT","AGGRAVATED - HANDGUN","STREET","false","false","1112","011","27","23","04A","1150878","1906094","2026","2026-08-31T15:53:00.000","41.898215508","-87.721284045","
,  
(41.898215508, -87.721284045)"
"14302257","JK383877","2026-08-23T04:19:00.000","011XX N RIDGEWAY AVE","2860","PUBLIC PEACE VIOLATION","FALSE POLICE REPORT","STREET","true","false","1112","011","27","23","24","1151167","1907431","2026","2026-08-31T15:53:00.000","41.901878705","-87.720187467","
,  
(41.901878705, -87.720187467)"
"14302274","JK383846","2026-08-23T04:15:00.000","057XX S HONORE ST","0520","ASSAULT","AGGRAVATED - KNIFE / CUTTING INSTRUMENT","RESIDENCE - YARD (FRONT / BACK)","false","false","0715","007","15","67","04A","1165002","1866516","2026","2026-08-31T15:53:00.000","41.789321343","-87.670529585","
,  
(41.789321343, -87.670529585)"
"14302226","JK383839","2026-08-23T04:10:00.000","043XX S TALMAN AVE","0486","BATTERY","DOMESTIC BATTERY SIMPLE","APARTMENT","true","true","0922","009","12","58","08B","1159423","1875785","2026","2026-08-31T15:53:00.000","41.814872891","-87.690732002","
,  
(41.814872891, -87.690732002)"
"14303171","JK383841","2026-08-23T04:10:00.000","034XX N SEMINARY AVE","0486","BATTERY","DOMESTIC BATTERY SIMPLE","STREET","false","true","1924","019","44","6","08B","1168332","1923188","2026","2026-08-31T15:53:00.000","41.944762795","-87.656681621","
,  
(41.944762795, -87.656681621)"
"14302304","JK383854","2026-08-23T04:09:00.000","019XX W 17TH ST","1320","CRIMINAL DAMAGE","TO VEHICLE","STREET","false","false","1234","012","25","31","14","1163723","1891751","2026","2026-08-31T15:53:00.000","41.85859595","-87.674509755","
,  
(41.85859595, -87.674509755)"
"14303252","JK384219","2026-08-23T04:00:00.000","056XX W ROOSEVELT RD","1562","SEX OFFENSE","AGGRAVATED CRIMINAL SEXUAL ABUSE","SMALL RETAIL STORE","false","false","1513","015","29","25","17","1138750","1894115","2026","2026-08-31T15:53:00.000","41.865572356","-87.766120589","
,  
(41.865572356, -87.766120589)"
"14302356","JK383930","2026-08-23T04:00:00.000","063XX W GRAND AVE","0610","BURGLARY","FORCIBLE ENTRY","SMALL RETAIL STORE","false","false","2512","025","36","19","05","1133858","1914673","2026","2026-08-31T15:53:00.000","41.92207353","-87.783596131","
,  
(41.92207353, -87.783596131)"
"14302420","JK384101","2026-08-23T04:00:00.000","023XX N KEELER AVE","2820","OTHER OFFENSE","TELEPHONE THREAT","RESIDENCE - GARAGE","false","true","2522","025","31","20","08A","1147996","1915222","2026","2026-08-31T15:53:00.000","41.923319579","-87.731634297","
,  
(41.923319579, -87.731634297)"
"14303618","JK385572","2026-08-23T04:00:00.000","073XX S PEORIA ST","0710","THEFT","THEFT FROM MOTOR VEHICLE","VEHICLE NON-COMMERCIAL","false","false","0733","007","17","68","06","1171576","1856184","2026","2026-08-31T15:53:00.000","41.760827506","-87.646727332","
,  
(41.760827506, -87.646727332)"
"14302640","JK384357","2026-08-23T04:00:00.000","001XX E 113TH ST","0820","THEFT","$500 AND UNDER","STREET","false","false","0531","005","9","49","06","1179397","1830076","2026","2026-08-31T15:53:00.000","41.689008982","-87.618857313","
,  
(41.689008982, -87.618857313)"
"14302377","JK384071","2026-08-23T04:00:00.000","030XX N LINDER AVE","0560","ASSAULT","SIMPLE","RESIDENCE","false","false","2514","025","31","19","08A","1139173","1919692","2026","2026-08-31T15:53:00.000","41.935751043","-87.763944522","
,  
(41.935751043, -87.763944522)"
"14306730","JK389598","2026-08-23T04:00:00.000","006XX N LAWNDALE AVE","0820","THEFT","$500 AND UNDER","RESIDENCE","false","false","1122","011","27","23","06","1151605","1904045","2026","2026-08-31T15:53:00.000","41.892578583","-87.71866773","
,  
(41.892578583, -87.71866773)"
"14302486","JK384162","2026-08-23T04:00:00.000","019XX W MARQUETTE RD","1310","CRIMINAL DAMAGE","TO PROPERTY","RESIDENCE","false","false","0726","007","16","67","14","1164759","1860239","2026","2026-08-31T15:53:00.000","41.772101576","-87.671597709","
,  
(41.772101576, -87.671597709)"
"14302241","JK383847","2026-08-23T03:50:00.000","011XX N RIDGEWAY AVE","0554","ASSAULT","AGGRAVATED POLICE OFFICER - HANDS, FISTS, FEET, NO INJURY","STREET","true","false","1112","011","27","23","08A","1151159","1907695","2026","2026-08-31T15:53:00.000","41.902603304","-87.720209921","
,  
(41.902603304, -87.720209921)"
"14302263","JK383886","2026-08-23T03:39:00.000","131XX S LANGLEY AVE","1310","CRIMINAL DAMAGE","TO PROPERTY","CHA APARTMENT","false","false","0533","005","10","54","14","1183246","1818313","2026","2026-08-31T15:53:00.000","41.656641161","-87.605130282","
,  
(41.656641161, -87.605130282)"
"14302594","JK384277","2026-08-23T03:36:00.000","045XX S KILPATRICK AVE","0620","BURGLARY","UNLAWFUL ENTRY","RESIDENCE","false","false","0815","008","22","56","05","1145788","1874085","2026","2026-08-31T15:53:00.000","41.810476744","-87.740790688","
,  
(41.810476744, -87.740790688)"
"14302866","JK383860","2026-08-23T03:34:00.000","010XX W ADDISON ST","1310","CRIMINAL DAMAGE","TO PROPERTY","PARKING LOT / GARAGE (NON RESIDENTIAL)","false","false","1924","019","44","6","14","1168679","1924089","2026","2026-08-31T15:53:00.000","41.947227653","-87.655380005","
,  
(41.947227653, -87.655380005)"
"14302868","JK383817","2026-08-23T03:33:00.000","024XX N LINCOLN AVE","1310","CRIMINAL DAMAGE","TO PROPERTY","APARTMENT","false","false","1932","019","43","7","14","1170299","1916395","2026","2026-08-31T15:53:00.000","41.926079671","-87.6496509","
,  
(41.926079671, -87.6496509)"
"14302203","JK383835","2026-08-23T03:32:00.000","036XX W 86TH ST","1320","CRIMINAL DAMAGE","TO VEHICLE","STREET","false","false","0834","008","18","70","14","1153557","1847302","2026","2026-08-31T15:53:00.000","41.736829499","-87.713003138","
,  
(41.736829499, -87.713003138)"
"14302276","JK383885","2026-08-23T03:30:00.000","064XX S MAY ST","1320","CRIMINAL DAMAGE","TO VEHICLE","STREET","false","false","0724","007","16","68","14","1169759","1862050","2026","2026-08-31T15:53:00.000","41.77696415","-87.653216724","
,  
(41.77696415, -87.653216724)"
"14302313","JK383856","2026-08-23T03:30:00.000","077XX S CICERO AVE","0460","BATTERY","SIMPLE","HOTEL / MOTEL","false","false","0834","008","18","70","08B","1145740","1853048","2026","2026-08-31T15:53:00.000","41.752748627","-87.741497836","
,  
(41.752748627, -87.741497836)"
"14302282","JK383809","2026-08-23T03:30:00.000","079XX S EMERALD AVE","0486","BATTERY","DOMESTIC BATTERY SIMPLE","APARTMENT","false","true","0621","006","6","71","08B","1172682","1852139","2026","2026-08-31T15:53:00.000","41.749703221","-87.642792788","
,  
(41.749703221, -87.642792788)"
"14302234","JK383816","2026-08-23T03:30:00.000","062XX S JUSTINE ST","0820","THEFT","$500 AND UNDER","STREET","false","false","0713","007","16","67","06","1167071","1863359","2026","2026-08-31T15:53:00.000","41.780614126","-87.66303346","
,  
(41.780614126, -87.66303346)"
"14302254","JK383821","2026-08-23T03:30:00.000","066XX S WOLCOTT AVE","041A","BATTERY","AGGRAVATED - HANDGUN","STREET","false","false","0726","007","16","67","04B","1164828","1860650","2026","2026-08-31T15:53:00.000","41.773227958","-87.671333178","
,  
(41.773227958, -87.671333178)"
"14304442","JK383812","2026-08-23T03:30:00.000","065XX S DR MARTIN LUTHER KING JR DR","0460","BATTERY","SIMPLE","STREET","false","false","0312","003","20","69","08B","1180043","1861837","2026","2026-08-31T15:53:00.000","41.776150283","-87.615522623","
,  
(41.776150283, -87.615522623)"
"14302761","JK384527","2026-08-23T03:30:00.000","025XX W 71ST ST","0930","MOTOR VEHICLE THEFT","THEFT / RECOVERY - AUTOMOBILE","VACANT LOT / LAND","false","false","0832","008","17","66","07","1160737","1857491","2026","2026-08-31T15:53:00.000","41.764644643","-87.686416979","
,  
(41.764644643, -87.686416979)"
"14302312","JK383855","2026-08-23T03:30:00.000","077XX S CICERO AVE","0810","THEFT","OVER $500","HOTEL / MOTEL","false","true","0834","008","18","70","06","1145740","1853048","2026","2026-08-31T15:53:00.000","41.752748627","-87.741497836","
,  
(41.752748627, -87.741497836)"
"14302210","JK383818","2026-08-23T03:25:00.000","045XX S HERMITAGE AVE","0560","ASSAULT","SIMPLE","RESIDENCE","false","true","0924","009","15","61","08A","1165438","1874653","2026","2026-08-31T15:53:00.000","41.811641005","-87.668700212","
,  
(41.811641005, -87.668700212)"
"14302320","JK383933","2026-08-23T03:23:00.000","065XX S NORMAL BLVD","1310","CRIMINAL DAMAGE","TO PROPERTY","SIDEWALK","false","false","0722","007","6","68","14","1174225","1861334","2026","2026-08-31T15:53:00.000","41.774901276","-87.6368658","
,  
(41.774901276, -87.6368658)"
"14302367","JK383940","2026-08-23T03:20:00.000","072XX S SPAULDING AVE","2825","OTHER OFFENSE","HARASSMENT BY TELEPHONE","RESIDENCE","false","false","0831","008","17","66","26","1155627","1856323","2026","2026-08-31T15:53:00.000","41.761543403","-87.70517794","
,  
(41.761543403, -87.70517794)"
"14302204","JK383837","2026-08-23T03:20:00.000","056XX S DR MARTIN LUTHER KING JR DR","1310","CRIMINAL DAMAGE","TO PROPERTY","APARTMENT","false","false","0231","002","20","40","14","1179885","1867762","2026","2026-08-31T15:53:00.000","41.792412671","-87.615920606","
,  
(41.792412671, -87.615920606)"
"14302587","JK384240","2026-08-23T03:20:00.000","056XX S DR MARTIN LUTHER KING JR DR","041A","BATTERY","AGGRAVATED - HANDGUN","RESIDENCE - PORCH / HALLWAY","false","false","0231","002","20","40","04B","1179885","1867762","2026","2026-08-31T15:53:00.000","41.792412671","-87.615920606","
,  
(41.792412671, -87.615920606)"
"14302246","JK383813","2026-08-23T03:20:00.000","014XX N SPAULDING AVE","1477","WEAPONS VIOLATION","RECKLESS FIREARM DISCHARGE","STREET","true","false","1422","014","26","23","15","1154092","1909533","2026","2026-08-31T15:53:00.000","41.907588914","-87.709387346","
,  
(41.907588914, -87.709387346)"
"14302255","JK383880","2026-08-23T03:15:00.000","011XX W GRANVILLE AVE","0870","THEFT","POCKET-PICKING","CTA TRAIN","false","false","2433","024","48","77","06","1167543","1941332","2026","2026-08-31T15:53:00.000","41.994567578","-87.65905678","
,  
(41.994567578, -87.65905678)"
"14303821","JK385617","2026-08-23T03:11:00.000","001XX S LA SALLE ST","1310","CRIMINAL DAMAGE","TO PROPERTY","BANK","false","false","0122","001","42","32","14","1175153","1899716","2026","2026-08-31T15:53:00.000","41.880204094","-87.632315793","
,  
(41.880204094, -87.632315793)"
"14302259","JK383801","2026-08-23T03:10:00.000","113XX S EDBROOKE AVE","0486","BATTERY","DOMESTIC BATTERY SIMPLE","RESIDENCE","false","true","0531","005","9","49","08B","1179224","1829759","2026","2026-08-31T15:53:00.000","41.688143024","-87.619500273","
,  
(41.688143024, -87.619500273)"
"14302500","JK384209","2026-08-23T03:00:00.000","022XX N CAMPBELL AVE","0917","MOTOR VEHICLE THEFT","CYCLE, SCOOTER, BIKE WITH VIN","STREET","false","false","1431","014","1","22","07","1159518","1914842","2026","2026-08-31T15:53:00.000","41.922047176","-87.689308682","
,  
(41.922047176, -87.689308682)"
"14302840","JK384608","2026-08-23T03:00:00.000","028XX W 25TH ST","1320","CRIMINAL DAMAGE","TO VEHICLE","STREET","false","true","1033","010","24","30","14","1157918","1887278","2026","2026-08-31T15:53:00.000","41.846441806","-87.695939785","
,  
(41.846441806, -87.695939785)"
"14303896","JK385910","2026-08-23T03:00:00.000","007XX N DEARBORN ST","0810","THEFT","OVER $500","SIDEWALK","false","false","1832","018","42","8","06","1175810","1905173","2026","2026-08-31T15:53:00.000","41.89516365","-87.629739095","
,  
(41.89516365, -87.629739095)"
"14302321","JK383935","2026-08-23T03:00:00.000","045XX N MELVINA AVE","1320","CRIMINAL DAMAGE","TO VEHICLE","STREET","false","false","1622","016","38","15","14","1134192","1929758","2026","2026-08-31T15:53:00.000","41.963462526","-87.782012405","
,  
(41.963462526, -87.782012405)"
"14302539","JK384225","2026-08-23T03:00:00.000","016XX S UNION AVE","0760","BURGLARY","BURGLARY FROM MOTOR VEHICLE","STREET","false","false","1235","012","25","31","06","1171796","1892130","2026","2026-08-31T15:53:00.000","41.859462145","-87.644865617","
,  
(41.859462145, -87.644865617)"
"14306710","JK389620","2026-08-23T03:00:00.000","100XX S DAMEN AVE","0820","THEFT","$500 AND UNDER","DRIVEWAY - RESIDENTIAL","false","false","2213","022","19","72","06","1164797","1838002","2026","2026-08-31T15:53:00.000","41.711079134","-87.672084768","
,  
(41.711079134, -87.672084768)"
"14302714","JK384489","2026-08-23T03:00:00.000","037XX N BROADWAY","0810","THEFT","OVER $500","BAR OR TAVERN","false","false","1925","019","46","6","06","1170406","1925185","2026","2026-08-31T15:53:00.000","41.950197458","-87.648999894","
,  
(41.950197458, -87.648999894)"
"14302390","JK383805","2026-08-23T03:00:00.000","065XX S DR MARTIN LUTHER KING JR DR","143A","WEAPONS VIOLATION","UNLAWFUL POSSESSION - HANDGUN","STREET","true","false","0312","003","20","69","15","1180043","1861837","2026","2026-08-31T15:53:00.000","41.776150283","-87.615522623","
,  
(41.776150283, -87.615522623)"
"14303743","JK385647","2026-08-23T03:00:00.000","035XX N CLARK ST","0910","MOTOR VEHICLE THEFT","AUTOMOBILE","STREET","false","false","1924","019","44","6","07","1168583","1923729","2026","2026-08-31T15:53:00.000","41.946241881","-87.655743334","
,  
(41.946241881, -87.655743334)"
"14302306","JK383851","2026-08-23T03:00:00.000","014XX N WESTERN AVE","0497","BATTERY","AGGRAVATED DOMESTIC BATTERY - OTHER DANGEROUS WEAPON","APARTMENT","false","true","1423","014","1","24","04B","1160147","1909537","2026","2026-08-31T15:53:00.000","41.907476876","-87.687144415","
,  
(41.907476876, -87.687144415)"
"14302716","JK384419","2026-08-23T03:00:00.000","066XX S WOLCOTT AVE","1320","CRIMINAL DAMAGE","TO VEHICLE","RESIDENCE","false","false","0726","007","16","67","14","1164829","1860629","2026","2026-08-31T15:53:00.000","41.77317031","-87.671330105","
,  
(41.77317031, -87.671330105)"
"14302225","JK383793","2026-08-23T03:00:00.000","025XX S WASHTENAW AVE","1310","CRIMINAL DAMAGE","TO PROPERTY","RESIDENCE","false","true","1034","010","24","30","14","1158775","1886854","2026","2026-08-31T15:53:00.000","41.845260806","-87.692806232","
,  
(41.845260806, -87.692806232)"
"14303361","JK385214","2026-08-23T03:00:00.000","0000X W HUBBARD ST","0890","THEFT","FROM BUILDING","BAR OR TAVERN","false","false","1831","018","42","8","06","1176050","1903312","2026","2026-08-31T15:53:00.000","41.890051565","-87.62891376","
,  
(41.890051565, -87.62891376)"
"14302415","JK384094","2026-08-23T02:52:00.000","022XX N ROCKWELL ST","0620","BURGLARY","UNLAWFUL ENTRY","RESIDENCE - GARAGE","false","false","1431","014","1","22","05","1158570","1915065","2026","2026-08-31T15:53:00.000","41.922678588","-87.692785789","
,  
(41.922678588, -87.692785789)"
"14302200","JK383784","2026-08-23T02:51:00.000","025XX S ROCKWELL ST","143A","WEAPONS VIOLATION","UNLAWFUL POSSESSION - HANDGUN","STREET","true","false","1034","010","25","30","15","1159436","1887098","2026","2026-08-31T15:53:00.000","41.845916815","-87.690373729","
,  
(41.845916815, -87.690373729)"
"14302217","JK383792","2026-08-23T02:50:00.000","026XX W PETERSON AVE","0460","BATTERY","SIMPLE","STREET","false","false","2011","020","40","2","08B","1157469","1939758","2026","2026-08-31T15:53:00.000","41.990460141","-87.696156617","
,  
(41.990460141, -87.696156617)"
"14302223","JK383802","2026-08-23T02:50:00.000","022XX N ORCHARD ST","0870","THEFT","POCKET-PICKING","STREET","false","false","1812","018","43","7","06","1171238","1915135","2026","2026-08-31T15:53:00.000","41.922601576","-87.646237653","
,  
(41.922601576, -87.646237653)"
"14302376","JK383954","2026-08-23T02:50:00.000","032XX N CENTRAL AVE","1310","CRIMINAL DAMAGE","TO PROPERTY","SMALL RETAIL STORE","false","false","1633","016","30","15","14","1138466","1920864","2026","2026-08-31T15:53:00.000","41.938979988","-87.766514359","
,  
(41.938979988, -87.766514359)"
"14302206","JK383804","2026-08-23T02:40:00.000","020XX S WENTWORTH AVE","0810","THEFT","OVER $500","OTHER (SPECIFY)","false","false","0914","009","11","34","06","1175356","1890576","2026","2026-08-31T15:53:00.000","41.855118781","-87.631844657","
,  
(41.855118781, -87.631844657)"
"14302239","JK383772","2026-08-23T02:40:00.000","041XX S RACINE AVE","041A","BATTERY","AGGRAVATED - HANDGUN","PARKING LOT / GARAGE (NON RESIDENTIAL)","false","false","0924","009","11","61","04B","1168972","1877487","2026","2026-08-31T15:53:00.000","41.819342065","-87.655655695","
,  
(41.819342065, -87.655655695)"
"14303144","JK383787","2026-08-23T02:40:00.000","066XX S MINERVA AVE","0498","BATTERY","AGG. DOMESTIC BATTERY - HANDS, FISTS, FEET, SERIOUS INJURY","APARTMENT","false","true","0321","003","20","42","04B","1185027","1861115","2026","2026-08-31T15:53:00.000","41.77405344","-87.597274514","
,  
(41.77405344, -87.597274514)"
"14302227","JK383823","2026-08-23T02:35:00.000","0000X N ABERDEEN ST","0470","PUBLIC PEACE VIOLATION","RECKLESS CONDUCT","STREET","false","false","1224","012","34","28","24","1169140","1900412","2026","2026-08-31T15:53:00.000","41.882246622","-87.654374474","
,  
(41.882246622, -87.654374474)"
"14302723","JK384464","2026-08-23T02:30:00.000","012XX S MICHIGAN AVE","0760","BURGLARY","BURGLARY FROM MOTOR VEHICLE","STREET","false","false","0132","001","34","33","06","1177422","1894769","2026","2026-08-31T15:53:00.000","41.866578077","-87.624134464","
,  
(41.866578077, -87.624134464)"
"14304895","JK387277","2026-08-23T02:30:00.000","033XX N CLARK ST","0430","BATTERY","AGGRAVATED - OTHER DANGEROUS WEAPON","SIDEWALK","false","false","1924","019","44","6","04B","1169305","1922546","2026","2026-08-31T15:53:00.000","41.942979988","-87.65312402","
,  
(41.942979988, -87.65312402)"
"14302967","JK384794","2026-08-23T02:30:00.000","034XX N HALSTED ST","0810","THEFT","OVER $500","BAR OR TAVERN","false","false","1925","019","44","6","06","1170308","1923281","2026","2026-08-31T15:53:00.000","41.944974957","-87.649415977","
,  
(41.944974957, -87.649415977)"
"14302202","JK383825","2026-08-23T02:30:00.000","047XX S INDIANA AVE","0486","BATTERY","DOMESTIC BATTERY SIMPLE","APARTMENT","false","true","0224","002","3","38","08B","1178398","1873647","2026","2026-08-31T15:53:00.000","41.808595572","-87.62119439","
,  
(41.808595572, -87.62119439)"
"14302183","JK383795","2026-08-23T02:25:00.000","009XX W CULLERTON ST","0486","BATTERY","DOMESTIC BATTERY SIMPLE","APARTMENT","false","true","1235","012","25","31","08B","1170281","1890596","2026","2026-08-31T15:53:00.000","41.855285926","-87.650471472","
,  
(41.855285926, -87.650471472)"
"14302774","JK384581","2026-08-23T02:20:00.000","009XX E 48TH ST","1320","CRIMINAL DAMAGE","TO VEHICLE","STREET","false","false","0222","002","4","39","14","1183521","1873387","2026","2026-08-31T15:53:00.000","41.807764088","-87.602412684","
,  
(41.807764088, -87.602412684)"
"14302165","JK383773","2026-08-23T02:17:00.000","011XX N WASHTENAW AVE","141A","WEAPONS VIOLATION","UNLAWFUL USE - HANDGUN","ALLEY","false","false","1211","012","36","24","15","1158193","1907352","2026","2026-08-31T15:53:00.000","41.901521223","-87.694382134","
,  
(41.901521223, -87.694382134)"
"14302155","JK383761","2026-08-23T02:15:00.000","032XX N CLARK ST","143A","WEAPONS VIOLATION","UNLAWFUL POSSESSION - HANDGUN","SIDEWALK","true","false","1924","019","44","6","15","1169868","1921628","2026","2026-08-31T15:53:00.000","41.94044868","-87.651081589","
,  
(41.94044868, -87.651081589)"
"14302233","JK383765","2026-08-23T02:13:00.000","034XX W GRENSHAW ST","143A","WEAPONS VIOLATION","UNLAWFUL POSSESSION - HANDGUN","STREET","true","false","1133","011","24","29","15","1153582","1894845","2026","2026-08-31T15:53:00.000","41.867293733","-87.711651717","
,  
(41.867293733, -87.711651717)"
"14302184","JK383789","2026-08-23T02:03:00.000","022XX W 19TH ST","1345","CRIMINAL DAMAGE","TO CITY OF CHICAGO PROPERTY","STREET","false","false","1234","012","25","31","14","1161735","1890703","2026","2026-08-31T15:53:00.000","41.855761762","-87.681836193","
,  
(41.855761762, -87.681836193)"
"14302231","JK383770","2026-08-23T02:03:00.000","022XX W 19TH ST","1477","WEAPONS VIOLATION","RECKLESS FIREARM DISCHARGE","STREET","false","false","1234","012","25","31","15","1161735","1890703","2026","2026-08-31T15:53:00.000","41.855761762","-87.681836193","
,  
(41.855761762, -87.681836193)"
"14302140","JK383766","2026-08-23T02:00:00.000","076XX S CICERO AVE","0470","PUBLIC PEACE VIOLATION","RECKLESS CONDUCT","PARKING LOT / GARAGE (NON RESIDENTIAL)","false","false","0833","008","18","65","24","1145727","1853720","2026","2026-08-31T15:53:00.000","41.754592961","-87.741528537","
,  
(41.754592961, -87.741528537)"
"14302819","JK384319","2026-08-23T02:00:00.000","065XX S NORMAL BLVD","051A","ASSAULT","AGGRAVATED - HANDGUN","APARTMENT","false","true","0722","007","6","68","04A","1174225","1861334","2026","2026-08-31T15:53:00.000","41.774901276","-87.6368658","
,  
(41.774901276, -87.6368658)"
"14302181","JK383820","2026-08-23T02:00:00.000","036XX W DOUGLAS BLVD","0810","THEFT","OVER $500","PARK PROPERTY","false","false","1011","010","24","29","06","1152517","1893052","2026","2026-08-31T15:53:00.000","41.862394636","-87.715608877","
,  
(41.862394636, -87.715608877)"
"14302374","JK384078","2026-08-23T02:00:00.000","015XX W HADDON AVE","1320","CRIMINAL DAMAGE","TO VEHICLE","PARKING LOT / GARAGE (NON RESIDENTIAL)","false","false","1213","012","1","24","14","1165860","1907750","2026","2026-08-31T15:53:00.000","41.90245321","-87.666209097","
,  
(41.90245321, -87.666209097)"
"14302261","JK383827","2026-08-23T02:00:00.000","018XX E 67TH ST","0520","ASSAULT","AGGRAVATED - KNIFE / CUTTING INSTRUMENT","APARTMENT","false","false","0332","003","5","43","04A","1189488","1860914","2026","2026-08-31T15:53:00.000","41.773395944","-87.580928049","
,  
(41.773395944, -87.580928049)"
"14302338","JK383984","2026-08-23T02:00:00.000","012XX W 70TH ST","0760","BURGLARY","BURGLARY FROM MOTOR VEHICLE","STREET","false","false","0734","007","17","67","06","1169352","1858366","2026","2026-08-31T15:53:00.000","41.766863618","-87.654815323","
,  
(41.766863618, -87.654815323)"
"14310284","JK394116","2026-08-23T02:00:00.000","097XX S UNIVERSITY AVE","2825","OTHER OFFENSE","HARASSMENT BY TELEPHONE","RESIDENCE","false","true","0511","005","8","50","26",,,"2026","2026-08-31T15:53:00.000",,,
"14302363","JK384064","2026-08-23T02:00:00.000","132XX S BALTIMORE AVE","1310","CRIMINAL DAMAGE","TO PROPERTY","BAR OR TAVERN","false","false","0433","004","10","55","14","1199097","1817873","2026","2026-08-31T15:53:00.000","41.65505165","-87.547145112","
,  
(41.65505165, -87.547145112)"
"14302168","JK383777","2026-08-23T02:00:00.000","043XX W MAYPOLE AVE","0810","THEFT","OVER $500","STREET","false","false","1114","011","28","26","06","1147211","1901097","2026","2026-08-31T15:53:00.000","41.884574185","-87.73488077","
,  
(41.884574185, -87.73488077)"
"14303060","JK383874","2026-08-23T02:00:00.000","030XX N WASHTENAW AVE","1310","CRIMINAL DAMAGE","TO PROPERTY","RESIDENCE - PORCH / HALLWAY","false","true","1411","014","35","21","14","1157851","1919961","2026","2026-08-31T15:53:00.000","41.936128271","-87.695293764","
,  
(41.936128271, -87.695293764)"
"14302150","JK383749","2026-08-23T01:46:00.000","111XX S DR MARTIN LUTHER KING JR DR","1310","CRIMINAL DAMAGE","TO PROPERTY","APARTMENT","false","false","0531","005","9","49","14","1180891","1831206","2026","2026-08-31T15:53:00.000","41.692075726","-87.613353288","
,  
(41.692075726, -87.613353288)"
"14302358","JK383757","2026-08-23T01:45:00.000","081XX S DREXEL AVE","0486","BATTERY","DOMESTIC BATTERY SIMPLE","APARTMENT","false","true","0631","006","8","44","08B","1183651","1851187","2026","2026-08-31T15:53:00.000","41.746842227","-87.602627744","
,  
(41.746842227, -87.602627744)"
"14302191","JK383748","2026-08-23T01:45:00.000","001XX W 119TH ST","0325","ROBBERY","VEHICULAR HIJACKING","STREET","false","false","0522","005","9","53","03","1177283","1826039","2026","2026-08-31T15:53:00.000","41.677978699","-87.626717779","
,  
(41.677978699, -87.626717779)"
"14302163","JK383750","2026-08-23T01:44:00.000","081XX S RHODES AVE","1320","CRIMINAL DAMAGE","TO VEHICLE","STREET","false","false","0631","006","6","44","14","1181319","1851189","2026","2026-08-31T15:53:00.000","41.74690174","-87.611172646","
,  
(41.74690174, -87.611172646)"
"14302156","JK383739","2026-08-23T01:36:00.000","020XX W ADAMS ST","0560","ASSAULT","SIMPLE","STREET","false","true","1225","012","27","28","08A","1162984","1899088","2026","2026-08-31T15:53:00.000","41.878744874","-87.677016454","
,  
(41.878744874, -87.677016454)"
"14302256","JK383758","2026-08-23T01:30:00.000","004XX N RUSH ST","031A","ROBBERY","ARMED - HANDGUN","STREET","false","false","1834","018","42","8","03","1177036","1903295","2026","2026-08-31T15:53:00.000","41.889982647","-87.625293281","
,  
(41.889982647, -87.625293281)"
"14302364","JK383999","2026-08-23T01:30:00.000","040XX S CALUMET AVE","0710","THEFT","THEFT FROM MOTOR VEHICLE","STREET","false","false","0213","002","3","38","06","1179098","1878294","2026","2026-08-31T15:53:00.000","41.821331381","-87.618485182","
,  
(41.821331381, -87.618485182)"
"14302541","JK383751","2026-08-23T01:27:00.000","031XX W MADISON ST","0498","BATTERY","AGG. DOMESTIC BATTERY - HANDS, FISTS, FEET, SERIOUS INJURY","APARTMENT","false","true","1124","011","28","27","04B","1155497","1899851","2026","2026-08-31T15:53:00.000","41.880992442","-87.704486793","
,  
(41.880992442, -87.704486793)"
"14302273","JK383742","2026-08-23T01:27:00.000","024XX S WABASH AVE","1320","CRIMINAL DAMAGE","TO VEHICLE","STREET","false","false","0131","001","3","33","14","1177128","1888316","2026","2026-08-31T15:53:00.000","41.848877275","-87.625409078","
,  
(41.848877275, -87.625409078)"
"14302148","JK383734","2026-08-23T01:26:00.000","010XX E 132ND ST","0498","BATTERY","AGG. DOMESTIC BATTERY - HANDS, FISTS, FEET, SERIOUS INJURY","STREET","false","true","0533","005","10","54","04B","1185722","1818032","2026","2026-08-31T15:53:00.000","41.655812299","-87.596079156","
,  
(41.655812299, -87.596079156)"
"14302171","JK383744","2026-08-23T01:26:00.000","019XX S HOMAN AVE","031A","ROBBERY","ARMED - HANDGUN","APARTMENT","false","false","1024","010","24","29","03","1154008","1890237","2026","2026-08-31T15:53:00.000","41.854640387","-87.710210578","
,  
(41.854640387, -87.710210578)"
"14302130","JK383745","2026-08-23T01:15:00.000","022XX W JACKSON BLVD","0470","PUBLIC PEACE VIOLATION","RECKLESS CONDUCT","STREET","true","false","1225","012","27","28","24","1161621","1898660","2026","2026-08-31T15:53:00.000","41.877598896","-87.682033045","
,  
(41.877598896, -87.682033045)"
"14302147","JK383733","2026-08-23T01:11:00.000","058XX W MONTROSE AVE","0460","BATTERY","SIMPLE","ALLEY","false","false","1622","016","38","15","08B","1136804","1928664","2026","2026-08-31T15:53:00.000","41.960413966","-87.772435127","
,  
(41.960413966, -87.772435127)"
"14302742","JK384472","2026-08-23T01:10:00.000","041XX N MONTICELLO AVE","0810","THEFT","OVER $500","STREET","false","false","1723","017","33","16","06","1151314","1927364","2026","2026-08-31T15:53:00.000","41.956573655","-87.719123023","
,  
(41.956573655, -87.719123023)"
"14302451","JK384001","2026-08-23T01:00:00.000","0000X W 103RD ST","1750","OFFENSE INVOLVING CHILDREN","CHILD ABUSE","APARTMENT","false","true","0512","005","9","49","08B","1177871","1836676","2026","2026-08-31T15:53:00.000","41.707154919","-87.624244993","
,  
(41.707154919, -87.624244993)"
"14303179","JK383829","2026-08-23T01:00:00.000","040XX W MADISON ST","0820","THEFT","$500 AND UNDER","DEPARTMENT STORE","false","false","1115","011","28","26","06","1149481","1899707","2026","2026-08-31T15:53:00.000","41.880716129","-87.726581034","
,  
(41.880716129, -87.726581034)"
"14302128","JK383710","2026-08-23T01:00:00.000","0000X E 111TH ST","0545","ASSAULT","PROTECTED EMPLOYEE - HANDS, FISTS, FEET, NO / MINOR INJURY","CTA BUS","false","false","0513","005","9","49","08A","1178716","1831381","2026","2026-08-31T15:53:00.000","41.692605563","-87.621310927","
,  
(41.692605563, -87.621310927)"
"14302283","JK383878","2026-08-23T01:00:00.000","043XX W 15TH ST","0486","BATTERY","DOMESTIC BATTERY SIMPLE","SIDEWALK","false","true","1011","010","24","29","08B","1147751","1892356","2026","2026-08-31T15:53:00.000","41.860577494","-87.733122246","
,  
(41.860577494, -87.733122246)"
"14302236","JK383845","2026-08-23T01:00:00.000","015XX W 16TH ST","0910","MOTOR VEHICLE THEFT","AUTOMOBILE","STREET","false","false","1233","012","25","31","07","1166280","1892146","2026","2026-08-31T15:53:00.000","41.85962564","-87.665112646","
,  
(41.85962564, -87.665112646)"
"14302431","JK384139","2026-08-23T01:00:00.000","016XX N MARSHFIELD AVE","0925","MOTOR VEHICLE THEFT","ATTEMPT - TRUCK, BUS, MOTOR HOME","STREET","false","false","1433","014","32","24","07","1165092","1911026","2026","2026-08-31T15:53:00.000","41.911459132","-87.668936873","
,  
(41.911459132, -87.668936873)"
"14303523","JK385293","2026-08-23T01:00:00.000","048XX W RICE ST","0281","CRIMINAL SEXUAL ASSAULT","NON-AGGRAVATED","APARTMENT","false","true","1531","015","37","25","02","1143939","1905217","2026","2026-08-31T15:53:00.000","41.895941933","-87.746792722","
,  
(41.895941933, -87.746792722)"
"14302141","JK383724","2026-08-23T01:00:00.000","082XX S ELLIS AVE","1310","CRIMINAL DAMAGE","TO PROPERTY","APARTMENT","false","true","0631","006","8","44","14","1184328","1850665","2026","2026-08-31T15:53:00.000","41.745394001","-87.600163368","
,  
(41.745394001, -87.600163368)"
"14302845","JK384602","2026-08-23T01:00:00.000","004XX S CLARK ST","0498","BATTERY","AGG. DOMESTIC BATTERY - HANDS, FISTS, FEET, SERIOUS INJURY","VEHICLE NON-COMMERCIAL","false","true","0122","001","34","32","04B","1175594","1898356","2026","2026-08-31T15:53:00.000","41.876462276","-87.630737388","
,  
(41.876462276, -87.630737388)"
"14302878","JK384133","2026-08-23T01:00:00.000","016XX W HASTINGS ST","0910","MOTOR VEHICLE THEFT","AUTOMOBILE","STREET","false","false","1233","012","28","28","07","1165677","1893794","2026","2026-08-31T15:53:00.000","41.864160756","-87.667279146","
,  
(41.864160756, -87.667279146)"
"14302159","JK383721","2026-08-23T01:00:00.000","002XX N KILPATRICK AVE","0460","BATTERY","SIMPLE","STREET","false","false","1113","011","28","25","08B","1145006","1901124","2026","2026-08-31T15:53:00.000","41.884690187","-87.742977239","
,  
(41.884690187, -87.742977239)"
"14303803","JK385928","2026-08-23T01:00:00.000","014XX W LAKE ST","0810","THEFT","OVER $500","BAR OR TAVERN","false","false","1224","012","27","28","06","1166633","1901539","2026","2026-08-31T15:53:00.000","41.885393253","-87.663547848","
,  
(41.885393253, -87.663547848)"
"14302387","JK384055","2026-08-23T01:00:00.000","016XX W 13TH ST","1320","CRIMINAL DAMAGE","TO VEHICLE","STREET","false","false","1233","012","28","28","14","1165738","1894126","2026","2026-08-31T15:53:00.000","41.865070494","-87.667045758","
,  
(41.865070494, -87.667045758)"
"14302169","JK383722","2026-08-23T00:58:00.000","111XX S ALBANY AVE","0530","ASSAULT","AGGRAVATED - OTHER DANGEROUS WEAPON","ALLEY","false","false","2211","022","19","74","04A","1157681","1830432","2026","2026-08-31T15:53:00.000","41.690452675","-87.698349754","
,  
(41.690452675, -87.698349754)"
"14302218","JK383810","2026-08-23T00:52:00.000","055XX N LUNA AVE","1330","CRIMINAL TRESPASS","TO LAND","RESIDENCE","false","false","1623","016","45","11","26","1138191","1936388","2026","2026-08-31T15:53:00.000","41.981584276","-87.767148085","
,  
(41.981584276, -87.767148085)"
"14302199","JK383741","2026-08-23T00:47:00.000","068XX N RIDGE BLVD","0486","BATTERY","DOMESTIC BATTERY SIMPLE","APARTMENT","true","true","2411","024","40","2","08B","1161722","1945312","2026","2026-08-31T15:53:00.000","42.005612592","-87.68035737","
,  
(42.005612592, -87.68035737)"
"14302177","JK383712","2026-08-23T00:45:00.000","080XX S JUSTINE ST","051A","ASSAULT","AGGRAVATED - HANDGUN","APARTMENT","false","false","0612","006","17","71","04A","1167405","1851336","2026","2026-08-31T15:53:00.000","41.747614267","-87.662152892","
,  
(41.747614267, -87.662152892)"
"14302170","JK383743","2026-08-23T00:43:00.000","015XX E 65TH ST","2826","OTHER OFFENSE","HARASSMENT BY ELECTRONIC MEANS","APARTMENT","false","false","0321","003","5","42","26","1187702","1862199","2026","2026-08-31T15:53:00.000","41.776964782","-87.587434156","
,  
(41.776964782, -87.587434156)"
"14302413","JK383870","2026-08-23T00:40:00.000","006XX N DEARBORN ST","0479","BATTERY","AGGRAVATED - HANDS, FISTS, FEET, SERIOUS INJURY","SIDEWALK","false","false","1832","018","42","8","04B","1175822","1904684","2026","2026-08-31T15:53:00.000","41.893821538","-87.629709751","
,  
(41.893821538, -87.629709751)"
"14302113","JK383717","2026-08-23T00:38:00.000","047XX S ADA ST","0820","THEFT","$500 AND UNDER","STREET","false","false","0933","009","20","61","06","1168128","1873309","2026","2026-08-31T15:53:00.000","41.80789541","-87.658872108","
,  
(41.80789541, -87.658872108)"
"14302109","JK383691","2026-08-23T00:38:00.000","007XX N LAVERGNE AVE","143A","WEAPONS VIOLATION","UNLAWFUL POSSESSION - HANDGUN","SIDEWALK","true","false","1531","015","37","25","15","1142884","1904599","2026","2026-08-31T15:53:00.000","41.894265795","-87.750682977","
,  
(41.894265795, -87.750682977)"
"14302100","JK383694","2026-08-23T00:35:00.000","066XX S HALSTED ST","0820","THEFT","$500 AND UNDER","GAS STATION","false","false","0723","007","16","68","06","1172118","1860614","2026","2026-08-31T15:53:00.000","41.772972076","-87.644610871","
,  
(41.772972076, -87.644610871)"
"14302135","JK383718","2026-08-23T00:35:00.000","074XX W TALCOTT AVE","0484","BATTERY","PROTECTED EMPLOYEE - HANDS, FISTS, FEET, NO / MINOR INJURY","HOSPITAL BUILDING / GROUNDS","false","false","1612","016","41","10","08B","1125755","1938877","2026","2026-08-31T15:53:00.000","41.988630807","-87.812829371","
,  
(41.988630807, -87.812829371)"
"14303758","JK384178","2026-08-23T00:30:00.000","020XX W PIERCE AVE","0930","MOTOR VEHICLE THEFT","THEFT / RECOVERY - AUTOMOBILE","STREET","false","false","1424","014","1","24","07","1162524","1910239","2026","2026-08-31T15:53:00.000","41.909353745","-87.67839294","
,  
(41.909353745, -87.67839294)"
"14302086","JK383660","2026-08-23T00:30:00.000","075XX S MARYLAND AVE","4389","OTHER OFFENSE","VIOLATION GPS MONITORING DEVICE","APARTMENT","false","true","0624","006","8","69","26","1183207","1855219","2026","2026-08-31T15:53:00.000","41.757916791","-87.604129437","
,  
(41.757916791, -87.604129437)"
"14302220","JK383706","2026-08-23T00:30:00.000","014XX E 47TH DR","0560","ASSAULT","SIMPLE","CLEANING STORE","false","false","0222","002","4","39","08A","1186316","1874114","2026","2026-08-31T15:53:00.000","41.809693341","-87.592138525","
,  
(41.809693341, -87.592138525)"
"14302305","JK383852","2026-08-23T00:30:00.000","018XX W 19TH ST","0486","BATTERY","DOMESTIC BATTERY SIMPLE","RESIDENCE","false","true","1234","012","25","31","08B","1164500","1890772","2026","2026-08-31T15:53:00.000","41.855893086","-87.671685358","
,  
(41.855893086, -87.671685358)"
"14302458","JK384176","2026-08-23T00:30:00.000","013XX W DIVISION ST","0910","MOTOR VEHICLE THEFT","AUTOMOBILE","STREET","false","false","1433","014","1","24","07","1167120","1908117","2026","2026-08-31T15:53:00.000","41.903433301","-87.661570376","
,  
(41.903433301, -87.661570376)"
"14302158","JK383783","2026-08-23T00:30:00.000","038XX W THOMAS ST","0910","MOTOR VEHICLE THEFT","AUTOMOBILE","STREET","true","false","1112","011","27","23","07","1150669","1907065","2026","2026-08-31T15:53:00.000","41.900884118","-87.722026278","
,  
(41.900884118, -87.722026278)"
"14302230","JK383705","2026-08-23T00:30:00.000","019XX W CULLERTON ST","0486","BATTERY","DOMESTIC BATTERY SIMPLE","APARTMENT","false","true","1234","012","25","31","08B","1163836","1890424","2026","2026-08-31T15:53:00.000","41.854952155","-87.674132369","
,  
(41.854952155, -87.674132369)"
"14305353","JK387709","2026-08-23T00:30:00.000","065XX N SEELEY AVE","0560","ASSAULT","SIMPLE","APARTMENT","false","true","2412","024","40","2","08A","1161441","1943426","2026","2026-08-31T15:53:00.000","42.000443229","-87.681444025","
,  
(42.000443229, -87.681444025)"
"14302188","JK383780","2026-08-23T00:30:00.000","018XX S LAKE SHORE DR SB","3760","INTERFERENCE WITH PUBLIC OFFICER","OBSTRUCTING SERVICE","STREET","true","false","0132","001","4","33","24","1179506","1891527","2026","2026-08-31T15:53:00.000","41.857634338","-87.616583341","
,  
(41.857634338, -87.616583341)"
"14302219","JK383708","2026-08-23T00:30:00.000","052XX S KENWOOD AVE","051A","ASSAULT","AGGRAVATED - HANDGUN","SIDEWALK","false","false","0234","002","4","41","04A","1186066","1870708","2026","2026-08-31T15:53:00.000","41.800352944","-87.593163056","
,  
(41.800352944, -87.593163056)"
"14302197","JK383697","2026-08-23T00:23:00.000","006XX N KILBOURN AVE","143A","WEAPONS VIOLATION","UNLAWFUL POSSESSION - HANDGUN","STREET","true","false","1111","011","28","23","15","1146252","1903892","2026","2026-08-31T15:53:00.000","41.89226228","-87.738331218","
,  
(41.89226228, -87.738331218)"
"14302138","JK383732","2026-08-23T00:23:00.000","062XX N HOYNE AVE","2870","PUBLIC PEACE VIOLATION","PEEPING TOM","APARTMENT","false","false","2413","024","50","2","24","1161188","1941457","2026","2026-08-31T15:53:00.000","41.995045512","-87.682429821","
,  
(41.995045512, -87.682429821)"
"14302143","JK383769","2026-08-23T00:20:00.000","033XX N HALSTED ST","0870","THEFT","POCKET-PICKING","TAVERN / LIQUOR STORE","false","false","1924","019","44","6","06","1170327","1922601","2026","2026-08-31T15:53:00.000","41.943108594","-87.649366085","
,  
(41.943108594, -87.649366085)"
"14302082","JK383685","2026-08-23T00:10:00.000","016XX S MILLER ST","0560","ASSAULT","SIMPLE","SIDEWALK","false","false","1235","012","25","31","08A","1169792","1892042","2026","2026-08-31T15:53:00.000","41.859264526","-87.652224214","
,  
(41.859264526, -87.652224214)"
"14302167","JK383700","2026-08-23T00:10:00.000","013XX S LAWNDALE AVE","0454","BATTERY","AGGRAVATED P.O. - HANDS, FISTS, FEET, NO / MINOR INJURY","STREET","false","false","1011","010","24","29","08B","1151918","1893645","2026","2026-08-31T15:53:00.000","41.864033702","-87.717792133","
,  
(41.864033702, -87.717792133)"
"14302862","JK384593","2026-08-23T00:03:00.000","033XX N CLARK ST","1152","DECEPTIVE PRACTICE","ILLEGAL USE CASH CARD","TAXICAB","false","false","1924","019","44","6","11","1169518","1922200","2026","2026-08-31T15:53:00.000","41.942025909","-87.652351249","
,  
(41.942025909, -87.652351249)"
"14304739","JK386861","2026-08-23T00:01:00.000","012XX S WABASH AVE","0810","THEFT","OVER $500","STREET","false","false","0131","001","34","33","06","1176964","1894818","2026","2026-08-31T15:53:00.000","41.866722906","-87.625814328","
,  
(41.866722906, -87.625814328)"
"14302715","JK384269","2026-08-23T00:00:00.000","089XX S COTTAGE GROVE AVE","0460","BATTERY","SIMPLE","RESIDENCE","false","true","0633","006","8","44","08B","1183121","1846055","2026","2026-08-30T15:48:44.000","41.732771785","-87.604728989","
,  
(41.732771785, -87.604728989)"
"14303221","JK385022","2026-08-23T00:00:00.000","018XX W GARFIELD BLVD","0760","BURGLARY","BURGLARY FROM MOTOR VEHICLE","STREET","false","false","0932","009","16","61","06","1165100","1868208","2026","2026-08-30T15:48:44.000","41.793962327","-87.670122389","
,  
(41.793962327, -87.670122389)"
"14302213","JK383730","2026-08-23T00:00:00.000","002XX W JACKSON BLVD","0560","ASSAULT","SIMPLE","HOTEL / MOTEL","false","false","0122","001","42","32","08A","1174621","1898950","2026","2026-08-30T15:48:44.000","41.87811405","-87.634292126","
,  
(41.87811405, -87.634292126)"
"14302663","JK384311","2026-08-23T00:00:00.000","016XX E 56TH ST","0910","MOTOR VEHICLE THEFT","AUTOMOBILE","STREET","false","false","0235","002","5","41","07","1188348","1868196","2026","2026-08-30T15:48:44.000","41.79340561","-87.5848746","
,  
(41.79340561, -87.5848746)"
"14302172","JK383754","2026-08-23T00:00:00.000","073XX S PHILLIPS AVE","0430","BATTERY","AGGRAVATED - OTHER DANGEROUS WEAPON","SIDEWALK","false","false","0334","003","7","43","04B","1193918","1856871","2026","2026-08-30T15:48:44.000","41.762194159","-87.564821425","
,  
(41.762194159, -87.564821425)"
"14304849","JK387307","2026-08-23T00:00:00.000","035XX W LEXINGTON ST","0760","BURGLARY","BURGLARY FROM MOTOR VEHICLE","STREET","false","false","1133","011","24","27","06","1152988","1896476","2026","2026-08-30T15:48:44.000","41.87178116","-87.713789176","
,  
(41.87178116, -87.713789176)"
"14303383","JK385174","2026-08-23T00:00:00.000","001XX W OAK ST","0810","THEFT","OVER $500","APARTMENT","false","false","1832","018","2","8","06","1174734","1907126","2026","2026-08-30T15:48:44.000","41.900546929","-87.633632427","
,  
(41.900546929, -87.633632427)"
"14307824","JK390992","2026-08-23T00:00:00.000","055XX W DIVERSEY AVE","1130","DECEPTIVE PRACTICE","FRAUD OR CONFIDENCE GAME","RESIDENCE","false","false","2514","025","31","19","11","1138999","1918068","2026","2026-08-30T15:48:44.000","41.931297786","-87.764623585","
,  
(41.931297786, -87.764623585)"
"14302912","JK384670","2026-08-23T00:00:00.000","028XX W VAN BUREN ST","0560","ASSAULT","SIMPLE","STREET","false","false","1124","011","27","27","08A","1157564","1898036","2026","2026-08-30T15:48:44.000","41.875970094","-87.696946302","
,  
(41.875970094, -87.696946302)"
"14305044","JK387439","2026-08-23T00:00:00.000","0000X E 107TH ST","0910","MOTOR VEHICLE THEFT","AUTOMOBILE","STREET","false","false","0512","005","9","49","07","1178241","1834026","2026","2026-08-30T15:48:44.000","41.699874582","-87.622970108","
,  
(41.699874582, -87.622970108)"
"14303958","JK386073","2026-08-23T00:00:00.000","007XX S DEARBORN ST","0820","THEFT","$500 AND UNDER","RESTAURANT","false","false","0123","001","4","32","06","1176037","1897046","2026","2026-08-30T15:48:44.000","41.872857594","-87.629150316","
,  
(41.872857594, -87.629150316)"
"14305356","JK383826","2026-08-23T00:00:00.000","043XX N HAZEL ST","0820","THEFT","$500 AND UNDER","APARTMENT","false","true","1915","019","46","3","06","1169474","1929172","2026","2026-08-30T15:48:44.000","41.961158296","-87.652309344","
,  
(41.961158296, -87.652309344)"
"14303249","JK385141","2026-08-23T00:00:00.000","003XX W 32ND ST","1320","CRIMINAL DAMAGE","TO VEHICLE","STREET","false","false","0915","009","11","34","14","1174680","1883741","2026","2026-08-30T15:48:44.000","41.836378138","-87.634529992","
,  
(41.836378138, -87.634529992)"
"14307125","JK390111","2026-08-23T00:00:00.000","031XX W FIFTH AVE","1310","CRIMINAL DAMAGE","TO PROPERTY","APARTMENT","false","true","1124","011","28","27","14","1155239","1898952","2026","2026-08-30T15:48:44.000","41.878530679","-87.705458306","
,  
(41.878530679, -87.705458306)"
"14302252","JK383864","2026-08-23T00:00:00.000","054XX W MONROE ST","0460","BATTERY","SIMPLE","APARTMENT","false","false","1522","015","29","25","08B","1140223","1899130","2026","2026-08-30T15:48:44.000","41.879307345","-87.76059021","
,  
(41.879307345, -87.76059021)"
"14306954","JK390012","2026-08-23T00:00:00.000","105XX S SAWYER AVE","1573","SEX OFFENSE","CRIMINAL SEXUAL ABUSE - SEXUAL PENETRATION","RESIDENCE","false","false","2211","022","19","74","17","1156551","1834377","2026","2026-08-30T15:48:44.000","41.701301278","-87.702380985","
,  
(41.701301278, -87.702380985)"
"14302911","JK384622","2026-08-23T00:00:00.000","033XX W NORTH AVE","5002","OTHER OFFENSE","OTHER VEHICLE OFFENSE","PARKING LOT / GARAGE (NON RESIDENTIAL)","true","false","1422","014","26","23","26","1153968","1910439","2026","2026-08-30T15:48:44.000","41.910077533","-87.709818663","
,  
(41.910077533, -87.709818663)"
"14306320","JK388999","2026-08-23T00:00:00.000","055XX W MONROE ST","0430","BATTERY","AGGRAVATED - OTHER DANGEROUS WEAPON","APARTMENT","false","false","1522","015","29","25","04B","1139546","1899114","2026","2026-08-30T15:48:44.000","41.87927581","-87.763076469","
,  
(41.87927581, -87.763076469)"
"14302334","JK383931","2026-08-23T00:00:00.000","033XX N AVERS AVE","0910","MOTOR VEHICLE THEFT","AUTOMOBILE","STREET","false","true","1732","017","30","21","07","1150135","1921981","2026","2026-08-30T15:48:44.000","41.941825395","-87.723598159","
,  
(41.941825395, -87.723598159)"
"14304216","JK386218","2026-08-23T00:00:00.000","085XX S ABERDEEN ST","0281","CRIMINAL SEXUAL ASSAULT","NON-AGGRAVATED","RESIDENCE","false","true","0613","006","17","71","02","1170479","1848095","2026","2026-08-30T15:48:44.000","41.738654169","-87.650983003","
,  
(41.738654169, -87.650983003)"
"14302139","JK383172","2026-08-23T00:00:00.000","077XX S EMERALD AVE","0460","BATTERY","SIMPLE","APARTMENT","false","false","0621","006","17","71","08B","1172644","1853474","2026","2026-08-30T15:48:44.000","41.753367468","-87.642892778","
,  
(41.753367468, -87.642892778)"
"14302498","JK384200","2026-08-23T00:00:00.000","026XX W AUGUSTA BLVD","1320","CRIMINAL DAMAGE","TO VEHICLE","STREET","false","false","1211","012","36","24","14","1158560","1906553","2026","2026-08-30T15:48:44.000","41.899321191","-87.693056004","
,  
(41.899321191, -87.693056004)"
"14309869","JK393669","2026-08-23T00:00:00.000","075XX S UNION AVE","1310","CRIMINAL DAMAGE","TO PROPERTY","RESIDENCE","false","true","0621","006","17","68","14",,,"2026","2026-08-31T15:53:00.000",,,
"14302105","JK383687","2026-08-22T23:58:00.000","038XX W FULTON ST","143A","WEAPONS VIOLATION","UNLAWFUL POSSESSION - HANDGUN","STREET","true","false","1122","011","37","26","15","1150861","1901940","2026","2026-08-30T15:48:44.000","41.886816836","-87.721455289","
,  
(41.886816836, -87.721455289)"
"14302114","JK383664","2026-08-22T23:57:00.000","061XX S MICHIGAN AVE","0560","ASSAULT","SIMPLE","STREET","true","false","0311","003","20","40","08A","1178208","1864021","2026","2026-08-30T15:48:44.000","41.782185236","-87.622183334","
,  
(41.782185236, -87.622183334)"
"14302247","JK383690","2026-08-22T23:54:00.000","059XX W CHICAGO AVE","0810","THEFT","OVER $500","STREET","false","true","1511","015","29","25","06","1136806","1904733","2026","2026-08-30T15:48:44.000","41.8947446","-87.773002733","
,  
(41.8947446, -87.773002733)"
"14302294","JK383921","2026-08-22T23:50:00.000","028XX W 39TH PL","0760","BURGLARY","BURGLARY FROM MOTOR VEHICLE","STREET","false","false","0921","009","12","58","06","1157995","1878326","2026","2026-08-30T15:48:44.000","41.821874897","-87.695900992","
,  
(41.821874897, -87.695900992)"
"14302166","JK383698","2026-08-22T23:50:00.000","002XX N PARKSIDE AVE","0810","THEFT","OVER $500","RESIDENCE","true","true","1512","015","29","25","06","1138555","1901084","2026","2026-08-30T15:48:44.000","41.884699758","-87.76666755","
,  
(41.884699758, -87.76666755)"
"14302901","JK384597","2026-08-22T23:50:00.000","110XX S MICHIGAN AVE","1310","CRIMINAL DAMAGE","TO PROPERTY","COMMERCIAL / BUSINESS OFFICE","false","false","0513","005","9","49","14","1178852","1831975","2026","2026-08-30T15:48:44.000","41.694232498","-87.620795021","
,  
(41.694232498, -87.620795021)"
"14302125","JK383665","2026-08-22T23:50:00.000","011XX W 63RD ST","0460","BATTERY","SIMPLE","SIDEWALK","false","false","0712","007","16","68","08B","1169815","1863023","2026","2026-08-30T15:48:44.000","41.779632964","-87.652983208","
,  
(41.779632964, -87.652983208)"
"14302278","JK383658","2026-08-22T23:40:00.000","0000X N LOREL AVE","0650","BURGLARY","HOME INVASION","APARTMENT","false","true","1522","015","37","25","05","1140719","1899740","2026","2026-08-30T15:48:44.000","41.880972165","-87.758753958","
,  
(41.880972165, -87.758753958)"
"14302127","JK383677","2026-08-22T23:35:00.000","026XX W 108TH ST","0497","BATTERY","AGGRAVATED DOMESTIC BATTERY - OTHER DANGEROUS WEAPON","STREET","false","true","2212","022","19","75","04B","1160850","1832919","2026","2026-08-30T15:48:44.000","41.697212761","-87.686679432","
,  
(41.697212761, -87.686679432)"
"14302153","JK383657","2026-08-22T23:32:00.000","022XX W JACKSON BLVD","0554","ASSAULT","AGGRAVATED POLICE OFFICER - HANDS, FISTS, FEET, NO INJURY","STREET","true","false","1225","012","27","28","08A","1161658","1898661","2026","2026-08-30T15:48:44.000","41.87760087","-87.681897163","
,  
(41.87760087, -87.681897163)"
"14303224","JK384262","2026-08-22T23:30:00.000","011XX N MILWAUKEE AVE","0610","BURGLARY","FORCIBLE ENTRY","APARTMENT","false","true","1213","012","27","24","05","1165952","1907936","2026","2026-08-30T15:48:44.000","41.902961643","-87.665865852","
,  
(41.902961643, -87.665865852)"
"14302142","JK383682","2026-08-22T23:30:00.000","066XX S MOZART ST","0486","BATTERY","DOMESTIC BATTERY SIMPLE","APARTMENT","false","true","0831","008","15","66","08B","1158520","1860542","2026","2026-08-30T15:48:44.000","41.773062507","-87.694459878","
,  
(41.773062507, -87.694459878)"
"14302194","JK383782","2026-08-22T23:30:00.000","063XX S FAIRFIELD AVE","0910","MOTOR VEHICLE THEFT","AUTOMOBILE","STREET","false","false","0825","008","16","66","07","1159131","1862587","2026","2026-08-30T15:48:44.000","41.778661804","-87.692164197","
,  
(41.778661804, -87.692164197)"
"14302087","JK383655","2026-08-22T23:27:00.000","001XX W WASHINGTON ST","1345","CRIMINAL DAMAGE","TO CITY OF CHICAGO PROPERTY","GOVERNMENT BUILDING / PROPERTY","false","false","0122","001","42","32","14","1175340","1900813","2026","2026-08-30T15:48:44.000","41.883210133","-87.631596221","
,  
(41.883210133, -87.631596221)"
"14302195","JK383637","2026-08-22T23:25:00.000","063XX S HOMAN AVE","051A","ASSAULT","AGGRAVATED - HANDGUN","STREET","false","false","0823","008","14","66","04A","1154817","1862555","2026","2026-08-30T15:48:44.000","41.778661169","-87.707980621","
,  
(41.778661169, -87.707980621)"
"14302201","JK383645","2026-08-22T23:17:00.000","015XX E 65TH ST","1320","CRIMINAL DAMAGE","TO VEHICLE","STREET","false","false","0321","003","5","42","14","1187702","1862199","2026","2026-08-30T15:48:44.000","41.776964782","-87.587434156","
,  
(41.776964782, -87.587434156)"
"14302092","JK383642","2026-08-22T23:15:00.000","026XX S PRAIRIE AVE","0460","BATTERY","SIMPLE","ALLEY","true","false","0133","001","4","35","08B","1178486","1886960","2026","2026-08-30T15:48:44.000","41.84512549","-87.620466463","
,  
(41.84512549, -87.620466463)"
"14302120","JK383695","2026-08-22T23:15:00.000","053XX S KEDZIE AVE","0460","BATTERY","SIMPLE","GAS STATION","true","false","0923","009","14","63","08B","1155949","1869224","2026","2026-08-30T15:48:44.000","41.796939201","-87.703651531","
,  
(41.796939201, -87.703651531)"
"14302076","JK383626","2026-08-22T23:12:00.000","050XX N WINCHESTER AVE","0486","BATTERY","DOMESTIC BATTERY SIMPLE","APARTMENT","true","true","2032","020","40","4","08B","1162512","1933302","2026","2026-08-30T15:48:44.000","41.972640179","-87.677789113","
,  
(41.972640179, -87.677789113)"
"29301","JK383615","2026-08-22T23:11:00.000","054XX W FULTON ST","0110","HOMICIDE","FIRST DEGREE MURDER","STREET","false","false","1523","015","37","25","01A","1140192","1901488","2026","2026-08-30T15:48:44.000","41.885778565","-87.76064626","
,  
(41.885778565, -87.76064626)"
"14302872","JK383628","2026-08-22T23:10:00.000","030XX N HALSTED ST","0860","THEFT","RETAIL THEFT","DEPARTMENT STORE","false","false","1933","019","44","6","06","1170394","1920533","2026","2026-08-30T15:48:44.000","41.93743245","-87.649180491","
,  
(41.93743245, -87.649180491)"
"14302085","JK383635","2026-08-22T23:09:00.000","132XX S RIVERDALE AVE","0460","BATTERY","SIMPLE","RESIDENCE - YARD (FRONT / BACK)","true","true","0533","005","10","54","08B","1181782","1817595","2026","2026-08-30T15:48:44.000","41.654704673","-87.610509241","
,  
(41.654704673, -87.610509241)"
"14302099","JK383662","2026-08-22T23:00:00.000","011XX N LA SALLE DR","0910","MOTOR VEHICLE THEFT","AUTOMOBILE","STREET","false","false","1824","018","27","8","07","1174938","1907711","2026","2026-08-30T15:48:44.000","41.90214763","-87.632865587","
,  
(41.90214763, -87.632865587)"
"14302426","JK384086","2026-08-22T23:00:00.000","040XX S INDIANA AVE","0910","MOTOR VEHICLE THEFT","AUTOMOBILE","RESIDENCE - YARD (FRONT / BACK)","false","false","0213","002","3","38","07","1178266","1878279","2026","2026-08-30T15:48:44.000","41.821309174","-87.621537808","
,  
(41.821309174, -87.621537808)"
"14305446","JK387938","2026-08-22T23:00:00.000","109XX S GREEN ST","2825","OTHER OFFENSE","HARASSMENT BY TELEPHONE","RESIDENCE","false","true","2233","022","21","75","26","1172598","1832247","2026","2026-08-30T15:48:44.000","41.695118597","-87.643684543","
,  
(41.695118597, -87.643684543)"
"14302558","JK384241","2026-08-22T23:00:00.000","087XX S EXCHANGE AVE","0820","THEFT","$500 AND UNDER","STREET","false","false","0423","004","10","46","06","1197282","1847585","2026","2026-08-30T15:48:44.000","41.736629562","-87.552800939","
,  
(41.736629562, -87.552800939)"
"14302145","JK383659","2026-08-22T23:00:00.000","019XX S PULASKI RD","1345","CRIMINAL DAMAGE","TO CITY OF CHICAGO PROPERTY","STREET","false","false","1012","010","24","29","14","1150023","1890180","2026","2026-08-30T15:48:44.000","41.854562397","-87.724838808","
,  
(41.854562397, -87.724838808)"
"14302244","JK383661","2026-08-22T23:00:00.000","007XX N MICHIGAN AVE","0880","THEFT","PURSE-SNATCHING","STREET","false","false","1833","018","2","8","06","1177295","1905704","2026","2026-08-30T15:48:44.000","41.896587193","-87.624269018","
,  
(41.896587193, -87.624269018)"
"14302669","JK384431","2026-08-22T23:00:00.000","037XX N PLAINFIELD AVE","0760","BURGLARY","BURGLARY FROM MOTOR VEHICLE","STREET","false","false","1631","016","38","17","06","1120065","1923829","2026","2026-08-30T15:48:44.000","41.947430288","-87.834080887","
,  
(41.947430288, -87.834080887)"
"14302826","JK384545","2026-08-22T23:00:00.000","005XX N CICERO AVE","0810","THEFT","OVER $500","VACANT LOT / LAND","false","false","1532","015","37","25","06","1144273","1902980","2026","2026-08-30T15:48:44.000","41.889797075","-87.745622274","
,  
(41.889797075, -87.745622274)"
"14302078","JK383603","2026-08-22T23:00:00.000","028XX S CALUMET AVE","0554","ASSAULT","AGGRAVATED POLICE OFFICER - HANDS, FISTS, FEET, NO INJURY","STREET","true","false","0133","001","4","35","08A","1178951","1886078","2026","2026-08-30T15:48:44.000","41.842694616","-87.618786921","
,  
(41.842694616, -87.618786921)"
"14302359","JK383904","2026-08-22T23:00:00.000","048XX N SPRINGFIELD AVE","0486","BATTERY","DOMESTIC BATTERY SIMPLE","SIDEWALK","false","true","1712","017","33","14","08B","1149521","1931651","2026","2026-08-30T15:48:44.000","41.968372565","-87.725602842","
,  
(41.968372565, -87.725602842)"
"14302574","JK384192","2026-08-22T23:00:00.000","058XX W MELROSE ST","0910","MOTOR VEHICLE THEFT","AUTOMOBILE","STREET","false","false","1633","016","30","15","07","1136934","1921013","2026","2026-08-30T15:48:44.000","41.939416518","-87.772141359","
,  
(41.939416518, -87.772141359)"
"14302970","JK383881","2026-08-22T23:00:00.000","070XX S CLAREMONT AVE","0460","BATTERY","SIMPLE","STREET","false","false","0832","008","17","66","08B","1161948","1858024","2026","2026-08-30T15:48:44.000","41.766082193","-87.681963518","
,  
(41.766082193, -87.681963518)"
"14302050","JK383609","2026-08-22T22:58:00.000","024XX W BELMONT AVE","5007","OTHER OFFENSE","OTHER WEAPONS VIOLATION","POLICE FACILITY / VEHICLE PARKING LOT","false","false","1921","019","47","5","26","1159392","1921181","2026","2026-08-30T15:48:44.000","41.939444419","-87.689596768","
,  
(41.939444419, -87.689596768)"
"14302089","JK383634","2026-08-22T22:53:00.000","052XX W QUINCY ST","4387","OTHER OFFENSE","VIOLATE ORDER OF PROTECTION","RESIDENCE - YARD (FRONT / BACK)","false","true","1522","015","29","25","26","1141420","1898498","2026","2026-08-30T15:48:44.000","41.877551053","-87.756210566","
,  
(41.877551053, -87.756210566)"
"14302112","JK383666","2026-08-22T22:52:00.000","014XX S SPECIAL OLYMPICS DR","0460","BATTERY","SIMPLE","STREET","true","false","0132","001","4","33","08B","1179970","1893558","2026","2026-08-30T15:48:44.000","41.863196881","-87.614817819","
,  
(41.863196881, -87.614817819)"
"14302123","JK383617","2026-08-22T22:51:00.000","120XX S NORMAL AVE","1320","CRIMINAL DAMAGE","TO VEHICLE","RESIDENCE","false","false","0523","005","21","53","14","1175139","1824981","2026","2026-08-30T15:48:44.000","41.675123362","-87.634596933","
,  
(41.675123362, -87.634596933)"
"14302110","JK383636","2026-08-22T22:50:00.000","017XX E 95TH ST","143B","WEAPONS VIOLATION","UNLAWFUL POSSESSION - OTHER FIREARM","STREET","false","false","0431","004","7","51","15","1189387","1842324","2026","2026-08-30T15:48:44.000","41.722385688","-87.581893417","
,  
(41.722385688, -87.581893417)"
"14302187","JK383675","2026-08-22T22:47:00.000","016XX W HOWARD ST","1710","OFFENSE INVOLVING CHILDREN","ENDANGERING LIFE / HEALTH OF CHILD","SIDEWALK","false","true","2422","024","49","1","20","1163841","1950346","2026","2026-08-30T15:48:44.000","42.019381373","-87.672418401","
,  
(42.019381373, -87.672418401)"
"14302618","JK384360","2026-08-22T22:45:00.000","053XX S SPAULDING AVE","0460","BATTERY","SIMPLE","RESIDENCE","false","false","0822","008","14","63","08B","1155287","1869042","2026","2026-08-30T15:48:44.000","41.796453048","-87.706084051","
,  
(41.796453048, -87.706084051)"
"14302093","JK383621","2026-08-22T22:43:00.000","080XX S SACRAMENTO AVE","0460","BATTERY","SIMPLE","RESIDENCE","true","true","0835","008","18","70","08B","1157775","1851203","2026","2026-08-30T15:48:44.000","41.747450008","-87.697443947","
,  
(41.747450008, -87.697443947)"
"14302069","JK383607","2026-08-22T22:40:00.000","003XX N AVERS AVE","143A","WEAPONS VIOLATION","UNLAWFUL POSSESSION - HANDGUN","STREET","true","false","1122","011","37","26","15","1150578","1901589","2026","2026-08-30T15:48:44.000","41.885859187","-87.722503723","
,  
(41.885859187, -87.722503723)"
"14302084","JK383618","2026-08-22T22:39:00.000","080XX S HALSTED ST","1365","CRIMINAL TRESPASS","TO RESIDENCE","RESIDENCE","false","false","0621","006","6","71","26","1172363","1851635","2026","2026-08-30T15:48:44.000","41.748327199","-87.643976532","
,  
(41.748327199, -87.643976532)"
"29302","JK383619","2026-08-22T22:36:00.000","051XX S COTTAGE GROVE AVE","0110","HOMICIDE","FIRST DEGREE MURDER","PARK PROPERTY","false","false","0233","002","20","40","01A","1182463","1870960","2026","2026-08-30T15:48:44.000","41.80112883","-87.606368387","
,  
(41.80112883, -87.606368387)"
"14302108","JK383644","2026-08-22T22:30:00.000","022XX N LAPORTE AVE","0810","THEFT","OVER $500","RESIDENCE","false","true","2522","025","26","19","06","1143026","1914451","2026","2026-08-30T15:48:44.000","41.92129812","-87.749915343","
,  
(41.92129812, -87.749915343)"
"14306047","JK383595","2026-08-22T22:30:00.000","016XX W DIVISION ST","2250","LIQUOR LAW VIOLATION","LIQUOR LICENSE VIOLATION","RESTAURANT","true","false","1424","014","1","24","22","1165352","1908069","2026","2026-08-30T15:48:44.000","41.903339394","-87.66806597","
,  
(41.903339394, -87.66806597)"
"14302046","JK383620","2026-08-22T22:30:00.000","022XX W VAN BUREN ST","0470","PUBLIC PEACE VIOLATION","RECKLESS CONDUCT","STREET","false","false","1225","012","27","28","24","1161716","1898132","2026","2026-08-30T15:48:44.000","41.876148038","-87.681698949","
,  
(41.876148038, -87.681698949)"
"14303069","JK383667","2026-08-22T22:30:00.000","045XX N BROADWAY","0460","BATTERY","SIMPLE","SIDEWALK","false","false","1914","019","46","3","08B","1168212","1930388","2026","2026-08-30T15:48:44.000","41.964522471","-87.656913808","
,  
(41.964522471, -87.656913808)"
"14302072","JK383629","2026-08-22T22:30:00.000","021XX N LARAMIE AVE","0486","BATTERY","DOMESTIC BATTERY SIMPLE","RESIDENCE","true","true","2515","025","26","19","08B","1141373","1913694","2026","2026-08-30T15:48:44.000","41.91925153","-87.756007671","
,  
(41.91925153, -87.756007671)"
"14303118","JK384814","2026-08-22T22:23:00.000","019XX E 93RD ST","0560","ASSAULT","SIMPLE","RESIDENCE","false","true","0413","004","8","48","08A","1190643","1843685","2026","2026-08-30T15:48:44.000","41.726090233","-87.577249148","
,  
(41.726090233, -87.577249148)"
"14302176","JK383815","2026-08-22T22:21:00.000","028XX S CALUMET AVE","0454","BATTERY","AGGRAVATED P.O. - HANDS, FISTS, FEET, NO / MINOR INJURY","STREET","false","false","0133","001","4","35","08B","1178951","1886078","2026","2026-08-30T15:48:44.000","41.842694616","-87.618786921","
,  
(41.842694616, -87.618786921)"
"14307294","JK384824","2026-08-22T22:11:00.000","040XX W ARTHINGTON ST","0488","BATTERY","AGGRAVATED DOMESTIC BATTERY - HANDGUN","STREET","false","true","1132","011","24","26","04B","1149639","1895808","2026","2026-08-30T15:48:44.000","41.870013763","-87.726102154","
,  
(41.870013763, -87.726102154)"
"14302466","JK383600","2026-08-22T22:08:00.000","009XX N LAWNDALE AVE","0486","BATTERY","DOMESTIC BATTERY SIMPLE","APARTMENT","false","true","1112","011","27","23","08B","1151545","1906025","2026","2026-08-30T15:48:44.000","41.898013081","-87.718836006","
,  
(41.898013081, -87.718836006)"
"14303892","JK385844","2026-08-22T22:00:00.000","005XX E 44TH ST","1320","CRIMINAL DAMAGE","TO VEHICLE","PARKING LOT / GARAGE (NON RESIDENTIAL)","false","false","0221","002","3","38","14","1180428","1875953","2026","2026-08-30T15:48:44.000","41.814877025","-87.613678043","
,  
(41.814877025, -87.613678043)"
"14302101","JK383689","2026-08-22T22:00:00.000","061XX S SACRAMENTO AVE","0460","BATTERY","SIMPLE","RESIDENCE","false","false","0823","008","15","66","08B","1157437","1863732","2026","2026-08-30T15:48:44.000","41.781838342","-87.698343571","
,  
(41.781838342, -87.698343571)"
"14305563","JK388029","2026-08-22T22:00:00.000","076XX S RIDGELAND AVE","0910","MOTOR VEHICLE THEFT","AUTOMOBILE","STREET","false","false","0414","004","8","43","07","1189196","1854624","2026","2026-08-30T15:48:44.000","41.756142656","-87.582199786","
,  
(41.756142656, -87.582199786)"
"14302443","JK384161","2026-08-22T22:00:00.000","069XX S ADA ST","0760","BURGLARY","BURGLARY FROM MOTOR VEHICLE","STREET","false","false","0734","007","17","67","06","1168526","1858773","2026","2026-08-30T15:48:44.000","41.767998319","-87.657831225","
,  
(41.767998319, -87.657831225)"
"14302581","JK384223","2026-08-22T22:00:00.000","072XX S PHILLIPS AVE","1320","CRIMINAL DAMAGE","TO VEHICLE","STREET","false","false","0334","003","7","43","14","1193749","1857416","2026","2026-08-30T15:48:44.000","41.763693821","-87.565422988","
,  
(41.763693821, -87.565422988)"
"14303944","JK386063","2026-08-22T22:00:00.000","039XX S DR MARTIN LUTHER KING JR DR","0810","THEFT","OVER $500","PARKING LOT / GARAGE (NON RESIDENTIAL)","false","false","0214","002","3","38","06","1179510","1878707","2026","2026-08-30T15:48:44.000","41.822455269","-87.616961139","
,  
(41.822455269, -87.616961139)"
"14302238","JK383731","2026-08-22T22:00:00.000","001XX E 95TH ST","0497","BATTERY","AGGRAVATED DOMESTIC BATTERY - OTHER DANGEROUS WEAPON","COMMERCIAL / BUSINESS OFFICE","false","true","0634","006","6","49","04B","1178956","1842018","2026","2026-08-30T15:48:44.000","41.721789488","-87.620109702","
,  
(41.721789488, -87.620109702)"
"14302501","JK384181","2026-08-22T22:00:00.000","073XX S GREEN ST","0760","BURGLARY","BURGLARY FROM MOTOR VEHICLE","STREET","false","false","0733","007","17","68","06","1171910","1856086","2026","2026-08-30T15:48:44.000","41.76055126","-87.645506079","
,  
(41.76055126, -87.645506079)"
"14302844","JK384694","2026-08-22T22:00:00.000","012XX E 46TH ST","0710","THEFT","THEFT FROM MOTOR VEHICLE","STREET","false","false","0222","002","4","39","06","1185333","1874509","2026","2026-08-30T15:48:44.000","41.810800457","-87.595731527","
,  
(41.810800457, -87.595731527)"
"14303470","JK385347","2026-08-22T22:00:00.000","007XX N ALBANY AVE","1310","CRIMINAL DAMAGE","TO PROPERTY","APARTMENT","false","false","1221","012","27","23","14","1155576","1904768","2026","2026-08-30T15:48:44.000","41.894483575","-87.704064308","
,  
(41.894483575, -87.704064308)"
"14302044","JK383582","2026-08-22T22:00:00.000","115XX S PRAIRIE AVE","0460","BATTERY","SIMPLE","SIDEWALK","false","false","0532","005","9","53","08B","1179986","1827936","2026","2026-08-30T15:48:44.000","41.683123089","-87.616766182","
,  
(41.683123089, -87.616766182)"
"14302180","JK383650","2026-08-22T22:00:00.000","016XX S MILLER ST","0460","BATTERY","SIMPLE","RESIDENCE - YARD (FRONT / BACK)","false","true","1235","012","25","31","08B","1169792","1892042","2026","2026-08-30T15:48:44.000","41.859264526","-87.652224214","
,  
(41.859264526, -87.652224214)"
"14302660","JK384422","2026-08-22T22:00:00.000","009XX W DIVERSEY PKWY","0820","THEFT","$500 AND UNDER","CTA PLATFORM","false","false","1935","019","43","7","06","1169354","1918783","2026","2026-08-30T15:48:44.000","41.932653082","-87.653053676","
,  
(41.932653082, -87.653053676)"
"14302856","JK384714","2026-08-22T22:00:00.000","071XX S CORNELL AVE","1320","CRIMINAL DAMAGE","TO VEHICLE","STREET","false","false","0324","003","7","43","14","1188468","1858015","2026","2026-08-30T15:48:44.000","41.765465271","-87.584759566","
,  
(41.765465271, -87.584759566)"
"14302179","JK383596","2026-08-22T21:55:00.000","013XX S SPAULDING AVE","1320","CRIMINAL DAMAGE","TO VEHICLE","STREET","false","false","1021","010","24","29","14","1154575","1893704","2026","2026-08-30T15:48:44.000","41.864142913","-87.708036758","
,  
(41.864142913, -87.708036758)"
"14302115","JK383587","2026-08-22T21:55:00.000","016XX N ARTESIAN AVE","0460","BATTERY","SIMPLE","RESIDENCE","false","false","1434","014","1","24","08B","1159781","1910812","2026","2026-08-30T15:48:44.000","41.910983133","-87.688453686","
,  
(41.910983133, -87.688453686)"
"14302106","JK383606","2026-08-22T21:53:00.000","117XX S ELIZABETH ST","0498","BATTERY","AGG. DOMESTIC BATTERY - HANDS, FISTS, FEET, SERIOUS INJURY","RESIDENCE","true","true","0524","005","21","53","04B","1170108","1826904","2026","2026-08-30T15:48:44.000","41.680510877","-87.652955725","
,  
(41.680510877, -87.652955725)"
"14302054","JK383623","2026-08-22T21:53:00.000","060XX W MONTROSE AVE","1121","DECEPTIVE PRACTICE","COUNTERFEITING DOCUMENT","STREET","false","false","1624","016","38","15","10","1135391","1928629","2026","2026-08-30T15:48:44.000","41.960343186","-87.777630928","
,  
(41.960343186, -87.777630928)"
"14302111","JK383599","2026-08-22T21:49:00.000","052XX S BISHOP ST","143A","WEAPONS VIOLATION","UNLAWFUL POSSESSION - HANDGUN","VEHICLE NON-COMMERCIAL","true","false","0934","009","16","61","15","1167556","1869974","2026","2026-08-30T15:48:44.000","41.798756091","-87.661065726","
,  
(41.798756091, -87.661065726)"
"14303445","JK385367","2026-08-22T21:47:00.000","035XX S NORMAL AVE","0560","ASSAULT","SIMPLE","SIDEWALK","false","false","0915","009","11","60","08A","1173536","1881550","2026","2026-08-30T15:48:44.000","41.830391308","-87.638792727","
,  
(41.830391308, -87.638792727)"
"14302040","JK383591","2026-08-22T21:44:00.000","001XX W 112TH ST","0560","ASSAULT","SIMPLE","RESIDENCE","false","false","0522","005","9","49","08A","1177332","1830687","2026","2026-08-30T15:48:44.000","41.690732407","-87.626398817","
,  
(41.690732407, -87.626398817)"
"29300","JK383569","2026-08-22T21:40:00.000","062XX S MAY ST","0110","HOMICIDE","FIRST DEGREE MURDER","STREET","false","false","0712","007","16","68","01A","1169722","1863395","2026","2026-08-30T15:48:44.000","41.780655796","-87.653313373","
,  
(41.780655796, -87.653313373)"
"14302090","JK383581","2026-08-22T21:33:00.000","053XX W CHICAGO AVE","031A","ROBBERY","ARMED - HANDGUN","GAS STATION","false","false","1524","015","37","25","03","1140422","1904813","2026","2026-08-30T15:48:44.000","41.894898559","-87.759720016","
,  
(41.894898559, -87.759720016)"
"14302077","JK383592","2026-08-22T21:31:00.000","078XX S WOOD ST","0470","PUBLIC PEACE VIOLATION","RECKLESS CONDUCT","STREET","true","false","0611","006","17","71","24","1165709","1852797","2026","2026-08-30T15:48:44.000","41.751659596","-87.668326185","
,  
(41.751659596, -87.668326185)"
"14302030","JK383589","2026-08-22T21:30:00.000","109XX S DOTY AVE W","0860","THEFT","RETAIL THEFT","DEPARTMENT STORE","true","false","0513","005","9","50","06","1185441","1832670","2026","2026-08-30T15:48:44.000","41.69598756","-87.596649418","
,  
(41.69598756, -87.596649418)"
"14302136","JK383573","2026-08-22T21:30:00.000","111XX S DR MARTIN LUTHER KING JR DR","0430","BATTERY","AGGRAVATED - OTHER DANGEROUS WEAPON","PARK PROPERTY","false","false","0531","005","9","49","04B","1180888","1831281","2026","2026-08-30T15:48:44.000","41.692281606","-87.613361976","
,  
(41.692281606, -87.613361976)"
"14302079","JK383580","2026-08-22T21:28:00.000","060XX S ADA ST","2021","NARCOTICS","POSSESS - BARBITURATES","STREET","true","false","0713","007","16","67","18","1168362","1864678","2026","2026-08-30T15:48:44.000","41.784205909","-87.658262453","
,  
(41.784205909, -87.658262453)"
"14302095","JK383605","2026-08-22T21:25:00.000","060XX S KEATING AVE","0486","BATTERY","DOMESTIC BATTERY SIMPLE","STREET","false","true","0813","008","13","64","08B","1145741","1864043","2026","2026-08-30T15:48:44.000","41.782920789","-87.741216791","
,  
(41.782920789, -87.741216791)"
"14302029","JK383583","2026-08-22T21:19:00.000","033XX W ADDISON ST","3731","INTERFERENCE WITH PUBLIC OFFICER","OBSTRUCTING IDENTIFICATION","PARKING LOT / GARAGE (NON RESIDENTIAL)","true","true","1733","017","35","21","24","1153303","1923736","2026","2026-08-30T15:48:44.000","41.946578818","-87.711907591","
,  
(41.946578818, -87.711907591)"
"14302038","JK383533","2026-08-22T21:17:00.000","087XX S UNION AVE","0486","BATTERY","DOMESTIC BATTERY SIMPLE","RESIDENCE","false","true","2223","022","21","71","08B","1173169","1846907","2026","2026-08-30T15:48:44.000","41.735335188","-87.641162432","
,  
(41.735335188, -87.641162432)"
"14302008","JK383593","2026-08-22T21:15:00.000","075XX N CLARK ST","0312","ROBBERY","ARMED - KNIFE / CUTTING INSTRUMENT","SMALL RETAIL STORE","false","false","2422","024","49","1","03","1162907","1949949","2026","2026-08-30T15:48:44.000","42.018311737","-87.675866628","
,  
(42.018311737, -87.675866628)"
"14303672","JK385737","2026-08-22T21:12:00.000","077XX S LANGLEY AVE","2826","OTHER OFFENSE","HARASSMENT BY ELECTRONIC MEANS","RESIDENCE","false","true","0624","006","6","69","26","1182234","1853922","2026","2026-08-30T15:48:44.000","41.754380264","-87.607735426","
,  
(41.754380264, -87.607735426)"
"14303773","JK384564","2026-08-22T21:00:00.000","001XX N RACINE AVE","0910","MOTOR VEHICLE THEFT","AUTOMOBILE","CTA PARKING LOT / GARAGE / OTHER PROPERTY","false","false","1224","012","27","28","07","1168504","1900896","2026","2026-08-30T15:48:44.000","41.883588537","-87.656695843","
,  
(41.883588537, -87.656695843)"
"14302300","JK383934","2026-08-22T21:00:00.000","027XX S KEDVALE AVE","0710","THEFT","THEFT FROM MOTOR VEHICLE","STREET","false","false","1031","010","22","30","06","1149160","1885512","2026","2026-08-30T15:48:44.000","41.841769548","-87.728127154","
,  
(41.841769548, -87.728127154)"
"14302773","JK384634","2026-08-22T21:00:00.000","058XX S MICHIGAN AVE","0910","MOTOR VEHICLE THEFT","AUTOMOBILE","STREET","false","false","0232","002","20","40","07","1178156","1866297","2026","2026-08-30T15:48:44.000","41.788431987","-87.622304974","
,  
(41.788431987, -87.622304974)"
"14302507","JK384015","2026-08-22T21:00:00.000","013XX S SPAULDING AVE","1320","CRIMINAL DAMAGE","TO VEHICLE","STREET","false","false","1021","010","24","29","14","1154576","1893655","2026","2026-08-30T15:48:44.000","41.864008432","-87.708034398","
,  
(41.864008432, -87.708034398)"
"14307810","JK391017","2026-08-22T21:00:00.000","071XX S ALBANY AVE","0281","CRIMINAL SEXUAL ASSAULT","NON-AGGRAVATED","RESTAURANT","false","false","0831","008","18","66","02","1156939","1857132","2026","2026-08-30T15:48:44.000","41.763737033","-87.700347473","
,  
(41.763737033, -87.700347473)"
"14305160","JK387293","2026-08-22T21:00:00.000","014XX N ORLEANS ST","0610","BURGLARY","FORCIBLE ENTRY","APARTMENT","false","false","1821","018","27","8","05","1173645","1910009","2026","2026-08-30T15:48:44.000","41.908482332","-87.637546451","
,  
(41.908482332, -87.637546451)"
"14302035","JK383561","2026-08-22T20:56:00.000","032XX N CLARK ST","0860","THEFT","RETAIL THEFT","SMALL RETAIL STORE","true","false","1924","019","44","6","06","1169868","1921628","2026","2026-08-30T15:48:44.000","41.94044868","-87.651081589","
,  
(41.94044868, -87.651081589)"
"14308716","JK392201","2026-08-22T20:55:00.000","064XX N NORTHWEST HWY","1240","DECEPTIVE PRACTICE","UNLAWFUL USE OF A COMPUTER","RESIDENCE","false","false","1611","016","41","9","11",,,"2026","2026-08-30T15:48:44.000",,,
"14302028","JK383547","2026-08-22T20:54:00.000","033XX W MAYPOLE AVE","143A","WEAPONS VIOLATION","UNLAWFUL POSSESSION - HANDGUN","PARK PROPERTY","true","true","1123","011","28","27","15","1154061","1900783","2026","2026-08-30T15:48:44.000","41.883578698","-87.709734846","
,  
(41.883578698, -87.709734846)"
"14302058","JK383562","2026-08-22T20:50:00.000","037XX S WELLS ST","143A","WEAPONS VIOLATION","UNLAWFUL POSSESSION - HANDGUN","CHA PARKING LOT / GROUNDS","true","false","0915","009","3","34","15","1175178","1879974","2026","2026-08-30T15:48:44.000","41.826030043","-87.632815375","
,  
(41.826030043, -87.632815375)"
"14302012","JK383545","2026-08-22T20:50:00.000","024XX N MILWAUKEE AVE","0486","BATTERY","DOMESTIC BATTERY SIMPLE","STREET","false","true","1414","014","1","22","08B","1156040","1916179","2026","2026-08-30T15:48:44.000","41.925786973","-87.702051718","
,  
(41.925786973, -87.702051718)"
"14305053","JK387436","2026-08-22T20:45:00.000","065XX N AVONDALE AVE","5011","OTHER OFFENSE","LICENSE VIOLATION","COMMERCIAL / BUSINESS OFFICE","false","false","1612","016","41","9","26","1125122","1942931","2026","2026-08-30T15:48:44.000","41.999765916","-87.815067425","
,  
(41.999765916, -87.815067425)"
"14302504","JK384186","2026-08-22T20:45:00.000","017XX N ORLEANS ST","0560","ASSAULT","SIMPLE","SCHOOL - PRIVATE GROUNDS","false","false","1814","018","43","7","08A","1173659","1911805","2026","2026-08-30T15:48:44.000","41.913410331","-87.637441494","
,  
(41.913410331, -87.637441494)"
"14306529","JK386744","2026-08-22T20:37:00.000","034XX N SOUTHPORT AVE","0460","BATTERY","SIMPLE","SIDEWALK","false","false","1922","019","44","6","08B","1166365","1922766","2026","2026-08-30T15:48:44.000","41.943647189","-87.663923587","
,  
(41.943647189, -87.663923587)"
"14301956","JK383534","2026-08-22T20:35:00.000","012XX S CENTRAL PARK AVE","1320","CRIMINAL DAMAGE","TO VEHICLE","STREET","false","true","1011","010","24","29","14","1152574","1893928","2026","2026-08-30T15:48:44.000","41.864797354","-87.715376489","
,  
(41.864797354, -87.715376489)"
"14302656","JK384417","2026-08-22T20:30:00.000","054XX N WINTHROP AVE","1320","CRIMINAL DAMAGE","TO VEHICLE","RESIDENCE","false","false","2023","020","48","77","14","1167890","1936228","2026","2026-08-30T15:48:44.000","41.980554579","-87.657928425","
,  
(41.980554579, -87.657928425)"
"14302770","JK384647","2026-08-22T20:30:00.000","066XX S LANGLEY AVE","1320","CRIMINAL DAMAGE","TO VEHICLE","STREET","false","false","0321","003","20","42","14","1182032","1861205","2026","2026-08-30T15:48:44.000","41.774370225","-87.608250702","
,  
(41.774370225, -87.608250702)"
"14301998","JK383536","2026-08-22T20:25:00.000","006XX N LA SALLE DR","0860","THEFT","RETAIL THEFT","DEPARTMENT STORE","true","false","1832","018","42","8","06","1175023","1904549","2026","2026-08-30T15:48:44.000","41.893469034","-87.632648229","
,  
(41.893469034, -87.632648229)"
"14302657","JK384451","2026-08-22T20:20:00.000","038XX S DR MARTIN LUTHER KING JR DR","2820","OTHER OFFENSE","TELEPHONE THREAT","RESIDENCE","false","true","0212","002","3","35","08A","1179488","1879570","2026","2026-08-30T15:48:44.000","41.824823912","-87.617015451","
,  
(41.824823912, -87.617015451)"
"14302088","JK383541","2026-08-22T20:20:00.000","036XX S PAULINA ST","1751","OFFENSE INVOLVING CHILDREN","CRIMINAL SEXUAL ABUSE BY FAMILY MEMBER","APARTMENT","false","true","0912","009","12","59","17","1165615","1880475","2026","2026-08-30T15:48:44.000","41.827613452","-87.667885599","
,  
(41.827613452, -87.667885599)"
"14301981","JK383528","2026-08-22T20:17:00.000","018XX S LAFLIN ST","0560","ASSAULT","SIMPLE","STREET","false","false","1233","012","25","31","08A","1166665","1891074","2026","2026-08-30T15:48:44.000","41.856675746","-87.663730116","
,  
(41.856675746, -87.663730116)"
"14302122","JK383736","2026-08-22T20:15:00.000","012XX S MICHIGAN AVE","0545","ASSAULT","PROTECTED EMPLOYEE - HANDS, FISTS, FEET, NO / MINOR INJURY","STREET","false","false","0131","001","34","33","08A","1177418","1894937","2026","2026-08-30T15:48:44.000","41.86703917","-87.624144053","
,  
(41.86703917, -87.624144053)"
"14301964","JK383527","2026-08-22T20:15:00.000","028XX S CALIFORNIA AVE","0460","BATTERY","SIMPLE","NURSING / RETIREMENT HOME","false","false","1034","010","24","30","08B","1158158","1885141","2026","2026-08-30T15:48:44.000","41.840572746","-87.695117274","
,  
(41.840572746, -87.695117274)"
"14303027","JK384828","2026-08-22T20:00:00.000","013XX S WABASH AVE","0460","BATTERY","SIMPLE","APARTMENT","true","false","0131","001","3","33","08B","1176980","1894175","2026","2026-08-30T15:48:44.000","41.864958112","-87.625775047","
,  
(41.864958112, -87.625775047)"
"14302598","JK384203","2026-08-22T20:00:00.000","010XX W FULTON MARKET","0620","BURGLARY","UNLAWFUL ENTRY","STREET","false","false","1214","012","27","28","05","1169647","1902052","2026","2026-08-30T15:48:44.000","41.886735874","-87.652465","
,  
(41.886735874, -87.652465)"
"14302642","JK384254","2026-08-22T20:00:00.000","068XX S CRANDON AVE","0710","THEFT","THEFT FROM MOTOR VEHICLE","STREET","false","false","0331","003","5","43","06","1192505","1859986","2026","2026-08-30T15:48:44.000","41.770776481","-87.569898823","
,  
(41.770776481, -87.569898823)"
"14302842","JK384683","2026-08-22T20:00:00.000","025XX S SACRAMENTO AVE","1320","CRIMINAL DAMAGE","TO VEHICLE","STREET","false","false","1033","010","25","30","14","1156765","1887023","2026","2026-08-30T15:48:44.000","41.845765462","-87.700178157","
,  
(41.845765462, -87.700178157)"
"14302311","JK383905","2026-08-22T20:00:00.000","028XX S ST LOUIS AVE","0520","ASSAULT","AGGRAVATED - KNIFE / CUTTING INSTRUMENT","APARTMENT","true","true","1032","010","22","30","04A","1153494","1884982","2026","2026-08-30T15:48:44.000","41.840230257","-87.712236684","
,  
(41.840230257, -87.712236684)"
"14302133","JK383553","2026-08-22T20:00:00.000","107XX S INDIANA AVE","051A","ASSAULT","AGGRAVATED - HANDGUN","APARTMENT","false","false","0513","005","9","49","04A","1179485","1833718","2026","2026-08-30T15:48:44.000","41.69900114","-87.618424486","
,  
(41.69900114, -87.618424486)"
"14302478","JK383993","2026-08-22T20:00:00.000","032XX W FULTON BLVD","0430","BATTERY","AGGRAVATED - OTHER DANGEROUS WEAPON","STREET","false","false","1123","011","28","27","04B","1154820","1901819","2026","2026-08-30T15:48:44.000","41.886406416","-87.706919954","
,  
(41.886406416, -87.706919954)"
"14301957","JK383530","2026-08-22T20:00:00.000","068XX S RIDGELAND AVE","1310","CRIMINAL DAMAGE","TO PROPERTY","APARTMENT","false","true","0332","003","5","43","14","1189044","1860045","2026","2026-08-30T15:48:44.000","41.771021985","-87.582583431","
,  
(41.771021985, -87.582583431)"
"14302010","JK383503","2026-08-22T19:57:00.000","113XX S AVENUE M","051B","ASSAULT","AGGRAVATED - OTHER FIREARM","STREET","false","false","0433","004","10","52","04A","1201564","1830418","2026","2026-08-30T15:48:44.000","41.689414292","-87.537694644","
,  
(41.689414292, -87.537694644)"
"14302075","JK383548","2026-08-22T19:56:00.000","034XX N PACIFIC AVE","502R","OTHER OFFENSE","VEHICLE TITLE / REGISTRATION OFFENSE","STREET","true","false","1631","016","38","17","26","1122142","1921728","2026","2026-08-30T15:48:44.000","41.941631425","-87.82649184","
,  
(41.941631425, -87.82649184)"
"14302104","JK383571","2026-08-22T19:56:00.000","044XX N GREENVIEW AVE","5002","OTHER OFFENSE","OTHER VEHICLE OFFENSE","STREET","false","false","1912","019","47","3","26","1165278","1929477","2026","2026-08-30T15:48:44.000","41.962085702","-87.667727297","
,  
(41.962085702, -87.667727297)"
"14302103","JK383519","2026-08-22T19:55:00.000","010XX N LAVERGNE AVE","143A","WEAPONS VIOLATION","UNLAWFUL POSSESSION - HANDGUN","ALLEY","true","false","1531","015","37","25","15","1142833","1906663","2026","2026-08-30T15:48:44.000","41.899930599","-87.750818818","
,  
(41.899930599, -87.750818818)"
"14302053","JK383568","2026-08-22T19:49:00.000","0000X W GRAND AVE","1310","CRIMINAL DAMAGE","TO PROPERTY","RESTAURANT","false","false","1831","018","42","8","14","1176145","1903899","2026","2026-08-30T15:48:44.000","41.891660183","-87.628547174","
,  
(41.891660183, -87.628547174)"
"14304294","JK386302","2026-08-22T19:45:00.000","004XX N LAVERGNE AVE","1750","OFFENSE INVOLVING CHILDREN","CHILD ABUSE","APARTMENT","false","true","1532","015","37","25","08B","1142959","1902445","2026","2026-08-30T15:48:44.000","41.888353566","-87.750461261","
,  
(41.888353566, -87.750461261)"
"14304576","JK386781","2026-08-22T19:45:00.000","034XX N HALSTED ST","1241","DECEPTIVE PRACTICE","AGGRAVATED COMPUTER TAMPERING","CONVENIENCE STORE","false","false","1925","019","44","6","11","1170319","1922907","2026","2026-08-30T15:48:44.000","41.943948446","-87.649386514","
,  
(41.943948446, -87.649386514)"
"14301923","JK383488","2026-08-22T19:41:00.000","109XX S MICHIGAN AVE","4650","OTHER OFFENSE","SEX OFFENDER - FAIL TO REGISTER","STREET","false","false","0513","005","9","49","26","1178854","1832444","2026","2026-08-30T15:48:44.000","41.695519455","-87.620773493","
,  
(41.695519455, -87.620773493)"
"14301945","JK383512","2026-08-22T19:39:00.000","010XX E 111TH ST","3710","INTERFERENCE WITH PUBLIC OFFICER","RESIST / OBSTRUCT / DISARM OFFICER","PARKING LOT / GARAGE (NON RESIDENTIAL)","true","false","0513","005","9","50","24","1184891","1831392","2026","2026-08-30T15:48:44.000","41.692493455","-87.598703055","
,  
(41.692493455, -87.598703055)"
"14301960","JK383521","2026-08-22T19:30:00.000","0000X S STATE ST","0860","THEFT","RETAIL THEFT","DEPARTMENT STORE","false","false","0112","001","34","32","06","1176389","1900278","2026","2026-08-30T15:48:44.000","41.88171846","-87.627760426","
,  
(41.88171846, -87.627760426)"
"14302014","JK383489","2026-08-22T19:30:00.000","048XX S VINCENNES AVE","1310","CRIMINAL DAMAGE","TO PROPERTY","APARTMENT","false","true","0223","002","3","38","14","1180404","1872863","2026","2026-08-30T15:48:44.000","41.806398362","-87.613860969","
,  
(41.806398362, -87.613860969)"
"14302836","JK384481","2026-08-22T19:30:00.000","002XX N LOCKWOOD AVE","0930","MOTOR VEHICLE THEFT","THEFT / RECOVERY - AUTOMOBILE","VACANT LOT / LAND","false","false","1523","015","37","25","07","1141004","1901121","2026","2026-08-30T15:48:44.000","41.884756562","-87.757673427","
,  
(41.884756562, -87.757673427)"
"14301907","JK383501","2026-08-22T19:30:00.000","062XX S SANGAMON ST","0910","MOTOR VEHICLE THEFT","AUTOMOBILE","STREET","false","false","0712","007","16","68","07","1171061","1863180","2026","2026-08-30T15:48:44.000","41.780036648","-87.648410639","
,  
(41.780036648, -87.648410639)"
"14302381","JK384042","2026-08-22T19:30:00.000","097XX S DOBSON AVE","0910","MOTOR VEHICLE THEFT","AUTOMOBILE","STREET","false","false","0511","005","8","50","07","1184927","1840641","2026","2026-08-30T15:48:44.000","41.71787301","-87.598282223","
,  
(41.71787301, -87.598282223)"
"14302281","JK383853","2026-08-22T19:30:00.000","0000X W 113TH ST","0496","BATTERY","AGGRAVATED DOMESTIC BATTERY - KNIFE / CUTTING INSTRUMENT","APARTMENT","false","true","0522","005","9","49","04B","1178028","1830041","2026","2026-08-30T15:48:44.000","41.688943986","-87.623870206","
,  
(41.688943986, -87.623870206)"
"14301970","JK383498","2026-08-22T19:27:00.000","036XX S PAULINA ST","0470","PUBLIC PEACE VIOLATION","RECKLESS CONDUCT","STREET","true","false","0912","009","12","59","24","1165609","1880686","2026","2026-08-30T15:48:44.000","41.828192586","-87.667901616","
,  
(41.828192586, -87.667901616)"
"14302895","JK383480","2026-08-22T19:20:00.000","077XX S LOOMIS BLVD","0583","STALKING","CYBERSTALKING","RESIDENCE","false","true","0612","006","17","71","08A","1168338","1853508","2026","2026-08-30T15:48:44.000","41.753554512","-87.658671689","
,  
(41.753554512, -87.658671689)"
"14302045","JK383479","2026-08-22T19:19:00.000","0000X W CERMAK RD","0454","BATTERY","AGGRAVATED P.O. - HANDS, FISTS, FEET, NO / MINOR INJURY","STREET","false","false","0131","001","3","33","08B","1176383","1889778","2026","2026-08-30T15:48:44.000","41.852905928","-87.628099201","
,  
(41.852905928, -87.628099201)"
"14303414","JK385211","2026-08-22T19:10:00.000","003XX W 35TH ST","0820","THEFT","$500 AND UNDER","SPORTS ARENA / STADIUM","false","false","0915","009","11","34","06","1174431","1881739","2026","2026-08-30T15:48:44.000","41.830890037","-87.635503335","
,  
(41.830890037, -87.635503335)"
"14301951","JK383481","2026-08-22T19:10:00.000","006XX E 92ND PL","0486","BATTERY","DOMESTIC BATTERY SIMPLE","VACANT LOT / LAND","false","true","0633","006","8","44","08B","1182024","1843778","2026","2026-08-30T15:48:44.000","41.726548841","-87.608817975","
,  
(41.726548841, -87.608817975)"
"14301900","JK383450","2026-08-22T19:08:00.000","039XX W MONROE ST","1310","CRIMINAL DAMAGE","TO PROPERTY","APARTMENT","false","false","1122","011","28","26","14","1150090","1899369","2026","2026-08-30T15:48:44.000","41.879776783","-87.724353626","
,  
(41.879776783, -87.724353626)"
"14302036","JK383584","2026-08-22T19:07:00.000","095XX S WENTWORTH AVE","1310","CRIMINAL DAMAGE","TO PROPERTY","RESIDENCE","false","false","0511","005","9","49","14","1176627","1841738","2026","2026-08-30T15:48:44.000","41.721073762","-87.628648785","
,  
(41.721073762, -87.628648785)"
"14301990","JK383483","2026-08-22T19:05:00.000","0000X W 69TH ST","143A","WEAPONS VIOLATION","UNLAWFUL POSSESSION - HANDGUN","CTA TRAIN","true","false","0722","007","6","69","15","1177279","1859276","2026","2026-08-30T15:48:44.000","41.769185486","-87.625732415","
,  
(41.769185486, -87.625732415)"
"14302124","JK383683","2026-08-22T19:04:00.000","082XX S COTTAGE GROVE AVE","0320","ROBBERY","STRONG ARM - NO WEAPON","SMALL RETAIL STORE","false","false","0631","006","8","44","03","1182994","1850464","2026","2026-08-30T15:48:44.000","41.744873522","-87.605057557","
,  
(41.744873522, -87.605057557)"
"14301940","JK383444","2026-08-22T19:01:00.000","040XX W 21ST ST","0520","ASSAULT","AGGRAVATED - KNIFE / CUTTING INSTRUMENT","APARTMENT","true","true","1012","010","24","29","04A","1149767","1889785","2026","2026-08-30T15:48:44.000","41.853483443","-87.725788701","
,  
(41.853483443, -87.725788701)"
"14302346","JK383529","2026-08-22T19:00:00.000","047XX N WESTERN AVE","0918","MOTOR VEHICLE THEFT","CYCLE, SCOOTER, BIKE NO VIN","ALLEY","false","false","1911","019","47","4","07","1159515","1931346","2026","2026-08-30T15:48:44.000","41.967335221","-87.688863767","
,  
(41.967335221, -87.688863767)"
"14301842","JK383447","2026-08-22T19:00:00.000","006XX N LA SALLE DR","1320","CRIMINAL DAMAGE","TO VEHICLE","STREET","false","false","1832","018","42","8","14","1175014","1904906","2026","2026-08-30T15:48:44.000","41.894448863","-87.632670576","
,  
(41.894448863, -87.632670576)"
"14302726","JK384253","2026-08-22T19:00:00.000","009XX N WASHTENAW AVE","0910","MOTOR VEHICLE THEFT","AUTOMOBILE","STREET","false","false","1211","012","36","24","07","1158219","1906340","2026","2026-08-30T15:48:44.000","41.898743677","-87.694314321","
,  
(41.898743677, -87.694314321)"
"14301943","JK383484","2026-08-22T19:00:00.000","039XX N SHERIDAN RD","0460","BATTERY","SIMPLE","SMALL RETAIL STORE","false","false","1923","019","46","6","08B","1168891","1926522","2026","2026-08-30T15:48:44.000","41.953899296","-87.654529924","
,  
(41.953899296, -87.654529924)"
"14301885","JK383496","2026-08-22T19:00:00.000","015XX E 55TH ST","0910","MOTOR VEHICLE THEFT","AUTOMOBILE","STREET","false","false","0234","002","5","41","07","1187444","1868839","2026","2026-08-30T15:48:44.000","41.795191599","-87.588168999","
,  
(41.795191599, -87.588168999)"
"14302427","JK384013","2026-08-22T19:00:00.000","057XX S MARYLAND AVE","0460","BATTERY","SIMPLE","HOSPITAL BUILDING / GROUNDS","false","true","0235","002","5","41","08B","1182884","1867132","2026","2026-08-30T15:48:44.000","41.790614695","-87.604943402","
,  
(41.790614695, -87.604943402)"
"14303014","JK384847","2026-08-22T19:00:00.000","057XX S STONY ISLAND AVE","1320","CRIMINAL DAMAGE","TO VEHICLE","STREET","false","false","0235","002","5","41","14","1187859","1867193","2026","2026-08-30T15:48:44.000","41.790664972","-87.586699633","
,  
(41.790664972, -87.586699633)"
"14302034","JK383544","2026-08-22T19:00:00.000","015XX S DRAKE AVE","0610","BURGLARY","FORCIBLE ENTRY","APARTMENT","false","true","1021","010","24","29","05","1152956","1892212","2026","2026-08-30T15:48:44.000","41.860080901","-87.714019599","
,  
(41.860080901, -87.714019599)"
"14302522","JK384124","2026-08-22T19:00:00.000","036XX W 26TH ST","0880","THEFT","PURSE-SNATCHING","SIDEWALK","false","false","1013","010","22","30","06","1152681","1886488","2026","2026-08-30T15:48:44.000","41.844379002","-87.715180312","
,  
(41.844379002, -87.715180312)"
"14302043","JK383467","2026-08-22T18:59:00.000","071XX S YATES BLVD","1310","CRIMINAL DAMAGE","TO PROPERTY","RESIDENCE","false","true","0334","003","7","43","14","1193451","1857997","2026","2026-08-30T15:48:44.000","41.765295424","-87.566496216","
,  
(41.765295424, -87.566496216)"
"14302057","JK383499","2026-08-22T18:58:00.000","003XX N MICHIGAN AVE","0820","THEFT","$500 AND UNDER","SMALL RETAIL STORE","false","false","0114","001","42","32","06","1177247","1902308","2026","2026-08-30T15:48:44.000","41.887269488","-87.624548344","
,  
(41.887269488, -87.624548344)"
"14302060","JK383452","2026-08-22T18:55:00.000","108XX S DOTY AVE W","0312","ROBBERY","ARMED - KNIFE / CUTTING INSTRUMENT","SMALL RETAIL STORE","false","false","0513","005","9","50","03","1185671","1833253","2026","2026-08-30T15:48:44.000","41.697581984","-87.595789035","
,  
(41.697581984, -87.595789035)"
"14302049","JK383439","2026-08-22T18:53:00.000","130XX S GREENWOOD AVE","0486","BATTERY","DOMESTIC BATTERY SIMPLE","STREET","false","true","0533","005","10","54","08B","1185377","1819012","2026","2026-08-30T15:48:44.000","41.658509652","-87.597310908","
,  
(41.658509652, -87.597310908)"
"14301975","JK383486","2026-08-22T18:50:00.000","048XX W NORTH AVE","0930","MOTOR VEHICLE THEFT","THEFT / RECOVERY - AUTOMOBILE","PARKING LOT / GARAGE (NON RESIDENTIAL)","true","false","2533","025","37","25","07","1143915","1910200","2026","2026-08-30T15:48:44.000","41.909616287","-87.746755729","
,  
(41.909616287, -87.746755729)"
"14302041","JK383495","2026-08-22T18:50:00.000","082XX S DR MARTIN LUTHER KING JR DR","0430","BATTERY","AGGRAVATED - OTHER DANGEROUS WEAPON","GAS STATION","true","false","0631","006","6","44","04B","1180338","1850357","2026","2026-08-30T15:48:44.000","41.744641174","-87.614792711","
,  
(41.744641174, -87.614792711)"
"14302904","JK384707","2026-08-22T18:50:00.000","044XX S KEDZIE AVE","0530","ASSAULT","AGGRAVATED - OTHER DANGEROUS WEAPON","SIDEWALK","false","false","0821","008","12","58","04A","1155770","1874955","2026","2026-08-30T15:48:44.000","41.812669441","-87.704154102","
,  
(41.812669441, -87.704154102)"
"14302207","JK383653","2026-08-22T18:45:00.000","020XX N LAMON AVE","0281","CRIMINAL SEXUAL ASSAULT","NON-AGGRAVATED","APARTMENT","false","false","2522","025","26","19","02","1143368","1913154","2026","2026-08-30T15:48:44.000","41.917732625","-87.748691225","
,  
(41.917732625, -87.748691225)"
"14302228","JK383771","2026-08-22T18:45:00.000","075XX S COTTAGE GROVE AVE","0460","BATTERY","SIMPLE","STREET","false","false","0624","006","6","69","08B","1182866","1855292","2026","2026-08-30T15:48:44.000","41.758125035","-87.605376887","
,  
(41.758125035, -87.605376887)"
"14301938","JK383463","2026-08-22T18:43:00.000","031XX N CLARK ST","0860","THEFT","RETAIL THEFT","SMALL RETAIL STORE","true","false","1933","019","44","6","06","1170283","1920956","2026","2026-08-30T15:48:44.000","41.93859561","-87.649576033","
,  
(41.93859561, -87.649576033)"
"14302016","JK383445","2026-08-22T18:42:00.000","032XX N MILWAUKEE AVE","0312","ROBBERY","ARMED - KNIFE / CUTTING INSTRUMENT","SMALL RETAIL STORE","false","false","1732","017","30","21","03","1149862","1921156","2026","2026-08-30T15:48:44.000","41.939566852","-87.724623088","
,  
(41.939566852, -87.724623088)"
"14302062","JK383435","2026-08-22T18:40:00.000","011XX N DEARBORN ST","1310","CRIMINAL DAMAGE","TO PROPERTY","SMALL RETAIL STORE","false","false","1824","018","2","8","14","1175735","1907755","2026","2026-08-30T15:48:44.000","41.902250473","-87.629936798","
,  
(41.902250473, -87.629936798)"
"14302131","JK383714","2026-08-22T18:40:00.000","069XX S WOLCOTT AVE","0620","BURGLARY","UNLAWFUL ENTRY","RESIDENCE","false","false","0735","007","17","67","05","1164884","1858703","2026","2026-08-30T15:48:44.000","41.767883945","-87.671182843","
,  
(41.767883945, -87.671182843)"
"14301901","JK383431","2026-08-22T18:36:00.000","005XX S CALIFORNIA AVE","0560","ASSAULT","SIMPLE","APARTMENT","false","true","1135","011","27","27","08A","1157793","1897530","2026","2026-08-30T15:48:44.000","41.874576918","-87.696119286","
,  
(41.874576918, -87.696119286)"
"14302710","JK384504","2026-08-22T18:35:00.000","016XX N FAIRFIELD AVE","0560","ASSAULT","SIMPLE","SIDEWALK","false","false","1421","014","26","24","08A","1157785","1910833","2026","2026-08-30T15:48:44.000","41.911081705","-87.695785734","
,  
(41.911081705, -87.695785734)"
"14307581","JK390740","2026-08-22T18:35:00.000","008XX W FULTON MARKET","0486","BATTERY","DOMESTIC BATTERY SIMPLE","STREET","false","true","1214","012","27","28","08B","1170918","1902084","2026","2026-08-30T15:48:44.000","41.886795916","-87.64779665","
,  
(41.886795916, -87.64779665)"
"14302052","JK383456","2026-08-22T18:30:00.000","006XX E 103RD PL","0630","BURGLARY","ATTEMPT FORCIBLE ENTRY","APARTMENT","false","false","0512","005","9","49","05","1182237","1836468","2026","2026-08-30T15:48:44.000","41.706484372","-87.608263246","
,  
(41.706484372, -87.608263246)"
"14302343","JK383974","2026-08-22T18:30:00.000","025XX W 50TH ST","0486","BATTERY","DOMESTIC BATTERY SIMPLE","RESIDENCE","false","true","0923","009","15","63","08B","1160373","1871438","2026","2026-08-30T15:48:44.000","41.802924631","-87.687367104","
,  
(41.802924631, -87.687367104)"
"14301980","JK383453","2026-08-22T18:30:00.000","083XX S STONY ISLAND AVE","0860","THEFT","RETAIL THEFT","GAS STATION","true","false","0412","004","8","45","06","1188253","1850180","2026","2026-08-30T15:48:44.000","41.743970443","-87.585797123","
,  
(41.743970443, -87.585797123)"
"14303165","JK383844","2026-08-22T18:30:00.000","009XX W VAN BUREN ST","0910","MOTOR VEHICLE THEFT","AUTOMOBILE","STREET","false","false","1232","012","34","28","07","1170321","1898374","2026","2026-08-30T15:48:44.000","41.876628485","-87.650097441","
,  
(41.876628485, -87.650097441)"
"14303353","JK385264","2026-08-22T18:30:00.000","028XX N HALSTED ST","0910","MOTOR VEHICLE THEFT","AUTOMOBILE","RESIDENCE - GARAGE","false","false","1933","019","44","6","07","1170438","1919268","2026","2026-08-30T15:48:44.000","41.933960272","-87.649055893","
,  
(41.933960272, -87.649055893)"
"14303357","JK385161","2026-08-22T18:30:00.000","036XX N LINCOLN AVE","0610","BURGLARY","FORCIBLE ENTRY","COMMERCIAL / BUSINESS OFFICE","false","false","1922","019","47","5","05","1163419","1924450","2026","2026-08-30T15:48:44.000","41.948330795","-87.674704097","
,  
(41.948330795, -87.674704097)"
"14303855","JK385972","2026-08-22T18:30:00.000","033XX W 30TH ST","1320","CRIMINAL DAMAGE","TO VEHICLE","STREET","false","false","1032","010","22","30","14","1154665","1884543","2026","2026-08-30T15:48:44.000","41.839002271","-87.70795129","
,  
(41.839002271, -87.70795129)"
"14301872","JK383416","2026-08-22T18:07:00.000","063XX N WESTERN AVE","0460","BATTERY","SIMPLE","RESTAURANT","true","false","2413","024","50","2","08B","1159168","1942004","2026","2026-08-30T15:48:44.000","41.996588393","-87.689845238","
,  
(41.996588393, -87.689845238)"
"14301820","JK383404","2026-08-22T18:05:00.000","011XX W 63RD ST","1330","CRIMINAL TRESPASS","TO LAND","GAS STATION","true","false","0724","007","16","68","26","1169601","1863016","2026","2026-08-30T15:48:44.000","41.779618399","-87.653767961","
,  
(41.779618399, -87.653767961)"
"14301889","JK383448","2026-08-22T18:05:00.000","023XX N PARKSIDE AVE","0430","BATTERY","AGGRAVATED - OTHER DANGEROUS WEAPON","STREET","false","false","2515","025","36","19","04B","1138331","1914892","2026","2026-08-30T15:48:44.000","41.922594628","-87.767155466","
,  
(41.922594628, -87.767155466)"
"14301841","JK383411","2026-08-22T18:04:00.000","052XX W CRYSTAL ST","0486","BATTERY","DOMESTIC BATTERY SIMPLE","APARTMENT","false","true","2532","025","37","25","08B","1141137","1907822","2026","2026-08-30T15:48:44.000","41.903142462","-87.75701974","
,  
(41.903142462, -87.75701974)"
"14301903","JK383415","2026-08-22T18:02:00.000","047XX N MAGNOLIA AVE","0460","BATTERY","SIMPLE","STREET","true","false","1913","019","46","3","08B","1167033","1931689","2026","2026-08-30T15:48:44.000","41.96811792","-87.661211122","
,  
(41.96811792, -87.661211122)"
"14302493","JK384201","2026-08-22T18:00:00.000","013XX W FULTON ST","0910","MOTOR VEHICLE THEFT","AUTOMOBILE","STREET","false","false","1215","012","27","28","07","1167599","1901998","2026","2026-08-30T15:48:44.000","41.886632038","-87.659987308","
,  
(41.886632038, -87.659987308)"
"14301882","JK383494","2026-08-22T18:00:00.000","048XX N SPAULDING AVE","1305","CRIMINAL DAMAGE","CRIMINAL DEFACEMENT","STREET","false","false","1713","017","33","14","14","1153508","1931893","2026","2026-08-30T15:48:44.000","41.968958087","-87.710936304","
,  
(41.968958087, -87.710936304)"
"14302328","JK383942","2026-08-22T18:00:00.000","065XX S STONY ISLAND AVE","0820","THEFT","$500 AND UNDER","STREET","false","false","0321","003","5","42","06","1188017","1861726","2026","2026-08-30T15:48:44.000","41.775659328","-87.586294455","
,  
(41.775659328, -87.586294455)"
"14302821","JK384629","2026-08-22T18:00:00.000","013XX N HALSTED ST","0910","MOTOR VEHICLE THEFT","AUTOMOBILE","APARTMENT","false","false","1822","018","27","8","07","1170772","1908930","2026","2026-08-30T15:48:44.000","41.905584961","-87.648132017","
,  
(41.905584961, -87.648132017)"
"14302061","JK383427","2026-08-22T17:54:00.000","059XX S ROCKWELL ST","0486","BATTERY","DOMESTIC BATTERY SIMPLE","STREET","true","true","0824","008","16","66","08B","1160058","1865137","2026","2026-08-30T15:48:44.000","41.78564034","-87.688695643","
,  
(41.78564034, -87.688695643)"
"14301952","JK383400","2026-08-22T17:50:00.000","088XX S ASHLAND AVE","0460","BATTERY","SIMPLE","SMALL RETAIL STORE","false","false","2221","022","18","71","08B","1167221","1845934","2026","2026-08-30T15:48:44.000","41.732794335","-87.662981316","
,  
(41.732794335, -87.662981316)"
"14302059","JK383516","2026-08-22T17:45:00.000","010XX W NORTH AVE","0560","ASSAULT","SIMPLE","COMMERCIAL / BUSINESS OFFICE","false","false","1811","018","32","7","08A","1169007","1910823","2026","2026-08-30T15:48:44.000","41.91081797","-87.654560398","
,  
(41.91081797, -87.654560398)"
"14301828","JK383367","2026-08-22T17:41:00.000","006XX W OAKDALE AVE","0620","BURGLARY","UNLAWFUL ENTRY","APARTMENT","false","false","1934","019","44","6","05","1171397","1919860","2026","2026-08-30T15:48:44.000","41.935563687","-87.64551417","
,  
(41.935563687, -87.64551417)"
"14301824","JK383372","2026-08-22T17:39:00.000","014XX W 71ST ST","1320","CRIMINAL DAMAGE","TO VEHICLE","RESIDENCE","false","false","0734","007","17","67","14","1167718","1857657","2026","2026-08-30T15:48:44.000","41.764953244","-87.660824904","
,  
(41.764953244, -87.660824904)"
"14301879","JK383410","2026-08-22T17:34:00.000","013XX W THORNDALE AVE","0560","ASSAULT","SIMPLE","APARTMENT","false","false","2013","020","48","77","08A","1166253","1939639","2026","2026-08-30T15:48:44.000","41.989949719","-87.663850651","
,  
(41.989949719, -87.663850651)"
"14301852","JK383363","2026-08-22T17:30:00.000","028XX W OGDEN AVE","143A","WEAPONS VIOLATION","UNLAWFUL POSSESSION - HANDGUN","PARK PROPERTY","true","false","1022","010","24","29","15","1157704","1892591","2026","2026-08-30T15:48:44.000","41.861025612","-87.696580566","
,  
(41.861025612, -87.696580566)"
"14308545","JK387221","2026-08-22T17:30:00.000","063XX W DEVON AVE","1780","OFFENSE INVOLVING CHILDREN","OTHER OFFENSE","PARK PROPERTY","false","true","1611","016","45","10","20",,,"2026","2026-08-30T15:48:44.000",,,
"14301942","JK383523","2026-08-22T17:24:00.000","006XX W 79TH ST","1822","NARCOTICS","MANUFACTURE / DELIVER - CANNABIS OVER 10 GRAMS","STREET","true","false","0621","006","6","71","18","1173209","1852503","2026","2026-08-30T15:48:44.000","41.750690461","-87.640850909","
,  
(41.750690461, -87.640850909)"
"14301895","JK383362","2026-08-22T17:24:00.000","048XX S WESTERN BLVD","0560","ASSAULT","SIMPLE","APARTMENT","false","false","0931","009","15","61","08A","1161345","1872337","2026","2026-08-30T15:48:44.000","41.805371499","-87.683777403","
,  
(41.805371499, -87.683777403)"
"14302009","JK383377","2026-08-22T17:23:00.000","006XX E 77TH ST","0496","BATTERY","AGGRAVATED DOMESTIC BATTERY - KNIFE / CUTTING INSTRUMENT","APARTMENT","true","true","0624","006","6","69","04B","1181710","1854090","2026","2026-08-30T15:48:44.000","41.754853385","-87.609650524","
,  
(41.754853385, -87.609650524)"
"14302331","JK383892","2026-08-22T17:17:00.000","062XX S ST LAWRENCE AVE","2825","OTHER OFFENSE","HARASSMENT BY TELEPHONE","APARTMENT","false","false","0313","003","20","42","26","1181307","1863785","2026","2026-08-30T15:48:44.000","41.781466736","-87.610828936","
,  
(41.781466736, -87.610828936)"
"14302048","JK383576","2026-08-22T17:15:00.000","0000X E DELAWARE PL","0820","THEFT","$500 AND UNDER","RESTAURANT","false","false","1833","018","42","8","06","1176296","1906628","2026","2026-08-30T15:48:44.000","41.899145291","-87.627910223","
,  
(41.899145291, -87.627910223)"
"14301873","JK383371","2026-08-22T17:13:00.000","094XX S COTTAGE GROVE AVE","0461","BATTERY","AGGRAVATED P.O. - HANDS, FISTS, FEET, SERIOUS INJURY","GAS STATION","true","false","0633","006","8","49","04B","1183219","1842280","2026","2026-08-30T15:48:44.000","41.722410468","-87.604487072","
,  
(41.722410468, -87.604487072)"
"14301810","JK383347","2026-08-22T17:13:00.000","021XX W PETERSON AVE","1330","CRIMINAL TRESPASS","TO LAND","DEPARTMENT STORE","false","false","2413","024","40","2","26","1160994","1939841","2026","2026-08-30T15:48:44.000","41.990615196","-87.683188577","
,  
(41.990615196, -87.683188577)"
"14303918","JK383366","2026-08-22T17:13:00.000","012XX S ASHLAND AVE","0330","ROBBERY","AGGRAVATED","GROCERY FOOD STORE","false","false","1233","012","28","28","03","1165916","1894587","2026","2026-08-30T15:48:44.000","41.866331725","-87.666379171","
,  
(41.866331725, -87.666379171)"
"14302438","JK384077","2026-08-22T17:00:00.000","047XX N KEYSTONE AVE","2825","OTHER OFFENSE","HARASSMENT BY TELEPHONE","APARTMENT","false","true","1722","017","39","14","26","1148547","1931030","2026","2026-08-30T15:48:44.000","41.9666874","-87.729200319","
,  
(41.9666874, -87.729200319)"
"14302910","JK384661","2026-08-22T17:00:00.000","002XX S WACKER DR","0820","THEFT","$500 AND UNDER","OTHER (SPECIFY)","false","false","0122","001","42","32","06","1173971","1899133","2026","2026-08-30T15:48:44.000","41.878630716","-87.636673298","
,  
(41.878630716, -87.636673298)"
"14301748","JK383317","2026-08-22T17:00:00.000","025XX W FULLERTON AVE","1330","CRIMINAL TRESPASS","TO LAND","SMALL RETAIL STORE","false","false","1431","014","1","22","26","1158927","1915864","2026","2026-08-30T15:48:44.000","41.924863777","-87.691452079","
,  
(41.924863777, -87.691452079)"
"14301823","JK383334","2026-08-22T17:00:00.000","016XX W 61ST ST","0560","ASSAULT","SIMPLE","APARTMENT","false","true","0714","007","16","67","08A","1166507","1864260","2026","2026-08-30T15:48:44.000","41.783098629","-87.665075517","
,  
(41.783098629, -87.665075517)"
"14303476","JK385138","2026-08-22T16:59:00.000","080XX S ST LAWRENCE AVE","0486","BATTERY","DOMESTIC BATTERY SIMPLE","STREET","false","true","0631","006","6","44","08B","1181629","1851905","2026","2026-08-30T15:48:44.000","41.748859378","-87.610014681","
,  
(41.748859378, -87.610014681)"
"14301936","JK383328","2026-08-22T16:54:00.000","047XX S MARSHFIELD AVE","3710","INTERFERENCE WITH PUBLIC OFFICER","RESIST / OBSTRUCT / DISARM OFFICER","STREET","true","false","0931","009","20","61","24","1166133","1873507","2026","2026-08-30T15:48:44.000","41.808481474","-87.666183614","
,  
(41.808481474, -87.666183614)"
"14301874","JK383322","2026-08-22T16:45:00.000","075XX N WESTERN AVE","0560","ASSAULT","SIMPLE","PARKING LOT / GARAGE (NON RESIDENTIAL)","false","false","2411","024","50","2","08A","1159016","1950060","2026","2026-08-30T15:48:44.000","42.018697444","-87.690181752","
,  
(42.018697444, -87.690181752)"
"14301888","JK383280","2026-08-22T16:34:00.000","041XX S ROCKWELL ST","0486","BATTERY","DOMESTIC BATTERY SIMPLE","RESIDENCE","false","true","0921","009","12","58","08B","1159723","1876944","2026","2026-08-30T15:48:44.000","41.818047168","-87.689599706","
,  
(41.818047168, -87.689599706)"
"14302694","JK384403","2026-08-22T16:30:00.000","0000X S MICHIGAN AVE","0870","THEFT","POCKET-PICKING","SIDEWALK","false","false","0112","001","34","32","06","1177318","1900224","2026","2026-08-30T15:48:44.000","41.881549272","-87.624350841","
,  
(41.881549272, -87.624350841)"
"14301858","JK383240","2026-08-22T16:30:00.000","013XX N LOCKWOOD AVE","0486","BATTERY","DOMESTIC BATTERY SIMPLE","APARTMENT","false","true","2532","025","37","25","08B","1140776","1908599","2026","2026-08-30T15:48:44.000","41.905281287","-87.758326653","
,  
(41.905281287, -87.758326653)"
"14306759","JK389448","2026-08-22T16:30:00.000","121XX S STATE ST","0560","ASSAULT","SIMPLE","RESIDENCE","false","false","0523","005","9","53","08A","1178436","1824632","2026","2026-08-30T15:48:44.000","41.674091652","-87.622539909","
,  
(41.674091652, -87.622539909)"
"14301996","JK383559","2026-08-22T16:30:00.000","006XX N LA SALLE DR","0860","THEFT","RETAIL THEFT","DEPARTMENT STORE","true","false","1832","018","42","8","06","1175023","1904549","2026","2026-08-30T15:48:44.000","41.893469034","-87.632648229","
,  
(41.893469034, -87.632648229)"
"14301906","JK383312","2026-08-22T16:28:00.000","052XX N MILWAUKEE AVE","0860","THEFT","RETAIL THEFT","STREET","true","false","1623","016","45","11","06","1138140","1934089","2026","2026-08-31T15:48:34.000","41.975276551","-87.767391513","
,  
(41.975276551, -87.767391513)"
"14301731","JK383249","2026-08-22T16:20:00.000","004XX S STATE ST","0820","THEFT","$500 AND UNDER","LIBRARY","false","false","0113","001","4","32","06","1176436","1898416","2026","2026-08-30T15:48:44.000","41.876607964","-87.627644063","
,  
(41.876607964, -87.627644063)"
"14301958","JK383351","2026-08-22T16:19:00.000","0000X W RANDOLPH ST","1812","NARCOTICS","POSSESS - CANNABIS MORE THAN 30 GRAMS","STREET","true","false","0111","001","42","32","18","1176113","1901284","2026","2026-08-30T15:48:44.000","41.884485203","-87.62874355","
,  
(41.884485203, -87.62874355)"
"14301856","JK383314","2026-08-22T16:15:00.000","048XX W BLOOMINGDALE AVE","0610","BURGLARY","FORCIBLE ENTRY","APARTMENT","false","true","2533","025","37","25","05","1143895","1911534","2026","2026-08-30T15:48:44.000","41.913277301","-87.746795689","
,  
(41.913277301, -87.746795689)"
"14301871","JK383358","2026-08-22T16:13:00.000","022XX E 79TH ST","1811","NARCOTICS","POSSESS - CANNABIS 30 GRAMS OR LESS","STREET","true","false","0414","004","7","43","18","1192321","1853022","2026","2026-08-30T15:48:44.000","41.751671193","-87.570799567","
,  
(41.751671193, -87.570799567)"
"14301878","JK383340","2026-08-22T16:10:00.000","046XX N LAWNDALE AVE","0496","BATTERY","AGGRAVATED DOMESTIC BATTERY - KNIFE / CUTTING INSTRUMENT","PARK PROPERTY","false","true","1723","017","33","14","04B","1150885","1930650","2026","2026-08-30T15:48:44.000","41.965599095","-87.720613772","
,  
(41.965599095, -87.720613772)"
"14302042","JK383348","2026-08-22T16:10:00.000","009XX S COLUMBUS DR","0330","ROBBERY","AGGRAVATED","PARK PROPERTY","false","false","0114","001","4","32","03","1178391","1896198","2026","2026-08-30T15:48:44.000","41.870477315","-87.620533646","
,  
(41.870477315, -87.620533646)"
"14301904","JK383352","2026-08-22T16:00:00.000","112XX S DOTY AVE W","0498","BATTERY","AGG. DOMESTIC BATTERY - HANDS, FISTS, FEET, SERIOUS INJURY","VEHICLE NON-COMMERCIAL","false","true","0531","005","9","50","04B","1184628","1830602","2026","2026-08-30T15:48:44.000","41.690331742","-87.599690565","
,  
(41.690331742, -87.599690565)"
"14301831","JK383386","2026-08-22T16:00:00.000","002XX E RANDOLPH ST","1150","DECEPTIVE PRACTICE","CREDIT CARD FRAUD","OTHER COMMERCIAL TRANSPORTATION","false","false","0114","001","42","32","11","1177923","1901223","2026","2026-08-30T15:48:44.000","41.884276844","-87.622098929","
,  
(41.884276844, -87.622098929)"
"14306708","JK389575","2026-08-22T16:00:00.000","063XX S CICERO AVE","1206","DECEPTIVE PRACTICE","THEFT BY LESSEE, MOTOR VEHICLE","STREET","false","false","0813","008","13","64","11","1145467","1862130","2026","2026-08-30T15:48:44.000","41.77767637","-87.742269586","
,  
(41.77767637, -87.742269586)"
"14301863","JK383310","2026-08-22T16:00:00.000","031XX N ODELL AVE","0486","BATTERY","DOMESTIC BATTERY SIMPLE","APARTMENT","false","true","2511","025","29","17","08B","1126536","1920098","2026","2026-08-30T15:48:44.000","41.937086076","-87.81037826","
,  
(41.937086076, -87.81037826)"
"14304948","JK387297","2026-08-22T16:00:00.000","043XX N HAZEL ST","0486","BATTERY","DOMESTIC BATTERY SIMPLE","APARTMENT","false","true","1915","019","46","3","08B","1169474","1929172","2026","2026-08-30T15:48:44.000","41.961158296","-87.652309344","
,  
(41.961158296, -87.652309344)"
"14305187","JK387409","2026-08-22T16:00:00.000","108XX S WABASH AVE","1153","DECEPTIVE PRACTICE","FINANCIAL IDENTITY THEFT OVER $ 300","RESIDENCE","false","false","0513","005","9","49","11","1178500","1833088","2026","2026-08-30T15:48:44.000","41.697294711","-87.622050127","
,  
(41.697294711, -87.622050127)"
"14301845","JK383389","2026-08-22T16:00:00.000","032XX S CALUMET AVE","1350","CRIMINAL TRESPASS","TO STATE SUP LAND","SCHOOL - PUBLIC GROUNDS","false","false","0211","002","4","35","26","1179125","1883686","2026","2026-08-30T15:48:44.000","41.836126824","-87.618221478","
,  
(41.836126824, -87.618221478)"
"14301759","JK383279","2026-08-22T16:00:00.000","003XX N LAVERGNE AVE","0910","MOTOR VEHICLE THEFT","AUTOMOBILE","PARKING LOT / GARAGE (NON RESIDENTIAL)","false","false","1532","015","28","25","07","1142984","1901704","2026","2026-08-30T15:48:44.000","41.886319707","-87.750387937","
,  
(41.886319707, -87.750387937)"
"14302020","JK383232","2026-08-22T15:54:00.000","047XX W LAWRENCE AVE","0486","BATTERY","DOMESTIC BATTERY SIMPLE","SIDEWALK","false","true","1722","017","39","16","08B","1143541","1931485","2026","2026-08-30T15:48:44.000","41.968031341","-87.747595394","
,  
(41.968031341, -87.747595394)"
"14301861","JK383203","2026-08-22T15:42:00.000","017XX W CERMAK RD","0560","ASSAULT","SIMPLE","GROCERY FOOD STORE","false","false","1034","010","25","31","08A","1164908","1889451","2026","2026-08-30T15:48:44.000","41.852259501","-87.670225243","
,  
(41.852259501, -87.670225243)"
"14301857","JK383178","2026-08-22T15:39:00.000","012XX N STATE PKWY","0860","THEFT","RETAIL THEFT","SMALL RETAIL STORE","true","false","1824","018","2","8","06","1176070","1908457","2026","2026-08-30T15:48:44.000","41.90416925","-87.628685126","
,  
(41.90416925, -87.628685126)"
"14301723","JK383170","2026-08-22T15:36:00.000","031XX W ARMITAGE AVE","0860","THEFT","RETAIL THEFT","DEPARTMENT STORE","false","false","1414","014","1","22","06","1155045","1913118","2026","2026-08-30T15:48:44.000","41.917407385","-87.70579017","
,  
(41.917407385, -87.70579017)"
"14301910","JK383259","2026-08-22T15:35:00.000","060XX S MERRIMAC AVE","0910","MOTOR VEHICLE THEFT","AUTOMOBILE","DRIVEWAY - RESIDENTIAL","false","false","0812","008","13","64","07","1135770","1863826","2026","2026-08-30T15:48:44.000","41.782507905","-87.777779496","
,  
(41.782507905, -87.777779496)"
"14301801","JK383222","2026-08-22T15:35:00.000","008XX W ADDISON ST","2093","NARCOTICS","FOUND SUSPECT NARCOTICS","PARKING LOT / GARAGE (NON RESIDENTIAL)","true","false","1923","019","44","6","18","1169826","1924123","2026","2026-08-30T15:48:44.000","41.947295978","-87.651162974","
,  
(41.947295978, -87.651162974)"
"14301922","JK383250","2026-08-22T15:35:00.000","060XX S MERRIMAC AVE","0910","MOTOR VEHICLE THEFT","AUTOMOBILE","DRIVEWAY - RESIDENTIAL","false","false","0812","008","13","64","07","1135770","1863826","2026","2026-08-30T15:48:44.000","41.782507905","-87.777779496","
,  
(41.782507905, -87.777779496)"
"14301746","JK383179","2026-08-22T15:31:00.000","064XX N SHERIDAN RD","0860","THEFT","RETAIL THEFT","DEPARTMENT STORE","true","false","2432","024","49","1","06","1167108","1942847","2026","2026-08-30T15:48:44.000","41.998734156","-87.660613118","
,  
(41.998734156, -87.660613118)"
"14303017","JK384834","2026-08-22T15:30:00.000","006XX N CLARK ST","0810","THEFT","OVER $500","BAR OR TAVERN","false","false","1832","018","42","8","06","1175423","1904628","2026","2026-08-30T15:48:44.000","41.893676841","-87.631176812","
,  
(41.893676841, -87.631176812)"
"14302573","JK384157","2026-08-22T15:30:00.000","012XX N WASHTENAW AVE","1320","CRIMINAL DAMAGE","TO VEHICLE","ALLEY","false","false","1423","014","26","24","14","1158167","1908343","2026","2026-08-30T15:48:44.000","41.904241141","-87.694450526","
,  
(41.904241141, -87.694450526)"
"14301947","JK383465","2026-08-22T15:30:00.000","068XX S MERRILL AVE","1310","CRIMINAL DAMAGE","TO PROPERTY","APARTMENT","false","false","0331","003","5","43","14","1191726","1859955","2026","2026-08-30T15:48:44.000","41.770710354","-87.572755293","
,  
(41.770710354, -87.572755293)"
"14301750","JK383257","2026-08-22T15:30:00.000","013XX W CARROLL AVE","0910","MOTOR VEHICLE THEFT","AUTOMOBILE","PARKING LOT / GARAGE (NON RESIDENTIAL)","false","false","1215","012","27","28","07","1167758","1902377","2026","2026-08-30T15:48:44.000","41.887668617","-87.659392492","
,  
(41.887668617, -87.659392492)"
"14301769","JK383205","2026-08-22T15:28:00.000","045XX N MARINE DR","0486","BATTERY","DOMESTIC BATTERY SIMPLE","SIDEWALK","true","true","1914","019","46","3","08B","1170495","1930613","2026","2026-08-30T15:48:44.000","41.965090115","-87.64851329","
,  
(41.965090115, -87.64851329)"
"14301985","JK383174","2026-08-22T15:27:00.000","011XX W JACKSON BLVD","0860","THEFT","RETAIL THEFT","SMALL RETAIL STORE","false","false","1232","012","34","28","06","1168933","1898798","2026","2026-08-30T15:48:44.000","41.877822179","-87.655181405","
,  
(41.877822179, -87.655181405)"
"14301847","JK383221","2026-08-22T15:22:00.000","023XX N LOCKWOOD AVE","0486","BATTERY","DOMESTIC BATTERY SIMPLE","APARTMENT","false","true","2515","025","36","19","08B","1140666","1915070","2026","2026-08-30T15:48:44.000","41.923040453","-87.758571429","
,  
(41.923040453, -87.758571429)"
"14301751","JK383176","2026-08-22T15:17:00.000","054XX S KEDZIE AVE","0860","THEFT","RETAIL THEFT","DEPARTMENT STORE","false","false","0923","009","14","63","06","1155977","1868216","2026","2026-08-30T15:48:44.000","41.794172544","-87.70357593","
,  
(41.794172544, -87.70357593)"
"14301708","JK383167","2026-08-22T15:15:00.000","003XX N MICHIGAN AVE","0820","THEFT","$500 AND UNDER","SIDEWALK","false","false","1834","018","42","8","06","1177313","1903023","2026","2026-08-30T15:48:44.000","41.889229989","-87.62428428","
,  
(41.889229989, -87.62428428)"
"14301752","JK383193","2026-08-22T15:12:00.000","002XX W 127TH ST","1812","NARCOTICS","POSSESS - CANNABIS MORE THAN 30 GRAMS","STREET","true","false","0523","005","9","53","18","1176847","1820710","2026","2026-08-30T15:48:44.000","41.663364882","-87.628473229","
,  
(41.663364882, -87.628473229)"
"14301726","JK383181","2026-08-22T15:11:00.000","037XX E FOREMAN DR","3731","INTERFERENCE WITH PUBLIC OFFICER","OBSTRUCTING IDENTIFICATION","PARK PROPERTY","true","false","0432","004","10","52","24","1202811","1842466","2026","2026-08-30T15:48:44.000","41.722443283","-87.53271944","
,  
(41.722443283, -87.53271944)"
"14301929","JK383162","2026-08-22T15:10:00.000","063XX S FAIRFIELD AVE","0560","ASSAULT","SIMPLE","APARTMENT","false","false","0825","008","16","66","08A","1159132","1862573","2026","2026-08-30T15:48:44.000","41.778623365","-87.692160914","
,  
(41.778623365, -87.692160914)"
"14301787","JK383139","2026-08-22T15:08:00.000","034XX W LAKE ST","0461","BATTERY","AGGRAVATED P.O. - HANDS, FISTS, FEET, SERIOUS INJURY","PARK PROPERTY","false","false","1123","011","28","27","04B","1153427","1901183","2026","2026-08-30T15:48:44.000","41.884688957","-87.712052324","
,  
(41.884688957, -87.712052324)"
"14301905","JK383330","2026-08-22T15:00:00.000","068XX S WESTERN AVE","0320","ROBBERY","STRONG ARM - NO WEAPON","STREET","false","false","0832","008","16","66","03","1161552","1859338","2026","2026-08-30T15:48:44.000","41.769696216","-87.68337861","
,  
(41.769696216, -87.68337861)"
"14301775","JK383148","2026-08-22T15:00:00.000","0000X W MONROE ST","0560","ASSAULT","SIMPLE","HOTEL / MOTEL","false","false","0112","001","34","32","08A","1176172","1899918","2026","2026-08-30T15:48:44.000","41.880735492","-87.628568091","
,  
(41.880735492, -87.628568091)"
"14301686","JK383164","2026-08-22T15:00:00.000","023XX S ARCHER AVE","0810","THEFT","OVER $500","STREET","false","false","0914","009","11","34","06","1173311","1888931","2026","2026-08-30T15:48:44.000","41.850650375","-87.639399454","
,  
(41.850650375, -87.639399454)"
"14303808","JK385870","2026-08-22T15:00:00.000","051XX W WILSON AVE","0560","ASSAULT","SIMPLE","ALLEY","false","false","1623","016","45","15","08A","1141297","1930097","2026","2026-08-30T15:48:44.000","41.964264352","-87.755880922","
,  
(41.964264352, -87.755880922)"
"14301737","JK383153","2026-08-22T15:00:00.000","055XX S ASHLAND AVE","0820","THEFT","$500 AND UNDER","COMMERCIAL / BUSINESS OFFICE","false","false","0713","007","16","67","06","1166617","1867978","2026","2026-08-30T15:48:44.000","41.79329893","-87.66456619","
,  
(41.79329893, -87.66456619)"
"14303889","JK385998","2026-08-22T15:00:00.000","023XX W JACKSON BLVD","0560","ASSAULT","SIMPLE","CHA APARTMENT","false","false","1225","012","27","28","08A","1160842","1898642","2026","2026-08-30T15:48:44.000","41.877565688","-87.684893829","
,  
(41.877565688, -87.684893829)"
"14302560","JK384310","2026-08-22T15:00:00.000","008XX W FULTON MARKET","1320","CRIMINAL DAMAGE","TO VEHICLE","PARKING LOT / GARAGE (NON RESIDENTIAL)","false","false","1214","012","27","28","14","1170591","1902075","2026","2026-08-30T15:48:44.000","41.886778382","-87.648997736","
,  
(41.886778382, -87.648997736)"
"14302326","JK383971","2026-08-22T15:00:00.000","027XX N PINE GROVE AVE","0890","THEFT","FROM BUILDING","APARTMENT","false","false","1935","019","43","7","06","1172652","1918576","2026","2026-08-30T15:48:44.000","41.932012618","-87.640940116","
,  
(41.932012618, -87.640940116)"
"14301753","JK383287","2026-08-22T15:00:00.000","014XX W BERTEAU AVE","0820","THEFT","$500 AND UNDER","STREET","false","false","1912","019","47","6","06","1165953","1927994","2026","2026-08-30T15:48:44.000","41.958001875","-87.665288118","
,  
(41.958001875, -87.665288118)"
"14302032","JK383202","2026-08-22T15:00:00.000","077XX S HERMITAGE AVE","0530","ASSAULT","AGGRAVATED - OTHER DANGEROUS WEAPON","RESIDENCE","false","false","0611","006","17","71","04A","1166024","1853420","2026","2026-08-30T15:48:44.000","41.753362509","-87.667154177","
,  
(41.753362509, -87.667154177)"
"14301712","JK383145","2026-08-22T14:56:00.000","054XX W GRACE ST","4652","OTHER OFFENSE","SEX OFFENDER - PROHIBITED ZONE","SIDEWALK","false","false","1633","016","30","15","26","1139511","1924774","2026","2026-08-30T15:48:44.000","41.949690389","-87.762577971","
,  
(41.949690389, -87.762577971)"
"14301733","JK383115","2026-08-22T14:54:00.000","031XX W ARMITAGE AVE","0860","THEFT","RETAIL THEFT","DRUG STORE","false","false","1414","014","1","22","06","1155045","1913118","2026","2026-08-30T15:48:44.000","41.917407385","-87.70579017","
,  
(41.917407385, -87.70579017)"
"14301948","JK383155","2026-08-22T14:51:00.000","078XX S HERMITAGE AVE","051A","ASSAULT","AGGRAVATED - HANDGUN","ALLEY","false","false","0611","006","17","71","04A","1166043","1852683","2026","2026-08-30T15:48:44.000","41.751339673","-87.667105463","
,  
(41.751339673, -87.667105463)"
"14301758","JK383210","2026-08-22T14:45:00.000","018XX S ASHLAND AVE","3960","INTIMIDATION","INTIMIDATION","ALLEY","false","false","1234","012","25","31","08A","1166016","1891018","2026","2026-08-30T15:48:44.000","41.856535941","-87.666113886","
,  
(41.856535941, -87.666113886)"
"14301818","JK383237","2026-08-22T14:45:00.000","031XX N KEDZIE AVE","0810","THEFT","OVER $500","RESTAURANT","false","false","1412","014","35","21","06","1154499","1920599","2026","2026-08-30T15:48:44.000","41.937946786","-87.707595612","
,  
(41.937946786, -87.707595612)"
"14301840","JK383183","2026-08-22T14:44:00.000","016XX W 63RD ST","143A","WEAPONS VIOLATION","UNLAWFUL POSSESSION - HANDGUN","STREET","true","false","0714","007","16","67","15","1166549","1862928","2026","2026-08-30T15:48:44.000","41.779442557","-87.664959491","
,  
(41.779442557, -87.664959491)"
"14301711","JK383136","2026-08-22T14:42:00.000","023XX N CICERO AVE","0930","MOTOR VEHICLE THEFT","THEFT / RECOVERY - AUTOMOBILE","AUTO / BOAT / RV DEALERSHIP","true","false","2522","025","31","19","07","1144016","1915007","2026","2026-08-30T15:48:44.000","41.9228053","-87.746263814","
,  
(41.9228053, -87.746263814)"
"14301767","JK383109","2026-08-22T14:33:00.000","011XX S WHIPPLE ST","0910","MOTOR VEHICLE THEFT","AUTOMOBILE","STREET","false","false","1134","011","28","29","07","1156203","1894855","2026","2026-08-30T15:48:44.000","41.867268685","-87.702029327","
,  
(41.867268685, -87.702029327)"
"14301718","JK383119","2026-08-22T14:30:00.000","124XX S NORMAL AVE","1310","CRIMINAL DAMAGE","TO PROPERTY","RESIDENCE","false","false","0523","005","9","53","14","1175223","1822425","2026","2026-08-30T15:48:44.000","41.668107416","-87.634365362","
,  
(41.668107416, -87.634365362)"
"14302126","JK383614","2026-08-22T14:30:00.000","006XX W HARRISON ST","0820","THEFT","$500 AND UNDER","SIDEWALK","false","true","0124","001","34","28","06","1172257","1897564","2026","2026-08-30T15:48:44.000","41.874363279","-87.643013039","
,  
(41.874363279, -87.643013039)"
"14301670","JK383097","2026-08-22T14:30:00.000","065XX S INGLESIDE AVE","0910","MOTOR VEHICLE THEFT","AUTOMOBILE","STREET","false","false","0321","003","20","42","07","1183683","1861803","2026","2026-08-30T15:48:44.000","41.775972835","-87.602179856","
,  
(41.775972835, -87.602179856)"
"14302018","JK383473","2026-08-22T14:30:00.000","057XX S WESTERN AVE","0910","MOTOR VEHICLE THEFT","AUTOMOBILE","STREET","false","false","0824","008","15","63","07","1161349","1866617","2026","2026-08-30T15:48:44.000","41.789675","-87.683921221","
,  
(41.789675, -87.683921221)"
"14301860","JK383182","2026-08-22T14:30:00.000","076XX S KINGSTON AVE","0560","ASSAULT","SIMPLE","APARTMENT","false","false","0421","004","7","43","08A","1194517","1854898","2026","2026-08-30T15:48:44.000","41.756765393","-87.562690836","
,  
(41.756765393, -87.562690836)"
"14301714","JK383154","2026-08-22T14:25:00.000","060XX S DR MARTIN LUTHER KING JR DR","2027","NARCOTICS","POSSESS - CRACK","STREET","true","false","0311","003","20","40","18","1179958","1864989","2026","2026-08-30T15:48:44.000","41.784801626","-87.615737796","
,  
(41.784801626, -87.615737796)"
"14301680","JK383124","2026-08-22T14:15:00.000","0000X S DEARBORN ST","0460","BATTERY","SIMPLE","STREET","false","false","0112","001","34","32","08B","1175945","1900240","2026","2026-08-30T15:48:44.000","41.881624191","-87.629391908","
,  
(41.881624191, -87.629391908)"
"14301891","JK383074","2026-08-22T14:13:00.000","015XX W 99TH ST","0530","ASSAULT","AGGRAVATED - OTHER DANGEROUS WEAPON","SIDEWALK","false","false","2213","022","19","72","04A","1167836","1839087","2026","2026-08-30T15:48:44.000","41.713991963","-87.660924213","
,  
(41.713991963, -87.660924213)"
"14301713","JK383144","2026-08-22T14:12:00.000","013XX S KEDVALE AVE","0486","BATTERY","DOMESTIC BATTERY SIMPLE","APARTMENT","true","true","1011","010","24","29","08B","1148931","1893437","2026","2026-08-30T15:48:44.000","41.863521171","-87.728762763","
,  
(41.863521171, -87.728762763)"
"14302019","JK383152","2026-08-22T14:09:00.000","039XX S VINCENNES AVE","0486","BATTERY","DOMESTIC BATTERY SIMPLE","APARTMENT","false","true","0214","002","3","38","08B","1180573","1878505","2026","2026-08-30T15:48:44.000","41.821876579","-87.613067701","
,  
(41.821876579, -87.613067701)"
"14304369","JK386558","2026-08-22T14:00:00.000","017XX S LYNN WHITE DR","0910","MOTOR VEHICLE THEFT","AUTOMOBILE","PARKING LOT / GARAGE (NON RESIDENTIAL)","false","false","0132","001","4","33","07","1181331","1892152","2026","2026-08-30T15:48:44.000","41.859307373","-87.609865273","
,  
(41.859307373, -87.609865273)"
"14303160","JK383684","2026-08-22T14:00:00.000","043XX N HAZEL ST","0486","BATTERY","DOMESTIC BATTERY SIMPLE","APARTMENT","false","true","1915","019","46","3","08B","1169474","1929172","2026","2026-08-30T15:48:44.000","41.961158296","-87.652309344","
,  
(41.961158296, -87.652309344)"
"14301959","JK383449","2026-08-22T14:00:00.000","024XX W 45TH ST","2825","OTHER OFFENSE","HARASSMENT BY TELEPHONE","APARTMENT","false","false","0922","009","15","58","26","1160672","1874764","2026","2026-08-30T15:48:44.000","41.81204542","-87.686178679","
,  
(41.81204542, -87.686178679)"
"14301865","JK383187","2026-08-22T14:00:00.000","060XX W DIVERSEY AVE","1310","CRIMINAL DAMAGE","TO PROPERTY","APARTMENT","false","false","2511","025","30","19","14","1135748","1917986","2026","2026-08-30T15:48:44.000","41.931131321","-87.776572567","
,  
(41.931131321, -87.776572567)"
"14301839","JK383332","2026-08-22T14:00:00.000","013XX E HYDE PARK BLVD","0820","THEFT","$500 AND UNDER","APARTMENT","false","false","0234","002","4","41","06","1186192","1871460","2026","2026-08-30T15:48:44.000","41.802413509","-87.592677218","
,  
(41.802413509, -87.592677218)"
"14303172","JK384863","2026-08-22T14:00:00.000","071XX S KEDZIE AVE","1750","OFFENSE INVOLVING CHILDREN","CHILD ABUSE","APARTMENT","false","true","0831","008","17","66","08B","1156275","1857000","2026","2026-08-30T15:48:44.000","41.763388187","-87.702784748","
,  
(41.763388187, -87.702784748)"
"14301646","JK383090","2026-08-22T14:00:00.000","090XX S ASHLAND AVE","0820","THEFT","$500 AND UNDER","CONVENIENCE STORE","false","false","2221","022","21","73","06","1167258","1844724","2026","2026-08-30T15:48:44.000","41.729473124","-87.662880297","
,  
(41.729473124, -87.662880297)"
"14303490","JK385196","2026-08-22T14:00:00.000","036XX E 95TH ST","0820","THEFT","$500 AND UNDER","FEDERAL BUILDING","false","false","0432","004","10","52","06","1201840","1842640","2026","2026-08-30T15:48:44.000","41.722945478","-87.536270091","
,  
(41.722945478, -87.536270091)"
"14301620","JK383060","2026-08-22T13:54:00.000","040XX W LAKE ST","2024","NARCOTICS","POSSESS - HEROIN (WHITE)","SIDEWALK","true","false","1114","011","28","26","18","1149512","1901446","2026","2026-08-30T15:48:44.000","41.885487535","-87.726422045","
,  
(41.885487535, -87.726422045)"
"14301739","JK383116","2026-08-22T13:47:00.000","062XX S DORCHESTER AVE","0486","BATTERY","DOMESTIC BATTERY SIMPLE","APARTMENT","true","true","0314","003","20","42","08B","1186609","1864012","2026","2026-08-30T15:48:44.000","41.78196575","-87.59138366","
,  
(41.78196575, -87.59138366)"
"14301641","JK383046","2026-08-22T13:41:00.000","0000X E OHIO ST","1330","CRIMINAL TRESPASS","TO LAND","ALLEY","true","false","1834","018","42","8","26","1176505","1904202","2026","2026-08-30T15:48:44.000","41.892483509","-87.627215916","
,  
(41.892483509, -87.627215916)"
"14301689","JK383093","2026-08-22T13:30:00.000","083XX S PAULINA ST","1310","CRIMINAL DAMAGE","TO PROPERTY","APARTMENT","false","false","0614","006","18","71","14","1166461","1849448","2026","2026-08-30T15:48:44.000","41.742453478","-87.665665679","
,  
(41.742453478, -87.665665679)"
"14301626","JK383040","2026-08-22T13:30:00.000","027XX S WESTERN AVE","0560","ASSAULT","SIMPLE","OTHER (SPECIFY)","false","false","1034","010","12","31","08A","1160824","1885833","2026","2026-08-30T15:48:44.000","41.842416891","-87.685314897","
,  
(41.842416891, -87.685314897)"
"14301716","JK383206","2026-08-22T13:30:00.000","014XX N DEARBORN ST","0910","MOTOR VEHICLE THEFT","AUTOMOBILE","STREET","false","false","1824","018","2","8","07","1175664","1910077","2026","2026-08-30T15:48:44.000","41.908623747","-87.63012767","
,  
(41.908623747, -87.63012767)"
"14301777","JK383195","2026-08-22T13:28:00.000","002XX E RANDOLPH ST","2820","OTHER OFFENSE","TELEPHONE THREAT","VEHICLE - COMMERCIAL","false","true","0114","001","42","32","08A","1177923","1901223","2026","2026-08-30T15:48:44.000","41.884276844","-87.622098929","
,  
(41.884276844, -87.622098929)"
"14301705","JK383054","2026-08-22T13:26:00.000","062XX S COTTAGE GROVE AVE","143A","WEAPONS VIOLATION","UNLAWFUL POSSESSION - HANDGUN","STREET","true","false","0313","003","20","42","15","1182636","1863821","2026","2026-08-30T15:48:44.000","41.781534778","-87.605955453","
,  
(41.781534778, -87.605955453)"
"14301720","JK383023","2026-08-22T13:25:00.000","046XX N BROADWAY","2017","NARCOTICS","MANUFACTURE / DELIVER - CRACK","CTA PARKING LOT / GARAGE / OTHER PROPERTY","true","false","1913","019","46","3","18","1167942","1930944","2026","2026-08-30T15:48:44.000","41.966053999","-87.657890403","
,  
(41.966053999, -87.657890403)"
"14301963","JK383540","2026-08-22T13:20:00.000","039XX W FOSTER AVE","0810","THEFT","OVER $500","PARKING LOT / GARAGE (NON RESIDENTIAL)","false","false","1712","017","39","14","06","1149254","1934264","2026","2026-08-30T15:48:44.000","41.975548007","-87.72651654","
,  
(41.975548007, -87.72651654)"
"14301650","JK383045","2026-08-22T13:13:00.000","095XX S ASHLAND AVE","0460","BATTERY","SIMPLE","SIDEWALK","false","false","2213","022","21","72","08B","1167338","1841621","2026","2026-08-30T15:48:44.000","41.720956311","-87.662675794","
,  
(41.720956311, -87.662675794)"
"14301672","JK383021","2026-08-22T13:11:00.000","014XX W BALMORAL AVE","0560","ASSAULT","SIMPLE","STREET","true","false","2013","020","48","77","08A","1165311","1935954","2026","2026-08-30T15:48:44.000","41.979858124","-87.667420874","
,  
(41.979858124, -87.667420874)"
"14303509","JK385466","2026-08-22T13:10:00.000","028XX N SHEFFIELD AVE","0810","THEFT","OVER $500","SIDEWALK","false","false","1933","019","44","6","06","1169121","1919199","2026","2026-08-30T15:48:44.000","41.933799675","-87.653897806","
,  
(41.933799675, -87.653897806)"
"14301602","JK382992","2026-08-22T13:10:00.000","078XX S BISHOP ST","0486","BATTERY","DOMESTIC BATTERY SIMPLE","APARTMENT","false","true","0612","006","17","71","08B","1167916","1852847","2026","2026-08-30T15:48:44.000","41.751749708","-87.660237119","
,  
(41.751749708, -87.660237119)"
"14301654","JK383027","2026-08-22T13:05:00.000","046XX W NORTH AVE","0860","THEFT","RETAIL THEFT","DEPARTMENT STORE","true","false","2533","025","37","25","06","1145011","1910225","2026","2026-08-30T15:48:44.000","41.909664252","-87.742728815","
,  
(41.909664252, -87.742728815)"
"14301660","JK383020","2026-08-22T13:00:00.000","066XX S LOWE AVE","143A","WEAPONS VIOLATION","UNLAWFUL POSSESSION - HANDGUN","STREET","true","false","0723","007","6","68","15","1173184","1860764","2026","2026-08-30T15:48:44.000","41.773360201","-87.64069877","
,  
(41.773360201, -87.64069877)"
"14302396","JK384027","2026-08-22T13:00:00.000","010XX N HERMITAGE AVE","0910","MOTOR VEHICLE THEFT","AUTOMOBILE","RESIDENCE - GARAGE","false","false","1213","012","1","24","07","1164541","1906917","2026","2026-08-30T15:48:44.000","41.900195443","-87.671077604","
,  
(41.900195443, -87.671077604)"
"14302002","JK383535","2026-08-22T13:00:00.000","007XX W BELDEN AVE","0620","BURGLARY","UNLAWFUL ENTRY","APARTMENT","false","false","1812","018","43","7","05","1171013","1915519","2026","2026-08-30T15:48:44.000","41.923660234","-87.647053076","
,  
(41.923660234, -87.647053076)"
"14301640","JK383051","2026-08-22T13:00:00.000","0000X E RANDOLPH ST","1320","CRIMINAL DAMAGE","TO VEHICLE","PARKING LOT / GARAGE (NON RESIDENTIAL)","false","false","0111","001","42","32","14","1176550","1901291","2026","2026-08-30T15:48:44.000","41.884494554","-87.627138636","
,  
(41.884494554, -87.627138636)"
"14302447","JK384169","2026-08-22T13:00:00.000","005XX E 32ND ST","1320","CRIMINAL DAMAGE","TO VEHICLE","STREET","false","false","0211","002","4","35","14","1180539","1883677","2026","2026-08-30T15:48:44.000","41.836069707","-87.613033345","
,  
(41.836069707, -87.613033345)"
"14308463","JK391864","2026-08-22T13:00:00.000","084XX S LANGLEY AVE","0820","THEFT","$500 AND UNDER","APARTMENT","false","false","0632","006","6","44","06","1182374","1849336","2026","2026-08-31T15:48:34.000","41.741792542","-87.607364172","
,  
(41.741792542, -87.607364172)"
"14301721","JK383138","2026-08-22T12:55:00.000","005XX S KOSTNER AVE","1320","CRIMINAL DAMAGE","TO VEHICLE","STREET","false","false","1131","011","28","26","14","1147140","1897299","2026","2026-08-30T15:48:44.000","41.874153389","-87.735238688","
,  
(41.874153389, -87.735238688)"
"14301611","JK382970","2026-08-22T12:46:00.000","064XX S GREEN ST","0560","ASSAULT","SIMPLE","STREET","true","false","0723","007","16","68","08A","1171744","1862143","2026","2026-08-30T15:48:44.000","41.777176043","-87.645937056","
,  
(41.777176043, -87.645937056)"
"14301683","JK382977","2026-08-22T12:45:00.000","001XX N DEARBORN ST","0560","ASSAULT","SIMPLE","STREET","false","false","0111","001","42","32","08A","1175908","1901610","2026","2026-08-30T15:48:44.000","41.885384381","-87.629486511","
,  
(41.885384381, -87.629486511)"
"14301612","JK382976","2026-08-22T12:38:00.000","121XX S INDIANA AVE","0486","BATTERY","DOMESTIC BATTERY SIMPLE","APARTMENT","false","true","0532","005","9","53","08B","1179768","1824321","2026","2026-08-30T15:48:44.000","41.673207966","-87.617674109","
,  
(41.673207966, -87.617674109)"
"14301738","JK383238","2026-08-22T12:35:00.000","001XX E CHICAGO AVE","0870","THEFT","POCKET-PICKING","RESTAURANT","false","false","1833","018","2","8","06","1177188","1905754","2026","2026-08-30T15:48:44.000","41.896726821","-87.624660488","
,  
(41.896726821, -87.624660488)"
"14301766","JK383282","2026-08-22T12:31:00.000","104XX S AVENUE F","0910","MOTOR VEHICLE THEFT","AUTOMOBILE","STREET","false","false","0432","004","10","52","07","1203487","1836391","2026","2026-08-30T15:48:44.000","41.705755747","-87.530450903","
,  
(41.705755747, -87.530450903)"
"14301802","JK383248","2026-08-22T12:30:00.000","004XX E RIVERWALK S","1330","CRIMINAL TRESPASS","TO LAND","SIDEWALK","true","false","0114","001","42","32","26","1179622","1902543","2026","2026-08-30T15:48:44.000","41.887860177","-87.615819554","
,  
(41.887860177, -87.615819554)"
"14301635","JK382990","2026-08-22T12:30:00.000","034XX W 82ND PL","0560","ASSAULT","SIMPLE","RESIDENCE","false","false","0834","008","18","70","08A","1154940","1849677","2026","2026-08-30T15:48:44.000","41.743319434","-87.707872962","
,  
(41.743319434, -87.707872962)"
"14301648","JK382997","2026-08-22T12:30:00.000","038XX W POLK ST","031A","ROBBERY","ARMED - HANDGUN","ALLEY","false","false","1133","011","24","26","03","1150967","1896093","2026","2026-08-30T15:48:44.000","41.870769953","-87.721219164","
,  
(41.870769953, -87.721219164)"
"14301575","JK382996","2026-08-22T12:30:00.000","019XX N WOOD ST","0810","THEFT","OVER $500","RESIDENCE - YARD (FRONT / BACK)","false","false","1434","014","32","22","06","1164043","1912985","2026","2026-08-30T15:48:44.000","41.916856991","-87.672735121","
,  
(41.916856991, -87.672735121)"
"14301667","JK383004","2026-08-22T12:30:00.000","003XX E 119TH ST","4387","OTHER OFFENSE","VIOLATE ORDER OF PROTECTION","APARTMENT","false","false","0532","005","9","53","26","1180172","1826116","2026","2026-08-30T15:48:44.000","41.678124496","-87.616140767","
,  
(41.678124496, -87.616140767)"
"14303656","JK385589","2026-08-22T12:30:00.000","098XX S AVENUE G DR","0710","THEFT","THEFT FROM MOTOR VEHICLE","STREET","false","false","0432","004","10","52","06","1203118","1840607","2026","2026-08-30T15:48:44.000","41.717334211","-87.531658377","
,  
(41.717334211, -87.531658377)"
"14301619","JK383011","2026-08-22T12:28:00.000","024XX W CHICAGO AVE","0860","THEFT","RETAIL THEFT","CONVENIENCE STORE","true","false","1221","012","36","24","06","1160005","1905256","2026","2026-08-30T15:48:44.000","41.895732399","-87.687784384","
,  
(41.895732399, -87.687784384)"
"14301661","JK382981","2026-08-22T12:27:00.000","008XX N DEARBORN ST","0460","BATTERY","SIMPLE","SIDEWALK","false","false","1832","018","42","8","08B","1175793","1905850","2026","2026-08-30T15:48:44.000","41.897021755","-87.629781141","
,  
(41.897021755, -87.629781141)"
"14301653","JK382986","2026-08-22T12:25:00.000","056XX W NORTH AVE","0530","ASSAULT","AGGRAVATED - OTHER DANGEROUS WEAPON","ALLEY","true","false","2531","025","29","25","04A","1138275","1910066","2026","2026-08-30T15:48:44.000","41.909352546","-87.767478226","
,  
(41.909352546, -87.767478226)"
"14301634","JK382968","2026-08-22T12:20:00.000","079XX S WHIPPLE ST","051B","ASSAULT","AGGRAVATED - OTHER FIREARM","RESIDENCE","false","false","0835","008","18","70","04A","1157425","1851825","2026","2026-08-30T15:48:44.000","41.749163967","-87.69870965","
,  
(41.749163967, -87.69870965)"
"14301609","JK383018","2026-08-22T12:15:00.000","002XX E 13TH ST","0820","THEFT","$500 AND UNDER","RESIDENCE","false","false","0132","001","3","33","06","1178209","1894489","2026","2026-08-30T15:48:44.000","41.865791863","-87.621253866","
,  
(41.865791863, -87.621253866)"
"14301604","JK382973","2026-08-22T12:15:00.000","068XX S CALUMET AVE","0560","ASSAULT","SIMPLE","APARTMENT","false","true","0322","003","6","69","08A","1179660","1859702","2026","2026-08-30T15:48:44.000","41.770300389","-87.616991853","
,  
(41.770300389, -87.616991853)"
"14301649","JK383022","2026-08-22T12:14:00.000","062XX N LINCOLN AVE","0520","ASSAULT","AGGRAVATED - KNIFE / CUTTING INSTRUMENT","DEPARTMENT STORE","false","false","1711","017","50","13","04A","1152477","1941288","2026","2026-08-30T15:48:44.000","41.994758989","-87.7144777","
,  
(41.994758989, -87.7144777)"
"14303380","JK384305","2026-08-22T12:00:00.000","123XX S PERRY AVE","0460","BATTERY","SIMPLE","RESIDENCE","false","false","0523","005","9","53","08B","1177826","1823108","2026","2026-08-30T15:48:44.000","41.669923345","-87.624818435","
,  
(41.669923345, -87.624818435)"
"14302549","JK384194","2026-08-22T12:00:00.000","0000X S MICHIGAN AVE","0870","THEFT","POCKET-PICKING","RESTAURANT","false","false","0112","001","34","32","06","1177316","1900287","2026","2026-08-30T15:48:44.000","41.881722193","-87.624356274","
,  
(41.881722193, -87.624356274)"
"14301897","JK383142","2026-08-22T12:00:00.000","109XX S EWING AVE","0560","ASSAULT","SIMPLE","RESIDENCE","false","true","0432","004","10","52","08A","1202198","1833117","2026","2026-08-30T15:48:44.000","41.696804495","-87.535282089","
,  
(41.696804495, -87.535282089)"
"14302492","JK384202","2026-08-22T12:00:00.000","017XX N MARSHFIELD AVE","0760","BURGLARY","BURGLARY FROM MOTOR VEHICLE","STREET","false","false","1433","014","32","24","06","1165074","1911683","2026","2026-08-30T15:48:44.000","41.913262365","-87.668984304","
,  
(41.913262365, -87.668984304)"
"14308731","JK392241","2026-08-22T12:00:00.000","064XX S RHODES AVE","0760","BURGLARY","BURGLARY FROM MOTOR VEHICLE","STREET","false","false","0312","003","20","42","06",,,"2026","2026-08-30T15:48:44.000",,,
"14302248","JK382922","2026-08-22T12:00:00.000","014XX S ASHLAND AVE","0810","THEFT","OVER $500","VEHICLE NON-COMMERCIAL","false","false","1233","012","28","28","06","1165961","1893018","2026","2026-08-30T15:48:44.000","41.862025293","-87.666258728","
,  
(41.862025293, -87.666258728)"
"14305450","JK387918","2026-08-22T12:00:00.000","006XX N LOCKWOOD AVE","031A","ROBBERY","ARMED - HANDGUN","ALLEY","false","false","1524","015","37","25","03","1140917","1903651","2026","2026-08-30T15:48:44.000","41.891700795","-87.75793061","
,  
(41.891700795, -87.75793061)"
"14301628","JK382924","2026-08-22T11:56:00.000","028XX W POLK ST","0560","ASSAULT","SIMPLE","RESIDENCE - YARD (FRONT / BACK)","false","false","1135","011","28","27","08A","1157471","1896242","2026","2026-08-30T15:48:44.000","41.871049071","-87.697336573","
,  
(41.871049071, -87.697336573)"
"14301631","JK382926","2026-08-22T11:50:00.000","032XX W CHICAGO AVE","0486","BATTERY","DOMESTIC BATTERY SIMPLE","PARKING LOT / GARAGE (NON RESIDENTIAL)","false","true","1121","011","27","23","08B","1154697","1905149","2026","2026-08-30T15:48:44.000","41.89554672","-87.70728242","
,  
(41.89554672, -87.70728242)"
"14301570","JK382932","2026-08-22T11:50:00.000","075XX S ESSEX AVE","1310","CRIMINAL DAMAGE","TO PROPERTY","APARTMENT","false","false","0421","004","7","43","14","1194173","1855436","2026","2026-08-30T15:48:44.000","41.758250156","-87.563933876","
,  
(41.758250156, -87.563933876)"
"14301617","JK382935","2026-08-22T11:47:00.000","109XX S DOTY AVE E","0860","THEFT","RETAIL THEFT","CONVENIENCE STORE","true","false","0513","005","10","51","06","1185667","1832643","2026","2026-08-30T15:48:44.000","41.695908161","-87.595822806","
,  
(41.695908161, -87.595822806)"
"14301579","JK382923","2026-08-22T11:40:00.000","011XX S CLARK ST","0860","THEFT","RETAIL THEFT","SMALL RETAIL STORE","true","false","0123","001","34","32","06","1175696","1895352","2026","2026-08-30T15:48:44.000","41.86821682","-87.6304532","
,  
(41.86821682, -87.6304532)"
"14301487","JK382890","2026-08-22T11:35:00.000","053XX S MICHIGAN AVE","2826","OTHER OFFENSE","HARASSMENT BY ELECTRONIC MEANS","APARTMENT","false","true","0225","002","3","40","26","1178067","1869530","2026","2026-08-30T15:48:44.000","41.797305669","-87.62253329","
,  
(41.797305669, -87.62253329)"
"14301573","JK382885","2026-08-22T11:31:00.000","048XX W NORTH AVE","0520","ASSAULT","AGGRAVATED - KNIFE / CUTTING INSTRUMENT","RESTAURANT","true","false","2533","025","37","25","04A","1143856","1910199","2026","2026-08-30T15:48:44.000","41.90961465","-87.746972497","
,  
(41.90961465, -87.746972497)"
"14301795","JK383147","2026-08-22T11:30:00.000","026XX W HIRSCH ST","2825","OTHER OFFENSE","HARASSMENT BY TELEPHONE","CHA APARTMENT","false","false","1423","014","26","24","26","1158400","1909207","2026","2026-08-30T15:48:44.000","41.906607263","-87.693570984","
,  
(41.906607263, -87.693570984)"
"14301593","JK382961","2026-08-22T11:30:00.000","010XX W BELMONT AVE","0760","BURGLARY","BURGLARY FROM MOTOR VEHICLE","STREET","false","false","1924","019","44","6","06","1168624","1921413","2026","2026-08-30T15:48:44.000","41.939885787","-87.655659933","
,  
(41.939885787, -87.655659933)"
"14301574","JK382918","2026-08-22T11:30:00.000","051XX S FEDERAL ST","1320","CRIMINAL DAMAGE","TO VEHICLE","STREET","false","false","0225","002","20","40","14","1176578","1870826","2026","2026-08-30T15:48:44.000","41.800895674","-87.627954614","
,  
(41.800895674, -87.627954614)"
"14301585","JK382942","2026-08-22T11:30:00.000","085XX S DREXEL AVE","0560","ASSAULT","SIMPLE","APARTMENT","true","true","0632","006","8","44","08A","1183716","1848511","2026","2026-08-30T15:48:44.000","41.739497479","-87.60247285","
,  
(41.739497479, -87.60247285)"
"14301497","JK382893","2026-08-22T11:24:00.000","038XX N PACIFIC AVE","0460","BATTERY","SIMPLE","DRIVEWAY - RESIDENTIAL","false","false","1631","016","38","17","08B","1122018","1924648","2026","2026-08-30T15:48:44.000","41.949646286","-87.826884189","
,  
(41.949646286, -87.826884189)"
"14301563","JK382950","2026-08-22T11:20:00.000","013XX N WASHTENAW AVE","0810","THEFT","OVER $500","RESIDENCE","false","false","1423","014","26","24","06","1158157","1908727","2026","2026-08-30T15:48:44.000","41.905295074","-87.694476753","
,  
(41.905295074, -87.694476753)"
"14305572","JK388006","2026-08-22T11:15:00.000","030XX S POPLAR AVE","0460","BATTERY","SIMPLE","PARKING LOT / GARAGE (NON RESIDENTIAL)","false","false","0913","009","11","60","08B","1171111","1884643","2026","2026-08-30T15:48:44.000","41.838932236","-87.647599484","
,  
(41.838932236, -87.647599484)"
"14303475","JK382865","2026-08-22T11:13:00.000","073XX S MORGAN ST","1320","CRIMINAL DAMAGE","TO VEHICLE","STREET","false","false","0733","007","17","68","14","1170913","1856220","2026","2026-08-30T15:48:44.000","41.760940791","-87.64915621","
,  
(41.760940791, -87.64915621)"
"14301692","JK383050","2026-08-22T11:10:00.000","005XX S WABASH AVE","0910","MOTOR VEHICLE THEFT","AUTOMOBILE","PARKING LOT / GARAGE (NON RESIDENTIAL)","false","false","0123","001","4","32","07","1176884","1897911","2026","2026-08-30T15:48:44.000","41.875212095","-87.62601445","
,  
(41.875212095, -87.62601445)"
"14301600","JK382944","2026-08-22T11:10:00.000","008XX W 76TH ST","1821","NARCOTICS","MANUFACTURE / DELIVER - CANNABIS 10 GRAMS OR LESS","APARTMENT","true","false","0621","006","17","71","18","1172119","1854463","2026","2026-08-30T15:48:44.000","41.756092956","-87.644787698","
,  
(41.756092956, -87.644787698)"
"14301504","JK382889","2026-08-22T11:05:00.000","031XX W 64TH ST","0520","ASSAULT","AGGRAVATED - KNIFE / CUTTING INSTRUMENT","ALLEY","false","false","0823","008","14","66","04A","1156375","1862019","2026","2026-08-30T15:48:44.000","41.777159072","-87.702283251","
,  
(41.777159072, -87.702283251)"
"14301522","JK382845","2026-08-22T11:00:00.000","011XX N STATE ST","1330","CRIMINAL TRESPASS","TO LAND","BANK","true","false","1824","018","2","8","26","1176076","1908222","2026","2026-08-30T15:48:44.000","41.903524264","-87.628670177","
,  
(41.903524264, -87.628670177)"
"14301501","JK382864","2026-08-22T11:00:00.000","085XX S PHILLIPS AVE","502P","OTHER OFFENSE","FALSE / STOLEN / ALTERED TRP","STREET","false","false","0423","004","7","46","26","1193983","1848892","2026","2026-08-30T15:48:44.000","41.74029755","-87.564844399","
,  
(41.74029755, -87.564844399)"
"14301517","JK382945","2026-08-22T11:00:00.000","065XX W 64TH PL","1154","DECEPTIVE PRACTICE","FINANCIAL IDENTITY THEFT $300 AND UNDER","APARTMENT","false","false","0812","008","13","64","11","1133931","1861039","2026","2026-08-30T15:48:44.000","41.774892259","-87.784587163","
,  
(41.774892259, -87.784587163)"
"14301571","JK382913","2026-08-22T11:00:00.000","047XX N TROY ST","1365","CRIMINAL TRESPASS","TO RESIDENCE","RESIDENCE","false","true","1713","017","33","14","26","1154525","1931269","2026","2026-08-30T15:48:44.000","41.96722546","-87.707213566","
,  
(41.96722546, -87.707213566)"
"14301615","JK382948","2026-08-22T11:00:00.000","009XX W DAKIN ST","0820","THEFT","$500 AND UNDER","APARTMENT","false","false","1923","019","46","6","06","1169356","1926420","2026","2026-08-30T15:48:44.000","41.953609285","-87.652823519","
,  
(41.953609285, -87.652823519)"
"14303548","JK385490","2026-08-22T11:00:00.000","012XX W 76TH ST","0560","ASSAULT","SIMPLE","SIDEWALK","false","false","0612","006","17","71","08A","1169352","1854428","2026","2026-08-30T15:48:44.000","41.756057234","-87.654929158","
,  
(41.756057234, -87.654929158)"
"14302449","JK384173","2026-08-22T10:56:00.000","060XX N KENMORE AVE","0890","THEFT","FROM BUILDING","RESIDENCE","false","false","2433","024","48","77","06","1168151","1940174","2026","2026-08-30T15:48:44.000","41.991376844","-87.656853941","
,  
(41.991376844, -87.656853941)"
"14301553","JK382860","2026-08-22T10:56:00.000","019XX W CULLERTON ST","0560","ASSAULT","SIMPLE","ALLEY","false","true","1234","012","25","31","08A","1163768","1890422","2026","2026-08-30T15:48:44.000","41.8549481","-87.674382015","
,  
(41.8549481, -87.674382015)"
"14301632","JK383031","2026-08-22T10:45:00.000","068XX S DORCHESTER AVE","0495","BATTERY","AGGRAVATED OF A SENIOR CITIZEN","ALLEY","false","false","0321","003","5","43","04B","1186720","1859858","2026","2026-08-30T15:48:44.000","41.770564193","-87.591108155","
,  
(41.770564193, -87.591108155)"
"14301629","JK382858","2026-08-22T10:41:00.000","015XX N CENTRAL AVE","0486","BATTERY","DOMESTIC BATTERY SIMPLE","RESIDENCE","false","true","2531","025","29","25","08B","1138716","1909632","2026","2026-08-30T15:48:44.000","41.908153604","-87.76586871","
,  
(41.908153604, -87.76586871)"
"14302189","JK383692","2026-08-22T10:30:00.000","031XX N LECLAIRE AVE","1310","CRIMINAL DAMAGE","TO PROPERTY","APARTMENT","false","true","2521","025","30","19","14","1141826","1920215","2026","2026-08-30T15:48:44.000","41.937137441","-87.754181438","
,  
(41.937137441, -87.754181438)"
"14301542","JK382806","2026-08-22T10:30:00.000","011XX W WILSON AVE","1330","CRIMINAL TRESPASS","TO LAND","GROCERY FOOD STORE","false","false","1913","019","46","3","26","1167833","1930701","2026","2026-08-30T15:48:44.000","41.965389556","-87.658298213","
,  
(41.965389556, -87.658298213)"
"14301584","JK382840","2026-08-22T10:30:00.000","0000X E OHIO ST","0860","THEFT","RETAIL THEFT","SMALL RETAIL STORE","false","false","1834","018","42","8","06","1176505","1904202","2026","2026-08-30T15:48:44.000","41.892483509","-87.627215916","
,  
(41.892483509, -87.627215916)"
"14301540","JK382843","2026-08-22T10:30:00.000","085XX S OGLESBY AVE","0486","BATTERY","DOMESTIC BATTERY SIMPLE","RESIDENCE","false","true","0412","004","8","46","08B","1193320","1848793","2026","2026-08-30T15:48:44.000","41.740042106","-87.567276736","
,  
(41.740042106, -87.567276736)"
"14302074","JK383630","2026-08-22T10:30:00.000","033XX W LAWRENCE AVE","0910","MOTOR VEHICLE THEFT","AUTOMOBILE","PARKING LOT / GARAGE (NON RESIDENTIAL)","false","false","1713","017","33","14","07","1153044","1931689","2026","2026-08-30T15:48:44.000","41.968407535","-87.712647867","
,  
(41.968407535, -87.712647867)"
"14301534","JK382813","2026-08-22T10:19:00.000","078XX S MARSHFIELD AVE","4387","OTHER OFFENSE","VIOLATE ORDER OF PROTECTION","STREET","false","true","0611","006","17","71","26","1166703","1852821","2026","2026-08-30T15:48:44.000","41.751704315","-87.664682949","
,  
(41.751704315, -87.664682949)"
"14301636","JK382871","2026-08-22T10:19:00.000","056XX W NORTH AVE","1330","CRIMINAL TRESPASS","TO LAND","APARTMENT","true","false","2531","025","29","25","26","1138275","1910066","2026","2026-08-30T15:48:44.000","41.909352546","-87.767478226","
,  
(41.909352546, -87.767478226)"
"14301743","JK383225","2026-08-22T10:19:00.000","079XX S DREXEL AVE","0820","THEFT","$500 AND UNDER","APARTMENT","false","false","0624","006","8","44","06","1183608","1852582","2026","2026-08-30T15:48:44.000","41.750671255","-87.602741902","
,  
(41.750671255, -87.602741902)"
"14301514","JK382803","2026-08-22T10:16:00.000","048XX W NORTH AVE","0820","THEFT","$500 AND UNDER","PARKING LOT / GARAGE (NON RESIDENTIAL)","false","false","2533","025","37","25","06","1143844","1910199","2026","2026-08-30T15:48:44.000","41.909614875","-87.747016581","
,  
(41.909614875, -87.747016581)"
"14301443","JK382811","2026-08-22T10:15:00.000","018XX W GARFIELD BLVD","0810","THEFT","OVER $500","APARTMENT","false","false","0715","007","16","67","06","1164858","1868068","2026","2026-08-30T15:48:44.000","41.79358327","-87.671013747","
,  
(41.79358327, -87.671013747)"
"14301812","JK383421","2026-08-22T10:15:00.000","122XX S THROOP ST","0560","ASSAULT","SIMPLE","RESIDENCE - YARD (FRONT / BACK)","false","false","0524","005","21","53","08A","1169880","1823666","2026","2026-08-30T15:48:44.000","41.671630191","-87.65388378","
,  
(41.671630191, -87.65388378)"
"14303474","JK385300","2026-08-22T10:10:00.000","055XX S LAKE PARK AVE","0460","BATTERY","SIMPLE","STREET","false","false","0235","002","5","41","08B","1187594","1868671","2026","2026-08-30T15:48:44.000","41.794727026","-87.587624299","
,  
(41.794727026, -87.587624299)"
"14301425","JK382780","2026-08-22T10:09:00.000","042XX W MADISON ST","2024","NARCOTICS","POSSESS - HEROIN (WHITE)","SIDEWALK","true","false","1115","011","28","26","18","1148029","1899673","2026","2026-08-30T15:48:44.000","41.880650875","-87.73191358","
,  
(41.880650875, -87.73191358)"
"14301564","JK382852","2026-08-22T10:00:00.000","049XX W LAKE ST","1320","CRIMINAL DAMAGE","TO VEHICLE","ALLEY","false","false","1532","015","28","25","14","1143430","1901888","2026","2026-08-30T15:48:44.000","41.8868163","-87.748745496","
,  
(41.8868163, -87.748745496)"
"14301433","JK382804","2026-08-22T10:00:00.000","068XX S JUSTINE ST","2024","NARCOTICS","POSSESS - HEROIN (WHITE)","SIDEWALK","true","false","0725","007","17","67","18","1167182","1859407","2026","2026-08-30T15:48:44.000","41.769766958","-87.662739492","
,  
(41.769766958, -87.662739492)"
"14304324","JK386505","2026-08-22T10:00:00.000","017XX S LAFLIN ST","1320","CRIMINAL DAMAGE","TO VEHICLE","STREET","false","false","1233","012","25","31","14","1166646","1891737","2026","2026-08-30T15:48:44.000","41.858495484","-87.663780879","
,  
(41.858495484, -87.663780879)"
"14301643","JK383079","2026-08-22T10:00:00.000","016XX W GRACE ST","0760","BURGLARY","BURGLARY FROM MOTOR VEHICLE","STREET","false","false","1922","019","47","6","06","1164518","1925292","2026","2026-08-30T15:48:44.000","41.950618039","-87.670640478","
,  
(41.950618039, -87.670640478)"
"14301467","JK382800","2026-08-22T10:00:00.000","017XX N SPRINGFIELD AVE","5002","OTHER OFFENSE","OTHER VEHICLE OFFENSE","STREET","false","false","2535","025","26","20","26","1150110","1911307","2026","2026-08-30T15:48:44.000","41.912535492","-87.723968853","
,  
(41.912535492, -87.723968853)"
"14302629","JK384387","2026-08-22T10:00:00.000","053XX S LOREL AVE","1310","CRIMINAL DAMAGE","TO PROPERTY","RESIDENCE","false","false","0814","008","23","56","14","1141595","1868909","2026","2026-08-30T15:48:44.000","41.796351259","-87.756297858","
,  
(41.796351259, -87.756297858)"
"14301792","JK383345","2026-08-22T10:00:00.000","066XX S VERNON AVE","0910","MOTOR VEHICLE THEFT","AUTOMOBILE","STREET","false","false","0312","003","20","42","07","1180387","1861158","2026","2026-08-30T15:48:44.000","41.774279153","-87.614282368","
,  
(41.774279153, -87.614282368)"
"14301482","JK382798","2026-08-22T09:56:00.000","0000X S LOTUS AVE","2014","NARCOTICS","MANUFACTURE / DELIVER -  HEROIN (WHITE)","STREET","true","false","1522","015","29","25","18","1139888","1899372","2026","2026-08-30T15:48:44.000","41.879977552","-87.761814375","
,  
(41.879977552, -87.761814375)"
"14301399","JK382781","2026-08-22T09:50:00.000","010XX W LAKE ST","0860","THEFT","RETAIL THEFT","CONVENIENCE STORE","false","false","1214","012","27","28","06","1169328","1901620","2026","2026-08-30T15:48:44.000","41.885557376","-87.65364901","
,  
(41.885557376, -87.65364901)"
"14301755","JK382787","2026-08-22T09:43:00.000","0000X E 75TH ST","0860","THEFT","RETAIL THEFT","SMALL RETAIL STORE","true","false","0623","006","6","69","06","1177752","1855282","2026","2026-08-30T15:48:44.000","41.758214815","-87.624119338","
,  
(41.758214815, -87.624119338)"
"14305570","JK388092","2026-08-22T09:40:00.000","003XX W 64TH ST","0710","THEFT","THEFT FROM MOTOR VEHICLE","PARKING LOT / GARAGE (NON RESIDENTIAL)","false","false","0722","007","20","68","06","1175044","1862506","2026","2026-08-30T15:48:44.000","41.778099133","-87.633828531","
,  
(41.778099133, -87.633828531)"
"14301567","JK382793","2026-08-22T09:30:00.000","049XX W FULTON ST","0560","ASSAULT","SIMPLE","APARTMENT","false","false","1532","015","28","25","08A","1143208","1901474","2026","2026-08-30T15:48:44.000","41.885684381","-87.749571091","
,  
(41.885684381, -87.749571091)"
"14302433","JK384074","2026-08-22T09:30:00.000","044XX N MAJOR AVE","0486","BATTERY","DOMESTIC BATTERY SIMPLE","RESIDENCE","false","true","1622","016","38","15","08B","1137544","1928915","2026","2026-08-30T15:48:44.000","41.96108941","-87.769708412","
,  
(41.96108941, -87.769708412)"
"14301423","JK382743","2026-08-22T09:29:00.000","007XX S PULASKI RD","2024","NARCOTICS","POSSESS - HEROIN (WHITE)","SIDEWALK","true","false","1132","011","24","26","18","1149825","1896652","2026","2026-08-30T15:48:44.000","41.872326184","-87.725397341","
,  
(41.872326184, -87.725397341)"
"14301530","JK382768","2026-08-22T09:27:00.000","024XX W 34TH ST","0910","MOTOR VEHICLE THEFT","AUTOMOBILE","APARTMENT","false","true","0911","009","12","59","07","1160503","1882058","2026","2026-08-30T15:48:44.000","41.832064511","-87.686597186","
,  
(41.832064511, -87.686597186)"
"14301511","JK382752","2026-08-22T09:21:00.000","028XX W FILLMORE ST","031A","ROBBERY","ARMED - HANDGUN","OTHER (SPECIFY)","false","false","1135","011","28","29","03","1157420","1895246","2026","2026-08-30T15:48:44.000","41.868316983","-87.697550896","
,  
(41.868316983, -87.697550896)"
"14301414","JK382765","2026-08-22T09:11:00.000","014XX N MONTICELLO AVE","2027","NARCOTICS","POSSESS - CRACK","PARK PROPERTY","true","false","2535","025","26","23","18","1151769","1909356","2026","2026-08-30T15:48:44.000","41.907149261","-87.717925502","
,  
(41.907149261, -87.717925502)"
"14301757","JK383284","2026-08-22T09:09:00.000","053XX W MADISON ST","0910","MOTOR VEHICLE THEFT","AUTOMOBILE","STREET","false","false","1522","015","29","25","07","1140797","1899506","2026","2026-08-30T15:48:44.000","41.880328606","-87.758473298","
,  
(41.880328606, -87.758473298)"
"14301440","JK382827","2026-08-22T09:04:00.000","059XX S PARKSIDE AVE","0470","PUBLIC PEACE VIOLATION","RECKLESS CONDUCT","RESIDENCE","false","false","0812","008","13","64","24","1139742","1864516","2026","2026-08-30T15:48:44.000","41.78433004","-87.763199919","
,  
(41.78433004, -87.763199919)"
"14301679","JK383082","2026-08-22T09:00:00.000","027XX S DRAKE AVE","1130","DECEPTIVE PRACTICE","FRAUD OR CONFIDENCE GAME","APARTMENT","false","false","1032","010","22","30","11","1153143","1885631","2026","2026-08-30T15:48:44.000","41.842018151","-87.713507535","
,  
(41.842018151, -87.713507535)"
"14301551","JK382767","2026-08-22T09:00:00.000","028XX W 19TH ST","1310","CRIMINAL DAMAGE","TO PROPERTY","HOSPITAL BUILDING / GROUNDS","false","false","1022","010","25","30","14","1157372","1890584","2026","2026-08-30T15:48:44.000","41.855524939","-87.6978538","
,  
(41.855524939, -87.6978538)"
"14302577","JK384231","2026-08-22T09:00:00.000","025XX N LAWNDALE AVE","0530","ASSAULT","AGGRAVATED - OTHER DANGEROUS WEAPON","APARTMENT","false","true","2524","025","35","22","04A","1151290","1916537","2026","2026-08-30T15:48:44.000","41.92686399","-87.71949628","
,  
(41.92686399, -87.71949628)"
"14301528","JK382956","2026-08-22T09:00:00.000","011XX W 72ND ST","1320","CRIMINAL DAMAGE","TO VEHICLE","STREET","false","false","0733","007","17","68","14","1170039","1857060","2026","2026-08-30T15:48:44.000","41.763264889","-87.652335096","
,  
(41.763264889, -87.652335096)"
"14301474","JK382716","2026-08-22T08:41:00.000","071XX S STEWART AVE","031B","ROBBERY","ARMED - OTHER FIREARM","STREET","false","false","0732","007","6","68","03","1174862","1857508","2026","2026-08-30T15:48:44.000","41.764388115","-87.634644598","
,  
(41.764388115, -87.634644598)"
"14301415","JK382738","2026-08-22T08:30:00.000","026XX N CLARK ST","0860","THEFT","RETAIL THEFT","SMALL RETAIL STORE","true","false","1935","019","43","7","06","1171818","1918166","2026","2026-08-30T15:48:44.000","41.930906002","-87.644017035","
,  
(41.930906002, -87.644017035)"
"14308717","JK392239","2026-08-22T08:30:00.000","033XX W FLOURNOY ST","1320","CRIMINAL DAMAGE","TO VEHICLE","STREET","false","false","1134","011","24","27","14",,,"2026","2026-08-30T15:48:44.000",,,
"14301547","JK382706","2026-08-22T08:25:00.000","055XX S MICHIGAN AVE","0486","BATTERY","DOMESTIC BATTERY SIMPLE","APARTMENT","false","true","0225","002","20","40","08B","1178100","1868316","2026","2026-08-30T15:48:44.000","41.793973589","-87.62244909","
,  
(41.793973589, -87.62244909)"
"14301381","JK382717","2026-08-22T08:25:00.000","0000X E 75TH ST","0860","THEFT","RETAIL THEFT","SMALL RETAIL STORE","false","false","0623","006","6","69","06","1177752","1855282","2026","2026-08-30T15:48:44.000","41.758214815","-87.624119338","
,  
(41.758214815, -87.624119338)"
"14301548","JK382689","2026-08-22T08:15:00.000","026XX S KEDZIE AVE","0460","BATTERY","SIMPLE","RESTAURANT","false","false","1033","010","25","30","08B","1155449","1886366","2026","2026-08-30T15:48:44.000","41.843989099","-87.705025427","
,  
(41.843989099, -87.705025427)"
"14301409","JK382700","2026-08-22T08:10:00.000","083XX S ASHLAND AVE","1320","CRIMINAL DAMAGE","TO VEHICLE","GAS STATION","false","false","0614","006","18","71","14","1167122","1849514","2026","2026-08-30T15:48:44.000","41.742620493","-87.663241882","
,  
(41.742620493, -87.663241882)"
"14301590","JK382802","2026-08-22T08:00:00.000","084XX S MICHIGAN AVE","0580","STALKING","SIMPLE","RESIDENCE","false","false","0632","006","6","44","08A","1178621","1849130","2026","2026-08-30T15:48:44.000","41.741313312","-87.621121189","
,  
(41.741313312, -87.621121189)"
"14302435","JK383997","2026-08-22T08:00:00.000","006XX W FULTON MARKET","0910","MOTOR VEHICLE THEFT","AUTOMOBILE","STREET","false","false","1214","012","34","28","07","1171779","1902094","2026","2026-08-30T15:48:44.000","41.886804439","-87.64463456","
,  
(41.886804439, -87.64463456)"
"14301549","JK382701","2026-08-22T08:00:00.000","114XX S FORRESTVILLE AVE","1310","CRIMINAL DAMAGE","TO PROPERTY","APARTMENT","false","false","0531","005","9","50","14","1181962","1829221","2026","2026-08-30T15:48:44.000","41.686603981","-87.609493302","
,  
(41.686603981, -87.609493302)"
"14301595","JK382705","2026-08-22T08:00:00.000","050XX N WINTHROP AVE","0910","MOTOR VEHICLE THEFT","AUTOMOBILE","APARTMENT","false","true","2024","020","48","3","07","1167953","1933959","2026","2026-08-30T15:48:44.000","41.974327016","-87.657762544","
,  
(41.974327016, -87.657762544)"
"14301734","JK383107","2026-08-22T08:00:00.000","018XX S KEDZIE AVE","0810","THEFT","OVER $500","APARTMENT","false","false","1022","010","24","29","06","1155317","1890904","2026","2026-08-30T15:48:44.000","41.856444542","-87.705388066","
,  
(41.856444542, -87.705388066)"
"14304394","JK386585","2026-08-22T08:00:00.000","035XX W CERMAK RD","0620","BURGLARY","UNLAWFUL ENTRY","COMMERCIAL / BUSINESS OFFICE","false","false","1024","010","22","30","05","1153173","1889153","2026","2026-08-30T15:48:44.000","41.85168235","-87.713304129","
,  
(41.85168235, -87.713304129)"
"14301402","JK382685","2026-08-22T07:50:00.000","0000X E 75TH ST","0860","THEFT","RETAIL THEFT","SMALL RETAIL STORE","false","false","0623","006","6","69","06","1177752","1855282","2026","2026-08-30T15:48:44.000","41.758214815","-87.624119338","
,  
(41.758214815, -87.624119338)"
"14301447","JK382681","2026-08-22T07:49:00.000","034XX W FLOURNOY ST","1310","CRIMINAL DAMAGE","TO PROPERTY","APARTMENT","false","false","1133","011","24","27","14","1153512","1896818","2026","2026-08-30T15:48:44.000","41.872709251","-87.711856258","
,  
(41.872709251, -87.711856258)"
"14301384","JK382699","2026-08-22T07:45:00.000","027XX E 76TH ST","0930","MOTOR VEHICLE THEFT","THEFT / RECOVERY - AUTOMOBILE","ALLEY","false","false","0421","004","7","43","07","1195897","1855197","2026","2026-08-30T15:48:44.000","41.757551837","-87.55762361","
,  
(41.757551837, -87.55762361)"
"14301426","JK382677","2026-08-22T07:45:00.000","049XX W NORTH AVE","0520","ASSAULT","AGGRAVATED - KNIFE / CUTTING INSTRUMENT","RESTAURANT","false","false","2533","025","37","25","04A","1143068","1910180","2026","2026-08-30T15:48:44.000","41.909577258","-87.749867783","
,  
(41.909577258, -87.749867783)"
"14301396","JK382749","2026-08-22T07:16:00.000","011XX E 82ND ST","0486","BATTERY","DOMESTIC BATTERY SIMPLE","APARTMENT","false","true","0411","004","8","45","08B","1185112","1850849","2026","2026-08-30T15:48:44.000","41.745880549","-87.597284923","
,  
(41.745880549, -87.597284923)"
"14301372","JK382667","2026-08-22T07:15:00.000","001XX W HARRISON ST","0910","MOTOR VEHICLE THEFT","AUTOMOBILE","STREET","false","false","0123","001","34","32","07","1175032","1897633","2026","2026-08-30T15:48:44.000","41.874490924","-87.632822513","
,  
(41.874490924, -87.632822513)"
"14301404","JK382656","2026-08-22T07:10:00.000","061XX S DR MARTIN LUTHER KING JR DR","051A","ASSAULT","AGGRAVATED - HANDGUN","APARTMENT","false","true","0311","003","20","40","04A","1179976","1864315","2026","2026-08-30T15:48:44.000","41.782951693","-87.615692426","
,  
(41.782951693, -87.615692426)"
"14301480","JK382660","2026-08-22T07:10:00.000","024XX W POPE JOHN PAUL II DR","0486","BATTERY","DOMESTIC BATTERY SIMPLE","APARTMENT","false","true","0922","009","15","58","08B","1160627","1876084","2026","2026-08-30T15:48:44.000","41.815668591","-87.686307284","
,  
(41.815668591, -87.686307284)"
"14301386","JK382669","2026-08-22T07:03:00.000","029XX W 38TH PL","3710","INTERFERENCE WITH PUBLIC OFFICER","RESIST / OBSTRUCT / DISARM OFFICER","APARTMENT","true","false","0911","009","12","58","24","1157386","1878961","2026","2026-08-30T15:48:44.000","41.823629792","-87.698117924","
,  
(41.823629792, -87.698117924)"
"14303310","JK385223","2026-08-22T07:00:00.000","008XX W RANDOLPH ST","2820","OTHER OFFENSE","TELEPHONE THREAT","RESTAURANT","false","false","1224","012","27","28","08A","1170602","1901242","2026","2026-08-30T15:48:44.000","41.884492333","-87.648981736","
,  
(41.884492333, -87.648981736)"
"14306303","JK388992","2026-08-22T07:00:00.000","048XX W WABANSIA AVE","0486","BATTERY","DOMESTIC BATTERY SIMPLE","RESIDENCE","false","true","2533","025","37","25","08B","1143564","1910859","2026","2026-08-30T15:48:44.000","41.911431234","-87.748028648","
,  
(41.911431234, -87.748028648)"
"14302503","JK384158","2026-08-22T07:00:00.000","045XX S DREXEL BLVD","0930","MOTOR VEHICLE THEFT","THEFT / RECOVERY - AUTOMOBILE","STREET","false","false","0222","002","4","39","07","1183086","1875079","2026","2026-08-30T15:48:44.000","41.812417206","-87.603955459","
,  
(41.812417206, -87.603955459)"
"14301397","JK382764","2026-08-22T07:00:00.000","008XX N HERMITAGE AVE","0630","BURGLARY","ATTEMPT FORCIBLE ENTRY","RESIDENCE - GARAGE","false","false","1213","012","1","24","05","1164568","1905980","2026","2026-08-30T15:48:44.000","41.897623675","-87.671005003","
,  
(41.897623675, -87.671005003)"
"14301389","JK382719","2026-08-22T07:00:00.000","043XX W THOMAS ST","0560","ASSAULT","SIMPLE","STREET","false","false","1111","011","37","23","08A","1147288","1906978","2026","2026-08-30T15:48:44.000","41.90071082","-87.734447277","
,  
(41.90071082, -87.734447277)"
"14301407","JK382659","2026-08-22T07:00:00.000","068XX S THROOP ST","0930","MOTOR VEHICLE THEFT","THEFT / RECOVERY - AUTOMOBILE","STREET","false","false","0724","007","17","67","07","1168836","1859479","2026","2026-08-30T15:48:44.000","41.769928986","-87.656674573","
,  
(41.769928986, -87.656674573)"
"14301343","JK382675","2026-08-22T07:00:00.000","107XX S GREEN BAY AVE","0460","BATTERY","SIMPLE","APARTMENT","false","false","0432","004","10","52","08B","1200530","1834441","2026","2026-08-30T15:48:44.000","41.700479919","-87.541344595","
,  
(41.700479919, -87.541344595)"
"14301350","JK382653","2026-08-22T06:50:00.000","020XX E 95TH ST","0810","THEFT","OVER $500","CLEANING STORE","false","false","0431","004","7","51","06","1191651","1842382","2026","2026-08-30T15:48:44.000","41.722490317","-87.573598954","
,  
(41.722490317, -87.573598954)"
"14301988","JK383549","2026-08-22T06:32:00.000","033XX N PITTSBURGH AVE","2826","OTHER OFFENSE","HARASSMENT BY ELECTRONIC MEANS","RESIDENCE","false","false","1631","016","38","17","26","1120498","1921262","2026","2026-08-30T15:48:44.000","41.940379174","-87.832544375","
,  
(41.940379174, -87.832544375)"
"14301484","JK382650","2026-08-22T06:30:00.000","007XX W 37TH ST","0760","BURGLARY","BURGLARY FROM MOTOR VEHICLE","VEHICLE NON-COMMERCIAL","false","false","0915","009","11","60","06","1172039","1880347","2026","2026-08-30T15:48:44.000","41.827123246","-87.644320633","
,  
(41.827123246, -87.644320633)"
"14301460","JK382823","2026-08-22T06:30:00.000","097XX S HALSTED ST","1150","DECEPTIVE PRACTICE","CREDIT CARD FRAUD","RESIDENCE","false","false","2223","022","21","73","11","1172701","1840041","2026","2026-08-30T15:48:44.000","41.716504237","-87.643078697","
,  
(41.716504237, -87.643078697)"
"14301577","JK382654","2026-08-22T06:12:00.000","054XX S NATOMA AVE","1320","CRIMINAL DAMAGE","TO VEHICLE","STREET","false","false","0811","008","23","56","14","1132970","1867838","2026","2026-08-30T15:48:44.000","41.793566761","-87.787952044","
,  
(41.793566761, -87.787952044)"
"14301917","JK383227","2026-08-22T06:01:00.000","053XX S NORMANDY AVE","0920","MOTOR VEHICLE THEFT","ATTEMPT - AUTOMOBILE","VEHICLE NON-COMMERCIAL","false","false","0811","008","23","56","07","1132619","1868482","2026","2026-08-30T15:48:44.000","41.795340118","-87.789224217","
,  
(41.795340118, -87.789224217)"
"14301644","JK383083","2026-08-22T06:00:00.000","012XX W FLOURNOY ST","0760","BURGLARY","BURGLARY FROM MOTOR VEHICLE","STREET","false","false","1231","012","34","28","06","1167905","1897106","2026","2026-08-30T15:48:44.000","41.873201427","-87.659004755","
,  
(41.873201427, -87.659004755)"
"14301742","JK383128","2026-08-22T06:00:00.000","015XX N PULASKI RD","0710","THEFT","THEFT FROM MOTOR VEHICLE","STREET","false","false","2535","025","26","23","06","1149435","1909973","2026","2026-08-30T15:48:44.000","41.908887999","-87.726483321","
,  
(41.908887999, -87.726483321)"
"14301356","JK382634","2026-08-22T05:59:00.000","104XX S HAMLIN AVE","2850","PUBLIC PEACE VIOLATION","BOMB THREAT","RESIDENCE","false","false","2211","022","19","74","24","1152851","1835091","2026","2026-08-30T15:48:44.000","41.703334218","-87.715910577","
,  
(41.703334218, -87.715910577)"
"14301430","JK382649","2026-08-22T05:55:00.000","066XX S STONY ISLAND AVE","041A","BATTERY","AGGRAVATED - HANDGUN","GAS STATION","false","false","0321","003","5","42","04B","1188012","1861466","2026","2026-08-30T15:48:44.000","41.774945985","-87.586321063","
,  
(41.774945985, -87.586321063)"
"14301328","JK382633","2026-08-22T05:50:00.000","077XX S CHAPPEL AVE","0820","THEFT","$500 AND UNDER","STREET","false","false","0414","004","8","43","06","1191211","1854154","2026","2026-08-30T15:48:44.000","41.754804422","-87.574830554","
,  
(41.754804422, -87.574830554)"
"14301398","JK382655","2026-08-22T05:38:00.000","0000X E 103RD ST","0620","BURGLARY","UNLAWFUL ENTRY","SMALL RETAIL STORE","false","false","0511","005","9","49","05","1178149","1836683","2026","2026-08-30T15:48:44.000","41.707167842","-87.623226752","
,  
(41.707167842, -87.623226752)"
"14301298","JK382614","2026-08-22T05:28:00.000","089XX S ASHLAND AVE","502P","OTHER OFFENSE","FALSE / STOLEN / ALTERED TRP","STREET","false","false","2221","022","21","73","26","1167240","1845333","2026","2026-08-30T15:48:44.000","41.731144695","-87.66292886","
,  
(41.731144695, -87.66292886)"
"14301295","JK382629","2026-08-22T05:25:00.000","053XX W WASHINGTON BLVD","0486","BATTERY","DOMESTIC BATTERY SIMPLE","APARTMENT","false","true","1522","015","37","25","08B","1140809","1900235","2026","2026-08-30T15:48:44.000","41.882328854","-87.758411303","
,  
(41.882328854, -87.758411303)"
"14301277","JK382628","2026-08-22T05:19:00.000","054XX S HALSTED ST","0930","MOTOR VEHICLE THEFT","THEFT / RECOVERY - AUTOMOBILE","STREET","false","false","0934","009","16","61","07","1171892","1868918","2026","2026-08-30T15:48:44.000","41.795764158","-87.645195709","
,  
(41.795764158, -87.645195709)"
"14301288","JK382624","2026-08-22T05:09:00.000","011XX S ST LOUIS AVE","1310","CRIMINAL DAMAGE","TO PROPERTY","STREET","false","false","1133","011","24","29","14","1153207","1894999","2026","2026-08-30T15:48:44.000","41.86772377","-87.71302432","
,  
(41.86772377, -87.71302432)"
"14301678","JK383102","2026-08-22T05:00:00.000","028XX N BURLING ST","1581","SEX OFFENSE","NON-CONSENSUAL DISSEMINATION OF PRIVATE SEXUAL IMAGES","APARTMENT","false","false","1934","019","44","6","17","1170809","1919128","2026","2026-08-30T15:48:44.000","41.933567973","-87.647696604","
,  
(41.933567973, -87.647696604)"
"14301532","JK382874","2026-08-22T05:00:00.000","044XX S DREXEL BLVD","0496","BATTERY","AGGRAVATED DOMESTIC BATTERY - KNIFE / CUTTING INSTRUMENT","STREET","false","true","0221","002","4","39","04B","1182936","1875860","2026","2026-08-30T15:48:44.000","41.814563821","-87.604481355","
,  
(41.814563821, -87.604481355)"
"14301395","JK382783","2026-08-22T05:00:00.000","025XX N ASHLAND AVE","0760","BURGLARY","BURGLARY FROM MOTOR VEHICLE","STREET","false","false","1931","019","32","7","06","1165239","1916903","2026","2026-08-30T15:48:44.000","41.927582856","-87.668229398","
,  
(41.927582856, -87.668229398)"
"14301419","JK382785","2026-08-22T05:00:00.000","066XX W 53RD ST","1320","CRIMINAL DAMAGE","TO VEHICLE","STREET","false","false","0811","008","23","56","14","1132701","1868703","2026","2026-08-30T15:48:44.000","41.795945158","-87.788918381","
,  
(41.795945158, -87.788918381)"
"14302445","JK384143","2026-08-22T05:00:00.000","026XX N MARSHFIELD AVE","0760","BURGLARY","BURGLARY FROM MOTOR VEHICLE","STREET","false","false","1931","019","32","7","06","1164883","1917646","2026","2026-08-30T15:48:44.000","41.929629262","-87.669516415","
,  
(41.929629262, -87.669516415)"
"14301552","JK382612","2026-08-22T04:55:00.000","021XX S ALBANY AVE","1310","CRIMINAL DAMAGE","TO PROPERTY","APARTMENT","false","false","1022","010","24","30","14","1156022","1889456","2026","2026-08-30T15:48:44.000","41.852456891","-87.70283936","
,  
(41.852456891, -87.70283936)"
"14301319","JK382627","2026-08-22T04:51:00.000","081XX S BLACKSTONE AVE","1310","CRIMINAL DAMAGE","TO PROPERTY","RESIDENCE","false","true","0411","004","8","45","14","1187576","1851409","2026","2026-08-30T15:48:44.000","41.747359051","-87.588238686","
,  
(41.747359051, -87.588238686)"
"14301317","JK382616","2026-08-22T04:50:00.000","091XX S BUFFALO AVE","0420","BATTERY","AGGRAVATED - KNIFE / CUTTING INSTRUMENT","STREET","false","false","0424","004","10","46","04B","1199630","1845082","2026","2026-08-30T15:48:44.000","41.729702384","-87.544282902","
,  
(41.729702384, -87.544282902)"
"14301286","JK382615","2026-08-22T04:47:00.000","096XX S CARPENTER ST","0486","BATTERY","DOMESTIC BATTERY SIMPLE","STREET","true","true","2223","022","21","73","08B","1171019","1840875","2026","2026-08-30T15:48:44.000","41.718829696","-87.649214797","
,  
(41.718829696, -87.649214797)"
"14301316","JK382617","2026-08-22T04:46:00.000","058XX S OAK PARK AVE","0760","BURGLARY","BURGLARY FROM MOTOR VEHICLE","STREET","false","false","0811","008","13","56","06","1132064","1865028","2026","2026-08-30T15:48:44.000","41.785871323","-87.791339313","
,  
(41.785871323, -87.791339313)"
"14301302","JK382611","2026-08-22T04:35:00.000","031XX N GREENVIEW AVE","1320","CRIMINAL DAMAGE","TO VEHICLE","STREET","true","false","1933","019","32","6","14","1165753","1921085","2026","2026-08-30T15:48:44.000","41.939047534","-87.666221084","
,  
(41.939047534, -87.666221084)"
"14301284","JK382613","2026-08-22T04:33:00.000","0000X E 108TH ST","1320","CRIMINAL DAMAGE","TO VEHICLE","STREET","false","true","0513","005","9","49","14","1178385","1833367","2026","2026-08-30T15:48:44.000","41.698062932","-87.622462759","
,  
(41.698062932, -87.622462759)"
"14301260","JK382618","2026-08-22T04:30:00.000","001XX W CHICAGO AVE","1320","CRIMINAL DAMAGE","TO VEHICLE","STREET","false","false","1832","018","42","8","14","1175097","1905698","2026","2026-08-30T15:48:44.000","41.896620292","-87.632341979","
,  
(41.896620292, -87.632341979)"
"14301349","JK382635","2026-08-22T04:30:00.000","046XX W 83RD ST","1479","CONCEALED CARRY LICENSE VIOLATION","ARMED WHILE UNDER THE INFLUENCE","SIDEWALK","true","false","0834","008","18","70","15","1147104","1849148","2026","2026-08-30T15:48:44.000","41.742020467","-87.736598367","
,  
(41.742020467, -87.736598367)"
"14301405","JK382734","2026-08-22T04:28:00.000","075XX S MORGAN ST","1320","CRIMINAL DAMAGE","TO VEHICLE","STREET","false","false","0621","006","17","71","14","1170952","1854775","2026","2026-08-30T15:48:44.000","41.756974675","-87.649055399","
,  
(41.756974675, -87.649055399)"
"14301294","JK382609","2026-08-22T04:23:00.000","054XX S WOODLAWN AVE","031A","ROBBERY","ARMED - HANDGUN","STREET","false","false","0234","002","5","41","03","1185136","1869706","2026","2026-08-30T15:48:44.000","41.797625303","-87.596605099","
,  
(41.797625303, -87.596605099)"
"14301367","JK382645","2026-08-22T04:20:00.000","027XX N HALSTED ST","0760","BURGLARY","BURGLARY FROM MOTOR VEHICLE","PARKING LOT / GARAGE (NON RESIDENTIAL)","false","false","1935","019","43","7","06","1170459","1918662","2026","2026-08-30T15:48:44.000","41.932296922","-87.648996495","
,  
(41.932296922, -87.648996495)"
"14301431","JK382720","2026-08-22T04:00:00.000","019XX S CALUMET AVE","0760","BURGLARY","BURGLARY FROM MOTOR VEHICLE","STREET","false","false","0132","001","3","33","06","1178819","1891055","2026","2026-08-30T15:48:44.000","41.85635485","-87.619119418","
,  
(41.85635485, -87.619119418)"
"14301438","JK382789","2026-08-22T04:00:00.000","010XX W POLK ST","0810","THEFT","OVER $500","APARTMENT","false","false","1232","012","34","28","06","1169623","1896628","2026","2026-08-30T15:48:44.000","41.871852549","-87.652711094","
,  
(41.871852549, -87.652711094)"
"14303832","JK385934","2026-08-22T04:00:00.000","075XX S HAMILTON AVE","0810","THEFT","OVER $500","STREET","false","false","0611","006","18","71","06","1163196","1854411","2026","2026-08-30T15:48:44.000","41.75614158","-87.677490102","
,  
(41.75614158, -87.677490102)"
"14305952","JK388670","2026-08-22T04:00:00.000","014XX W LAKE ST","0810","THEFT","OVER $500","BAR OR TAVERN","false","false","1224","012","27","28","06","1166633","1901539","2026","2026-08-30T15:48:44.000","41.885393253","-87.663547848","
,  
(41.885393253, -87.663547848)"
"14301494","JK382680","2026-08-22T04:00:00.000","081XX S ESCANABA AVE","1320","CRIMINAL DAMAGE","TO VEHICLE","VEHICLE NON-COMMERCIAL","false","false","0422","004","7","46","14","1196912","1851526","2026","2026-08-30T15:48:44.000","41.747453172","-87.554025714","
,  
(41.747453172, -87.554025714)"
"14301258","JK382605","2026-08-22T03:55:00.000","009XX N LEAVITT ST","1320","CRIMINAL DAMAGE","TO VEHICLE","STREET","false","false","1212","012","36","24","14","1161571","1906100","2026","2026-08-30T15:48:44.000","41.898015926","-87.682009283","
,  
(41.898015926, -87.682009283)"
"14301271","JK382595","2026-08-22T03:50:00.000","032XX N PULASKI RD","0325","ROBBERY","VEHICULAR HIJACKING","STREET","false","false","1731","017","30","16","03","1149154","1921437","2026","2026-08-30T15:48:44.000","41.940351706","-87.727217913","
,  
(41.940351706, -87.727217913)"
"14301388","JK382691","2026-08-22T03:42:00.000","004XX W CERMAK RD","0760","BURGLARY","BURGLARY FROM MOTOR VEHICLE","PARKING LOT / GARAGE (NON RESIDENTIAL)","false","false","0914","009","11","34","06","1173798","1889720","2026","2026-08-30T15:48:44.000","41.852804638","-87.637588623","
,  
(41.852804638, -87.637588623)"
"14301299","JK382588","2026-08-22T03:41:00.000","020XX N MILWAUKEE AVE","0860","THEFT","RETAIL THEFT","DRUG STORE","false","false","1431","014","1","22","06","1159682","1913243","2026","2026-08-30T15:48:44.000","41.917656022","-87.688750258","
,  
(41.917656022, -87.688750258)"
"14301242","JK382596","2026-08-22T03:37:00.000","031XX S MICHIGAN AVE","0820","THEFT","$500 AND UNDER","GAS STATION","false","false","0211","002","3","35","06","1177699","1884310","2026","2026-08-30T15:48:44.000","41.837871585","-87.623435005","
,  
(41.837871585, -87.623435005)"
"14304808","JK386873","2026-08-22T03:30:00.000","070XX S CLAREMONT AVE","0498","BATTERY","AGG. DOMESTIC BATTERY - HANDS, FISTS, FEET, SERIOUS INJURY","RESIDENCE","false","true","0832","008","17","66","04B","1161950","1857970","2026","2026-08-30T15:48:44.000","41.765933967","-87.681957686","
,  
(41.765933967, -87.681957686)"
"14301272","JK382599","2026-08-22T03:30:00.000","059XX N SACRAMENTO AVE","051A","ASSAULT","AGGRAVATED - HANDGUN","SIDEWALK","false","false","2011","020","50","2","04A","1155276","1939495","2026","2026-08-30T15:48:44.000","41.989782946","-87.704230082","
,  
(41.989782946, -87.704230082)"
"14301315","JK382594","2026-08-22T03:30:00.000","031XX N MILWAUKEE AVE","0910","MOTOR VEHICLE THEFT","AUTOMOBILE","PARKING LOT / GARAGE (NON RESIDENTIAL)","false","false","2523","025","35","21","07","1150263","1920828","2026","2026-08-30T15:48:44.000","41.938658971","-87.723157866","
,  
(41.938658971, -87.723157866)"
"14304011","JK386123","2026-08-22T03:30:00.000","0000X W ELM ST","0460","BATTERY","SIMPLE","SIDEWALK","false","false","1824","018","2","8","08B","1175918","1908090","2026","2026-08-30T15:48:44.000","41.90316561","-87.62925452","
,  
(41.90316561, -87.62925452)"
"14302149","JK382598","2026-08-22T03:29:00.000","023XX S LEAVITT ST","502P","OTHER OFFENSE","FALSE / STOLEN / ALTERED TRP","STREET","false","false","1034","010","25","31","26","1162065","1888569","2026","2026-08-30T15:48:44.000","41.849898974","-87.680684466","
,  
(41.849898974, -87.680684466)"
"14301264","JK382584","2026-08-22T03:28:00.000","036XX W LAWRENCE AVE","1360","CRIMINAL TRESPASS","TO VEHICLE","STREET","true","false","1712","017","33","14","26","1151372","1931653","2026","2026-08-30T15:48:44.000","41.968341823","-87.718796713","
,  
(41.968341823, -87.718796713)"
"14301565","JK382755","2026-08-22T03:20:00.000","118XX S MICHIGAN AVE","0610","BURGLARY","FORCIBLE ENTRY","SMALL RETAIL STORE","false","false","0532","005","9","53","05","1178962","1826591","2026","2026-08-30T15:48:44.000","41.67945552","-87.620555382","
,  
(41.67945552, -87.620555382)"
"14301303","JK382636","2026-08-22T03:20:00.000","036XX W PALMER ST","1320","CRIMINAL DAMAGE","TO VEHICLE","STREET","false","false","2525","025","35","22","14","1151767","1914379","2026","2026-08-30T15:48:44.000","41.920932869","-87.717800424","
,  
(41.920932869, -87.717800424)"
"14301292","JK382608","2026-08-22T03:20:00.000","128XX S EMERALD AVE","0610","BURGLARY","FORCIBLE ENTRY","RESIDENCE - GARAGE","false","false","0523","005","9","53","05","1173675","1819485","2026","2026-08-30T15:48:44.000","41.660073876","-87.64011724","
,  
(41.660073876, -87.64011724)"
"14301276","JK382606","2026-08-22T03:20:00.000","016XX E 77TH ST","0498","BATTERY","AGG. DOMESTIC BATTERY - HANDS, FISTS, FEET, SERIOUS INJURY","APARTMENT","false","true","0414","004","8","43","04B","1188673","1854256","2026","2026-08-30T15:48:44.000","41.755145345","-87.584128183","
,  
(41.755145345, -87.584128183)"
"14301246","JK382587","2026-08-22T03:13:00.000","013XX S SACRAMENTO DR","1330","CRIMINAL TRESPASS","TO LAND","SCHOOL - PRIVATE BUILDING","true","false","1022","010","24","29","26","1156172","1893743","2026","2026-08-30T15:48:44.000","41.864217865","-87.702173146","
,  
(41.864217865, -87.702173146)"
"14301290","JK382630","2026-08-22T03:07:00.000","070XX S JEFFERY BLVD","0760","BURGLARY","BURGLARY FROM MOTOR VEHICLE","STREET","false","false","0331","003","5","43","06","1190765","1858575","2026","2026-08-30T15:48:44.000","41.766946791","-87.57632241","
,  
(41.766946791, -87.57632241)"
"14301477","JK382835","2026-08-22T03:00:00.000","104XX S LEAVITT ST","0820","THEFT","$500 AND UNDER","DRIVEWAY - RESIDENTIAL","false","false","2212","022","19","72","06","1163556","1835345","2026","2026-08-30T15:48:44.000","41.703813942","-87.676703806","
,  
(41.703813942, -87.676703806)"
"14302880","JK382572","2026-08-22T03:00:00.000","046XX N BROADWAY","0320","ROBBERY","STRONG ARM - NO WEAPON","SIDEWALK","false","false","1913","019","46","3","03","1167942","1930944","2026","2026-08-30T15:48:44.000","41.966053999","-87.657890403","
,  
(41.966053999, -87.657890403)"
"14301273","JK382590","2026-08-22T03:00:00.000","037XX W WRIGHTWOOD AVE","1320","CRIMINAL DAMAGE","TO VEHICLE","STREET","false","false","2524","025","35","22","14","1151098","1917028","2026","2026-08-30T15:48:44.000","41.928215106","-87.720188899","
,  
(41.928215106, -87.720188899)"
"14304851","JK387013","2026-08-22T03:00:00.000","011XX W WELLINGTON AVE","0760","BURGLARY","BURGLARY FROM MOTOR VEHICLE","STREET","false","false","1933","019","44","6","06","1167969","1920068","2026","2026-08-30T15:48:44.000","41.936209228","-87.658106184","
,  
(41.936209228, -87.658106184)"
"14301357","JK382623","2026-08-22T03:00:00.000","014XX W FLOURNOY ST","0486","BATTERY","DOMESTIC BATTERY SIMPLE","APARTMENT","true","true","1231","012","34","28","08B","1166865","1897146","2026","2026-08-30T15:48:44.000","41.873333547","-87.662821937","
,  
(41.873333547, -87.662821937)"
"14301243","JK382574","2026-08-22T03:00:00.000","046XX S PAULINA ST","0460","BATTERY","SIMPLE","APARTMENT","false","false","0924","009","15","61","08B","1165790","1873896","2026","2026-08-30T15:48:44.000","41.809556234","-87.667430606","
,  
(41.809556234, -87.667430606)"
"14301310","JK382581","2026-08-22T02:57:00.000","041XX S PULASKI RD","1320","CRIMINAL DAMAGE","TO VEHICLE","STREET","false","false","0821","008","14","57","14","1150363","1876878","2026","2026-08-30T15:48:44.000","41.818053345","-87.72393724","
,  
(41.818053345, -87.72393724)"
"14301221","JK382575","2026-08-22T02:45:00.000","025XX N ASHLAND AVE","0486","BATTERY","DOMESTIC BATTERY SIMPLE","APARTMENT","true","true","1931","019","32","7","08B","1165241","1916843","2026","2026-08-30T15:48:44.000","41.92741817","-87.668223759","
,  
(41.92741817, -87.668223759)"
"14301278","JK382603","2026-08-22T02:40:00.000","091XX S COMMERCIAL AVE","0820","THEFT","$500 AND UNDER","RESTAURANT","false","false","0423","004","10","46","06","1197730","1845034","2026","2026-08-30T15:48:44.000","41.729618252","-87.551244573","
,  
(41.729618252, -87.551244573)"
"14301208","JK382568","2026-08-22T02:35:00.000","035XX W ADDISON ST","051A","ASSAULT","AGGRAVATED - HANDGUN","STREET","false","false","1732","017","35","21","04A","1152188","1923708","2026","2026-08-30T15:48:44.000","41.946524094","-87.716006756","
,  
(41.946524094, -87.716006756)"
"14301244","JK382592","2026-08-22T02:30:00.000","001XX W HUBBARD ST","0486","BATTERY","DOMESTIC BATTERY SIMPLE","STREET","false","true","1831","018","42","8","08B","1175301","1903292","2026","2026-08-30T15:48:44.000","41.890013524","-87.631664996","
,  
(41.890013524, -87.631664996)"
"14307818","JK390851","2026-08-22T02:30:00.000","030XX S CENTRAL PARK AVE","0820","THEFT","$500 AND UNDER","BAR OR TAVERN","false","false","1032","010","22","30","06","1152854","1884067","2026","2026-08-30T15:48:44.000","41.837732058","-87.71460943","
,  
(41.837732058, -87.71460943)"
"14301196","JK382564","2026-08-22T02:19:00.000","001XX E 21ST ST","0560","ASSAULT","SIMPLE","SIDEWALK","false","false","0132","001","3","33","08A","1177667","1890294","2026","2026-08-30T15:48:44.000","41.854292832","-87.623370902","
,  
(41.854292832, -87.623370902)"
"14302920","JK384463","2026-08-22T02:15:00.000","003XX E 119TH ST","0460","BATTERY","SIMPLE","RESIDENCE","false","false","0532","005","9","53","08B","1180228","1826118","2026","2026-08-30T15:48:44.000","41.678128705","-87.615935728","
,  
(41.678128705, -87.615935728)"
"14302813","JK384612","2026-08-22T02:15:00.000","021XX S MICHIGAN AVE","031A","ROBBERY","ARMED - HANDGUN","STREET","false","false","0132","001","3","33","03","1177540","1890161","2026","2026-08-30T15:48:44.000","41.853930752","-87.623841071","
,  
(41.853930752, -87.623841071)"
"14301287","JK382550","2026-08-22T02:15:00.000","0000X N CICERO AVE","041A","BATTERY","AGGRAVATED - HANDGUN","SIDEWALK","false","false","1113","011","28","25","04B","1144385","1899737","2026","2026-08-30T15:48:44.000","41.880895793","-87.745292567","
,  
(41.880895793, -87.745292567)"
"14301265","JK382578","2026-08-22T02:11:00.000","068XX S PAXTON AVE","1310","CRIMINAL DAMAGE","TO PROPERTY","APARTMENT","false","true","0331","003","5","43","14","1192059","1859968","2026","2026-08-30T15:48:44.000","41.77073794","-87.571534243","
,  
(41.77073794, -87.571534243)"
"14301209","JK382543","2026-08-22T02:10:00.000","001XX N CENTRAL AVE","1330","CRIMINAL TRESPASS","TO LAND","STREET","false","false","1523","015","37","25","26","1139026","1900470","2026","2026-08-30T15:48:44.000","41.883006315","-87.764952877","
,  
(41.883006315, -87.764952877)"
"14301249","JK382571","2026-08-22T02:05:00.000","022XX N ORCHARD ST","0460","BATTERY","SIMPLE","SIDEWALK","false","false","1812","018","43","7","08B","1171235","1915203","2026","2026-08-30T15:48:44.000","41.922788237","-87.646246673","
,  
(41.922788237, -87.646246673)"
"14301159","JK382548","2026-08-22T02:00:00.000","058XX W CORTLAND ST","031A","ROBBERY","ARMED - HANDGUN","APARTMENT","false","true","2531","025","29","25","03","1137022","1911855","2026","2026-08-30T15:48:44.000","41.914284365","-87.772038259","
,  
(41.914284365, -87.772038259)"
"14301252","JK382591","2026-08-22T02:00:00.000","014XX W FULTON ST","0910","MOTOR VEHICLE THEFT","AUTOMOBILE","STREET","false","false","1215","012","27","28","07","1166743","1901970","2026","2026-08-30T15:48:44.000","41.886573593","-87.663131548","
,  
(41.886573593, -87.663131548)"
"14306661","JK389533","2026-08-22T02:00:00.000","075XX S WABASH AVE","0710","THEFT","THEFT FROM MOTOR VEHICLE","STREET","false","false","0623","006","6","69","06","1178024","1855007","2026","2026-08-30T15:48:44.000","41.757454027","-87.623130811","
,  
(41.757454027, -87.623130811)"
"14301180","JK382551","2026-08-22T02:00:00.000","044XX W DIVISION ST","2024","NARCOTICS","POSSESS - HEROIN (WHITE)","STREET","true","false","2533","025","37","23","18","1146654","1907626","2026","2026-08-30T15:48:44.000","41.902501122","-87.73675947","
,  
(41.902501122, -87.73675947)"
"14303389","JK385319","2026-08-22T02:00:00.000","019XX W MADISON ST","1320","CRIMINAL DAMAGE","TO VEHICLE","PARKING LOT / GARAGE (NON RESIDENTIAL)","false","false","1223","012","27","28","14","1163655","1900042","2026","2026-08-30T15:48:44.000","41.881348623","-87.674525788","
,  
(41.881348623, -87.674525788)"
"14302759","JK383390","2026-08-22T02:00:00.000","005XX N LAKE SHORE DR","0810","THEFT","OVER $500","APARTMENT","false","false","1834","018","42","8","06","1180411","1903950","2026","2026-08-30T15:48:44.000","41.891702907","-87.612878748","
,  
(41.891702907, -87.612878748)"
"14301261","JK382554","2026-08-22T02:00:00.000","0000X E 23RD ST","0326","ROBBERY","AGGRAVATED VEHICULAR HIJACKING","SIDEWALK","false","false","0131","001","3","33","03","1177223","1889125","2026","2026-08-30T15:48:44.000","41.851095078","-87.625035934","
,  
(41.851095078, -87.625035934)"
"14301740","JK383151","2026-08-22T02:00:00.000","009XX W DAKIN ST","0620","BURGLARY","UNLAWFUL ENTRY","APARTMENT","false","false","1923","019","46","6","05","1169356","1926420","2026","2026-08-30T15:48:44.000","41.953609285","-87.652823519","
,  
(41.953609285, -87.652823519)"
"14301223","JK382559","2026-08-22T01:56:00.000","0000X W TERMINAL ST","4387","OTHER OFFENSE","VIOLATE ORDER OF PROTECTION","AIRPORT TERMINAL UPPER LEVEL - SECURE AREA","true","true","1655","016","41","76","26","1104700","1933741","2026","2026-08-30T15:48:44.000","41.974861952","-87.890372151","
,  
(41.974861952, -87.890372151)"
"14301156","JK382530","2026-08-22T01:56:00.000","033XX W MAYPOLE AVE","0486","BATTERY","DOMESTIC BATTERY SIMPLE","STREET","false","true","1123","011","28","27","08B","1154061","1900783","2026","2026-08-30T15:48:44.000","41.883578698","-87.709734846","
,  
(41.883578698, -87.709734846)"
"14301289","JK382534","2026-08-22T01:52:00.000","047XX W FIFTH AVE","051A","ASSAULT","AGGRAVATED - HANDGUN","STREET","false","false","1131","011","24","25","04A","1145016","1895284","2026","2026-08-30T15:48:44.000","41.868664328","-87.743087998","
,  
(41.868664328, -87.743087998)"
"14301206","JK382541","2026-08-22T01:50:00.000","062XX S MICHIGAN AVE","0486","BATTERY","DOMESTIC BATTERY SIMPLE","APARTMENT","false","true","0311","003","20","40","08B","1178263","1863570","2026","2026-08-30T15:48:44.000","41.780946398","-87.621995369","
,  
(41.780946398, -87.621995369)"
"14301255","JK382547","2026-08-22T01:50:00.000","010XX W ADAMS ST","051A","ASSAULT","AGGRAVATED - HANDGUN","STREET","false","false","1232","012","34","28","04A","1169554","1899278","2026","2026-08-30T15:48:44.000","41.879125847","-87.652887289","
,  
(41.879125847, -87.652887289)"
"14301201","JK382515","2026-08-22T01:48:00.000","001XX W 110TH PL","143A","WEAPONS VIOLATION","UNLAWFUL POSSESSION - HANDGUN","STREET","false","false","0513","005","9","49","15","1177311","1831679","2026","2026-08-30T15:48:44.000","41.693455074","-87.626445895","
,  
(41.693455074, -87.626445895)"
"14301267","JK382555","2026-08-22T01:47:00.000","025XX N ASHLAND AVE","1320","CRIMINAL DAMAGE","TO VEHICLE","STREET","false","true","1932","019","32","7","14","1165239","1916883","2026","2026-08-30T15:48:44.000","41.927527975","-87.668229968","
,  
(41.927527975, -87.668229968)"
"14301281","JK382560","2026-08-22T01:45:00.000","030XX E 83RD ST","031B","ROBBERY","ARMED - OTHER FIREARM","STREET","false","false","0424","004","10","46","03","1198047","1850526","2026","2026-08-30T15:48:44.000","41.744680815","-87.549900201","
,  
(41.744680815, -87.549900201)"
"14301300","JK382533","2026-08-22T01:40:00.000","038XX W ADAMS ST","1025","ARSON","AGGRAVATED","APARTMENT","false","false","1122","011","28","26","09","1150823","1898737","2026","2026-08-30T15:48:44.000","41.878028202","-87.721678669","
,  
(41.878028202, -87.721678669)"
"14301218","JK382524","2026-08-22T01:40:00.000","027XX W LEXINGTON ST","0486","BATTERY","DOMESTIC BATTERY SIMPLE","APARTMENT","false","true","1135","011","28","27","08B","1158203","1896589","2026","2026-08-30T15:48:44.000","41.871986359","-87.694639649","
,  
(41.871986359, -87.694639649)"
"14301194","JK382532","2026-08-22T01:40:00.000","038XX W CERMAK RD","0460","BATTERY","SIMPLE","APARTMENT","false","false","1013","010","22","30","08B","1150921","1889103","2026","2026-08-30T15:48:44.000","41.851589468","-87.721570909","
,  
(41.851589468, -87.721570909)"
"14301234","JK382526","2026-08-22T01:37:00.000","049XX W CORTEZ ST","0460","BATTERY","SIMPLE","APARTMENT","true","false","1531","015","37","25","08B","1143316","1906533","2026","2026-08-30T15:48:44.000","41.899564852","-87.74904798","
,  
(41.899564852, -87.74904798)"
"14301237","JK382529","2026-08-22T01:37:00.000","011XX N LARAMIE AVE","0486","BATTERY","DOMESTIC BATTERY SIMPLE","ALLEY","false","true","1531","015","37","25","08B","1141487","1907148","2026","2026-08-30T15:48:44.000","41.901286469","-87.755750771","
,  
(41.901286469, -87.755750771)"
"14301197","JK382531","2026-08-22T01:37:00.000","025XX S CALUMET AVE","0486","BATTERY","DOMESTIC BATTERY SIMPLE","RESIDENCE - GARAGE","false","true","0133","001","4","33","08B","1178908","1887665","2026","2026-08-30T15:48:44.000","41.847050435","-87.61889627","
,  
(41.847050435, -87.61889627)"
"14301188","JK382539","2026-08-22T01:30:00.000","003XX E 59TH ST","0486","BATTERY","DOMESTIC BATTERY SIMPLE","APARTMENT","false","true","0232","002","20","40","08B","1179645","1865972","2026","2026-08-30T15:48:44.000","41.787506235","-87.616855343","
,  
(41.787506235, -87.616855343)"
"14301224","JK382521","2026-08-22T01:30:00.000","073XX N MC VICKER AVE","051A","ASSAULT","AGGRAVATED - HANDGUN","RESIDENCE","false","false","1621","016","45","12","04A","1135290","1948281","2026","2026-08-30T15:48:44.000","42.014271744","-87.777533381","
,  
(42.014271744, -87.777533381)"
"14302275","JK382566","2026-08-22T01:30:00.000","031XX W 26TH ST","0820","THEFT","$500 AND UNDER","STREET","false","true","1033","010","25","30","06","1155993","1886571","2026","2026-08-30T15:48:44.000","41.844540705","-87.703023518","
,  
(41.844540705, -87.703023518)"
"14301493","JK382853","2026-08-22T01:30:00.000","072XX S NORMAL AVE","0810","THEFT","OVER $500","APARTMENT","false","false","0732","007","6","68","06","1174214","1857008","2026","2026-08-30T15:48:44.000","41.763030474","-87.637034509","
,  
(41.763030474, -87.637034509)"
"14301321","JK382523","2026-08-22T01:27:00.000","096XX S AVENUE L","1477","WEAPONS VIOLATION","RECKLESS FIREARM DISCHARGE","RESIDENCE","false","false","0432","004","10","52","15","1201785","1841821","2026","2026-08-30T15:48:44.000","41.720699477","-87.536499312","
,  
(41.720699477, -87.536499312)"
"14301233","JK382535","2026-08-22T01:25:00.000","011XX E 82ND ST","0486","BATTERY","DOMESTIC BATTERY SIMPLE","APARTMENT","false","true","0411","004","8","45","08B","1185128","1850849","2026","2026-08-30T15:48:44.000","41.745880174","-87.597226297","
,  
(41.745880174, -87.597226297)"
"14301245","JK382536","2026-08-22T01:23:00.000","044XX S RICHMOND ST","0460","BATTERY","SIMPLE","STREET","true","false","0922","009","12","58","08B","1157437","1875140","2026","2026-08-30T15:48:44.000","41.813143451","-87.698034464","
,  
(41.813143451, -87.698034464)"
"14302258","JK383015","2026-08-22T01:15:00.000","091XX S ADA ST","0486","BATTERY","DOMESTIC BATTERY SIMPLE","APARTMENT","false","true","2222","022","21","73","08B","1168936","1844081","2026","2026-08-30T15:48:44.000","41.727672606","-87.65675184","
,  
(41.727672606, -87.65675184)"
"14301160","JK382503","2026-08-22T01:04:00.000","031XX N HALSTED ST","0460","BATTERY","SIMPLE","BAR OR TAVERN","true","false","1934","019","44","6","08B","1170368","1921292","2026","2026-08-30T15:48:44.000","41.939515748","-87.649253785","
,  
(41.939515748, -87.649253785)"
"14301270","JK382610","2026-08-22T01:04:00.000","057XX W FULTON ST","0820","THEFT","$500 AND UNDER","VEHICLE NON-COMMERCIAL","false","false","1512","015","29","25","06","1137940","1901430","2026","2026-08-30T15:48:44.000","41.885660349","-87.768917598","
,  
(41.885660349, -87.768917598)"
"14301173","JK382508","2026-08-22T01:03:00.000","023XX W JACKSON BLVD","1330","CRIMINAL TRESPASS","TO LAND","PARKING LOT / GARAGE (NON RESIDENTIAL)","true","false","1225","012","27","28","26","1160842","1898642","2026","2026-08-30T15:48:44.000","41.877565688","-87.684893829","
,  
(41.877565688, -87.684893829)"
"14301213","JK382509","2026-08-22T01:01:00.000","012XX S AVERS AVE","041A","BATTERY","AGGRAVATED - HANDGUN","ALLEY","false","false","1011","010","24","29","04B","1150904","1894221","2026","2026-08-30T15:48:44.000","41.865634203","-87.721499446","
,  
(41.865634203, -87.721499446)"
"14302756","JK384312","2026-08-22T01:00:00.000","023XX N GENEVA TER","0320","ROBBERY","STRONG ARM - NO WEAPON","SIDEWALK","false","false","1812","018","43","7","03","1171880","1915708","2026","2026-08-30T15:48:44.000","41.924159774","-87.643861832","
,  
(41.924159774, -87.643861832)"
"14301422","JK382791","2026-08-22T01:00:00.000","033XX W 59TH ST","1320","CRIMINAL DAMAGE","TO VEHICLE","STREET","false","false","0822","008","14","66","14","1155312","1865307","2026","2026-08-30T15:48:44.000","41.786203171","-87.706092303","
,  
(41.786203171, -87.706092303)"
"14302068","JK383631","2026-08-22T01:00:00.000","006XX N LAKE SHORE DR NB","0910","MOTOR VEHICLE THEFT","AUTOMOBILE","STREET","false","false","1834","018","2","8","07","1180093","1904376","2026","2026-08-30T15:48:44.000","41.89287919","-87.614033485","
,  
(41.89287919, -87.614033485)"
"14301181","JK382525","2026-08-22T01:00:00.000","062XX S PRINCETON AVE","0486","BATTERY","DOMESTIC BATTERY SIMPLE","STREET","false","true","0711","007","20","68","08B","1175363","1863349","2026","2026-08-30T15:48:44.000","41.78040529","-87.632633889","
,  
(41.78040529, -87.632633889)"
"14301685","JK383025","2026-08-22T01:00:00.000","038XX N KILDARE AVE","1310","CRIMINAL DAMAGE","TO PROPERTY","RESIDENCE","false","false","1731","017","30","16","14","1146916","1925133","2026","2026-08-30T15:48:44.000","41.950536971","-87.735348623","
,  
(41.950536971, -87.735348623)"
"14301924","JK382908","2026-08-22T01:00:00.000","055XX S CHRISTIANA AVE","1310","CRIMINAL DAMAGE","TO PROPERTY","RESIDENCE","false","false","0822","008","14","63","14","1154991","1867622","2026","2026-08-30T15:48:44.000","41.792562287","-87.707207445","
,  
(41.792562287, -87.707207445)"
"14301382","JK382753","2026-08-22T01:00:00.000","064XX S KIMBARK AVE","0760","BURGLARY","BURGLARY FROM MOTOR VEHICLE","STREET","false","false","0314","003","20","42","06","1185744","1862617","2026","2026-08-30T15:48:44.000","41.778158189","-87.594598867","
,  
(41.778158189, -87.594598867)"
"14301623","JK382679","2026-08-22T01:00:00.000","020XX N PULASKI RD","0460","BATTERY","SIMPLE","ALLEY","false","false","2525","025","26","20","08B","1149390","1913073","2026","2026-08-30T15:48:44.000","41.91739557","-87.726568067","
,  
(41.91739557, -87.726568067)"
"14301139","JK382488","2026-08-22T00:49:00.000","030XX W PETERSON AVE","0460","BATTERY","SIMPLE","SIDEWALK","true","false","2413","024","50","2","08B","1155185","1939724","2026","2026-08-30T15:48:44.000","41.990413167","-87.704558614","
,  
(41.990413167, -87.704558614)"
"14301280","JK382502","2026-08-22T00:49:00.000","080XX S VINCENNES AVE","041A","BATTERY","AGGRAVATED - HANDGUN","STREET","false","false","0621","006","6","44","04B","1174858","1851689","2026","2026-08-30T15:48:44.000","41.748420165","-87.634832427","
,  
(41.748420165, -87.634832427)"
"14301171","JK382481","2026-08-22T00:44:00.000","061XX S KIMBARK AVE","143A","WEAPONS VIOLATION","UNLAWFUL POSSESSION - HANDGUN","SIDEWALK","true","false","0314","003","20","42","15","1185699","1864470","2026","2026-08-30T15:48:44.000","41.783244039","-87.594705485","
,  
(41.783244039, -87.594705485)"
"14301163","JK382501","2026-08-22T00:44:00.000","066XX S WOLCOTT AVE","143A","WEAPONS VIOLATION","UNLAWFUL POSSESSION - HANDGUN","STREET","true","false","0726","007","16","67","15","1164828","1860677","2026","2026-08-30T15:48:44.000","41.77330205","-87.671332416","
,  
(41.77330205, -87.671332416)"
"14303123","JK382507","2026-08-22T00:40:00.000","0000X W TERMINAL ST","0486","BATTERY","DOMESTIC BATTERY SIMPLE","AIRPORT TERMINAL UPPER LEVEL - SECURE AREA","false","true","1652","016","41","76","08B","1100726","1934289","2026","2026-08-30T15:48:44.000","41.9764212","-87.904976266","
,  
(41.9764212, -87.904976266)"
"14301179","JK382510","2026-08-22T00:40:00.000","093XX S OAKLEY AVE","0620","BURGLARY","UNLAWFUL ENTRY","RESIDENCE - YARD (FRONT / BACK)","false","false","2221","022","19","72","05","1162677","1842702","2026","2026-08-30T15:48:44.000","41.724021123","-87.679718049","
,  
(41.724021123, -87.679718049)"
"14301202","JK382511","2026-08-22T00:36:00.000","071XX S OGLESBY AVE","1020","ARSON","BY FIRE","STREET","false","false","0334","003","5","43","09","1193117","1858056","2026","2026-08-30T15:48:44.000","41.765465489","-87.56771848","
,  
(41.765465489, -87.56771848)"
"14301168","JK382478","2026-08-22T00:35:00.000","035XX N KIMBALL AVE","0620","BURGLARY","UNLAWFUL ENTRY","SMALL RETAIL STORE","true","false","1732","017","35","21","05","1153099","1923246","2026","2026-08-30T15:48:44.000","41.945238279","-87.712670479","
,  
(41.945238279, -87.712670479)"
"14301211","JK382489","2026-08-22T00:34:00.000","036XX W GRAND AVE","0560","ASSAULT","SIMPLE","STREET","false","false","1112","011","36","23","08A","1152073","1907615","2026","2026-08-30T15:48:44.000","41.902365801","-87.716854733","
,  
(41.902365801, -87.716854733)"
"14301420","JK382712","2026-08-22T00:30:00.000","012XX W WASHBURNE AVE","0930","MOTOR VEHICLE THEFT","THEFT / RECOVERY - AUTOMOBILE","STREET","false","false","1233","012","28","28","07","1168316","1894532","2026","2026-08-30T15:48:44.000","41.866129296","-87.657570178","
,  
(41.866129296, -87.657570178)"
"14301256","JK382448","2026-08-22T00:30:00.000","041XX W WILCOX ST","0460","BATTERY","SIMPLE","APARTMENT","false","true","1115","011","28","26","08B","1148821","1899014","2026","2026-08-30T15:48:44.000","41.878827237","-87.729022437","
,  
(41.878827237, -87.729022437)"
"14301227","JK382577","2026-08-22T00:30:00.000","051XX W MONTROSE AVE","0910","MOTOR VEHICLE THEFT","AUTOMOBILE","STREET","false","false","1623","016","45","15","07","1141329","1928769","2026","2026-08-30T15:48:44.000","41.960619613","-87.755796176","
,  
(41.960619613, -87.755796176)"
"14301347","JK382632","2026-08-22T00:30:00.000","062XX S KILPATRICK AVE","0910","MOTOR VEHICLE THEFT","AUTOMOBILE","STREET","false","false","0813","008","13","64","07","1146110","1862918","2026","2026-08-30T15:48:44.000","41.779826622","-87.739892365","
,  
(41.779826622, -87.739892365)"
"14301235","JK382500","2026-08-22T00:27:00.000","011XX E 82ND ST","0486","BATTERY","DOMESTIC BATTERY SIMPLE","APARTMENT","false","true","0411","004","8","45","08B","1185112","1850849","2026","2026-08-30T15:48:44.000","41.745880549","-87.597284923","
,  
(41.745880549, -87.597284923)"
"14301323","JK382477","2026-08-22T00:25:00.000","012XX N CLYBOURN AVE","051A","ASSAULT","AGGRAVATED - HANDGUN","STREET","false","true","1821","018","27","8","04A","1172607","1908761","2026","2026-08-30T15:48:44.000","41.905080796","-87.641396499","
,  
(41.905080796, -87.641396499)"
"14301203","JK382492","2026-08-22T00:24:00.000","075XX N PAULINA ST","143A","WEAPONS VIOLATION","UNLAWFUL POSSESSION - HANDGUN","STREET","true","false","2422","024","49","1","15","1163690","1950023","2026","2026-08-30T15:48:44.000","42.018498254","-87.672983233","
,  
(42.018498254, -87.672983233)"
"14301153","JK382499","2026-08-22T00:20:00.000","041XX S PRAIRIE AVE","0560","ASSAULT","SIMPLE","APARTMENT","false","true","0213","002","3","38","08A","1178724","1877685","2026","2026-08-30T15:48:44.000","41.819668766","-87.619875742","
,  
(41.819668766, -87.619875742)"
"14301441","JK382658","2026-08-22T00:20:00.000","060XX W ADDISON ST","0620","BURGLARY","UNLAWFUL ENTRY","APARTMENT","false","false","1633","016","38","17","05","1135506","1923316","2026","2026-08-30T15:48:44.000","41.945761728","-87.77733485","
,  
(41.945761728, -87.77733485)"
"14301120","JK382496","2026-08-22T00:19:00.000","004XX E 18TH DR","0560","ASSAULT","SIMPLE","PARKING LOT / GARAGE (NON RESIDENTIAL)","true","false","0132","001","4","33","08A","1179869","1891739","2026","2026-08-30T15:48:44.000","41.858207756","-87.615244425","
,  
(41.858207756, -87.615244425)"
"14301247","JK382450","2026-08-22T00:18:00.000","013XX N MILWAUKEE AVE","0760","BURGLARY","BURGLARY FROM MOTOR VEHICLE","ALLEY","false","false","1424","014","1","24","06","1164889","1908833","2026","2026-08-30T15:48:44.000","41.905445703","-87.669744954","
,  
(41.905445703, -87.669744954)"
"14301152","JK382498","2026-08-22T00:15:00.000","015XX W BRYN MAWR AVE","1210","DECEPTIVE PRACTICE","THEFT OF LABOR / SERVICES","RESTAURANT","false","false","2012","020","40","77","11","1164844","1937273","2026","2026-08-30T15:48:44.000","41.983487452","-87.669100694","
,  
(41.983487452, -87.669100694)"
"14302613","JK384004","2026-08-22T00:01:00.000","123XX S UNION AVE","1310","CRIMINAL DAMAGE","TO PROPERTY","RESIDENCE","false","true","0523","005","9","53","14","1173888","1823008","2026","2026-08-30T15:48:44.000","41.669736874","-87.639233978","
,  
(41.669736874, -87.639233978)"
"14303451","JK385120","2026-08-22T00:01:00.000","006XX W WELLINGTON AVE","1150","DECEPTIVE PRACTICE","CREDIT CARD FRAUD","APARTMENT","false","false","1934","019","44","6","11","1171492","1920197","2026","2026-08-30T15:48:44.000","41.936486337","-87.6451551","
,  
(41.936486337, -87.6451551)"
"14303313","JK385117","2026-08-22T00:01:00.000","006XX W WELLINGTON AVE","1150","DECEPTIVE PRACTICE","CREDIT CARD FRAUD","APARTMENT","false","false","1934","019","44","6","11","1171492","1920197","2026","2026-08-30T15:48:44.000","41.936486337","-87.6451551","
,  
(41.936486337, -87.6451551)"
"14302490","JK384187","2026-08-22T00:01:00.000","012XX N CENTRAL AVE","0810","THEFT","OVER $500","GAS STATION","false","false","2532","025","37","25","06","1138787","1907525","2026","2026-08-30T15:48:44.000","41.902370457","-87.76565911","
,  
(41.902370457, -87.76565911)"
"14302921","JK383177","2026-08-22T00:00:00.000","089XX S COTTAGE GROVE AVE","0460","BATTERY","SIMPLE","STREET","false","false","0633","006","8","44","08B","1183130","1845709","2026","2026-08-29T15:41:33.000","41.731822112","-87.604706749","
,  
(41.731822112, -87.604706749)"
"14301507","JK382828","2026-08-22T00:00:00.000","038XX W WRIGHTWOOD AVE","0910","MOTOR VEHICLE THEFT","AUTOMOBILE","STREET","false","false","2524","025","35","22","07","1150442","1917017","2026","2026-08-29T15:41:33.000","41.928197768","-87.722599768","
,  
(41.928197768, -87.722599768)"
"14301606","JK382931","2026-08-22T00:00:00.000","022XX W GRAND AVE","1310","CRIMINAL DAMAGE","TO PROPERTY","RESIDENCE - YARD (FRONT / BACK)","true","false","1221","012","36","24","14","1161406","1903443","2026","2026-08-29T15:41:33.000","41.890728337","-87.682689318","
,  
(41.890728337, -87.682689318)"
"14304798","JK387029","2026-08-22T00:00:00.000","004XX N COLUMBUS DR","2825","OTHER OFFENSE","HARASSMENT BY TELEPHONE","COMMERCIAL / BUSINESS OFFICE","false","false","1834","018","42","8","26","1178393","1903368","2026","2026-08-29T15:41:33.000","41.890152128","-87.620307606","
,  
(41.890152128, -87.620307606)"
"14301361","JK382695","2026-08-22T00:00:00.000","041XX S PULASKI RD","0530","ASSAULT","AGGRAVATED - OTHER DANGEROUS WEAPON","PARKING LOT / GARAGE (NON RESIDENTIAL)","true","false","0821","008","14","57","04A","1150364","1876844","2026","2026-08-29T15:41:33.000","41.817960025","-87.723934456","
,  
(41.817960025, -87.723934456)"
"14302593","JK384290","2026-08-22T00:00:00.000","014XX S SPECIAL OLYMPICS DR","0460","BATTERY","SIMPLE","SPORTS ARENA / STADIUM","false","false","0132","001","4","33","08B","1179970","1893558","2026","2026-08-29T15:41:33.000","41.863196881","-87.614817819","
,  
(41.863196881, -87.614817819)"
"14301466","JK382693","2026-08-22T00:00:00.000","034XX S RHODES AVE","1320","CRIMINAL DAMAGE","TO VEHICLE","STREET","false","false","0211","002","4","35","14","1180461","1882209","2026","2026-08-29T15:41:33.000","41.832043206","-87.613364699","
,  
(41.832043206, -87.613364699)"
"14301342","JK382666","2026-08-22T00:00:00.000","001XX E MARQUETTE RD","0920","MOTOR VEHICLE THEFT","ATTEMPT - AUTOMOBILE","STREET","false","false","0322","003","6","69","07","1178517","1860627","2026","2026-08-29T15:41:33.000","41.772864734","-87.621153516","
,  
(41.772864734, -87.621153516)"
"14301162","JK382487","2026-08-22T00:00:00.000","020XX W LE MOYNE ST","0760","BURGLARY","BURGLARY FROM MOTOR VEHICLE","STREET","false","false","1424","014","1","24","06","1162542","1909833","2026","2026-08-29T15:41:33.000","41.908239275","-87.678338205","
,  
(41.908239275, -87.678338205)"
"14301578","JK382975","2026-08-22T00:00:00.000","071XX S OGLESBY AVE","0560","ASSAULT","SIMPLE","RESIDENCE - PORCH / HALLWAY","false","true","0334","003","5","43","08A","1193117","1858037","2026","2026-08-29T15:41:33.000","41.765413352","-87.5677191","
,  
(41.765413352, -87.5677191)"
"14301304","JK382607","2026-08-22T00:00:00.000","004XX N CLARK ST","0810","THEFT","OVER $500","SIDEWALK","false","false","1831","018","42","8","06","1175457","1903377","2026","2026-08-29T15:41:33.000","41.890243266","-87.631089546","
,  
(41.890243266, -87.631089546)"
"14304715","JK386992","2026-08-22T00:00:00.000","017XX N PAULINA ST","1365","CRIMINAL TRESPASS","TO RESIDENCE","APARTMENT","false","false","1433","014","32","24","26","1164741","1911722","2026","2026-08-29T15:41:33.000","41.913376455","-87.670206562","
,  
(41.913376455, -87.670206562)"
"14303820","JK385894","2026-08-22T00:00:00.000","006XX N CLARK ST","1150","DECEPTIVE PRACTICE","CREDIT CARD FRAUD","BAR OR TAVERN","false","false","1832","018","42","8","11","1175423","1904628","2026","2026-08-29T15:41:33.000","41.893676841","-87.631176812","
,  
(41.893676841, -87.631176812)"
"14301691","JK383194","2026-08-22T00:00:00.000","013XX W WRIGHTWOOD AVE","0760","BURGLARY","BURGLARY FROM MOTOR VEHICLE","APARTMENT","false","false","1932","019","32","7","06","1166776","1917381","2026","2026-08-29T15:41:33.000","41.92886166","-87.662567815","
,  
(41.92886166, -87.662567815)"
"14301483","JK382861","2026-08-21T23:50:00.000","060XX S KOMENSKY AVE","0910","MOTOR VEHICLE THEFT","AUTOMOBILE","STREET","false","false","0813","008","23","65","07","1150405","1864245","2026","2026-08-29T15:41:33.000","41.783385702","-87.724111623","
,  
(41.783385702, -87.724111623)"
"14301225","JK382444","2026-08-21T23:50:00.000","063XX S MOZART ST","0560","ASSAULT","SIMPLE","APARTMENT","true","true","0823","008","15","66","08A","1158473","1862386","2026","2026-08-29T15:41:33.000","41.778123668","-87.694581962","
,  
(41.778123668, -87.694581962)"
"14302569","JK384180","2026-08-21T23:50:00.000","0000X E LAKE ST","0760","BURGLARY","BURGLARY FROM MOTOR VEHICLE","PARKING LOT / GARAGE (NON RESIDENTIAL)","false","false","0111","001","42","32","06","1176905","1901744","2026","2026-08-29T15:41:33.000","41.885729587","-87.625821329","
,  
(41.885729587, -87.625821329)"
"14301174","JK382424","2026-08-21T23:49:00.000","074XX S WENTWORTH AVE","0810","THEFT","OVER $500","RESIDENCE","false","true","0731","007","6","69","06","1176245","1855602","2026","2026-08-29T15:41:33.000","41.759126893","-87.629632724","
,  
(41.759126893, -87.629632724)"
"14301115","JK382457","2026-08-21T23:48:00.000","089XX S SOUTH CHICAGO AVE","143B","WEAPONS VIOLATION","UNLAWFUL POSSESSION - OTHER FIREARM","GAS STATION","false","false","0423","004","7","48","15","1195162","1846437","2026","2026-08-29T15:41:33.000","41.73353185","-87.560605528","
,  
(41.73353185, -87.560605528)"
"14301104","JK382433","2026-08-21T23:47:00.000","0000X W 112TH PL","1320","CRIMINAL DAMAGE","TO VEHICLE","STREET","false","true","0522","005","9","49","14","1177896","1830371","2026","2026-08-29T15:41:33.000","41.689852537","-87.624343508","
,  
(41.689852537, -87.624343508)"
"14301129","JK382430","2026-08-21T23:45:00.000","025XX S SACRAMENTO AVE","1310","CRIMINAL DAMAGE","TO PROPERTY","APARTMENT","false","false","1033","010","25","30","14","1156769","1886891","2026","2026-08-29T15:41:33.000","41.845403158","-87.700167049","
,  
(41.845403158, -87.700167049)"
"14301231","JK382432","2026-08-21T23:45:00.000","035XX N CLARK ST","0460","BATTERY","SIMPLE","SIDEWALK","true","false","1924","019","44","6","08B","1168604","1923694","2026","2026-08-29T15:41:33.000","41.946145384","-87.655667162","
,  
(41.946145384, -87.655667162)"
"14301137","JK382426","2026-08-21T23:40:00.000","027XX W CERMAK RD","0810","THEFT","OVER $500","APARTMENT","false","false","1023","010","25","30","06","1158223","1889274","2026","2026-08-29T15:41:33.000","41.851912832","-87.694765976","
,  
(41.851912832, -87.694765976)"
"14301184","JK382447","2026-08-21T23:37:00.000","082XX S SANGAMON ST","4389","OTHER OFFENSE","VIOLATION GPS MONITORING DEVICE","APARTMENT","false","true","0613","006","17","71","26","1171413","1850172","2026","2026-08-29T15:41:33.000","41.744333366","-87.647500379","
,  
(41.744333366, -87.647500379)"
"14301186","JK382441","2026-08-21T23:32:00.000","067XX S EAST END AVE","0486","BATTERY","DOMESTIC BATTERY SIMPLE","APARTMENT","false","true","0332","003","5","43","08B","1188695","1860637","2026","2026-08-29T15:41:33.000","41.772654834","-87.583843806","
,  
(41.772654834, -87.583843806)"
"14301305","JK382435","2026-08-21T23:30:00.000","001XX E 51ST ST","1310","CRIMINAL DAMAGE","TO PROPERTY","OTHER (SPECIFY)","false","false","0224","002","3","38","14","1178172","1871245","2026","2026-08-29T15:41:33.000","41.802009404","-87.622096206","
,  
(41.802009404, -87.622096206)"
"14304853","JK387033","2026-08-21T23:30:00.000","082XX S MARYLAND AVE","0560","ASSAULT","SIMPLE","APARTMENT","false","true","0631","006","8","44","08A","1183339","1850513","2026","2026-08-29T15:41:33.000","41.744999963","-87.603791918","
,  
(41.744999963, -87.603791918)"
"14306051","JK388802","2026-08-21T23:30:00.000","069XX S ASHLAND AVE","0460","BATTERY","SIMPLE","APARTMENT","false","true","0734","007","17","67","08B","1166877","1858762","2026","2026-08-29T15:41:33.000","41.768003513","-87.663875893","
,  
(41.768003513, -87.663875893)"
"14301217","JK382557","2026-08-21T23:30:00.000","023XX S WABASH AVE","0760","BURGLARY","BURGLARY FROM MOTOR VEHICLE","STREET","false","false","0131","001","3","33","06","1177114","1888874","2026","2026-08-29T15:41:33.000","41.850408783","-87.625443577","
,  
(41.850408783, -87.625443577)"
"14302749","JK384435","2026-08-21T23:30:00.000","0000X E 124TH ST","0910","MOTOR VEHICLE THEFT","AUTOMOBILE","STREET","false","false","0532","005","9","53","07","1178751","1822753","2026","2026-08-29T15:41:33.000","41.668928251","-87.621443792","
,  
(41.668928251, -87.621443792)"
"14301154","JK382479","2026-08-21T23:28:00.000","013XX N MILWAUKEE AVE","0486","BATTERY","DOMESTIC BATTERY SIMPLE","ALLEY","true","true","1424","014","1","24","08B","1164759","1908941","2026","2026-08-29T15:41:33.000","41.905744822","-87.670219419","
,  
(41.905744822, -87.670219419)"
"14301169","JK382459","2026-08-21T23:25:00.000","011XX N WASHTENAW AVE","051A","ASSAULT","AGGRAVATED - HANDGUN","STREET","false","false","1211","012","36","24","04A","1158195","1907290","2026","2026-08-29T15:41:33.000","41.901351049","-87.694376484","
,  
(41.901351049, -87.694376484)"
"14301172","JK382461","2026-08-21T23:20:00.000","019XX W MADISON ST","1320","CRIMINAL DAMAGE","TO VEHICLE","PARKING LOT / GARAGE (NON RESIDENTIAL)","false","false","1223","012","27","28","14","1163655","1900042","2026","2026-08-29T15:41:33.000","41.881348623","-87.674525788","
,  
(41.881348623, -87.674525788)"
"14301150","JK382421","2026-08-21T23:20:00.000","080XX S INGLESIDE AVE","051A","ASSAULT","AGGRAVATED - HANDGUN","STREET","true","false","0631","006","8","44","04A","1183960","1851881","2026","2026-08-29T15:41:33.000","41.748739429","-87.601473872","
,  
(41.748739429, -87.601473872)"
"14301424","JK382400","2026-08-21T23:15:00.000","033XX N HALSTED ST","0460","BATTERY","SIMPLE","STREET","false","false","1925","019","44","6","08B","1170327","1922606","2026","2026-08-29T15:41:33.000","41.943122315","-87.649365938","
,  
(41.943122315, -87.649365938)"
"14301215","JK382411","2026-08-21T23:15:00.000","001XX N LONG AVE","0486","BATTERY","DOMESTIC BATTERY SIMPLE","APARTMENT","false","true","1523","015","37","25","08B","1140315","1900516","2026","2026-08-29T15:41:33.000","41.883109021","-87.76021841","
,  
(41.883109021, -87.76021841)"
"14301236","JK382483","2026-08-21T23:11:00.000","012XX W JARVIS AVE","143A","WEAPONS VIOLATION","UNLAWFUL POSSESSION - HANDGUN","STREET","true","false","2422","024","49","1","15","1166194","1949177","2026","2026-08-29T15:41:33.000","42.01612344","-87.663793316","
,  
(42.01612344, -87.663793316)"
"14303861","JK385896","2026-08-21T23:00:00.000","058XX N OCTAVIA AVE","2825","OTHER OFFENSE","HARASSMENT BY TELEPHONE","RESIDENCE","false","false","1612","016","41","10","26","1126628","1937759","2026","2026-08-29T15:41:33.000","41.985548299","-87.809643451","
,  
(41.985548299, -87.809643451)"
"14301200","JK382563","2026-08-21T23:00:00.000","001XX E 23RD ST","0760","BURGLARY","BURGLARY FROM MOTOR VEHICLE","VEHICLE NON-COMMERCIAL","false","false","0132","001","3","33","06","1177842","1889142","2026","2026-08-29T15:41:33.000","41.851127694","-87.622763578","
,  
(41.851127694, -87.622763578)"
"14301390","JK382760","2026-08-21T23:00:00.000","019XX N CLARK ST","0910","MOTOR VEHICLE THEFT","AUTOMOBILE","STREET","false","false","1814","018","43","7","07","1174188","1913264","2026","2026-08-29T15:41:33.000","41.917402098","-87.635454463","
,  
(41.917402098, -87.635454463)"
"14301545","JK382819","2026-08-21T23:00:00.000","014XX W DIVERSEY PKWY","0760","BURGLARY","BURGLARY FROM MOTOR VEHICLE","VEHICLE NON-COMMERCIAL","false","false","1932","019","32","6","06","1166298","1918692","2026","2026-08-29T15:41:33.000","41.932469363","-87.664286711","
,  
(41.932469363, -87.664286711)"
"14302540","JK384222","2026-08-21T23:00:00.000","118XX S HALSTED ST","0620","BURGLARY","UNLAWFUL ENTRY","RESIDENCE","false","false","0524","005","21","53","05","1173115","1826528","2026","2026-08-29T15:41:33.000","41.679413382","-87.641959693","
,  
(41.679413382, -87.641959693)"
"14301193","JK382475","2026-08-21T23:00:00.000","014XX S SPECIAL OLYMPICS DR","0460","BATTERY","SIMPLE","SPORTS ARENA / STADIUM","false","false","0132","001","4","33","08B","1179970","1893558","2026","2026-08-29T15:41:33.000","41.863196881","-87.614817819","
,  
(41.863196881, -87.614817819)"
"14301161","JK382422","2026-08-21T23:00:00.000","019XX W MADISON ST","1320","CRIMINAL DAMAGE","TO VEHICLE","PARKING LOT / GARAGE (NON RESIDENTIAL)","false","false","1223","012","27","28","14","1163655","1900042","2026","2026-08-29T15:41:33.000","41.881348623","-87.674525788","
,  
(41.881348623, -87.674525788)"
"14301745","JK383173","2026-08-21T23:00:00.000","081XX S KINGSTON AVE","0930","MOTOR VEHICLE THEFT","THEFT / RECOVERY - AUTOMOBILE","VEHICLE NON-COMMERCIAL","false","false","0422","004","7","46","07","1194592","1851557","2026","2026-08-29T15:41:33.000","41.747595584","-87.562525675","
,  
(41.747595584, -87.562525675)"
"14302984","JK384776","2026-08-21T23:00:00.000","032XX N LOCKWOOD AVE","0760","BURGLARY","BURGLARY FROM MOTOR VEHICLE","STREET","false","false","1634","016","31","15","06","1140458","1921241","2026","2026-08-29T15:41:33.000","41.939978137","-87.759183861","
,  
(41.939978137, -87.759183861)"
"14301230","JK382593","2026-08-21T23:00:00.000","003XX S WESTERN AVE","5000","OTHER OFFENSE","OTHER CRIME AGAINST PERSON","STREET","false","false","1225","012","27","28","26","1160451","1898423","2026","2026-08-29T15:41:33.000","41.87697283","-87.68633554","
,  
(41.87697283, -87.68633554)"
"14301339","JK382651","2026-08-21T23:00:00.000","080XX S MERRILL AVE","1320","CRIMINAL DAMAGE","TO VEHICLE","STREET","false","false","0414","004","8","46","14","1191926","1852062","2026","2026-08-29T15:41:33.000","41.749046469","-87.572278148","
,  
(41.749046469, -87.572278148)"
"14301559","JK382934","2026-08-21T23:00:00.000","021XX N HAMLIN AVE","0910","MOTOR VEHICLE THEFT","AUTOMOBILE","STREET","false","false","2525","025","35","22","07","1150700","1913841","2026","2026-08-29T15:41:33.000","41.919477498","-87.721734944","
,  
(41.919477498, -87.721734944)"
"14301147","JK382389","2026-08-21T22:50:00.000","063XX N GREENVIEW AVE","143A","WEAPONS VIOLATION","UNLAWFUL POSSESSION - HANDGUN","STREET","true","false","2433","024","48","77","15","1165157","1942226","2026","2026-08-29T15:41:33.000","41.997071954","-87.667807979","
,  
(41.997071954, -87.667807979)"
"14301134","JK382412","2026-08-21T22:50:00.000","085XX S DREXEL AVE","1320","CRIMINAL DAMAGE","TO VEHICLE","RESIDENCE","false","true","0632","006","8","44","14","1183712","1848632","2026","2026-08-29T15:41:33.000","41.73982961","-87.60248374","
,  
(41.73982961, -87.60248374)"
"14301128","JK382384","2026-08-21T22:45:00.000","018XX S KARLOV AVE","0486","BATTERY","DOMESTIC BATTERY SIMPLE","APARTMENT","false","true","1012","010","24","29","08B","1149356","1890652","2026","2026-08-29T15:41:33.000","41.855870568","-87.72727477","
,  
(41.855870568, -87.72727477)"
"14301187","JK382469","2026-08-21T22:45:00.000","051XX S COTTAGE GROVE AVE","0460","BATTERY","SIMPLE","STREET","false","false","0233","002","20","40","08B","1182457","1871138","2026","2026-08-29T15:41:33.000","41.801617415","-87.60638487","
,  
(41.801617415, -87.60638487)"
"14301176","JK382413","2026-08-21T22:44:00.000","005XX S DAMEN AVE","0760","BURGLARY","BURGLARY FROM MOTOR VEHICLE","PARKING LOT / GARAGE (NON RESIDENTIAL)","false","false","1225","012","28","28","06","1163143","1897610","2026","2026-08-29T15:41:33.000","41.874685775","-87.676474171","
,  
(41.874685775, -87.676474171)"
"14301170","JK382429","2026-08-21T22:40:00.000","008XX S KEDZIE AVE","031A","ROBBERY","ARMED - HANDGUN","STREET","false","false","1134","011","24","27","03","1155163","1896083","2026","2026-08-29T15:41:33.000","41.870659371","-87.70581438","
,  
(41.870659371, -87.70581438)"
"14303094","JK382388","2026-08-21T22:40:00.000","012XX N LARAMIE AVE","0560","ASSAULT","SIMPLE","TAVERN / LIQUOR STORE","false","false","2533","025","37","25","08A","1141476","1907594","2026","2026-08-29T15:41:33.000","41.902510547","-87.755780146","
,  
(41.902510547, -87.755780146)"
"14301239","JK382402","2026-08-21T22:36:00.000","010XX W NEWPORT AVE","051A","ASSAULT","AGGRAVATED - HANDGUN","ALLEY","false","false","1924","019","44","6","04A","1168689","1923081","2026","2026-08-29T15:41:33.000","41.944461442","-87.655372554","
,  
(41.944461442, -87.655372554)"
"14301133","JK382399","2026-08-21T22:34:00.000","037XX W WRIGHTWOOD AVE","1320","CRIMINAL DAMAGE","TO VEHICLE","STREET","false","true","2524","025","35","22","14","1151098","1917028","2026","2026-08-29T15:41:33.000","41.928215106","-87.720188899","
,  
(41.928215106, -87.720188899)"
"14301222","JK382467","2026-08-21T22:30:00.000","082XX S ELIZABETH ST","0910","MOTOR VEHICLE THEFT","AUTOMOBILE","STREET","false","false","0613","006","17","71","07","1169422","1850240","2026","2026-08-29T15:41:33.000","41.744563281","-87.654793663","
,  
(41.744563281, -87.654793663)"
"14301645","JK382846","2026-08-21T22:30:00.000","004XX N WABASH AVE","0810","THEFT","OVER $500","STREET","false","true","1834","018","42","8","06","1176659","1903432","2026","2026-08-29T15:41:33.000","41.89036711","-87.626673634","
,  
(41.89036711, -87.626673634)"
"14303002","JK384594","2026-08-21T22:30:00.000","079XX S PEORIA ST","1477","WEAPONS VIOLATION","RECKLESS FIREARM DISCHARGE","RESIDENCE","false","false","0621","006","17","71","15","1171686","1852145","2026","2026-08-29T15:41:33.000","41.749741563","-87.646442367","
,  
(41.749741563, -87.646442367)"
"14301569","JK382955","2026-08-21T22:30:00.000","033XX S SHIELDS AVE","1320","CRIMINAL DAMAGE","TO VEHICLE","PARK PROPERTY","false","false","0915","009","11","34","14","1174499","1882877","2026","2026-08-29T15:41:33.000","41.834011289","-87.635219909","
,  
(41.834011289, -87.635219909)"
"14301531","JK382657","2026-08-21T22:30:00.000","079XX S LANGLEY AVE","1310","CRIMINAL DAMAGE","TO PROPERTY","APARTMENT","false","true","0624","006","6","44","14","1182273","1852457","2026","2026-08-29T15:41:33.000","41.750359245","-87.607637789","
,  
(41.750359245, -87.607637789)"
"14301413","JK382801","2026-08-21T22:30:00.000","062XX S KOMENSKY AVE","0910","MOTOR VEHICLE THEFT","AUTOMOBILE","STREET","false","false","0813","008","13","65","07","1150440","1862973","2026","2026-08-29T15:41:33.000","41.779894453","-87.724016346","
,  
(41.779894453, -87.724016346)"
"14304345","JK386486","2026-08-21T22:30:00.000","055XX S UNION AVE","0460","BATTERY","SIMPLE","STREET","false","false","0711","007","16","68","08B","1172577","1868109","2026","2026-08-29T15:41:33.000","41.793529101","-87.642707624","
,  
(41.793529101, -87.642707624)"
"14301380","JK382708","2026-08-21T22:30:00.000","059XX S MARSHFIELD AVE","0920","MOTOR VEHICLE THEFT","ATTEMPT - AUTOMOBILE","STREET","false","false","0714","007","15","67","07","1166359","1865282","2026","2026-08-29T15:41:33.000","41.78590628","-87.665589035","
,  
(41.78590628, -87.665589035)"
"14301376","JK382707","2026-08-21T22:30:00.000","062XX S WINCHESTER AVE","0910","MOTOR VEHICLE THEFT","AUTOMOBILE","STREET","false","false","0714","007","16","67","07","1164427","1863376","2026","2026-08-29T15:41:33.000","41.780716924","-87.672726388","
,  
(41.780716924, -87.672726388)"
"14301417","JK382799","2026-08-21T22:30:00.000","037XX W 70TH ST","0910","MOTOR VEHICLE THEFT","AUTOMOBILE","RESIDENCE","false","false","0833","008","23","65","07","1152614","1857928","2026","2026-08-29T15:41:33.000","41.766007629","-87.716178788","
,  
(41.766007629, -87.716178788)"
"14301131","JK382392","2026-08-21T22:28:00.000","028XX N AVERS AVE","051A","ASSAULT","AGGRAVATED - HANDGUN","STREET","false","false","2523","025","31","21","04A","1150236","1918698","2026","2026-08-29T15:41:33.000","41.9328146","-87.723312801","
,  
(41.9328146, -87.723312801)"
"14301101","JK382394","2026-08-21T22:25:00.000","022XX W DIVERSEY PKWY","143A","WEAPONS VIOLATION","UNLAWFUL POSSESSION - HANDGUN","PARKING LOT / GARAGE (NON RESIDENTIAL)","true","false","1432","014","32","22","15","1161089","1918562","2026","2026-08-29T15:41:33.000","41.932222582","-87.683432779","
,  
(41.932222582, -87.683432779)"
"14301306","JK382451","2026-08-21T22:20:00.000","034XX W 71ST ST","1320","CRIMINAL DAMAGE","TO VEHICLE","STREET","false","false","0831","008","17","66","14","1154621","1857318","2026","2026-08-29T15:41:33.000","41.764293941","-87.708838587","
,  
(41.764293941, -87.708838587)"
"14301136","JK382409","2026-08-21T22:20:00.000","027XX S HOMAN AVE","051A","ASSAULT","AGGRAVATED - HANDGUN","RESIDENCE - YARD (FRONT / BACK)","false","false","1032","010","22","30","04A","1154143","1885570","2026","2026-08-29T15:41:33.000","41.841830898","-87.709839437","
,  
(41.841830898, -87.709839437)"
"14301914","JK383256","2026-08-21T22:13:00.000","043XX W 69TH ST","1120","DECEPTIVE PRACTICE","FORGERY","STREET","false","false","0833","008","23","65","10","1148812","1858501","2026","2026-08-29T15:41:33.000","41.76765405","-87.730099904","
,  
(41.76765405, -87.730099904)"
"14301063","JK382364","2026-08-21T22:08:00.000","016XX W 95TH ST","0860","THEFT","RETAIL THEFT","GROCERY FOOD STORE","false","false","2213","022","19","73","06","1166969","1841705","2026","2026-08-29T15:41:33.000","41.7211947","-87.664024973","
,  
(41.7211947, -87.664024973)"
"14301226","JK382386","2026-08-21T22:08:00.000","040XX N MASON AVE","0560","ASSAULT","SIMPLE","APARTMENT","false","false","1624","016","38","15","08A","1135964","1926257","2026","2026-08-29T15:41:33.000","41.953823968","-87.775581026","
,  
(41.953823968, -87.775581026)"
"14301127","JK382458","2026-08-21T22:05:00.000","033XX N LAWNDALE AVE","1563","SEX OFFENSE","CRIMINAL SEXUAL ABUSE","SIDEWALK","false","false","1732","017","30","21","17","1151133","1922025","2026","2026-08-29T15:41:33.000","41.941926597","-87.719928905","
,  
(41.941926597, -87.719928905)"
"14302462","JK382395","2026-08-21T22:04:00.000","047XX W WEST END AVE","0486","BATTERY","DOMESTIC BATTERY SIMPLE","APARTMENT","false","true","1113","011","28","25","08B","1144701","1900558","2026","2026-08-29T15:41:33.000","41.883142768","-87.744111527","
,  
(41.883142768, -87.744111527)"
"14301589","JK382943","2026-08-21T22:00:00.000","004XX E 33RD ST","1320","CRIMINAL DAMAGE","TO VEHICLE","STREET","false","false","0211","002","4","35","14","1179504","1883151","2026","2026-08-29T15:41:33.000","41.834650079","-87.616847182","
,  
(41.834650079, -87.616847182)"
"14301351","JK382668","2026-08-21T22:00:00.000","033XX W POTOMAC AVE","0910","MOTOR VEHICLE THEFT","AUTOMOBILE","STREET","false","false","1422","014","26","23","07","1153939","1908454","2026","2026-08-29T15:41:33.000","41.904631093","-87.709978191","
,  
(41.904631093, -87.709978191)"
"14301146","JK382378","2026-08-21T22:00:00.000","016XX S HOMAN AVE","031A","ROBBERY","ARMED - HANDGUN","APARTMENT","false","false","1021","010","24","29","03","1153974","1891461","2026","2026-08-29T15:41:33.000","41.85799986","-87.710302774","
,  
(41.85799986, -87.710302774)"
"14301117","JK382468","2026-08-21T22:00:00.000","045XX W CONGRESS PKWY","2820","OTHER OFFENSE","TELEPHONE THREAT","APARTMENT","false","true","1131","011","28","26","08A","1146174","1897305","2026","2026-08-29T15:41:33.000","41.87418827","-87.73878528","
,  
(41.87418827, -87.73878528)"
"14301525","JK382830","2026-08-21T22:00:00.000","055XX S INDIANA AVE","0910","MOTOR VEHICLE THEFT","AUTOMOBILE","STREET","false","false","0231","002","20","40","07","1178547","1868160","2026","2026-08-29T15:41:33.000","41.793535355","-87.620814721","
,  
(41.793535355, -87.620814721)"
"14301412","JK382713","2026-08-21T22:00:00.000","085XX S MANISTEE AVE","0710","THEFT","THEFT FROM MOTOR VEHICLE","STREET","false","false","0423","004","7","46","06","1195973","1848931","2026","2026-08-29T15:41:33.000","41.740355573","-87.557552134","
,  
(41.740355573, -87.557552134)"
"14301068","JK382368","2026-08-21T22:00:00.000","0000X E 108TH ST","1330","CRIMINAL TRESPASS","TO LAND","APARTMENT","true","false","0513","005","9","49","26","1178373","1833367","2026","2026-08-29T15:41:33.000","41.698063204","-87.622506696","
,  
(41.698063204, -87.622506696)"
"14301368","JK382620","2026-08-21T22:00:00.000","036XX N LAKE SHORE DR","0460","BATTERY","SIMPLE","SIDEWALK","false","false","1925","019","46","6","08B","1171748","1924996","2026","2026-08-29T15:41:33.000","41.949649326","-87.64407246","
,  
(41.949649326, -87.64407246)"
"14301082","JK382363","2026-08-21T22:00:00.000","058XX W 59TH ST","1310","CRIMINAL DAMAGE","TO PROPERTY","APARTMENT","false","true","0811","008","13","64","14","1138635","1864859","2026","2026-08-29T15:41:33.000","41.785291364","-87.76725042","
,  
(41.785291364, -87.76725042)"
"14301138","JK382415","2026-08-21T22:00:00.000","071XX S CHAMPLAIN AVE","1310","CRIMINAL DAMAGE","TO PROPERTY","APARTMENT","false","false","0323","003","6","69","14","1181800","1857817","2026","2026-08-29T15:41:33.000","41.765078582","-87.609205731","
,  
(41.765078582, -87.609205731)"
"14301348","JK382670","2026-08-21T22:00:00.000","080XX S MARYLAND AVE","0910","MOTOR VEHICLE THEFT","AUTOMOBILE","STREET","false","false","0631","006","8","44","07","1183297","1851914","2026","2026-08-29T15:41:33.000","41.748845434","-87.603902294","
,  
(41.748845434, -87.603902294)"
"14302804","JK384236","2026-08-21T22:00:00.000","064XX S MAPLEWOOD AVE","2825","OTHER OFFENSE","HARASSMENT BY TELEPHONE","RESIDENCE","false","true","0825","008","16","66","26","1160484","1861769","2026","2026-08-29T15:41:33.000","41.776389307","-87.687226505","
,  
(41.776389307, -87.687226505)"
"14301599","JK382999","2026-08-21T22:00:00.000","007XX N STATE ST","0760","BURGLARY","BURGLARY FROM MOTOR VEHICLE","PARKING LOT / GARAGE (NON RESIDENTIAL)","false","false","1832","018","42","8","06","1176237","1905278","2026","2026-08-29T15:41:33.000","41.895442156","-87.628167681","
,  
(41.895442156, -87.628167681)"
"14301439","JK382850","2026-08-21T22:00:00.000","081XX S COLFAX AVE","1320","CRIMINAL DAMAGE","TO VEHICLE","STREET","false","false","0422","004","7","46","14","1194925","1851438","2026","2026-08-29T15:41:33.000","41.747260846","-87.561309401","
,  
(41.747260846, -87.561309401)"
"14301472","JK382873","2026-08-21T22:00:00.000","014XX N LOTUS AVE","0910","MOTOR VEHICLE THEFT","AUTOMOBILE","STREET","false","false","2532","025","37","25","07","1139748","1909128","2026","2026-08-29T15:41:33.000","41.906751772","-87.762089944","
,  
(41.906751772, -87.762089944)"
"14301167","JK382431","2026-08-21T22:00:00.000","042XX S DREXEL BLVD","0810","THEFT","OVER $500","STREET","false","false","0214","002","4","36","06","1183020","1876973","2026","2026-08-29T15:41:33.000","41.81761602","-87.604138592","
,  
(41.81761602, -87.604138592)"
"14301481","JK382880","2026-08-21T22:00:00.000","005XX N CLINTON ST","0910","MOTOR VEHICLE THEFT","AUTOMOBILE","PARKING LOT / GARAGE (NON RESIDENTIAL)","false","false","1214","012","34","24","07","1172319","1903550","2026","2026-08-29T15:41:33.000","41.890787883","-87.642608513","
,  
(41.890787883, -87.642608513)"
"14301469","JK382782","2026-08-21T22:00:00.000","077XX S EAST END AVE","1320","CRIMINAL DAMAGE","TO VEHICLE","STREET","false","false","0414","004","8","43","14","1188882","1853912","2026","2026-08-29T15:41:33.000","41.754196381","-87.583373256","
,  
(41.754196381, -87.583373256)"
"14301533","JK382962","2026-08-21T22:00:00.000","021XX N CLIFTON AVE","1320","CRIMINAL DAMAGE","TO VEHICLE","STREET","false","false","1811","018","2","7","14","1168290","1914408","2026","2026-08-29T15:41:33.000","41.920670955","-87.657090539","
,  
(41.920670955, -87.657090539)"
"14307385","JK384144","2026-08-21T22:00:00.000","071XX S MAPLEWOOD AVE","0910","MOTOR VEHICLE THEFT","AUTOMOBILE","STREET","false","false","0832","008","17","66","07","1160606","1857321","2026","2026-08-30T15:45:32.000","41.764180841","-87.686901815","
,  
(41.764180841, -87.686901815)"
"14301166","JK382365","2026-08-21T21:56:00.000","034XX W FLOURNOY ST","0810","THEFT","OVER $500","APARTMENT","false","false","1133","011","24","27","06","1153512","1896818","2026","2026-08-29T15:41:33.000","41.872709251","-87.711856258","
,  
(41.872709251, -87.711856258)"
"14301060","JK382362","2026-08-21T21:55:00.000","064XX S HONORE ST","0560","ASSAULT","SIMPLE","APARTMENT","false","true","0726","007","15","67","08A","1165122","1861894","2026","2026-08-29T15:41:33.000","41.776635443","-87.670220279","
,  
(41.776635443, -87.670220279)"
"14301107","JK382372","2026-08-21T21:50:00.000","024XX W 54TH ST","031A","ROBBERY","ARMED - HANDGUN","SIDEWALK","false","false","0923","009","14","63","03","1160740","1868628","2026","2026-08-29T15:41:33.000","41.795206051","-87.686098738","
,  
(41.795206051, -87.686098738)"
"14301080","JK382377","2026-08-21T21:47:00.000","078XX S STATE ST","3731","INTERFERENCE WITH PUBLIC OFFICER","OBSTRUCTING IDENTIFICATION","STREET","true","false","0623","006","6","69","24","1177650","1852817","2026","2026-08-29T15:41:33.000","41.751452878","-87.624567581","
,  
(41.751452878, -87.624567581)"
"14301177","JK382527","2026-08-21T21:45:00.000","075XX S ST LAWRENCE AVE","143A","WEAPONS VIOLATION","UNLAWFUL POSSESSION - HANDGUN","SIDEWALK","true","false","0624","006","6","69","15","1181540","1855179","2026","2026-08-29T15:41:33.000","41.757845639","-87.610239976","
,  
(41.757845639, -87.610239976)"
"14301144","JK382383","2026-08-21T21:33:00.000","064XX S DR MARTIN LUTHER KING JR DR","051A","ASSAULT","AGGRAVATED - HANDGUN","CHA APARTMENT","false","false","0312","003","20","69","04A","1180025","1862493","2026","2026-08-29T15:41:33.000","41.777950825","-87.615568537","
,  
(41.777950825, -87.615568537)"
"14301075","JK382344","2026-08-21T21:31:00.000","038XX S PRINCETON AVE","0497","BATTERY","AGGRAVATED DOMESTIC BATTERY - OTHER DANGEROUS WEAPON","APARTMENT","false","true","0915","009","3","34","04B","1174922","1879288","2026","2026-08-29T15:41:33.000","41.824153323","-87.633775069","
,  
(41.824153323, -87.633775069)"
"14303387","JK385224","2026-08-21T21:30:00.000","120XX S MICHIGAN AVE","4387","OTHER OFFENSE","VIOLATE ORDER OF PROTECTION","STREET","false","false","0532","005","9","53","26","1179004","1825227","2026","2026-08-29T15:41:33.000","41.675711546","-87.620442954","
,  
(41.675711546, -87.620442954)"
"14301411","JK382786","2026-08-21T21:30:00.000","020XX N HOYNE AVE","0760","BURGLARY","BURGLARY FROM MOTOR VEHICLE","VEHICLE NON-COMMERCIAL","false","false","1432","014","32","22","06","1162035","1913349","2026","2026-08-29T15:41:33.000","41.917898038","-87.680102293","
,  
(41.917898038, -87.680102293)"
"14301479","JK382772","2026-08-21T21:30:00.000","0000X W SUPERIOR ST","0760","BURGLARY","BURGLARY FROM MOTOR VEHICLE","PARKING LOT / GARAGE (NON RESIDENTIAL)","false","false","1832","018","42","8","06","1176127","1905362","2026","2026-08-29T15:41:33.000","41.895675136","-87.628569146","
,  
(41.895675136, -87.628569146)"
"14301761","JK383199","2026-08-21T21:30:00.000","026XX W CONGRESS PKWY","0820","THEFT","$500 AND UNDER","STREET","false","false","1135","011","28","28","06","1158795","1897664","2026","2026-08-29T15:41:33.000","41.874924155","-87.692436697","
,  
(41.874924155, -87.692436697)"
"14301046","JK382351","2026-08-21T21:30:00.000","013XX W 57TH ST","2027","NARCOTICS","POSSESS - CRACK","STREET","true","false","0713","007","16","67","18","1168498","1866967","2026","2026-08-29T15:41:33.000","41.790484267","-87.657697876","
,  
(41.790484267, -87.657697876)"
"14301098","JK382376","2026-08-21T21:20:00.000","003XX W 99TH PL","0910","MOTOR VEHICLE THEFT","AUTOMOBILE","RESIDENCE","false","false","0511","005","9","49","07","1175783","1838948","2026","2026-08-29T15:41:33.000","41.713436535","-87.631823432","
,  
(41.713436535, -87.631823432)"
"14301355","JK382698","2026-08-21T21:20:00.000","023XX N MEADE AVE","0910","MOTOR VEHICLE THEFT","AUTOMOBILE","STREET","false","false","2512","025","36","19","07","1135348","1914939","2026","2026-08-29T15:41:33.000","41.922777124","-87.778115019","
,  
(41.922777124, -87.778115019)"
"14301099","JK382341","2026-08-21T21:15:00.000","015XX W MADISON ST","143A","WEAPONS VIOLATION","UNLAWFUL POSSESSION - HANDGUN","STREET","true","false","1224","012","34","28","15","1166067","1900103","2026","2026-08-29T15:41:33.000","41.881464861","-87.665667323","
,  
(41.881464861, -87.665667323)"
"14301089","JK382331","2026-08-21T21:11:00.000","007XX W 99TH ST","4387","OTHER OFFENSE","VIOLATE ORDER OF PROTECTION","STREET","true","false","2232","022","21","73","26","1172843","1839208","2026","2026-08-29T15:41:33.000","41.714215239","-87.642583095","
,  
(41.714215239, -87.642583095)"
"14301074","JK382345","2026-08-21T21:11:00.000","031XX W 53RD PL","0486","BATTERY","DOMESTIC BATTERY SIMPLE","RESIDENCE","false","true","0923","009","14","63","08B","1156407","1868988","2026","2026-08-29T15:41:33.000","41.796282365","-87.701978335","
,  
(41.796282365, -87.701978335)"
"14301124","JK382328","2026-08-21T21:11:00.000","008XX E 83RD ST","143A","WEAPONS VIOLATION","UNLAWFUL POSSESSION - HANDGUN","STREET","true","false","0631","006","8","44","15","1183161","1850139","2026","2026-08-29T15:41:33.000","41.743977806","-87.604455738","
,  
(41.743977806, -87.604455738)"
"14301064","JK382361","2026-08-21T21:10:00.000","001XX N STATE ST","1563","SEX OFFENSE","CRIMINAL SEXUAL ABUSE","BAR OR TAVERN","false","false","0111","001","42","32","17","1176332","1901592","2026","2026-08-29T15:41:33.000","41.885325435","-87.627930066","
,  
(41.885325435, -87.627930066)"
"14301096","JK382346","2026-08-21T21:09:00.000","082XX S HOUSTON AVE","143B","WEAPONS VIOLATION","UNLAWFUL POSSESSION - OTHER FIREARM","STREET","false","false","0424","004","7","46","15","1197921","1850850","2026","2026-08-29T15:41:33.000","41.745573042","-87.550351069","
,  
(41.745573042, -87.550351069)"
"14300998","JK382332","2026-08-21T21:00:00.000","092XX S HALSTED ST","0486","BATTERY","DOMESTIC BATTERY SIMPLE","RESIDENCE","false","true","2223","022","21","73","08B","1172603","1843517","2026","2026-08-29T15:41:33.000","41.726045032","-87.643335587","
,  
(41.726045032, -87.643335587)"
"14302765","JK384466","2026-08-21T21:00:00.000","023XX N KIMBALL AVE","0930","MOTOR VEHICLE THEFT","THEFT / RECOVERY - AUTOMOBILE","STREET","false","false","1413","014","35","22","07","1153313","1915539","2026","2026-08-29T15:41:33.000","41.924085415","-87.712089167","
,  
(41.924085415, -87.712089167)"
"14303037","JK384791","2026-08-21T21:00:00.000","003XX N CENTRAL PARK AVE","0460","BATTERY","SIMPLE","PARK PROPERTY","false","false","1123","011","28","27","08B","1152330","1901857","2026","2026-08-29T15:41:33.000","41.886560206","-87.716062887","
,  
(41.886560206, -87.716062887)"
"14301715","JK383132","2026-08-21T21:00:00.000","129XX S UNION AVE","0710","THEFT","THEFT FROM MOTOR VEHICLE","STREET","false","false","0523","005","9","53","06","1174014","1819158","2026","2026-08-29T15:41:33.000","41.659169044","-87.638886371","
,  
(41.659169044, -87.638886371)"
"14301391","JK382754","2026-08-21T21:00:00.000","003XX E 56TH ST","0910","MOTOR VEHICLE THEFT","AUTOMOBILE","STREET","false","false","0231","002","20","40","07","1179549","1867967","2026","2026-08-29T15:41:33.000","41.792982898","-87.617146396","
,  
(41.792982898, -87.617146396)"
"14301698","JK382963","2026-08-21T21:00:00.000","037XX W ROSCOE ST","0910","MOTOR VEHICLE THEFT","AUTOMOBILE","STREET","false","false","1732","017","30","21","07","1150683","1922344","2026","2026-08-29T15:41:33.000","41.942810782","-87.721574491","
,  
(41.942810782, -87.721574491)"
"14301908","JK383491","2026-08-21T21:00:00.000","058XX S WINCHESTER AVE","0820","THEFT","$500 AND UNDER","STREET","false","false","0715","007","15","67","06","1164351","1866086","2026","2026-08-29T15:41:33.000","41.788155116","-87.672928709","
,  
(41.788155116, -87.672928709)"
"14301041","JK382322","2026-08-21T21:00:00.000","013XX E 79TH ST","0560","ASSAULT","SIMPLE","STREET","false","false","0411","004","8","45","08A","1186404","1852879","2026","2026-08-29T15:41:33.000","41.751420646","-87.592486791","
,  
(41.751420646, -87.592486791)"
"14301651","JK383089","2026-08-21T21:00:00.000","034XX S RHODES AVE","1320","CRIMINAL DAMAGE","TO VEHICLE","STREET","false","false","0211","002","4","35","14","1180461","1882209","2026","2026-08-29T15:41:33.000","41.832043206","-87.613364699","
,  
(41.832043206, -87.613364699)"
"14304072","JK386147","2026-08-21T21:00:00.000","003XX W 110TH PL","0820","THEFT","$500 AND UNDER","DRIVEWAY - RESIDENTIAL","false","false","0513","005","21","49","06","1176118","1831650","2026","2026-08-29T15:41:33.000","41.693402277","-87.63081458","
,  
(41.693402277, -87.63081458)"
"14301673","JK383118","2026-08-21T21:00:00.000","003XX E ILLINOIS ST","0810","THEFT","OVER $500","SMALL RETAIL STORE","false","false","1834","018","2","8","06","1178925","1903695","2026","2026-08-29T15:41:33.000","41.891037284","-87.618343879","
,  
(41.891037284, -87.618343879)"
"14301490","JK382770","2026-08-21T21:00:00.000","005XX E SOLIDARITY DR","0910","MOTOR VEHICLE THEFT","AUTOMOBILE","STREET","false","false","0132","001","4","33","07","1180420","1894737","2026","2026-08-29T15:41:33.000","41.866421776","-87.613129624","
,  
(41.866421776, -87.613129624)"
"14301772","JK383299","2026-08-21T21:00:00.000","089XX S ELIZABETH ST","0890","THEFT","FROM BUILDING","RESIDENCE","false","false","2222","022","21","73","06","1169560","1845472","2026","2026-08-29T15:41:33.000","41.73147623","-87.654425833","
,  
(41.73147623, -87.654425833)"
"14301523","JK382759","2026-08-21T21:00:00.000","006XX W 26TH ST","1320","CRIMINAL DAMAGE","TO VEHICLE","STREET","false","false","0914","009","11","60","14","1172367","1887001","2026","2026-08-29T15:41:33.000","41.845375178","-87.642921038","
,  
(41.845375178, -87.642921038)"
"14301232","JK382470","2026-08-21T20:55:00.000","027XX N HAMPDEN CT","0610","BURGLARY","FORCIBLE ENTRY","APARTMENT","false","false","1935","019","43","7","05","1172397","1918341","2026","2026-08-29T15:41:33.000","41.931373416","-87.641884161","
,  
(41.931373416, -87.641884161)"
"14301051","JK382337","2026-08-21T20:55:00.000","017XX W 19TH ST","0486","BATTERY","DOMESTIC BATTERY SIMPLE","APARTMENT","false","true","1234","012","25","31","08B","1165038","1890786","2026","2026-08-29T15:41:33.000","41.85592011","-87.669710239","
,  
(41.85592011, -87.669710239)"
"14302066","JK383103","2026-08-21T20:50:00.000","014XX N WELLS ST","0620","BURGLARY","UNLAWFUL ENTRY","RESTAURANT","false","false","1821","018","2","8","05","1174443","1909904","2026","2026-08-29T15:41:33.000","41.908176407","-87.634618163","
,  
(41.908176407, -87.634618163)"
"14301001","JK382303","2026-08-21T20:48:00.000","103XX S VINCENNES AVE","0560","ASSAULT","SIMPLE","STREET","false","false","2232","022","21","73","08A","1169151","1836304","2026","2026-08-29T15:41:33.000","41.706326697","-87.656188319","
,  
(41.706326697, -87.656188319)"
"14301608","JK382373","2026-08-21T20:47:00.000","101XX S EMERALD AVE","0486","BATTERY","DOMESTIC BATTERY SIMPLE","RESIDENCE","false","true","2232","022","21","73","08B","1173095","1837719","2026","2026-08-29T15:41:33.000","41.710123655","-87.641703975","
,  
(41.710123655, -87.641703975)"
"14301079","JK382330","2026-08-21T20:45:00.000","029XX S STATE ST","143A","WEAPONS VIOLATION","UNLAWFUL POSSESSION - HANDGUN","CHA PARKING LOT / GROUNDS","true","false","0133","001","3","35","15","1176760","1885391","2026","2026-08-29T15:41:33.000","41.840859176","-87.626847966","
,  
(41.840859176, -87.626847966)"
"14301002","JK382299","2026-08-21T20:41:00.000","044XX N BROADWAY","0860","THEFT","RETAIL THEFT","SMALL RETAIL STORE","true","false","1913","019","46","3","06","1168469","1929861","2026","2026-08-29T15:41:33.000","41.963070794","-87.655984213","
,  
(41.963070794, -87.655984213)"
"14301377","JK382744","2026-08-21T20:40:00.000","033XX N LINCOLN AVE","0820","THEFT","$500 AND UNDER","RESTAURANT","false","false","1922","019","32","6","06","1164557","1922310","2026","2026-08-29T15:41:33.000","41.942434454","-87.670581876","
,  
(41.942434454, -87.670581876)"
"14301049","JK382327","2026-08-21T20:30:00.000","014XX W 72ND PL","0486","BATTERY","DOMESTIC BATTERY SIMPLE","RESIDENCE","false","true","0734","007","17","67","08B","1167610","1856659","2026","2026-08-29T15:41:33.000","41.762216917","-87.661249337","
,  
(41.762216917, -87.661249337)"
"14301105","JK382307","2026-08-21T20:30:00.000","035XX N BROADWAY","0810","THEFT","OVER $500","PARKING LOT / GARAGE (NON RESIDENTIAL)","false","false","1925","019","46","6","06","1171076","1923738","2026","2026-08-29T15:41:33.000","41.946212132","-87.646579678","
,  
(41.946212132, -87.646579678)"
"14301198","JK382505","2026-08-21T20:30:00.000","005XX S WABASH AVE","0910","MOTOR VEHICLE THEFT","AUTOMOBILE","PARKING LOT / GARAGE (NON RESIDENTIAL)","false","false","0123","001","4","32","07","1176884","1897911","2026","2026-08-29T15:41:33.000","41.875212095","-87.62601445","
,  
(41.875212095, -87.62601445)"
"14301023","JK382301","2026-08-21T20:30:00.000","007XX S KENNETH AVE","0486","BATTERY","DOMESTIC BATTERY SIMPLE","APARTMENT","false","true","1131","011","24","26","08B","1146812","1896155","2026","2026-08-29T15:41:33.000","41.871020381","-87.736472172","
,  
(41.871020381, -87.736472172)"
"14300986","JK382289","2026-08-21T20:25:00.000","0000X E CHICAGO AVE","0860","THEFT","RETAIL THEFT","CONVENIENCE STORE","false","false","1833","018","2","8","06","1176739","1905742","2026","2026-08-29T15:41:33.000","41.896704058","-87.626309934","
,  
(41.896704058, -87.626309934)"
"14301703","JK382294","2026-08-21T20:21:00.000","035XX N MILWAUKEE AVE","0850","THEFT","ATTEMPT THEFT","SIDEWALK","false","false","1731","017","30","16","06","1146921","1923520","2026","2026-08-29T15:41:33.000","41.946110669","-87.73537161","
,  
(41.946110669, -87.73537161)"
"14303362","JK385296","2026-08-21T20:21:00.000","039XX N CALIFORNIA AVE","0820","THEFT","$500 AND UNDER","RESIDENCE","false","false","1733","017","35","16","06","1157013","1926048","2026","2026-08-29T15:41:33.000","41.952848474","-87.698207744","
,  
(41.952848474, -87.698207744)"
"14302888","JK382305","2026-08-21T20:12:00.000","017XX N LOCKWOOD AVE","0560","ASSAULT","SIMPLE","APARTMENT","false","true","2532","025","37","25","08A","1140793","1911103","2026","2026-08-29T15:41:33.000","41.912152235","-87.758202532","
,  
(41.912152235, -87.758202532)"
"14300996","JK382283","2026-08-21T20:06:00.000","072XX S CARPENTER ST","0320","ROBBERY","STRONG ARM - NO WEAPON","STREET","false","false","0733","007","17","68","03","1170563","1856908","2026","2026-08-29T15:41:33.000","41.762836382","-87.650418961","
,  
(41.762836382, -87.650418961)"
"14301025","JK382286","2026-08-21T20:05:00.000","034XX W FLOURNOY ST","0460","BATTERY","SIMPLE","APARTMENT","false","false","1133","011","24","27","08B","1153512","1896818","2026","2026-08-29T15:41:33.000","41.872709251","-87.711856258","
,  
(41.872709251, -87.711856258)"
"14301000","JK382275","2026-08-21T20:03:00.000","015XX E 73RD PL","1310","CRIMINAL DAMAGE","TO PROPERTY","RESIDENCE - PORCH / HALLWAY","false","true","0324","003","7","43","14","1187776","1856560","2026","2026-08-29T15:41:33.000","41.76148912","-87.587342178","
,  
(41.76148912, -87.587342178)"
"14302161","JK383652","2026-08-21T20:00:00.000","049XX W VAN BUREN ST","0820","THEFT","$500 AND UNDER","STREET","false","false","1533","015","29","25","06","1143648","1897561","2026","2026-08-29T15:41:33.000","41.874938406","-87.748053297","
,  
(41.874938406, -87.748053297)"
"14301070","JK382333","2026-08-21T20:00:00.000","049XX W NORTH AVE","2890","PUBLIC PEACE VIOLATION","OTHER VIOLATION","PARKING LOT / GARAGE (NON RESIDENTIAL)","true","false","2533","025","37","25","24","1142737","1910172","2026","2026-08-29T15:41:33.000","41.909561477","-87.751083949","
,  
(41.909561477, -87.751083949)"
"14301541","JK382910","2026-08-21T20:00:00.000","004XX E WATERSIDE DR","2825","OTHER OFFENSE","HARASSMENT BY TELEPHONE","APARTMENT","false","false","0114","001","42","32","26","1179409","1902197","2026","2026-08-29T15:41:33.000","41.886915622","-87.616612361","
,  
(41.886915622, -87.616612361)"
"14301145","JK382442","2026-08-21T20:00:00.000","010XX N MILWAUKEE AVE","1152","DECEPTIVE PRACTICE","ILLEGAL USE CASH CARD","APARTMENT","false","false","1213","012","27","24","11","1166976","1907072","2026","2026-08-29T15:41:33.000","41.900568845","-87.66212935","
,  
(41.900568845, -87.66212935)"
"14301744","JK383214","2026-08-21T20:00:00.000","006XX E 75TH ST","1320","CRIMINAL DAMAGE","TO VEHICLE","STREET","false","false","0624","006","6","69","14","1181999","1855431","2026","2026-08-29T15:41:33.000","41.758526554","-87.60855003","
,  
(41.758526554, -87.60855003)"
"14301546","JK382839","2026-08-21T20:00:00.000","001XX N CENTRAL AVE","0910","MOTOR VEHICLE THEFT","AUTOMOBILE","VEHICLE NON-COMMERCIAL","false","false","1523","015","37","25","07","1139026","1900455","2026","2026-08-29T15:41:33.000","41.882965153","-87.764953242","
,  
(41.882965153, -87.764953242)"
"14301786","JK383402","2026-08-21T20:00:00.000","026XX W GREENLEAF AVE","0760","BURGLARY","BURGLARY FROM MOTOR VEHICLE","STREET","false","false","2411","024","50","2","06","1157404","1946673","2026","2026-08-29T15:41:33.000","42.009436493","-87.69620644","
,  
(42.009436493, -87.69620644)"
"14301157","JK382423","2026-08-21T20:00:00.000","042XX S PRAIRIE AVE","0486","BATTERY","DOMESTIC BATTERY SIMPLE","APARTMENT","false","true","0213","002","3","38","08B","1178742","1877055","2026","2026-08-29T15:41:33.000","41.817939584","-87.619828901","
,  
(41.817939584, -87.619828901)"
"14301371","JK382671","2026-08-21T20:00:00.000","031XX N KENMORE AVE","0760","BURGLARY","BURGLARY FROM MOTOR VEHICLE","STREET","false","false","1933","019","44","6","06","1168728","1921067","2026","2026-08-29T15:41:33.000","41.938934091","-87.655287762","
,  
(41.938934091, -87.655287762)"
"14303504","JK385322","2026-08-21T20:00:00.000","032XX W GRAND AVE","0820","THEFT","$500 AND UNDER","STREET","false","false","1121","011","36","23","06","1154544","1906323","2026","2026-08-29T15:41:33.000","41.898771348","-87.707812918","
,  
(41.898771348, -87.707812918)"
"14301508","JK382338","2026-08-21T20:00:00.000","010XX W OAKDALE AVE","0486","BATTERY","DOMESTIC BATTERY SIMPLE","APARTMENT","false","true","1933","019","44","6","08B","1168788","1919756","2026","2026-08-29T15:41:33.000","41.935335345","-87.655105367","
,  
(41.935335345, -87.655105367)"
"14301238","JK382367","2026-08-21T20:00:00.000","0000X S PARKING LOT MIDWAY ST","0810","THEFT","OVER $500","AIRPORT PARKING LOT","false","false","0813","008","13","56","06","1146121","1866030","2026","2026-08-29T15:41:33.000","41.788366253","-87.739773278","
,  
(41.788366253, -87.739773278)"
"14301100","JK382360","2026-08-21T20:00:00.000","117XX S STATE ST","0560","ASSAULT","SIMPLE","APARTMENT","false","false","0532","005","9","53","08A","1178356","1827185","2026","2026-08-29T15:41:33.000","41.681099281","-87.622755656","
,  
(41.681099281, -87.622755656)"
"14301308","JK382522","2026-08-21T20:00:00.000","061XX S DAMEN AVE","0320","ROBBERY","STRONG ARM - NO WEAPON","STREET","false","false","0714","007","16","67","03","1164078","1864033","2026","2026-08-29T15:41:33.000","41.782527169","-87.673987422","
,  
(41.782527169, -87.673987422)"
"14300946","JK382266","2026-08-21T19:54:00.000","0000X W TERMINAL ST","1350","CRIMINAL TRESPASS","TO STATE SUP LAND","AIRPORT TERMINAL LOWER LEVEL - NON-SECURE AREA","true","false","1655","016","41","76","26","1104700","1933741","2026","2026-08-29T15:41:33.000","41.974861952","-87.890372151","
,  
(41.974861952, -87.890372151)"
"14300974","JK382264","2026-08-21T19:50:00.000","054XX S KEDZIE AVE","0860","THEFT","RETAIL THEFT","DRUG STORE","false","false","0923","009","14","63","06","1155977","1868216","2026","2026-08-29T15:41:33.000","41.794172544","-87.70357593","
,  
(41.794172544, -87.70357593)"
"14301020","JK382350","2026-08-21T19:50:00.000","039XX W DIVISION ST","3731","INTERFERENCE WITH PUBLIC OFFICER","OBSTRUCTING IDENTIFICATION","SIDEWALK","true","false","1112","011","37","23","24","1149701","1907713","2026","2026-08-29T15:41:33.000","41.902681168","-87.725564977","
,  
(41.902681168, -87.725564977)"
"14301491","JK382855","2026-08-21T19:48:00.000","002XX E CERMAK RD","5000","OTHER OFFENSE","OTHER CRIME AGAINST PERSON","SPORTS ARENA / STADIUM","false","false","0132","001","3","33","26","1178080","1889786","2026","2026-08-29T15:41:33.000","41.852889466","-87.621870493","
,  
(41.852889466, -87.621870493)"
"14301055","JK382253","2026-08-21T19:45:00.000","0000X N HOYNE AVE","1310","CRIMINAL DAMAGE","TO PROPERTY","RESIDENCE","false","false","1223","012","27","28","14","1162403","1900473","2026","2026-08-29T15:41:33.000","41.882557605","-87.679111003","
,  
(41.882557605, -87.679111003)"
"14301488","JK382887","2026-08-21T19:42:00.000","080XX S KINGSTON AVE","0820","THEFT","$500 AND UNDER","RESIDENCE","false","false","0422","004","7","46","06","1194582","1852037","2026","2026-08-29T15:41:33.000","41.748912988","-87.562546561","
,  
(41.748912988, -87.562546561)"
"14301018","JK382293","2026-08-21T19:33:00.000","048XX N SACRAMENTO AVE","2031","NARCOTICS","POSSESS - METHAMPHETAMINE","PARK PROPERTY","true","false","1713","017","33","14","18","1155489","1932206","2026","2026-08-29T15:41:33.000","41.969777256","-87.703643717","
,  
(41.969777256, -87.703643717)"
"14301003","JK382335","2026-08-21T19:30:00.000","054XX S EAST VIEW PARK","0820","THEFT","$500 AND UNDER","APARTMENT","false","false","0234","002","5","41","06","1188933","1869677","2026","2026-08-29T15:41:33.000","41.797455582","-87.582682072","
,  
(41.797455582, -87.582682072)"
"14301765","JK383306","2026-08-21T19:30:00.000","011XX N HONORE ST","0910","MOTOR VEHICLE THEFT","AUTOMOBILE","STREET","false","false","1212","012","1","24","07","1163853","1907805","2026","2026-08-29T15:41:33.000","41.902646726","-87.673579561","
,  
(41.902646726, -87.673579561)"
"14302324","JK382886","2026-08-21T19:30:00.000","0000X E 75TH ST","0313","ROBBERY","ARMED - OTHER DANGEROUS WEAPON","RESIDENCE - YARD (FRONT / BACK)","false","false","0323","003","6","69","03","1178193","1855307","2026","2026-08-29T15:41:33.000","41.75827343","-87.62250237","
,  
(41.75827343, -87.62250237)"
"14301435","JK382270","2026-08-21T19:30:00.000","046XX N ELSTON AVE","1365","CRIMINAL TRESPASS","TO RESIDENCE","APARTMENT","false","false","1722","017","39","14","26","1146584","1930605","2026","2026-08-29T15:41:33.000","41.965558922","-87.73642893","
,  
(41.965558922, -87.73642893)"
"14300940","JK382233","2026-08-21T19:26:00.000","089XX S STONY ISLAND AVE","0860","THEFT","RETAIL THEFT","SMALL RETAIL STORE","false","false","0413","004","8","48","06","1188353","1846118","2026","2026-08-29T15:41:33.000","41.732821527","-87.585560041","
,  
(41.732821527, -87.585560041)"
"14301017","JK382237","2026-08-21T19:25:00.000","003XX W 106TH ST","0486","BATTERY","DOMESTIC BATTERY SIMPLE","RESIDENCE","false","true","0512","005","21","49","08B","1175896","1834634","2026","2026-08-29T15:41:33.000","41.701595778","-87.631538348","
,  
(41.701595778, -87.631538348)"
"14301024","JK382230","2026-08-21T19:24:00.000","044XX W JACKSON BLVD","0520","ASSAULT","AGGRAVATED - KNIFE / CUTTING INSTRUMENT","RESIDENCE - PORCH / HALLWAY","false","false","1131","011","28","26","04A","1146773","1898316","2026","2026-08-29T15:41:33.000","41.876951168","-87.736560195","
,  
(41.876951168, -87.736560195)"
"14300967","JK382290","2026-08-21T19:23:00.000","082XX S STONY ISLAND AVE","0860","THEFT","RETAIL THEFT","SMALL RETAIL STORE","false","false","0411","004","8","45","06","1188240","1850626","2026","2026-08-29T15:41:33.000","41.74519462","-87.58583056","
,  
(41.74519462, -87.58583056)"
"14300916","JK382225","2026-08-21T19:22:00.000","076XX S STATE ST","051A","ASSAULT","AGGRAVATED - HANDGUN","GAS STATION","false","false","0623","006","6","69","04A","1177594","1854568","2026","2026-08-29T15:41:33.000","41.756259091","-87.624719943","
,  
(41.756259091, -87.624719943)"
"14300966","JK382246","2026-08-21T19:21:00.000","0000X E 48TH ST","2024","NARCOTICS","POSSESS - HEROIN (WHITE)","STREET","true","false","0224","002","3","38","18","1177667","1873223","2026","2026-08-29T15:41:33.000","41.807448669","-87.623888352","
,  
(41.807448669, -87.623888352)"
"14300897","JK382220","2026-08-21T19:20:00.000","016XX S RIDGEWAY AVE","3731","INTERFERENCE WITH PUBLIC OFFICER","OBSTRUCTING IDENTIFICATION","STREET","true","false","1014","010","24","29","24","1151636","1891581","2026","2026-08-29T15:41:33.000","41.858375389","-87.718881579","
,  
(41.858375389, -87.718881579)"
"14300892","JK382238","2026-08-21T19:20:00.000","003XX N CANAL ST","0810","THEFT","OVER $500","STREET","false","false","1214","012","34","28","06","1173064","1902174","2026","2026-08-29T15:41:33.000","41.886995567","-87.639913366","
,  
(41.886995567, -87.639913366)"
"14301043","JK382235","2026-08-21T19:15:00.000","055XX S ALBANY AVE","1780","OFFENSE INVOLVING CHILDREN","OTHER OFFENSE","STREET","false","false","0824","008","14","63","20","1156654","1867812","2026","2026-08-29T15:41:33.000","41.793050276","-87.701104275","
,  
(41.793050276, -87.701104275)"
"14300975","JK382191","2026-08-21T19:14:00.000","065XX S KEDZIE AVE","143A","WEAPONS VIOLATION","UNLAWFUL POSSESSION - HANDGUN","GAS STATION","true","false","0831","008","14","66","15","1156172","1861266","2026","2026-08-29T15:41:33.000","41.775096813","-87.703047685","
,  
(41.775096813, -87.703047685)"
"14300997","JK382318","2026-08-21T19:12:00.000","011XX N PINE AVE","5002","OTHER OFFENSE","OTHER VEHICLE OFFENSE","STREET","false","false","1524","015","37","25","26","1139293","1907252","2026","2026-08-29T15:41:33.000","41.901612109","-87.763807122","
,  
(41.901612109, -87.763807122)"
"14301093","JK382224","2026-08-21T19:11:00.000","131XX S LANGLEY AVE","1020","ARSON","BY FIRE","CHA APARTMENT","false","false","0533","005","10","54","09","1183247","1818200","2026","2026-08-29T15:41:33.000","41.656331049","-87.605130116","
,  
(41.656331049, -87.605130116)"
"14301050","JK382232","2026-08-21T19:08:00.000","038XX W THOMAS ST","0461","BATTERY","AGGRAVATED P.O. - HANDS, FISTS, FEET, SERIOUS INJURY","STREET","false","false","1112","011","27","23","04B","1150740","1907066","2026","2026-08-29T15:41:33.000","41.900885473","-87.721765462","
,  
(41.900885473, -87.721765462)"
"14301468","JK382748","2026-08-21T19:00:00.000","073XX S KENWOOD AVE","0497","BATTERY","AGGRAVATED DOMESTIC BATTERY - OTHER DANGEROUS WEAPON","APARTMENT","false","true","0324","003","8","43","04B","1186478","1856633","2026","2026-08-29T15:41:33.000","41.761720229","-87.592097094","
,  
(41.761720229, -87.592097094)"
"14301344","JK382676","2026-08-21T19:00:00.000","076XX S MICHIGAN AVE","1320","CRIMINAL DAMAGE","TO VEHICLE","STREET","false","false","0623","006","6","69","14","1178480","1854290","2026","2026-08-29T15:41:33.000","41.755476155","-87.621481389","
,  
(41.755476155, -87.621481389)"
"14301518","JK382844","2026-08-21T19:00:00.000","006XX W 25TH PL","0760","BURGLARY","BURGLARY FROM MOTOR VEHICLE","STREET","false","false","0914","009","11","60","06","1172487","1887335","2026","2026-08-29T15:41:33.000","41.846289054","-87.642470794","
,  
(41.846289054, -87.642470794)"
"14302164","JK383728","2026-08-21T19:00:00.000","037XX N RECREATION DR","1585","SEX OFFENSE","OTHER","STREET","false","false","1925","019","46","6","17","1171826","1925510","2026","2026-08-29T15:41:33.000","41.951058037","-87.643770543","
,  
(41.951058037, -87.643770543)"
"14301007","JK382302","2026-08-21T19:00:00.000","068XX S DORCHESTER AVE","0460","BATTERY","SIMPLE","APARTMENT","false","true","0321","003","5","43","08B","1186716","1860002","2026","2026-08-29T15:41:33.000","41.770959436","-87.591118262","
,  
(41.770959436, -87.591118262)"
"14300977","JK382205","2026-08-21T19:00:00.000","011XX W JACKSON BLVD","0860","THEFT","RETAIL THEFT","SMALL RETAIL STORE","true","false","1232","012","34","28","06","1168933","1898798","2026","2026-08-29T15:41:33.000","41.877822179","-87.655181405","
,  
(41.877822179, -87.655181405)"
"14301307","JK382644","2026-08-21T19:00:00.000","089XX S BRANDON AVE","0910","MOTOR VEHICLE THEFT","AUTOMOBILE","STREET","false","false","0424","004","10","46","07","1198875","1846387","2026","2026-08-29T15:41:33.000","41.733302365","-87.54700494","
,  
(41.733302365, -87.54700494)"
"14301566","JK383006","2026-08-21T19:00:00.000","034XX W FOSTER AVE","1320","CRIMINAL DAMAGE","TO VEHICLE","STREET","false","false","1712","017","39","13","14","1152529","1934336","2026","2026-08-29T15:41:33.000","41.975681288","-87.714471198","
,  
(41.975681288, -87.714471198)"
"14302976","JK384706","2026-08-21T19:00:00.000","012XX W BELDEN AVE","0760","BURGLARY","BURGLARY FROM MOTOR VEHICLE","STREET","false","false","1811","018","2","7","06","1167455","1915416","2026","2026-08-29T15:41:33.000","41.923454991","-87.660129412","
,  
(41.923454991, -87.660129412)"
"14300909","JK382248","2026-08-21T19:00:00.000","055XX S KEDZIE AVE","0460","BATTERY","SIMPLE","STREET","false","false","0824","008","14","63","08B","1155990","1867797","2026","2026-08-29T15:41:33.000","41.793022488","-87.703539515","
,  
(41.793022488, -87.703539515)"
"14300925","JK382174","2026-08-21T18:55:00.000","082XX S OGLESBY AVE","031A","ROBBERY","ARMED - HANDGUN","STREET","false","false","0414","004","7","46","03","1193278","1850894","2026","2026-08-29T15:41:33.000","41.745808456","-87.567362097","
,  
(41.745808456, -87.567362097)"
"14300908","JK382201","2026-08-21T18:54:00.000","017XX W 83RD ST","0560","ASSAULT","SIMPLE","SCHOOL - PUBLIC GROUNDS","false","false","0614","006","17","71","08A","1166372","1849660","2026","2026-08-29T15:41:33.000","41.743037132","-87.665985752","
,  
(41.743037132, -87.665985752)"
"14301045","JK382258","2026-08-21T18:54:00.000","003XX E 47TH ST","0860","THEFT","RETAIL THEFT","SMALL RETAIL STORE","false","false","0215","002","3","38","06","1179029","1873926","2026","2026-08-29T15:41:33.000","41.809346801","-87.618871535","
,  
(41.809346801, -87.618871535)"
"14300907","JK382179","2026-08-21T18:50:00.000","0000X S CENTRAL AVE","143A","WEAPONS VIOLATION","UNLAWFUL POSSESSION - HANDGUN","STREET","true","false","1513","015","29","25","15","1139059","1899351","2026","2026-08-29T15:41:33.000","41.879935034","-87.764858915","
,  
(41.879935034, -87.764858915)"
"14300971","JK382217","2026-08-21T18:46:00.000","051XX W CHICAGO AVE","1812","NARCOTICS","POSSESS - CANNABIS MORE THAN 30 GRAMS","SIDEWALK","true","false","1531","015","37","25","18","1141784","1904840","2026","2026-08-29T15:41:33.000","41.894947554","-87.754717022","
,  
(41.894947554, -87.754717022)"
"14308611","JK391962","2026-08-21T18:45:00.000","001XX W LAKE ST","1154","DECEPTIVE PRACTICE","FINANCIAL IDENTITY THEFT $300 AND UNDER","APARTMENT","false","false","0122","001","42","32","11",,,"2026","2026-08-30T15:48:44.000",,,
"14300955","JK382186","2026-08-21T18:44:00.000","046XX S ASHLAND AVE","0860","THEFT","RETAIL THEFT","DEPARTMENT STORE","false","false","0924","009","15","61","06","1166449","1874039","2026","2026-08-29T15:41:33.000","41.809934604","-87.665009423","
,  
(41.809934604, -87.665009423)"
"14301015","JK382202","2026-08-21T18:42:00.000","026XX E 75TH ST","0320","ROBBERY","STRONG ARM - NO WEAPON","GROCERY FOOD STORE","false","false","0334","003","7","43","03","1195067","1855741","2026","2026-08-29T15:41:33.000","41.75906511","-87.560647478","
,  
(41.75906511, -87.560647478)"
"14300951","JK382178","2026-08-21T18:40:00.000","052XX S ALBANY AVE","0497","BATTERY","AGGRAVATED DOMESTIC BATTERY - OTHER DANGEROUS WEAPON","RESIDENCE","false","true","0923","009","14","63","04B","1156600","1869697","2026","2026-08-29T15:41:33.000","41.798224067","-87.701251466","
,  
(41.798224067, -87.701251466)"
"14304886","JK387276","2026-08-21T18:40:00.000","012XX W BELMONT AVE","1150","DECEPTIVE PRACTICE","CREDIT CARD FRAUD","OTHER (SPECIFY)","false","false","1924","019","44","6","11","1167123","1921370","2026","2026-08-29T15:41:33.000","41.939800222","-87.661177785","
,  
(41.939800222, -87.661177785)"
"14300993","JK382200","2026-08-21T18:40:00.000","029XX N CLARK ST","0810","THEFT","OVER $500","SMALL RETAIL STORE","false","false","1934","019","44","6","06","1171076","1919667","2026","2026-08-29T15:41:33.000","41.935041148","-87.646699536","
,  
(41.935041148, -87.646699536)"
"14300944","JK382263","2026-08-21T18:40:00.000","012XX W BELMONT AVE","0820","THEFT","$500 AND UNDER","STREET","false","false","1924","019","44","6","06","1167123","1921370","2026","2026-08-29T15:41:33.000","41.939800222","-87.661177785","
,  
(41.939800222, -87.661177785)"
"14300891","JK382176","2026-08-21T18:39:00.000","061XX N ELSTON AVE","0460","BATTERY","SIMPLE","HOTEL / MOTEL","true","false","1611","016","39","10","08B","1133998","1940279","2026","2026-08-29T15:41:33.000","41.99233654","-87.782476935","
,  
(41.99233654, -87.782476935)"
"14300931","JK382198","2026-08-21T18:37:00.000","006XX W GARFIELD BLVD","143A","WEAPONS VIOLATION","UNLAWFUL POSSESSION - HANDGUN","STREET","true","false","0711","007","16","68","15","1172764","1868283","2026","2026-08-29T15:41:33.000","41.794002451","-87.642016781","
,  
(41.794002451, -87.642016781)"
"14301036","JK382280","2026-08-21T18:37:00.000","002XX N GREEN ST","0820","THEFT","$500 AND UNDER","CONVENIENCE STORE","false","false","1214","012","27","28","06","1170688","1901767","2026","2026-08-29T15:41:33.000","41.885931086","-87.648650553","
,  
(41.885931086, -87.648650553)"
"14300965","JK382226","2026-08-21T18:30:00.000","026XX W BELDEN AVE","1310","CRIMINAL DAMAGE","TO PROPERTY","APARTMENT","false","false","1431","014","1","22","14","1158068","1915170","2026","2026-08-29T15:41:33.000","41.922976991","-87.694627429","
,  
(41.922976991, -87.694627429)"
"14301022","JK382356","2026-08-21T18:30:00.000","025XX N KEDZIE BLVD","0760","BURGLARY","BURGLARY FROM MOTOR VEHICLE","STREET","false","false","1414","014","35","22","06","1154614","1916573","2026","2026-08-29T15:41:33.000","41.92689683","-87.707281007","
,  
(41.92689683, -87.707281007)"
"14300970","JK382185","2026-08-21T18:30:00.000","055XX S WELLS ST","143A","WEAPONS VIOLATION","UNLAWFUL POSSESSION - HANDGUN","GAS STATION","true","false","0711","007","20","68","15","1175550","1868337","2026","2026-08-29T15:41:33.000","41.794088699","-87.631799109","
,  
(41.794088699, -87.631799109)"
"14300910","JK382175","2026-08-21T18:30:00.000","073XX N ROGERS AVE","0460","BATTERY","SIMPLE","PARK PROPERTY","true","false","2424","024","49","1","08B","1162211","1948559","2026","2026-08-29T15:41:33.000","42.014512189","-87.678466914","
,  
(42.014512189, -87.678466914)"
"14301066","JK382199","2026-08-21T18:27:00.000","076XX S YATES BLVD","1812","NARCOTICS","POSSESS - CANNABIS MORE THAN 30 GRAMS","STREET","true","false","0414","004","7","43","18","1193525","1854862","2026","2026-08-29T15:41:33.000","41.756690934","-87.566327444","
,  
(41.756690934, -87.566327444)"
"14300972","JK382304","2026-08-21T18:15:00.000","094XX S WENTWORTH AVE","2820","OTHER OFFENSE","TELEPHONE THREAT","RESIDENCE","false","false","0634","006","9","49","08A","1176611","1842307","2026","2026-08-29T15:41:33.000","41.722635534","-87.62869033","
,  
(41.722635534, -87.62869033)"
"14301008","JK382324","2026-08-21T18:15:00.000","025XX N KEDZIE BLVD","0760","BURGLARY","BURGLARY FROM MOTOR VEHICLE","STREET","false","false","1414","014","35","22","06","1154614","1916573","2026","2026-08-29T15:41:33.000","41.92689683","-87.707281007","
,  
(41.92689683, -87.707281007)"
"14304900","JK387310","2026-08-21T18:11:00.000","081XX S PULASKI RD","1130","DECEPTIVE PRACTICE","FRAUD OR CONFIDENCE GAME","GAS STATION","false","false","0834","008","18","70","11","1151149","1850118","2026","2026-08-29T15:41:33.000","41.744604389","-87.72175209","
,  
(41.744604389, -87.72175209)"
"14305625","JK388102","2026-08-21T18:10:00.000","116XX W IRVING PARK RD","2031","NARCOTICS","POSSESS - METHAMPHETAMINE","GOVERNMENT BUILDING / PROPERTY","true","false","1654","016","41","76","18","1098012","1926026","2026","2026-08-29T15:41:33.000","41.953783081","-87.915105451","
,  
(41.953783081, -87.915105451)"
"14301086","JK382223","2026-08-21T18:06:00.000","008XX N DEARBORN ST","0460","BATTERY","SIMPLE","APARTMENT","true","false","1832","018","42","8","08B","1175793","1905850","2026","2026-08-29T15:41:33.000","41.897021755","-87.629781141","
,  
(41.897021755, -87.629781141)"
"14300863","JK382163","2026-08-21T18:02:00.000","063XX S FAIRFIELD AVE","0486","BATTERY","DOMESTIC BATTERY SIMPLE","RESIDENCE","false","true","0825","008","16","66","08B","1159134","1862488","2026","2026-08-29T15:41:33.000","41.778390072","-87.692155905","
,  
(41.778390072, -87.692155905)"
"14300952","JK382126","2026-08-21T18:01:00.000","004XX S CALIFORNIA AVE","0560","ASSAULT","SIMPLE","SIDEWALK","false","true","1135","011","27","27","08A","1157781","1898013","2026","2026-08-29T15:41:33.000","41.875902562","-87.69615018","
,  
(41.875902562, -87.69615018)"
"14301378","JK382742","2026-08-21T18:00:00.000","027XX N ASHLAND AVE","0760","BURGLARY","BURGLARY FROM MOTOR VEHICLE","STREET","false","false","1931","019","32","7","06","1165193","1918234","2026","2026-08-29T15:41:33.000","41.931236175","-87.668360497","
,  
(41.931236175, -87.668360497)"
"14301478","JK382903","2026-08-21T18:00:00.000","013XX N MILWAUKEE AVE","0760","BURGLARY","BURGLARY FROM MOTOR VEHICLE","ALLEY","false","false","1424","014","1","24","06","1164780","1908924","2026","2026-08-29T15:41:33.000","41.905697727","-87.670142762","
,  
(41.905697727, -87.670142762)"
"14301031","JK382316","2026-08-21T18:00:00.000","053XX W WRIGHTWOOD AVE","0560","ASSAULT","SIMPLE","STREET","false","false","2514","025","31","19","08A","1140338","1916778","2026","2026-08-29T15:41:33.000","41.927733414","-87.759734649","
,  
(41.927733414, -87.759734649)"
"14300844","JK382144","2026-08-21T18:00:00.000","060XX S MARSHFIELD AVE","0820","THEFT","$500 AND UNDER","SIDEWALK","false","false","0714","007","15","67","06","1166378","1864565","2026","2026-08-29T15:41:33.000","41.783938337","-87.665539789","
,  
(41.783938337, -87.665539789)"
"14302525","JK384038","2026-08-21T18:00:00.000","028XX S DRAKE AVE","0820","THEFT","$500 AND UNDER","STREET","false","false","1032","010","22","30","06","1153165","1884858","2026","2026-08-29T15:41:33.000","41.839896508","-87.713447274","
,  
(41.839896508, -87.713447274)"
"14302682","JK384430","2026-08-21T18:00:00.000","030XX N HAMLIN AVE","0810","THEFT","OVER $500","RESIDENCE","false","false","2523","025","31","21","06","1150663","1919813","2026","2026-08-29T15:41:33.000","41.935865906","-87.721714373","
,  
(41.935865906, -87.721714373)"
"14301140","JK382236","2026-08-21T18:00:00.000","017XX W 95TH ST","1750","OFFENSE INVOLVING CHILDREN","CHILD ABUSE","FIRE STATION","false","true","2221","022","19","72","08B","1166479","1841692","2026","2026-08-29T15:41:33.000","41.721169466","-87.665820118","
,  
(41.721169466, -87.665820118)"
"14302325","JK383963","2026-08-21T18:00:00.000","014XX W WRIGHTWOOD AVE","0760","BURGLARY","BURGLARY FROM MOTOR VEHICLE","STREET","false","false","1932","019","32","7","06","1166173","1917364","2026","2026-08-29T15:41:33.000","41.928827934","-87.664784123","
,  
(41.928827934, -87.664784123)"
"14308030","JK391044","2026-08-21T18:00:00.000","0000X E CHICAGO AVE","0320","ROBBERY","STRONG ARM - NO WEAPON","STREET","false","false","1833","018","2","8","03","1176739","1905742","2026","2026-08-30T15:45:32.000","41.896704058","-87.626309934","
,  
(41.896704058, -87.626309934)"
"14300856","JK382137","2026-08-21T17:57:00.000","061XX S WOOD ST","4387","OTHER OFFENSE","VIOLATE ORDER OF PROTECTION","RESIDENCE","true","true","0714","007","15","67","26","1165401","1863965","2026","2026-08-29T15:41:33.000","41.782312627","-87.669138833","
,  
(41.782312627, -87.669138833)"
"14300877","JK382110","2026-08-21T17:55:00.000","132XX S ST LAWRENCE AVE","143A","WEAPONS VIOLATION","UNLAWFUL POSSESSION - HANDGUN","CHA PARKING LOT / GROUNDS","true","false","0533","005","10","54","15","1182588","1817649","2026","2026-08-29T15:41:33.000","41.654834273","-87.607558429","
,  
(41.654834273, -87.607558429)"
"14301021","JK382170","2026-08-21T17:54:00.000","063XX S CAMPBELL AVE","2027","NARCOTICS","POSSESS - CRACK","APARTMENT","true","false","0825","008","16","66","18","1160795","1862517","2026","2026-08-29T15:41:33.000","41.778435506","-87.686065751","
,  
(41.778435506, -87.686065751)"
"14301151","JK382166","2026-08-21T17:52:00.000","109XX S DOTY AVE W","0860","THEFT","RETAIL THEFT","DEPARTMENT STORE","true","false","0513","005","9","50","06","1185441","1832670","2026","2026-08-29T15:41:33.000","41.69598756","-87.596649418","
,  
(41.69598756, -87.596649418)"
"14300898","JK382136","2026-08-21T17:51:00.000","043XX S PRAIRIE AVE","0560","ASSAULT","SIMPLE","RESIDENCE - YARD (FRONT / BACK)","false","true","0215","002","3","38","08A","1178763","1876337","2026","2026-08-29T15:41:33.000","41.815968854","-87.619773739","
,  
(41.815968854, -87.619773739)"
"14306820","JK389701","2026-08-21T17:45:00.000","041XX W BARRY AVE","0710","THEFT","THEFT FROM MOTOR VEHICLE","STREET","false","false","2523","025","31","21","06","1148167","1920288","2026","2026-08-29T15:41:33.000","41.937217844","-87.73087518","
,  
(41.937217844, -87.73087518)"
"14300789","JK382048","2026-08-21T17:33:00.000","075XX S STONY ISLAND AVE","0560","ASSAULT","SIMPLE","STREET","false","false","0411","004","8","43","08A","1188124","1855127","2026","2026-08-29T15:41:33.000","41.757548551","-87.586112366","
,  
(41.757548551, -87.586112366)"
"14300964","JK382087","2026-08-21T17:32:00.000","008XX E 111TH ST","143B","WEAPONS VIOLATION","UNLAWFUL POSSESSION - OTHER FIREARM","STREET","false","false","0513","005","9","50","15","1184248","1831528","2026","2026-08-29T15:41:33.000","41.692881681","-87.601052927","
,  
(41.692881681, -87.601052927)"
"14300969","JK382081","2026-08-21T17:28:00.000","021XX W PETERSON AVE","0860","THEFT","RETAIL THEFT","SMALL RETAIL STORE","false","false","2413","024","40","2","06","1160994","1939841","2026","2026-08-29T15:41:33.000","41.990615196","-87.683188577","
,  
(41.990615196, -87.683188577)"
"14301902","JK383478","2026-08-21T17:27:00.000","030XX W 41ST ST","2820","OTHER OFFENSE","TELEPHONE THREAT","APARTMENT","false","false","0921","009","12","58","08A","1156732","1877291","2026","2026-08-29T15:41:33.000","41.819060345","-87.700562351","
,  
(41.819060345, -87.700562351)"
"14300912","JK382161","2026-08-21T17:23:00.000","016XX E 69TH ST","1812","NARCOTICS","POSSESS - CANNABIS MORE THAN 30 GRAMS","STREET","true","false","0332","003","5","43","18","1188601","1859566","2026","2026-08-29T15:41:33.000","41.769718169","-87.584222575","
,  
(41.769718169, -87.584222575)"
"14300807","JK382066","2026-08-21T17:20:00.000","052XX W MADISON ST","1822","NARCOTICS","MANUFACTURE / DELIVER - CANNABIS OVER 10 GRAMS","STREET","true","false","1522","015","29","25","18","1141177","1899516","2026","2026-08-29T15:41:33.000","41.880349054","-87.757077713","
,  
(41.880349054, -87.757077713)"
"14300843","JK382078","2026-08-21T17:15:00.000","011XX N STATE ST","0820","THEFT","$500 AND UNDER","RESTAURANT","false","false","1824","018","2","8","06","1176154","1907877","2026","2026-08-29T15:41:33.000","41.90257581","-87.628394083","
,  
(41.90257581, -87.628394083)"
"14300939","JK382142","2026-08-21T17:14:00.000","072XX S RICHMOND ST","0820","THEFT","$500 AND UNDER","STREET","false","false","0831","008","18","66","06","1157958","1856505","2026","2026-08-29T15:41:33.000","41.761995811","-87.696629594","
,  
(41.761995811, -87.696629594)"
"14300886","JK382067","2026-08-21T17:11:00.000","058XX W BYRON ST","1195","DECEPTIVE PRACTICE","FINANCIAL EXPLOITATION OF AN ELDERLY OR DISABLED PERSON","RESIDENCE","false","false","1633","016","38","15","11","1136819","1925330","2026","2026-08-29T15:41:33.000","41.951264875","-87.772460202","
,  
(41.951264875, -87.772460202)"
"14300887","JK382121","2026-08-21T17:10:00.000","004XX S CANAL ST","0460","BATTERY","SIMPLE","STREET","false","false","0121","001","28","28","08B","1173165","1898347","2026","2026-08-29T15:41:33.000","41.876491796","-87.639656065","
,  
(41.876491796, -87.639656065)"
"14300987","JK382134","2026-08-21T17:03:00.000","064XX W ARCHER AVE","143A","WEAPONS VIOLATION","UNLAWFUL POSSESSION - HANDGUN","SIDEWALK","true","false","0811","008","13","56","15","1134161","1867387","2026","2026-08-29T15:41:33.000","41.792308319","-87.783595214","
,  
(41.792308319, -87.783595214)"
"14300872","JK382056","2026-08-21T17:01:00.000","027XX W 25TH ST","1310","CRIMINAL DAMAGE","TO PROPERTY","RESIDENCE","false","true","1034","010","24","30","14","1158197","1887285","2026","2026-08-29T15:41:33.000","41.846455328","-87.694915674","
,  
(41.846455328, -87.694915674)"
"14300855","JK382037","2026-08-21T17:01:00.000","033XX W FULLERTON AVE","0910","MOTOR VEHICLE THEFT","AUTOMOBILE","PARKING LOT / GARAGE (NON RESIDENTIAL)","true","false","1413","014","35","22","07","1153528","1915754","2026","2026-08-29T15:41:33.000","41.924671116","-87.711293436","
,  
(41.924671116, -87.711293436)"
"14301427","JK382696","2026-08-21T17:00:00.000","027XX W 68TH ST","0281","CRIMINAL SEXUAL ASSAULT","NON-AGGRAVATED","RESIDENCE","false","false","0831","008","16","66","02","1159381","1859440","2026","2026-08-29T15:41:33.000","41.770020864","-87.6913338","
,  
(41.770020864, -87.6913338)"
"14300957","JK382117","2026-08-21T17:00:00.000","054XX S KEDZIE AVE","0860","THEFT","RETAIL THEFT","DRUG STORE","false","false","0923","009","14","63","06","1155977","1868216","2026","2026-08-29T15:41:33.000","41.794172544","-87.70357593","
,  
(41.794172544, -87.70357593)"
"14303801","JK385731","2026-08-21T17:00:00.000","065XX N CLARK ST","0610","BURGLARY","FORCIBLE ENTRY","SMALL RETAIL STORE","false","false","2432","024","40","1","05","1164111","1943654","2026","2026-08-29T15:41:33.000","42.001012666","-87.671615186","
,  
(42.001012666, -87.671615186)"
"14300836","JK382119","2026-08-21T17:00:00.000","012XX N CENTRAL PARK AVE","2028","NARCOTICS","POSSESS - SYNTHETIC DRUGS","STREET","true","false","2535","025","36","23","18","1152147","1907922","2026","2026-08-29T15:41:33.000","41.903206779","-87.71657481","
,  
(41.903206779, -87.71657481)"
"14300793","JK382113","2026-08-21T17:00:00.000","008XX N RUSH ST","0870","THEFT","POCKET-PICKING","RESTAURANT","false","false","1833","018","42","8","06","1176870","1905928","2026","2026-08-29T15:41:33.000","41.897211487","-87.625823165","
,  
(41.897211487, -87.625823165)"
"14305647","JK388157","2026-08-21T17:00:00.000","092XX S COMMERCIAL AVE","0610","BURGLARY","FORCIBLE ENTRY","COMMERCIAL / BUSINESS OFFICE","false","false","0423","004","10","46","05","1197747","1844374","2026","2026-08-29T15:41:33.000","41.727806734","-87.551204268","
,  
(41.727806734, -87.551204268)"
"14302554","JK384293","2026-08-21T17:00:00.000","030XX N RACINE AVE","0760","BURGLARY","BURGLARY FROM MOTOR VEHICLE","STREET","false","false","1933","019","44","6","06","1167766","1920156","2026","2026-08-29T15:41:33.000","41.936455089","-87.658849681","
,  
(41.936455089, -87.658849681)"
"14300879","JK382028","2026-08-21T16:55:00.000","029XX W 25TH ST","0486","BATTERY","DOMESTIC BATTERY SIMPLE","RESIDENCE","false","true","1033","010","24","30","08B","1157273","1887264","2026","2026-08-29T15:41:33.000","41.846416501","-87.698307294","
,  
(41.846416501, -87.698307294)"
"14301067","JK382021","2026-08-21T16:53:00.000","044XX S GREENWOOD AVE","0486","BATTERY","DOMESTIC BATTERY SIMPLE","APARTMENT","false","true","0222","002","4","39","08B","1184335","1875691","2026","2026-08-29T15:41:33.000","41.814067397","-87.599355017","
,  
(41.814067397, -87.599355017)"
"14300870","JK382031","2026-08-21T16:51:00.000","048XX N PULASKI RD","0860","THEFT","RETAIL THEFT","SMALL RETAIL STORE","false","false","1712","017","39","14","06","1148852","1931927","2026","2026-08-29T15:41:33.000","41.969142924","-87.72805557","
,  
(41.969142924, -87.72805557)"
"14300755","JK382044","2026-08-21T16:50:00.000","103XX S WALDEN PKWY","0560","ASSAULT","SIMPLE","APARTMENT","false","false","2212","022","19","72","08A","1165594","1836093","2026","2026-08-29T15:41:33.000","41.705823694","-87.669219883","
,  
(41.705823694, -87.669219883)"
"14301204","JK382055","2026-08-21T16:49:00.000","002XX W 104TH PL","0560","ASSAULT","SIMPLE","APARTMENT","false","false","0512","005","21","49","08A","1176474","1835645","2026","2026-08-29T15:41:33.000","41.704357162","-87.629391644","
,  
(41.704357162, -87.629391644)"
"14300817","JK382092","2026-08-21T16:41:00.000","062XX N TROY ST","0560","ASSAULT","SIMPLE","APARTMENT","false","true","2413","024","50","2","08A","1154230","1941209","2026","2026-08-29T15:41:33.000","41.994507265","-87.70803144","
,  
(41.994507265, -87.70803144)"
"14300984","JK382023","2026-08-21T16:40:00.000","002XX E GRAND AVE","2820","OTHER OFFENSE","TELEPHONE THREAT","APARTMENT","false","false","1834","018","2","8","08A","1177938","1903955","2026","2026-08-29T15:41:33.000","41.891773248","-87.621960681","
,  
(41.891773248, -87.621960681)"
"14300936","JK382022","2026-08-21T16:37:00.000","063XX S CICERO AVE","0560","ASSAULT","SIMPLE","VEHICLE NON-COMMERCIAL","false","false","0813","008","13","64","08A","1145464","1862238","2026","2026-08-29T15:41:33.000","41.777972797","-87.742277863","
,  
(41.777972797, -87.742277863)"
"14302437","JK384132","2026-08-21T16:30:00.000","006XX W WRIGHTWOOD AVE","0760","BURGLARY","BURGLARY FROM MOTOR VEHICLE","PARKING LOT / GARAGE (NON RESIDENTIAL)","false","false","1935","019","43","7","06","1171772","1917593","2026","2026-08-29T15:41:33.000","41.92933468","-87.644202999","
,  
(41.92933468, -87.644202999)"
"14301283","JK382484","2026-08-21T16:30:00.000","090XX S ESSEX AVE","0620","BURGLARY","UNLAWFUL ENTRY","RESIDENCE","false","false","0423","004","7","48","05","1194406","1845465","2026","2026-08-29T15:41:33.000","41.730883188","-87.563406932","
,  
(41.730883188, -87.563406932)"
"14300797","JK382046","2026-08-21T16:30:00.000","040XX W LAKE ST","2020","NARCOTICS","POSSESS - AMPHETAMINES","CTA PLATFORM","true","false","1114","011","28","26","18","1149512","1901446","2026","2026-08-29T15:41:33.000","41.885487535","-87.726422045","
,  
(41.885487535, -87.726422045)"
"14302337","JK383969","2026-08-21T16:30:00.000","001XX W KINZIE ST","0760","BURGLARY","BURGLARY FROM MOTOR VEHICLE","PARKING LOT / GARAGE (NON RESIDENTIAL)","false","false","1831","018","42","8","06","1174890","1902984","2026","2026-08-29T15:41:33.000","41.889177567","-87.633183586","
,  
(41.889177567, -87.633183586)"
"14305959","JK388384","2026-08-21T16:30:00.000","032XX N LAKE SHORE DR","0810","THEFT","OVER $500","SIDEWALK","false","true","1925","019","44","6","06","1172975","1922045","2026","2026-08-29T15:41:33.000","41.941524519","-87.639649996","
,  
(41.941524519, -87.639649996)"
"14300990","JK382007","2026-08-21T16:16:00.000","0000X S STATE ST","0860","THEFT","RETAIL THEFT","APPLIANCE STORE","true","false","0112","001","34","32","06","1176389","1900278","2026","2026-08-29T15:41:33.000","41.88171846","-87.627760426","
,  
(41.88171846, -87.627760426)"
"14300926","JK381978","2026-08-21T16:15:00.000","053XX W MADISON ST","0486","BATTERY","DOMESTIC BATTERY SIMPLE","RESIDENCE","false","true","1522","015","37","25","08B","1140605","1899502","2026","2026-08-29T15:41:33.000","41.880321157","-87.75917841","
,  
(41.880321157, -87.75917841)"
"14300792","JK381976","2026-08-21T16:11:00.000","015XX N SHEFFIELD AVE","0860","THEFT","RETAIL THEFT","DEPARTMENT STORE","true","false","1822","018","27","8","06","1169405","1910555","2026","2026-08-29T15:41:33.000","41.91007391","-87.653106106","
,  
(41.91007391, -87.653106106)"
"14300921","JK381997","2026-08-21T16:07:00.000","023XX N KEYSTONE AVE","0530","ASSAULT","AGGRAVATED - OTHER DANGEROUS WEAPON","STREET","false","false","2525","025","35","20","04A","1148996","1915216","2026","2026-08-29T15:41:33.000","41.923283801","-87.727960062","
,  
(41.923283801, -87.727960062)"
"14301116","JK382460","2026-08-21T16:00:00.000","041XX W WABANSIA AVE","0930","MOTOR VEHICLE THEFT","THEFT / RECOVERY - AUTOMOBILE","STREET","false","false","2534","025","26","23","07","1148322","1910973","2026","2026-08-29T15:41:33.000","41.911653634","-87.73054618","
,  
(41.911653634, -87.73054618)"
"14301492","JK382795","2026-08-21T16:00:00.000","101XX S LUELLA AVE","0486","BATTERY","DOMESTIC BATTERY SIMPLE","RESIDENCE","false","true","0431","004","7","51","08B","1193169","1838168","2026","2026-08-29T15:41:33.000","41.710889788","-87.568175992","
,  
(41.710889788, -87.568175992)"
"14305410","JK387833","2026-08-21T16:00:00.000","061XX S ASHLAND AVE","0820","THEFT","$500 AND UNDER","OTHER (SPECIFY)","false","false","0714","007","16","67","06","1166720","1864100","2026","2026-08-29T15:41:33.000","41.782655024","-87.664299154","
,  
(41.782655024, -87.664299154)"
"14300723","JK381963","2026-08-21T16:00:00.000","004XX W FULLERTON PKWY","0560","ASSAULT","SIMPLE","STREET","false","false","1935","019","43","7","08A","1173000","1916240","2026","2026-08-29T15:41:33.000","41.92559482","-87.639730721","
,  
(41.92559482, -87.639730721)"
"14302570","JK384284","2026-08-21T16:00:00.000","003XX N PEORIA ST","1320","CRIMINAL DAMAGE","TO VEHICLE","PARKING LOT / GARAGE (NON RESIDENTIAL)","false","false","1214","012","27","28","14","1170357","1902230","2026","2026-08-29T15:41:33.000","41.88720883","-87.649852506","
,  
(41.88720883, -87.649852506)"
"14301393","JK382777","2026-08-21T16:00:00.000","026XX N DAYTON ST","0760","BURGLARY","BURGLARY FROM MOTOR VEHICLE","STREET","false","false","1935","019","43","7","06","1170158","1917823","2026","2026-08-29T15:41:33.000","41.930001254","-87.650127193","
,  
(41.930001254, -87.650127193)"
"14308861","JK392486","2026-08-21T16:00:00.000","015XX N KINGSBURY ST","0810","THEFT","OVER $500","PARKING LOT / GARAGE (NON RESIDENTIAL)","false","false","1822","018","27","8","06",,,"2026","2026-08-30T15:48:44.000",,,
"14300775","JK381966","2026-08-21T15:57:00.000","021XX E 71ST ST","1330","CRIMINAL TRESPASS","TO LAND","GROCERY FOOD STORE","true","false","0333","003","5","43","26","1191527","1858274","2026","2026-08-29T15:41:33.000","41.766102387","-87.573539169","
,  
(41.766102387, -87.573539169)"
"14300744","JK381981","2026-08-21T15:53:00.000","003XX N PULASKI RD","2024","NARCOTICS","POSSESS - HEROIN (WHITE)","STREET","true","false","1114","011","28","26","18","1149677","1901575","2026","2026-08-29T15:41:33.000","41.885838321","-87.725812775","
,  
(41.885838321, -87.725812775)"
"14300935","JK382000","2026-08-21T15:51:00.000","117XX S MARSHFIELD AVE","0860","THEFT","RETAIL THEFT","SMALL RETAIL STORE","false","false","2234","022","21","75","06","1167515","1826950","2026","2026-08-29T15:41:33.000","41.680692908","-87.662446079","
,  
(41.680692908, -87.662446079)"
"14300762","JK381977","2026-08-21T15:47:00.000","105XX S PULASKI RD","5111","OTHER OFFENSE","GUN OFFENDER - ANNUAL REGISTRATION","SIDEWALK","true","false","2211","022","19","74","26","1151546","1834212","2026","2026-08-29T15:41:33.000","41.700947647","-87.720712164","
,  
(41.700947647, -87.720712164)"
"14300719","JK381931","2026-08-21T15:45:00.000","006XX N MICHIGAN AVE","0870","THEFT","POCKET-PICKING","STREET","false","false","1834","018","42","8","06","1177308","1904958","2026","2026-08-29T15:41:33.000","41.894539838","-87.624243916","
,  
(41.894539838, -87.624243916)"
"14303680","JK385650","2026-08-21T15:45:00.000","061XX W GRAND AVE","1320","CRIMINAL DAMAGE","TO VEHICLE","STREET","false","false","2512","025","36","19","14","1135285","1914316","2026","2026-08-29T15:41:33.000","41.921068658","-87.778361321","
,  
(41.921068658, -87.778361321)"
"14300811","JK381908","2026-08-21T15:32:00.000","048XX N LINCOLN AVE","0860","THEFT","RETAIL THEFT","DRUG STORE","false","false","2031","020","47","4","06","1159566","1931867","2026","2026-08-29T15:41:33.000","41.968763818","-87.688661831","
,  
(41.968763818, -87.688661831)"
"14301037","JK382105","2026-08-21T15:30:00.000","0000X S KILDARE AVE","0420","BATTERY","AGGRAVATED - KNIFE / CUTTING INSTRUMENT","STREET","false","false","1115","011","28","26","04B","1147729","1899575","2026","2026-08-29T15:41:33.000","41.880387715","-87.733017681","
,  
(41.880387715, -87.733017681)"
"14301220","JK382573","2026-08-21T15:30:00.000","023XX N STOCKTON DR","1320","CRIMINAL DAMAGE","TO VEHICLE","VEHICLE NON-COMMERCIAL","false","false","1814","018","43","7","14","1174056","1916083","2026","2026-08-29T15:41:33.000","41.9251405","-87.63585519","
,  
(41.9251405, -87.63585519)"
"14301591","JK382825","2026-08-21T15:30:00.000","079XX S MAY ST","0460","BATTERY","SIMPLE","APARTMENT","false","false","0612","006","17","71","08B","1170029","1852200","2026","2026-08-29T15:41:33.000","41.74992863","-87.652512715","
,  
(41.74992863, -87.652512715)"
"14300743","JK381911","2026-08-21T15:29:00.000","0000X W 19TH ST","0760","BURGLARY","BURGLARY FROM MOTOR VEHICLE","STREET","true","false","0131","001","3","33","06","1176441","1891136","2026","2026-08-29T15:41:33.000","41.856631067","-87.627845373","
,  
(41.856631067, -87.627845373)"
"14300725","JK381893","2026-08-21T15:22:00.000","064XX S EBERHART AVE","0710","THEFT","THEFT FROM MOTOR VEHICLE","STREET","false","false","0312","003","20","42","06","1180684","1862487","2026","2026-08-29T15:41:33.000","41.777919241","-87.61315283","
,  
(41.777919241, -87.61315283)"
"14300848","JK382080","2026-08-21T15:15:00.000","003XX N MICHIGAN AVE","0870","THEFT","POCKET-PICKING","STREET","false","false","1834","018","42","8","06","1177303","1902963","2026","2026-08-29T15:41:33.000","41.889065572","-87.624322824","
,  
(41.889065572, -87.624322824)"
"14300777","JK381937","2026-08-21T15:13:00.000","011XX W 15TH ST","2826","OTHER OFFENSE","HARASSMENT BY ELECTRONIC MEANS","APARTMENT","false","false","1232","012","25","28","26","1168935","1892896","2026","2026-08-29T15:41:33.000","41.861626586","-87.655345221","
,  
(41.861626586, -87.655345221)"
"14300740","JK381917","2026-08-21T15:12:00.000","056XX N SHERIDAN RD","2825","OTHER OFFENSE","HARASSMENT BY TELEPHONE","APARTMENT","false","true","2022","020","48","77","26","1168614","1937739","2026","2026-08-29T15:41:33.000","41.984685103","-87.655221829","
,  
(41.984685103, -87.655221829)"
"14300859","JK382016","2026-08-21T15:11:00.000","063XX S STEWART AVE","1477","WEAPONS VIOLATION","RECKLESS FIREARM DISCHARGE","SCHOOL - PUBLIC BUILDING","false","false","0722","007","20","68","15","1174715","1862826","2026","2026-08-29T15:41:33.000","41.778984586","-87.635025125","
,  
(41.778984586, -87.635025125)"
"14300821","JK381891","2026-08-21T15:10:00.000","046XX W CONGRESS PKWY","1320","CRIMINAL DAMAGE","TO VEHICLE","VACANT LOT / LAND","false","false","1131","011","24","25","14","1145535","1897290","2026","2026-08-29T15:41:33.000","41.874159231","-87.741131802","
,  
(41.874159231, -87.741131802)"
"14300784","JK381940","2026-08-21T15:10:00.000","011XX W 112TH PL","0486","BATTERY","DOMESTIC BATTERY SIMPLE","RESIDENCE","false","true","2234","022","21","75","08B","1170869","1830157","2026","2026-08-29T15:41:33.000","41.689421117","-87.650075655","
,  
(41.689421117, -87.650075655)"
"14300860","JK381988","2026-08-21T15:10:00.000","024XX E 79TH ST","1780","OFFENSE INVOLVING CHILDREN","OTHER OFFENSE","DAY CARE CENTER","false","true","0422","004","7","46","20","1193815","1853061","2026","2026-08-29T15:41:33.000","41.751741747","-87.565323587","
,  
(41.751741747, -87.565323587)"
"14302542","JK384230","2026-08-21T15:00:00.000","091XX S PRINCETON AVE","1310","CRIMINAL DAMAGE","TO PROPERTY","RESIDENCE","false","true","0634","006","9","49","14","1176260","1844482","2026","2026-08-29T15:41:33.000","41.728611899","-87.629910894","
,  
(41.728611899, -87.629910894)"
"14302788","JK384642","2026-08-21T15:00:00.000","006XX W RANDOLPH ST","0820","THEFT","$500 AND UNDER","OTHER (SPECIFY)","false","false","0121","001","34","28","06","1171722","1901225","2026","2026-08-29T15:41:33.000","41.884421101","-87.644869479","
,  
(41.884421101, -87.644869479)"
"14302607","JK384358","2026-08-21T15:00:00.000","079XX S SAGINAW AVE","1365","CRIMINAL TRESPASS","TO RESIDENCE","RESIDENCE","false","false","0422","004","7","46","26","1195228","1852738","2026","2026-08-29T15:41:33.000","41.750820682","-87.560156342","
,  
(41.750820682, -87.560156342)"
"14301912","JK383354","2026-08-21T15:00:00.000","058XX S MAPLEWOOD AVE","1320","CRIMINAL DAMAGE","TO VEHICLE","VEHICLE NON-COMMERCIAL","false","false","0824","008","15","63","14","1160372","1865818","2026","2026-08-29T15:41:33.000","41.787502631","-87.687525611","
,  
(41.787502631, -87.687525611)"
"14303706","JK385592","2026-08-21T15:00:00.000","048XX W ADAMS ST","0610","BURGLARY","FORCIBLE ENTRY","APARTMENT","false","false","1533","015","28","25","05","1144183","1898894","2026","2026-08-29T15:41:33.000","41.878586294","-87.746055487","
,  
(41.878586294, -87.746055487)"
"14306837","JK389771","2026-08-21T15:00:00.000","0000X N MICHIGAN AVE","0910","MOTOR VEHICLE THEFT","AUTOMOBILE","STREET","false","false","0114","001","42","32","07","1177306","1900580","2026","2026-08-29T15:41:33.000","41.882526427","-87.624384106","
,  
(41.882526427, -87.624384106)"
"14300991","JK381986","2026-08-21T15:00:00.000","076XX S PEORIA ST","0486","BATTERY","DOMESTIC BATTERY SIMPLE","APARTMENT","false","true","0621","006","17","71","08B","1171627","1854284","2026","2026-08-29T15:41:33.000","41.755612548","-87.646596004","
,  
(41.755612548, -87.646596004)"
"14301519","JK382818","2026-08-21T15:00:00.000","030XX S MICHIGAN AVE","1156","DECEPTIVE PRACTICE","ATTEMPT - FINANCIAL IDENTITY THEFT","APARTMENT","false","false","0133","001","4","35","11","1177749","1884891","2026","2026-08-29T15:41:33.000","41.839464759","-87.623233908","
,  
(41.839464759, -87.623233908)"
"14305795","JK388383","2026-08-21T15:00:00.000","052XX W MADISON ST","1242","DECEPTIVE PRACTICE","COMPUTER FRAUD","ATM (AUTOMATIC TELLER MACHINE)","false","false","1522","015","37","25","11","1141512","1899523","2026","2026-08-31T15:48:34.000","41.880362084","-87.755847438","
,  
(41.880362084, -87.755847438)"
"14300699","JK381831","2026-08-21T14:54:00.000","031XX W 64TH ST","2027","NARCOTICS","POSSESS - CRACK","SIDEWALK","true","false","0823","008","14","66","18","1156399","1862020","2026","2026-08-29T15:41:33.000","41.777161333","-87.70219524","
,  
(41.777161333, -87.70219524)"
"14300805","JK381857","2026-08-21T14:50:00.000","0000X N STATE ST","0820","THEFT","$500 AND UNDER","SMALL RETAIL STORE","true","false","0112","001","34","32","06","1176364","1900524","2026","2026-08-29T15:41:33.000","41.882394062","-87.627844798","
,  
(41.882394062, -87.627844798)"
"14300785","JK382059","2026-08-21T14:49:00.000","098XX S AVENUE J","4387","OTHER OFFENSE","VIOLATE ORDER OF PROTECTION","RESIDENCE","false","false","0432","004","10","52","26","1202459","1840483","2026","2026-08-29T15:41:33.000","41.717010758","-87.534076167","
,  
(41.717010758, -87.534076167)"
"14300788","JK381872","2026-08-21T14:48:00.000","0000X E 109TH ST","143A","WEAPONS VIOLATION","UNLAWFUL POSSESSION - HANDGUN","SIDEWALK","true","false","0513","005","9","49","15","1178633","1832708","2026","2026-08-29T15:41:33.000","41.696248923","-87.621574656","
,  
(41.696248923, -87.621574656)"
"14300671","JK381855","2026-08-21T14:45:00.000","023XX S CHRISTIANA AVE","0820","THEFT","$500 AND UNDER","STREET","false","false","1024","010","22","30","06","1154399","1888201","2026","2026-08-29T15:41:33.000","41.849045571","-87.708829783","
,  
(41.849045571, -87.708829783)"
"14300958","JK381861","2026-08-21T14:45:00.000","079XX S DREXEL AVE","2017","NARCOTICS","MANUFACTURE / DELIVER - CRACK","RESIDENCE","true","false","0624","006","8","44","18","1183609","1852575","2026","2026-08-29T15:41:33.000","41.750652023","-87.602738456","
,  
(41.750652023, -87.602738456)"
"14300783","JK382020","2026-08-21T14:45:00.000","021XX W ARTHUR AVE","0820","THEFT","$500 AND UNDER","APARTMENT","false","false","2412","024","50","2","06","1160908","1943134","2026","2026-08-29T15:41:33.000","41.999653091","-87.683412974","
,  
(41.999653091, -87.683412974)"
"14300813","JK381890","2026-08-21T14:43:00.000","005XX W 72ND ST","143A","WEAPONS VIOLATION","UNLAWFUL POSSESSION - HANDGUN","VEHICLE NON-COMMERCIAL","true","false","0732","007","6","68","15","1173683","1857162","2026","2026-08-29T15:41:33.000","41.763464847","-87.638976155","
,  
(41.763464847, -87.638976155)"
"14300959","JK381941","2026-08-21T14:41:00.000","056XX W ADAMS BLVD","1710","OFFENSE INVOLVING CHILDREN","ENDANGERING LIFE / HEALTH OF CHILD","APARTMENT","false","true","1513","015","29","25","20","1138430","1898540","2026","2026-08-29T15:41:33.000","41.877720953","-87.767188202","
,  
(41.877720953, -87.767188202)"
"14300850","JK381955","2026-08-21T14:40:00.000","034XX S INDIANA AVE","2820","OTHER OFFENSE","TELEPHONE THREAT","STREET","false","true","0211","002","3","35","08A","1178163","1882290","2026","2026-08-29T15:41:33.000","41.832318017","-87.621793794","
,  
(41.832318017, -87.621793794)"
"14306475","JK389305","2026-08-21T14:33:00.000","038XX S STATE ST","0890","THEFT","FROM BUILDING","APARTMENT","false","false","0213","002","3","35","06","1176927","1879494","2026","2026-08-29T15:41:33.000","41.82467357","-87.626413225","
,  
(41.82467357, -87.626413225)"
"14300815","JK381953","2026-08-21T14:31:00.000","012XX N ASHLAND AVE","4387","OTHER OFFENSE","VIOLATE ORDER OF PROTECTION","APARTMENT","false","true","1433","014","1","24","26","1165497","1908438","2026","2026-08-29T15:41:33.000","41.904348868","-87.667522836","
,  
(41.904348868, -87.667522836)"
"14300791","JK382008","2026-08-21T14:30:00.000","018XX W GRAND AVE","2826","OTHER OFFENSE","HARASSMENT BY ELECTRONIC MEANS","DAY CARE CENTER","false","false","1221","012","36","24","26","1164062","1903522","2026","2026-08-29T15:41:33.000","41.890889439","-87.672932967","
,  
(41.890889439, -87.672932967)"
"14301601","JK382984","2026-08-21T14:30:00.000","022XX W CHICAGO AVE","1130","DECEPTIVE PRACTICE","FRAUD OR CONFIDENCE GAME","APARTMENT","false","false","1212","012","36","24","11","1161372","1905296","2026","2026-08-29T15:41:33.000","41.895813829","-87.682762584","
,  
(41.895813829, -87.682762584)"
"14301205","JK382549","2026-08-21T14:30:00.000","021XX W 71ST ST","0610","BURGLARY","FORCIBLE ENTRY","RESIDENCE","false","false","0735","007","17","67","05","1163439","1857560","2026","2026-08-29T15:41:33.000","41.764777797","-87.67651144","
,  
(41.764777797, -87.67651144)"
"14300769","JK381869","2026-08-21T14:30:00.000","0000X N STATE ST","0486","BATTERY","DOMESTIC BATTERY SIMPLE","VEHICLE NON-COMMERCIAL","false","true","0112","001","34","32","08B","1176362","1900577","2026","2026-08-29T15:41:33.000","41.882539542","-87.627850543","
,  
(41.882539542, -87.627850543)"
"14300741","JK381934","2026-08-21T14:26:00.000","004XX W 119TH ST","0460","BATTERY","SIMPLE","STREET","false","false","0522","005","21","53","08B","1175313","1825995","2026","2026-08-29T15:41:33.000","41.677902065","-87.633929937","
,  
(41.677902065, -87.633929937)"
"14304682","JK386949","2026-08-21T14:23:00.000","012XX E 53RD ST","1110","DECEPTIVE PRACTICE","BOGUS CHECK","BANK","false","false","0234","002","4","41","11","1185239","1870376","2026","2026-08-29T15:41:33.000","41.799461412","-87.596206318","
,  
(41.799461412, -87.596206318)"
"14300948","JK382256","2026-08-21T14:20:00.000","108XX S DOTY AVE E","0860","THEFT","RETAIL THEFT","SMALL RETAIL STORE","false","false","0513","005","10","51","06","1185904","1833221","2026","2026-08-29T15:41:33.000","41.697488694","-87.594936931","
,  
(41.697488694, -87.594936931)"
"14300702","JK381877","2026-08-21T14:20:00.000","030XX S LOOMIS ST","4387","OTHER OFFENSE","VIOLATE ORDER OF PROTECTION","RESIDENCE","true","true","0913","009","11","60","26","1169030","1884636","2026","2026-08-29T15:41:33.000","41.838958364","-87.655235925","
,  
(41.838958364, -87.655235925)"
"14301369","JK381819","2026-08-21T14:12:00.000","031XX N CLARK ST","0860","THEFT","RETAIL THEFT","DEPARTMENT STORE","false","false","1933","019","44","6","06","1170283","1920956","2026","2026-08-29T15:41:33.000","41.93859561","-87.649576033","
,  
(41.93859561, -87.649576033)"
"14300649","JK381764","2026-08-21T14:10:00.000","019XX W 33RD ST","0860","THEFT","RETAIL THEFT","DEPARTMENT STORE","true","false","0912","009","12","59","06","1163830","1882804","2026","2026-08-29T15:41:33.000","41.834042232","-87.674368991","
,  
(41.834042232, -87.674368991)"
"14300799","JK381870","2026-08-21T14:07:00.000","014XX W CARROLL AVE","2820","OTHER OFFENSE","TELEPHONE THREAT","DAY CARE CENTER","false","false","1215","012","27","28","08A","1166770","1902287","2026","2026-08-29T15:41:33.000","41.887442885","-87.663023305","
,  
(41.887442885, -87.663023305)"
"14300919","JK382229","2026-08-21T14:07:00.000","003XX E 47TH ST","051A","ASSAULT","AGGRAVATED - HANDGUN","SIDEWALK","false","false","0224","002","3","38","04A","1178930","1873923","2026","2026-08-29T15:41:33.000","41.809340827","-87.619234738","
,  
(41.809340827, -87.619234738)"
"14300709","JK381805","2026-08-21T14:05:00.000","045XX S LAKE PARK AVE","4387","OTHER OFFENSE","VIOLATE ORDER OF PROTECTION","RESIDENCE","false","true","0222","002","4","39","26","1185448","1874978","2026","2026-08-29T15:41:33.000","41.812084717","-87.59529495","
,  
(41.812084717, -87.59529495)"
"14300733","JK381804","2026-08-21T14:05:00.000","027XX N MILWAUKEE AVE","0860","THEFT","RETAIL THEFT","STREET","true","false","1412","014","35","22","06","1153576","1918167","2026","2026-08-29T15:41:33.000","41.931291627","-87.711052714","
,  
(41.931291627, -87.711052714)"
"14300711","JK381807","2026-08-21T14:02:00.000","123XX S LA SALLE ST","0486","BATTERY","DOMESTIC BATTERY SIMPLE","RESIDENCE","false","true","0523","005","9","53","08B","1177499","1823142","2026","2026-08-29T15:41:33.000","41.670024018","-87.626014191","
,  
(41.670024018, -87.626014191)"
"14307028","JK390029","2026-08-21T14:00:00.000","003XX W CERMAK RD","1152","DECEPTIVE PRACTICE","ILLEGAL USE CASH CARD","CONVENIENCE STORE","false","false","0914","009","11","34","11","1174359","1889753","2026","2026-08-29T15:41:33.000","41.852882701","-87.635528609","
,  
(41.852882701, -87.635528609)"
"14300913","JK382228","2026-08-21T14:00:00.000","067XX S NORMAL BLVD","0820","THEFT","$500 AND UNDER","APARTMENT","false","true","0722","007","6","68","06","1174117","1859984","2026","2026-08-29T15:41:33.000","41.771199121","-87.637301763","
,  
(41.771199121, -87.637301763)"
"14300837","JK382088","2026-08-21T14:00:00.000","043XX N CLARENDON AVE","0584","STALKING","VIOLATION OF STALKING NO CONTACT ORDER","APARTMENT","false","true","1915","019","46","3","26","1170129","1929242","2026","2026-08-29T15:41:33.000","41.961336068","-87.64989918","
,  
(41.961336068, -87.64989918)"
"14300726","JK381868","2026-08-21T14:00:00.000","003XX N MICHIGAN AVE","0810","THEFT","OVER $500","RESTAURANT","false","false","0111","001","42","32","06","1177246","1902333","2026","2026-08-29T15:41:33.000","41.887338112","-87.624551258","
,  
(41.887338112, -87.624551258)"
"14300954","JK381902","2026-08-21T14:00:00.000","005XX N OAKLEY BLVD","0486","BATTERY","DOMESTIC BATTERY SIMPLE","APARTMENT","false","true","1221","012","36","24","08B","1160976","1903598","2026","2026-08-29T15:41:33.000","41.891162606","-87.684264182","
,  
(41.891162606, -87.684264182)"
"14301360","JK382704","2026-08-21T14:00:00.000","023XX W BERWYN AVE","0560","ASSAULT","SIMPLE","OTHER (SPECIFY)","false","false","2012","020","40","4","08A","1159824","1935137","2026","2026-08-29T15:41:33.000","41.977731519","-87.687622545","
,  
(41.977731519, -87.687622545)"
"14300861","JK381980","2026-08-21T13:56:00.000","005XX N LONG AVE","0650","BURGLARY","HOME INVASION","RESIDENCE","false","true","1523","015","37","25","05","1140224","1903260","2026","2026-08-29T15:41:33.000","41.890640567","-87.760485307","
,  
(41.890640567, -87.760485307)"
"14300696","JK381820","2026-08-21T13:55:00.000","012XX S WESTERN AVE","0560","ASSAULT","SIMPLE","SIDEWALK","false","false","1233","012","28","28","08A","1160565","1894479","2026","2026-08-29T15:41:33.000","41.866147762","-87.68602617","
,  
(41.866147762, -87.68602617)"
"14302792","JK384624","2026-08-21T13:50:00.000","007XX W MONTROSE AVE","0560","ASSAULT","SIMPLE","NURSING / RETIREMENT HOME","false","false","1915","019","46","3","08A","1170527","1929439","2026","2026-08-29T15:41:33.000","41.961867922","-87.648430138","
,  
(41.961867922, -87.648430138)"
"14300692","JK381786","2026-08-21T13:49:00.000","020XX S WESTERN AVE","0486","BATTERY","DOMESTIC BATTERY SIMPLE","CTA TRAIN","false","true","1234","012","25","31","08B","1160685","1890246","2026","2026-08-29T15:41:33.000","41.854529505","-87.685702859","
,  
(41.854529505, -87.685702859)"
"14300679","JK381818","2026-08-21T13:45:00.000","035XX N ELSTON AVE","0520","ASSAULT","AGGRAVATED - KNIFE / CUTTING INSTRUMENT","PARKING LOT / GARAGE (NON RESIDENTIAL)","true","false","1733","017","35","21","04A","1154291","1923619","2026","2026-08-29T15:41:33.000","41.946238049","-87.708279124","
,  
(41.946238049, -87.708279124)"
"14300865","JK382083","2026-08-21T13:40:00.000","017XX N LOCKWOOD AVE","2820","OTHER OFFENSE","TELEPHONE THREAT","APARTMENT","false","true","2532","025","37","25","08A","1140793","1911103","2026","2026-08-29T15:41:33.000","41.912152235","-87.758202532","
,  
(41.912152235, -87.758202532)"
"14300831","JK382094","2026-08-21T13:40:00.000","017XX N LOCKWOOD AVE","0560","ASSAULT","SIMPLE","APARTMENT","false","true","2532","025","37","25","08A","1140793","1911103","2026","2026-08-29T15:41:33.000","41.912152235","-87.758202532","
,  
(41.912152235, -87.758202532)"
"14300634","JK381741","2026-08-21T13:40:00.000","006XX N KEDZIE AVE","2093","NARCOTICS","FOUND SUSPECT NARCOTICS","RESIDENCE","true","false","1221","012","27","23","18","1154928","1904048","2026","2026-08-29T15:41:33.000","41.892520844","-87.706463551","
,  
(41.892520844, -87.706463551)"
"14300943","JK382261","2026-08-21T13:30:00.000","064XX N BELL AVE","0710","THEFT","THEFT FROM MOTOR VEHICLE","STREET","false","false","2412","024","50","2","06","1160140","1942717","2026","2026-08-29T15:41:33.000","41.99852479","-87.686249845","
,  
(41.99852479, -87.686249845)"
"14300665","JK381770","2026-08-21T13:30:00.000","016XX E 78TH ST","031A","ROBBERY","ARMED - HANDGUN","STREET","false","false","0414","004","8","43","03","1188707","1853593","2026","2026-08-29T15:41:33.000","41.7533252","-87.584024746","
,  
(41.7533252, -87.584024746)"
"14300641","JK381797","2026-08-21T13:30:00.000","005XX W HARRISON ST","0560","ASSAULT","SIMPLE","GOVERNMENT BUILDING / PROPERTY","false","false","0124","001","28","28","08A","1172659","1897574","2026","2026-08-29T15:41:33.000","41.874381838","-87.641536792","
,  
(41.874381838, -87.641536792)"
"14301297","JK381823","2026-08-21T13:30:00.000","017XX N LOCKWOOD AVE","0486","BATTERY","DOMESTIC BATTERY SIMPLE","SIDEWALK","false","true","2532","025","37","25","08B","1140793","1911103","2026","2026-08-29T15:41:33.000","41.912152235","-87.758202532","
,  
(41.912152235, -87.758202532)"
"14300866","JK382150","2026-08-21T13:30:00.000","062XX N OAKLEY AVE","0710","THEFT","THEFT FROM MOTOR VEHICLE","STREET","false","false","2413","024","50","2","06","1159854","1941382","2026","2026-08-29T15:41:33.000","41.994867429","-87.687338998","
,  
(41.994867429, -87.687338998)"
"14300614","JK381772","2026-08-21T13:30:00.000","006XX N LA SALLE DR","2020","NARCOTICS","POSSESS - AMPHETAMINES","SIDEWALK","true","false","1832","018","42","8","18","1175019","1904673","2026","2026-08-29T15:41:33.000","41.893809386","-87.632659201","
,  
(41.893809386, -87.632659201)"
"14301341","JK381777","2026-08-21T13:28:00.000","077XX S SEELEY AVE","0560","ASSAULT","SIMPLE","APARTMENT","false","true","0611","006","18","71","08A","1164037","1853367","2026","2026-08-29T15:41:33.000","41.753259058","-87.674437307","
,  
(41.753259058, -87.674437307)"
"14300804","JK381749","2026-08-21T13:26:00.000","075XX S KEDZIE AVE","0420","BATTERY","AGGRAVATED - KNIFE / CUTTING INSTRUMENT","SIDEWALK","false","false","0835","008","18","66","04B","1156345","1854560","2026","2026-08-29T15:41:33.000","41.756691036","-87.702593753","
,  
(41.756691036, -87.702593753)"
"14301311","JK381766","2026-08-21T13:25:00.000","001XX W 95TH ST","0460","BATTERY","SIMPLE","TAVERN / LIQUOR STORE","false","false","0511","005","9","49","08B","1176803","1841956","2026","2026-08-29T15:41:33.000","41.721668028","-87.627997595","
,  
(41.721668028, -87.627997595)"
"14300737","JK381759","2026-08-21T13:24:00.000","071XX S CHAMPLAIN AVE","2022","NARCOTICS","POSSESS - COCAINE","VACANT LOT / LAND","true","false","0323","003","6","69","18","1181797","1857905","2026","2026-08-29T15:41:33.000","41.765320132","-87.609214012","
,  
(41.765320132, -87.609214012)"
"14300598","JK381716","2026-08-21T13:23:00.000","008XX N TRUMBULL AVE","2027","NARCOTICS","POSSESS - CRACK","ALLEY","true","false","1121","011","27","23","18","1153228","1905319","2026","2026-08-29T15:41:33.000","41.896042504","-87.712673225","
,  
(41.896042504, -87.712673225)"
"14300828","JK381779","2026-08-21T13:12:00.000","007XX N HARDING AVE","0460","BATTERY","SIMPLE","STREET","false","false","1112","011","37","23","08B","1149921","1904722","2026","2026-08-29T15:41:33.000","41.894469279","-87.724834796","
,  
(41.894469279, -87.724834796)"
"14300708","JK381784","2026-08-21T13:11:00.000","001XX N LAKE SHORE DR NB","1330","CRIMINAL TRESPASS","TO LAND","OTHER (SPECIFY)","true","false","0114","001","42","32","26","1179804","1900876","2026","2026-08-29T15:41:33.000","41.883281673","-87.615202429","
,  
(41.883281673, -87.615202429)"
"14300800","JK381840","2026-08-21T13:10:00.000","017XX S WABASH AVE","2826","OTHER OFFENSE","HARASSMENT BY ELECTRONIC MEANS","RESIDENCE","false","false","0131","001","3","33","26","1177039","1891851","2026","2026-08-29T15:41:33.000","41.858579571","-87.625628785","
,  
(41.858579571, -87.625628785)"
"14300626","JK381791","2026-08-21T13:02:00.000","054XX S LOOMIS BLVD","0486","BATTERY","DOMESTIC BATTERY SIMPLE","RESIDENCE","false","true","0934","009","20","61","08B","1167920","1868745","2026","2026-08-29T15:41:33.000","41.795375753","-87.659766174","
,  
(41.795375753, -87.659766174)"
"14305968","JK388600","2026-08-21T13:02:00.000","021XX S TAN CT","2826","OTHER OFFENSE","HARASSMENT BY ELECTRONIC MEANS","SCHOOL - PUBLIC GROUNDS","false","false","0914","009","11","34","26","1174352","1890387","2026","2026-08-29T15:41:33.000","41.8546226","-87.635535391","
,  
(41.8546226, -87.635535391)"
"14301016","JK381995","2026-08-21T13:00:00.000","118XX S LAFAYETTE AVE","0820","THEFT","$500 AND UNDER","VEHICLE - DELIVERY TRUCK","false","false","0522","005","9","53","06","1178039","1826555","2026","2026-08-29T15:41:33.000","41.679377634","-87.623935022","
,  
(41.679377634, -87.623935022)"
"14305818","JK388397","2026-08-21T13:00:00.000","016XX N RICHMOND ST","0917","MOTOR VEHICLE THEFT","CYCLE, SCOOTER, BIKE WITH VIN","STREET","false","false","1421","014","26","24","07","1156566","1910829","2026","2026-08-29T15:41:33.000","41.911095505","-87.700264043","
,  
(41.911095505, -87.700264043)"
"14300652","JK381735","2026-08-21T13:00:00.000","048XX W FULLERTON AVE","0560","ASSAULT","SIMPLE","DRUG STORE","false","false","2522","025","31","19","08A","1143780","1915524","2026","2026-08-29T15:41:33.000","41.924228431","-87.747117979","
,  
(41.924228431, -87.747117979)"
"14301819","JK383342","2026-08-21T13:00:00.000","072XX S LANGLEY AVE","0920","MOTOR VEHICLE THEFT","ATTEMPT - AUTOMOBILE","STREET","false","false","0323","003","6","69","07","1182149","1857129","2026","2026-08-29T15:41:33.000","41.763182571","-87.607947822","
,  
(41.763182571, -87.607947822)"
"14303837","JK385615","2026-08-21T13:00:00.000","028XX N SACRAMENTO AVE","0810","THEFT","OVER $500","APARTMENT","false","true","1411","014","35","21","06","1155889","1918712","2026","2026-08-29T15:41:33.000","41.932740766","-87.702538094","
,  
(41.932740766, -87.702538094)"
"14300633","JK381720","2026-08-21T12:52:00.000","019XX W GARFIELD BLVD","1330","CRIMINAL TRESPASS","TO LAND","SMALL RETAIL STORE","false","false","0932","009","16","61","26","1164157","1868187","2026","2026-08-29T15:41:33.000","41.793924612","-87.673580917","
,  
(41.793924612, -87.673580917)"
"14300561","JK381682","2026-08-21T12:48:00.000","056XX S GREEN ST","2826","OTHER OFFENSE","HARASSMENT BY ELECTRONIC MEANS","RESIDENCE","false","true","0712","007","16","68","26","1171600","1867481","2026","2026-08-29T15:41:33.000","41.791827281","-87.646308595","
,  
(41.791827281, -87.646308595)"
"14300676","JK381701","2026-08-21T12:47:00.000","058XX N ST LOUIS AVE","1330","CRIMINAL TRESPASS","TO LAND","RESIDENCE - GARAGE","false","false","1711","017","39","13","26","1151990","1938656","2026","2026-08-29T15:41:33.000","41.987546285","-87.716338877","
,  
(41.987546285, -87.716338877)"
"14300591","JK381742","2026-08-21T12:45:00.000","010XX E 73RD ST","0810","THEFT","OVER $500","LIBRARY","false","false","0324","003","5","69","06","1184245","1856821","2026","2026-08-29T15:41:33.000","41.762288629","-87.600275297","
,  
(41.762288629, -87.600275297)"
"14300631","JK381690","2026-08-21T12:40:00.000","055XX W QUINCY ST","0486","BATTERY","DOMESTIC BATTERY SIMPLE","APARTMENT","false","true","1522","015","29","25","08B","1139526","1898453","2026","2026-08-29T15:41:33.000","41.877462304","-87.763166031","
,  
(41.877462304, -87.763166031)"
"14300637","JK381674","2026-08-21T12:32:00.000","047XX S JUSTINE ST","1365","CRIMINAL TRESPASS","TO RESIDENCE","APARTMENT","false","false","0933","009","20","61","26","1166798","1873451","2026","2026-08-29T15:41:33.000","41.808313612","-87.663746144","
,  
(41.808313612, -87.663746144)"
"14301331","JK381679","2026-08-21T12:30:00.000","018XX W DIVISION ST","0545","ASSAULT","PROTECTED EMPLOYEE - HANDS, FISTS, FEET, NO / MINOR INJURY","CTA BUS","false","false","1424","014","1","24","08A","1164116","1908031","2026","2026-08-29T15:41:33.000","41.903261332","-87.672607125","
,  
(41.903261332, -87.672607125)"
"14300668","JK381746","2026-08-21T12:30:00.000","045XX S LAMON AVE","4387","OTHER OFFENSE","VIOLATE ORDER OF PROTECTION","RESIDENCE","false","true","0814","008","22","56","26","1144453","1874154","2026","2026-08-29T15:41:33.000","41.810691245","-87.745685664","
,  
(41.810691245, -87.745685664)"
"14300559","JK381655","2026-08-21T12:18:00.000","052XX N SHERIDAN RD","0860","THEFT","RETAIL THEFT","GROCERY FOOD STORE","false","false","2023","020","48","77","06","1168697","1934885","2026","2026-08-29T15:41:33.000","41.976851852","-87.654999693","
,  
(41.976851852, -87.654999693)"
"14300774","JK381830","2026-08-21T12:15:00.000","0000X W CTA OHARE PLATFORM ST","0479","BATTERY","AGGRAVATED - HANDS, FISTS, FEET, SERIOUS INJURY","AIRPORT TRANSPORTATION SYSTEM (ATS)","false","false","1654","016","41","76","04B","1100955","1934905","2026","2026-08-29T15:41:33.000","41.978108446","-87.904122758","
,  
(41.978108446, -87.904122758)"
"14300620","JK381678","2026-08-21T12:14:00.000","046XX S ASHLAND AVE","0860","THEFT","RETAIL THEFT","SMALL RETAIL STORE","true","false","0924","009","15","61","06","1166449","1874039","2026","2026-08-29T15:41:33.000","41.809934604","-87.665009423","
,  
(41.809934604, -87.665009423)"
"14300557","JK381654","2026-08-21T12:13:00.000","045XX N BROADWAY","0860","THEFT","RETAIL THEFT","GROCERY FOOD STORE","false","false","1913","019","46","3","06","1168276","1930258","2026","2026-08-29T15:41:33.000","41.96416436","-87.656682274","
,  
(41.96416436, -87.656682274)"
"14300845","JK382155","2026-08-21T12:08:00.000","015XX E 55TH ST","0820","THEFT","$500 AND UNDER","RESTAURANT","false","false","0234","002","5","41","06","1187212","1868840","2026","2026-08-29T15:41:33.000","41.795199859","-87.589019701","
,  
(41.795199859, -87.589019701)"
"14300768","JK381921","2026-08-21T12:03:00.000","082XX S SOUTH SHORE DR","0560","ASSAULT","SIMPLE","ALLEY","false","false","0424","004","7","46","08A","1198584","1850841","2026","2026-08-29T15:41:33.000","41.745531765","-87.547922073","
,  
(41.745531765, -87.547922073)"
"14303636","JK385396","2026-08-21T12:00:00.000","010XX E 132ND ST","0460","BATTERY","SIMPLE","CHA APARTMENT","false","false","0533","005","10","54","08B","1185808","1818046","2026","2026-08-29T15:41:33.000","41.655848698","-87.59576404","
,  
(41.655848698, -87.59576404)"
"14300574","JK381693","2026-08-21T12:00:00.000","007XX W 63RD ST","2850","PUBLIC PEACE VIOLATION","BOMB THREAT","SCHOOL - PUBLIC GROUNDS","false","false","0723","007","20","68","24","1172236","1863088","2026","2026-08-29T15:41:33.000","41.779758427","-87.64410563","
,  
(41.779758427, -87.64410563)"
"14300590","JK381687","2026-08-21T12:00:00.000","024XX N ORCHARD ST","0760","BURGLARY","BURGLARY FROM MOTOR VEHICLE","STREET","false","false","1935","019","43","7","06","1171194","1916492","2026","2026-08-29T15:41:33.000","41.926326215","-87.646359376","
,  
(41.926326215, -87.646359376)"
"14301870","JK383277","2026-08-21T12:00:00.000","035XX E 100TH ST","0430","BATTERY","AGGRAVATED - OTHER DANGEROUS WEAPON","COMMERCIAL / BUSINESS OFFICE","false","false","0432","004","10","52","04B","1201575","1839331","2026","2026-08-29T15:41:33.000","41.713872053","-87.537352792","
,  
(41.713872053, -87.537352792)"
"14303427","JK385356","2026-08-21T12:00:00.000","071XX S COLES AVE","0620","BURGLARY","UNLAWFUL ENTRY","APARTMENT","false","false","0334","003","7","43","05","1194055","1858207","2026","2026-08-29T15:41:33.000","41.765856882","-87.564275533","
,  
(41.765856882, -87.564275533)"
"14300778","JK381950","2026-08-21T12:00:00.000","002XX W HILL ST","0460","BATTERY","SIMPLE","HOSPITAL BUILDING / GROUNDS","false","false","1823","018","27","8","08B","1174368","1907688","2026","2026-08-29T15:41:33.000","41.902097269","-87.634959946","
,  
(41.902097269, -87.634959946)"
"14300638","JK381666","2026-08-21T12:00:00.000","007XX S KARLOV AVE","0560","ASSAULT","SIMPLE","APARTMENT","false","false","1132","011","24","26","08A","1149170","1896300","2026","2026-08-29T15:41:33.000","41.87137296","-87.727811268","
,  
(41.87137296, -87.727811268)"
"14301627","JK383049","2026-08-21T12:00:00.000","025XX N BURLING ST","1320","CRIMINAL DAMAGE","TO VEHICLE","STREET","false","false","1935","019","43","7","14","1170842","1917168","2026","2026-08-29T15:41:33.000","41.928188921","-87.647632937","
,  
(41.928188921, -87.647632937)"
"14303642","JK385544","2026-08-21T12:00:00.000","028XX N HALSTED ST","0760","BURGLARY","BURGLARY FROM MOTOR VEHICLE","RESIDENCE - GARAGE","false","false","1933","019","44","6","06","1170438","1919268","2026","2026-08-29T15:41:33.000","41.933960272","-87.649055893","
,  
(41.933960272, -87.649055893)"
"14307759","JK390918","2026-08-21T12:00:00.000","012XX S KEDVALE AVE","031A","ROBBERY","ARMED - HANDGUN","ALLEY","false","false","1011","010","24","29","03","1148911","1894163","2026","2026-08-30T15:45:32.000","41.865513789","-87.728817415","
,  
(41.865513789, -87.728817415)"
"14306070","JK388760","2026-08-21T11:58:00.000","015XX N WALLER AVE","1562","SEX OFFENSE","AGGRAVATED CRIMINAL SEXUAL ABUSE","RESIDENCE","false","true","2531","025","29","25","17","1138057","1909601","2026","2026-08-29T15:41:33.000","41.908080474","-87.768290327","
,  
(41.908080474, -87.768290327)"
"14300646","JK381597","2026-08-21T11:50:00.000","0000X W 45TH ST","2890","PUBLIC PEACE VIOLATION","OTHER VIOLATION","PARKING LOT / GARAGE (NON RESIDENTIAL)","true","false","0215","002","3","38","24","1176511","1875244","2026","2026-08-29T15:41:33.000","41.813020584","-87.628067368","
,  
(41.813020584, -87.628067368)"
"14301453","JK381665","2026-08-21T11:50:00.000","034XX S DR MARTIN LUTHER KING JR DR","0460","BATTERY","SIMPLE","PARKING LOT / GARAGE (NON RESIDENTIAL)","false","false","0211","002","4","35","08B","1179475","1882229","2026","2026-08-29T15:41:33.000","41.832120707","-87.616981802","
,  
(41.832120707, -87.616981802)"
"14300597","JK381684","2026-08-21T11:50:00.000","032XX W 55TH ST","0486","BATTERY","DOMESTIC BATTERY SIMPLE","PARKING LOT / GARAGE (NON RESIDENTIAL)","false","true","0822","008","14","63","08B","1155519","1867963","2026","2026-08-29T15:41:33.000","41.793487471","-87.705262189","
,  
(41.793487471, -87.705262189)"
"14300609","JK381645","2026-08-21T11:48:00.000","079XX S EMERALD AVE","0820","THEFT","$500 AND UNDER","APARTMENT","false","true","0621","006","6","71","06","1172682","1852126","2026","2026-08-29T15:41:33.000","41.749667547","-87.64279317","
,  
(41.749667547, -87.64279317)"
"14300544","JK381630","2026-08-21T11:45:00.000","110XX S AVENUE O","1310","CRIMINAL DAMAGE","TO PROPERTY","RESIDENCE","true","false","0433","004","10","52","14","1200886","1832360","2026","2026-08-29T15:41:33.000","41.694760477","-87.540111266","
,  
(41.694760477, -87.540111266)"
"14300629","JK381648","2026-08-21T11:42:00.000","038XX W ROOSEVELT RD","051A","ASSAULT","AGGRAVATED - HANDGUN","TAVERN / LIQUOR STORE","false","true","1011","010","24","29","04A","1151056","1894439","2026","2026-08-29T15:41:33.000","41.866229446","-87.720935733","
,  
(41.866229446, -87.720935733)"
"14300722","JK381646","2026-08-21T11:40:00.000","007XX E 111TH ST","502R","OTHER OFFENSE","VEHICLE TITLE / REGISTRATION OFFENSE","POLICE FACILITY / VEHICLE PARKING LOT","false","false","0531","005","9","50","26","1183356","1831503","2026","2026-08-29T15:41:33.000","41.692833841","-87.60431945","
,  
(41.692833841, -87.60431945)"
"14300580","JK381608","2026-08-21T11:40:00.000","027XX S KILDARE AVE","0460","BATTERY","SIMPLE","STREET","false","false","1031","010","22","30","08B","1148167","1885447","2026","2026-08-29T15:41:33.000","41.841610322","-87.731772859","
,  
(41.841610322, -87.731772859)"
"14300600","JK381649","2026-08-21T11:38:00.000","048XX W ADAMS ST","1812","NARCOTICS","POSSESS - CANNABIS MORE THAN 30 GRAMS","STREET","true","false","1533","015","28","25","18","1144226","1898895","2026","2026-08-29T15:41:33.000","41.878588231","-87.745897573","
,  
(41.878588231, -87.745897573)"
"14300583","JK381616","2026-08-21T11:30:00.000","109XX S DOTY AVE W","0860","THEFT","RETAIL THEFT","DEPARTMENT STORE","true","false","0513","005","9","50","06","1185441","1832670","2026","2026-08-29T15:41:33.000","41.69598756","-87.596649418","
,  
(41.69598756, -87.596649418)"
"14300664","JK381670","2026-08-21T11:30:00.000","072XX S WASHTENAW AVE","0560","ASSAULT","SIMPLE","APARTMENT","false","true","0831","008","18","66","08A","1159627","1856533","2026","2026-08-29T15:41:33.000","41.762038585","-87.690511697","
,  
(41.762038585, -87.690511697)"
"14300884","JK381871","2026-08-21T11:30:00.000","025XX S BLUE ISLAND AVE","0560","ASSAULT","SIMPLE","OTHER (SPECIFY)","false","false","1034","010","12","31","08A","1162159","1887428","2026","2026-08-29T15:41:33.000","41.846765992","-87.680371312","
,  
(41.846765992, -87.680371312)"
"14300612","JK381680","2026-08-21T11:30:00.000","088XX S PRINCETON AVE","0486","BATTERY","DOMESTIC BATTERY SIMPLE","RESIDENCE","false","true","0634","006","21","49","08B","1175708","1846278","2026","2026-08-29T15:41:33.000","41.73355272","-87.631879365","
,  
(41.73355272, -87.631879365)"
"14300486","JK381601","2026-08-21T11:30:00.000","004XX S LOOMIS ST","0760","BURGLARY","BURGLARY FROM MOTOR VEHICLE","STREET","false","false","1231","012","34","28","06","1167130","1897936","2026","2026-08-29T15:41:33.000","41.875495685","-87.661826303","
,  
(41.875495685, -87.661826303)"
"14300466","JK381586","2026-08-21T11:27:00.000","042XX W MONROE ST","2024","NARCOTICS","POSSESS - HEROIN (WHITE)","ALLEY","true","false","1115","011","28","26","18","1148122","1899323","2026","2026-08-29T15:41:33.000","41.879688646","-87.7315811","
,  
(41.879688646, -87.7315811)"
"14303332","JK381596","2026-08-21T11:24:00.000","038XX W HARRISON ST","5011","OTHER OFFENSE","LICENSE VIOLATION","RESTAURANT","true","false","1133","011","24","26","26","1151141","1897093","2026","2026-08-29T15:41:33.000","41.873510659","-87.720554136","
,  
(41.873510659, -87.720554136)"
"14301056","JK381588","2026-08-21T11:20:00.000","006XX N ALBANY AVE","1310","CRIMINAL DAMAGE","TO PROPERTY","APARTMENT","false","true","1221","012","27","23","14","1155597","1904097","2026","2026-08-29T15:41:33.000","41.892641866","-87.704005257","
,  
(41.892641866, -87.704005257)"
"14300681","JK381659","2026-08-21T11:16:00.000","005XX N RUSH ST","2017","NARCOTICS","MANUFACTURE / DELIVER - CRACK","STREET","true","false","1834","018","42","8","18","1177015","1903720","2026","2026-08-29T15:41:33.000","41.891149344","-87.625357523","
,  
(41.891149344, -87.625357523)"
"14300675","JK381593","2026-08-21T11:15:00.000","063XX S DR MARTIN LUTHER KING JR DR","0486","BATTERY","DOMESTIC BATTERY SIMPLE","RESIDENCE","false","true","0312","003","20","69","08B","1180014","1862880","2026","2026-08-29T15:41:33.000","41.779013043","-87.615597022","
,  
(41.779013043, -87.615597022)"
"14300712","JK381710","2026-08-21T11:15:00.000","049XX S CALUMET AVE","0460","BATTERY","SIMPLE","ALLEY","false","false","0224","002","3","38","08B","1179267","1872379","2026","2026-08-29T15:41:33.000","41.805096267","-87.618045825","
,  
(41.805096267, -87.618045825)"
"14301506","JK382919","2026-08-21T11:05:00.000","105XX S MORGAN ST","4386","OTHER OFFENSE","VIOLATION OF CIVIL NO CONTACT ORDER","SCHOOL - PUBLIC BUILDING","false","true","2232","022","21","73","26","1171519","1834893","2026","2026-08-29T15:41:33.000","41.702403273","-87.647557963","
,  
(41.702403273, -87.647557963)"
"14303493","JK381548","2026-08-21T11:03:00.000","052XX W CHICAGO AVE","2250","LIQUOR LAW VIOLATION","LIQUOR LICENSE VIOLATION","TAVERN / LIQUOR STORE","true","false","1524","015","37","25","22","1141371","1904829","2026","2026-08-29T15:41:33.000","41.894925002","-87.756234153","
,  
(41.894925002, -87.756234153)"
"14301762","JK383329","2026-08-21T11:00:00.000","049XX W AUGUSTA BLVD","0820","THEFT","$500 AND UNDER","APARTMENT","false","false","1531","015","37","25","06","1143160","1906196","2026","2026-08-29T15:41:33.000","41.898642999","-87.749629397","
,  
(41.898642999, -87.749629397)"
"14303296","JK381641","2026-08-21T11:00:00.000","005XX S FINANCIAL PL","0810","THEFT","OVER $500","PARKING LOT / GARAGE (NON RESIDENTIAL)","false","false","0123","001","34","32","06","1174962","1897904","2026","2026-08-29T15:41:33.000","41.875236133","-87.633071401","
,  
(41.875236133, -87.633071401)"
"14300766","JK381944","2026-08-21T11:00:00.000","009XX S STATE ST","1210","DECEPTIVE PRACTICE","THEFT OF LABOR / SERVICES","COMMERCIAL / BUSINESS OFFICE","true","false","0123","001","4","32","11","1176497","1896142","2026","2026-08-29T15:41:33.000","41.870366594","-87.627488753","
,  
(41.870366594, -87.627488753)"
"14300599","JK381614","2026-08-21T11:00:00.000","030XX E 90TH ST","0560","ASSAULT","SIMPLE","APARTMENT","false","true","0424","004","10","46","08A","1197853","1845870","2026","2026-08-29T15:41:33.000","41.731909236","-87.550766157","
,  
(41.731909236, -87.550766157)"
"14300684","JK381892","2026-08-21T11:00:00.000","132XX S CARONDOLET AVE","0820","THEFT","$500 AND UNDER","RESIDENCE","false","false","0433","004","10","55","06","1198437","1817808","2026","2026-08-29T15:41:33.000","41.654889775","-87.54956219","
,  
(41.654889775, -87.54956219)"
"14303813","JK385733","2026-08-21T11:00:00.000","018XX S KOMENSKY AVE","0560","ASSAULT","SIMPLE","APARTMENT","false","false","1012","010","24","29","08A","1149678","1890699","2026","2026-08-29T15:41:33.000","41.855993299","-87.726091641","
,  
(41.855993299, -87.726091641)"
"14306912","JK389613","2026-08-21T11:00:00.000","015XX N WIELAND ST","0810","THEFT","OVER $500","RESIDENCE","false","false","1821","018","2","8","06","1174150","1910640","2026","2026-08-29T15:41:33.000","41.910202571","-87.635672494","
,  
(41.910202571, -87.635672494)"
"14300721","JK381919","2026-08-21T11:00:00.000","001XX E RANDOLPH ST","0820","THEFT","$500 AND UNDER","OTHER (SPECIFY)","false","false","0114","001","42","32","06","1177694","1901225","2026","2026-08-29T15:41:33.000","41.884287537","-87.622939774","
,  
(41.884287537, -87.622939774)"
"14301346","JK381590","2026-08-21T10:57:00.000","063XX S SPAULDING AVE","0760","BURGLARY","BURGLARY FROM MOTOR VEHICLE","STREET","false","false","0823","008","14","66","06","1155482","1862497","2026","2026-08-29T15:41:33.000","41.778488712","-87.705544213","
,  
(41.778488712, -87.705544213)"
"14300521","JK381587","2026-08-21T10:56:00.000","004XX W DIVISION ST","0860","THEFT","RETAIL THEFT","SMALL RETAIL STORE","true","false","1821","018","27","8","06","1173175","1908290","2026","2026-08-29T15:41:33.000","41.903775756","-87.639324074","
,  
(41.903775756, -87.639324074)"
"14300624","JK381562","2026-08-21T10:54:00.000","064XX W FULLERTON AVE","0495","BATTERY","AGGRAVATED OF A SENIOR CITIZEN","RESTAURANT","false","false","2512","025","36","19","04B","1133186","1915252","2026","2026-08-29T15:41:33.000","41.923674171","-87.786051721","
,  
(41.923674171, -87.786051721)"
"14301333","JK381585","2026-08-21T10:53:00.000","021XX W PIERCE AVE","0460","BATTERY","SIMPLE","NURSING / RETIREMENT HOME","false","false","1424","014","1","24","08B","1161771","1910214","2026","2026-08-29T15:41:33.000","41.909300888","-87.681159825","
,  
(41.909300888, -87.681159825)"
"14301077","JK382369","2026-08-21T10:52:00.000","038XX N PAGE AVE","2826","OTHER OFFENSE","HARASSMENT BY ELECTRONIC MEANS","RESIDENCE","false","false","1631","016","38","17","26","1121715","1924467","2026","2026-08-29T15:41:33.000","41.949154507","-87.828001929","
,  
(41.949154507, -87.828001929)"
"14300511","JK381568","2026-08-21T10:45:00.000","024XX W OGDEN AVE","0560","ASSAULT","SIMPLE","GAS STATION","false","false","1023","010","28","28","08A","1160441","1893908","2026","2026-08-29T15:41:33.000","41.864583447","-87.686497178","
,  
(41.864583447, -87.686497178)"
"14300584","JK381559","2026-08-21T10:41:00.000","019XX S HOMAN AVE","0486","BATTERY","DOMESTIC BATTERY SIMPLE","APARTMENT","false","true","1024","010","24","29","08B","1154008","1890242","2026","2026-08-29T15:41:33.000","41.854654108","-87.710210444","
,  
(41.854654108, -87.710210444)"
"14300573","JK381536","2026-08-21T10:40:00.000","049XX W MADISON ST","031A","ROBBERY","ARMED - HANDGUN","CONVENIENCE STORE","false","false","1533","015","28","25","03","1143578","1899572","2026","2026-08-29T15:41:33.000","41.880458148","-87.748259978","
,  
(41.880458148, -87.748259978)"
"14300682","JK381873","2026-08-21T10:40:00.000","006XX N SPRINGFIELD AVE","2825","OTHER OFFENSE","HARASSMENT BY TELEPHONE","APARTMENT","false","false","1122","011","37","23","26","1150275","1903992","2026","2026-08-29T15:41:33.000","41.892459187","-87.723553703","
,  
(41.892459187, -87.723553703)"
"14303302","JK385069","2026-08-21T10:40:00.000","010XX W ROOSEVELT RD","1320","CRIMINAL DAMAGE","TO VEHICLE","VEHICLE - COMMERCIAL: TROLLEY BUS","false","false","1232","012","34","28","14","1169267","1894871","2026","2026-08-29T15:41:33.000","41.867038943","-87.654069152","
,  
(41.867038943, -87.654069152)"
"14300685","JK381571","2026-08-21T10:40:00.000","015XX W HUBBARD ST","0560","ASSAULT","SIMPLE","FACTORY / MANUFACTURING BUILDING","false","false","1215","012","27","24","08A","1165933","1903175","2026","2026-08-29T15:41:33.000","41.889897525","-87.666071652","
,  
(41.889897525, -87.666071652)"
"14300796","JK381923","2026-08-21T10:36:00.000","012XX S LAWNDALE AVE","0930","MOTOR VEHICLE THEFT","THEFT / RECOVERY - AUTOMOBILE","STREET","false","false","1011","010","24","29","07","1151900","1894293","2026","2026-08-29T15:41:33.000","41.865812242","-87.717841156","
,  
(41.865812242, -87.717841156)"
"14300489","JK381532","2026-08-21T10:34:00.000","047XX W GLADYS AVE","2024","NARCOTICS","POSSESS - HEROIN (WHITE)","ALLEY","true","false","1131","011","28","25","18","1144825","1897935","2026","2026-08-29T15:41:33.000","41.875942602","-87.743722357","
,  
(41.875942602, -87.743722357)"
"14301354","JK382621","2026-08-21T10:30:00.000","011XX N MONTICELLO AVE","0498","BATTERY","AGG. DOMESTIC BATTERY - HANDS, FISTS, FEET, SERIOUS INJURY","APARTMENT","false","true","1112","011","36","23","04B","1151832","1907382","2026","2026-08-29T15:41:33.000","41.901731176","-87.717746111","
,  
(41.901731176, -87.717746111)"
"14300421","JK381530","2026-08-21T10:30:00.000","033XX W FILLMORE ST","2093","NARCOTICS","FOUND SUSPECT NARCOTICS","POLICE FACILITY / VEHICLE PARKING LOT","true","false","1134","011","24","29","18","1154228","1895173","2026","2026-08-29T15:41:33.000","41.868180939","-87.709271389","
,  
(41.868180939, -87.709271389)"
"14300924","JK382193","2026-08-21T10:30:00.000","054XX N SAWYER AVE","1310","CRIMINAL DAMAGE","TO PROPERTY","APARTMENT","false","false","1712","017","39","13","14","1153729","1936047","2026","2026-08-29T15:41:33.000","41.980352495","-87.710012549","
,  
(41.980352495, -87.710012549)"
"14300416","JK381500","2026-08-21T10:09:00.000","040XX W LAWRENCE AVE","0860","THEFT","RETAIL THEFT","DEPARTMENT STORE","true","false","1712","017","39","14","06","1148714","1931595","2026","2026-08-29T15:41:33.000","41.968234567","-87.728571616","
,  
(41.968234567, -87.728571616)"
"14300393","JK381487","2026-08-21T10:05:00.000","096XX S EXCHANGE AVE","502R","OTHER OFFENSE","VEHICLE TITLE / REGISTRATION OFFENSE","STREET","false","false","0431","004","10","51","26","1197439","1841581","2026","2026-08-29T15:41:33.000","41.720150178","-87.552425311","
,  
(41.720150178, -87.552425311)"
"14300623","JK381802","2026-08-21T10:00:00.000","029XX S DR MARTIN LUTHER KING JR DR","0910","MOTOR VEHICLE THEFT","AUTOMOBILE","STREET","false","false","0133","001","4","35","07","1179288","1885690","2026","2026-08-29T15:41:33.000","41.841622217","-87.617562101","
,  
(41.841622217, -87.617562101)"
"14300615","JK381723","2026-08-21T10:00:00.000","010XX W 78TH ST","0820","THEFT","$500 AND UNDER","STREET","false","false","0612","006","17","71","06","1170808","1853100","2026","2026-08-29T15:41:33.000","41.752381399","-87.649631917","
,  
(41.752381399, -87.649631917)"
"14307035","JK389570","2026-08-21T10:00:00.000","031XX N SACRAMENTO AVE","1154","DECEPTIVE PRACTICE","FINANCIAL IDENTITY THEFT $300 AND UNDER","RESIDENCE","false","false","1411","014","35","21","11","1155834","1920618","2026","2026-08-29T15:41:33.000","41.937972079","-87.70268869","
,  
(41.937972079, -87.70268869)"
"14301524","JK382779","2026-08-21T10:00:00.000","094XX S LAFLIN ST","0810","THEFT","OVER $500","APARTMENT","false","false","2221","022","21","73","06","1167989","1842155","2026","2026-08-29T15:41:33.000","41.722407746","-87.660276026","
,  
(41.722407746, -87.660276026)"
"14303598","JK385541","2026-08-21T10:00:00.000","035XX N LEAVITT ST","1130","DECEPTIVE PRACTICE","FRAUD OR CONFIDENCE GAME","APARTMENT","false","false","1921","019","32","5","11","1161069","1923423","2026","2026-08-29T15:41:33.000","41.945561877","-87.683370836","
,  
(41.945561877, -87.683370836)"
"14301510","JK382848","2026-08-21T10:00:00.000","082XX S DOBSON AVE","0620","BURGLARY","UNLAWFUL ENTRY","APARTMENT","false","false","0631","006","8","44","05","1184674","1850683","2026","2026-08-29T15:41:33.000","41.745435298","-87.598895016","
,  
(41.745435298, -87.598895016)"
"14306423","JK389110","2026-08-21T10:00:00.000","047XX S LOOMIS BLVD","0810","THEFT","OVER $500","RESIDENCE - YARD (FRONT / BACK)","false","false","0933","009","20","61","06","1167799","1873253","2026","2026-08-29T15:41:33.000","41.807748818","-87.660080402","
,  
(41.807748818, -87.660080402)"
"14300472","JK381523","2026-08-21T10:00:00.000","004XX N ST LOUIS AVE","0560","ASSAULT","SIMPLE","STREET","false","false","1123","011","27","23","08A","1152975","1902645","2026","2026-08-29T15:41:33.000","41.888709801","-87.713673374","
,  
(41.888709801, -87.713673374)"
"14304815","JK386923","2026-08-21T10:00:00.000","047XX S ARCHER AVE","0910","MOTOR VEHICLE THEFT","AUTOMOBILE","COMMERCIAL / BUSINESS OFFICE","false","false","0821","008","14","57","07","1152674","1872926","2026","2026-08-29T15:41:33.000","41.807163223","-87.715563878","
,  
(41.807163223, -87.715563878)"
"14307398","JK390463","2026-08-21T10:00:00.000","005XX W JACKSON BLVD","2820","OTHER OFFENSE","TELEPHONE THREAT","COMMERCIAL / BUSINESS OFFICE","false","false","0121","001","34","28","08A","1172566","1898899","2026","2026-08-30T15:45:32.000","41.878019784","-87.64183905","
,  
(41.878019784, -87.64183905)"
"14300619","JK381493","2026-08-21T09:54:00.000","056XX N RIDGE AVE","0860","THEFT","RETAIL THEFT","SMALL RETAIL STORE","false","false","2013","020","48","77","06","1167084","1937517","2026","2026-08-29T15:41:33.000","41.984109031","-87.660855375","
,  
(41.984109031, -87.660855375)"
"14300440","JK381488","2026-08-21T09:52:00.000","024XX E 78TH ST","0530","ASSAULT","AGGRAVATED - OTHER DANGEROUS WEAPON","STREET","false","false","0421","004","7","43","04A","1193999","1853728","2026","2026-08-29T15:41:33.000","41.753567539","-87.564627488","
,  
(41.753567539, -87.564627488)"
"14300571","JK381496","2026-08-21T09:50:00.000","077XX N ASHLAND AVE","0486","BATTERY","DOMESTIC BATTERY SIMPLE","APARTMENT","false","true","2422","024","49","1","08B","1164297","1951157","2026","2026-08-29T15:41:33.000","42.021597095","-87.670717274","
,  
(42.021597095, -87.670717274)"
"14300787","JK381516","2026-08-21T09:48:00.000","006XX N CLARK ST","2093","NARCOTICS","FOUND SUSPECT NARCOTICS","PARKING LOT / GARAGE (NON RESIDENTIAL)","false","false","1832","018","42","8","18","1175423","1904617","2026","2026-08-29T15:41:33.000","41.893646656","-87.631177143","
,  
(41.893646656, -87.631177143)"
"14301330","JK381477","2026-08-21T09:47:00.000","034XX W FULLERTON AVE","0560","ASSAULT","SIMPLE","CTA BUS","false","false","1413","014","35","22","08A","1153224","1915747","2026","2026-08-29T15:41:33.000","41.924657953","-87.712410656","
,  
(41.924657953, -87.712410656)"
"14300582","JK381676","2026-08-21T09:45:00.000","001XX N PAULINA ST","0760","BURGLARY","BURGLARY FROM MOTOR VEHICLE","SCHOOL - PUBLIC GROUNDS","false","false","1224","012","27","28","06","1165053","1900895","2026","2026-08-29T15:41:33.000","41.88365976","-87.669368178","
,  
(41.88365976, -87.669368178)"
"14301175","JK382391","2026-08-21T09:45:00.000","075XX S ST LAWRENCE AVE","143A","WEAPONS VIOLATION","UNLAWFUL POSSESSION - HANDGUN","SIDEWALK","true","false","0624","006","6","69","15","1181540","1855179","2026","2026-08-29T15:41:33.000","41.757845639","-87.610239976","
,  
(41.757845639, -87.610239976)"
"14304677","JK386930","2026-08-21T09:30:00.000","006XX W FULLERTON PKWY","0760","BURGLARY","BURGLARY FROM MOTOR VEHICLE","STREET","false","false","1935","019","43","7","06","1171594","1916200","2026","2026-08-29T15:41:33.000","41.92551615","-87.64489819","
,  
(41.92551615, -87.64489819)"
"14300498","JK381490","2026-08-21T09:30:00.000","027XX S WESTERN AVE","5131","OTHER OFFENSE","VIOLENT OFFENDER - ANNUAL REGISTRATION","PARKING LOT / GARAGE (NON RESIDENTIAL)","false","false","1034","010","12","31","26","1160819","1885998","2026","2026-08-29T15:41:33.000","41.842869772","-87.685328677","
,  
(41.842869772, -87.685328677)"
"14300556","JK381663","2026-08-21T09:30:00.000","043XX N HAZEL ST","1153","DECEPTIVE PRACTICE","FINANCIAL IDENTITY THEFT OVER $ 300","APARTMENT","false","false","1915","019","46","3","11","1169475","1929135","2026","2026-08-29T15:41:33.000","41.961056745","-87.652306749","
,  
(41.961056745, -87.652306749)"
"14300527","JK381453","2026-08-21T09:30:00.000","006XX N PARKSIDE AVE","0486","BATTERY","DOMESTIC BATTERY SIMPLE","APARTMENT","false","true","1511","015","29","25","08B","1138570","1903625","2026","2026-08-29T15:41:33.000","41.891672314","-87.766550835","
,  
(41.891672314, -87.766550835)"
"14301401","JK382725","2026-08-21T09:30:00.000","022XX W ERIE ST","0760","BURGLARY","BURGLARY FROM MOTOR VEHICLE","ALLEY","false","false","1221","012","36","24","06","1161374","1904302","2026","2026-08-29T15:41:33.000","41.89308617","-87.682782919","
,  
(41.89308617, -87.682782919)"
"14300538","JK381534","2026-08-21T09:30:00.000","131XX S CORLISS AVE","0810","THEFT","OVER $500","CHA APARTMENT","false","false","0533","005","10","54","06","1184012","1818195","2026","2026-08-29T15:41:33.000","41.656299559","-87.602331074","
,  
(41.656299559, -87.602331074)"
"14308533","JK391954","2026-08-21T09:30:00.000","023XX S RIDGEWAY AVE","0710","THEFT","THEFT FROM MOTOR VEHICLE","STREET","false","false","1013","010","22","30","06",,,"2026","2026-08-30T15:48:44.000",,,
"14300391","JK381450","2026-08-21T09:21:00.000","075XX S NORMAL AVE","0560","ASSAULT","SIMPLE","APARTMENT","false","true","0621","006","6","69","08A","1174168","1854890","2026","2026-08-29T15:41:33.000","41.757219449","-87.63726592","
,  
(41.757219449, -87.63726592)"
"14300450","JK381521","2026-08-21T09:20:00.000","079XX S COTTAGE GROVE AVE","0560","ASSAULT","SIMPLE","STREET","false","false","0624","006","6","44","08A","1182933","1852512","2026","2026-08-29T15:41:33.000","41.75049487","-87.605217567","
,  
(41.75049487, -87.605217567)"
"14300564","JK381552","2026-08-21T09:17:00.000","080XX S ELLIS AVE","1310","CRIMINAL DAMAGE","TO PROPERTY","STREET","true","true","0631","006","8","44","14","1184287","1851998","2026","2026-08-29T15:41:33.000","41.749052851","-87.600271986","
,  
(41.749052851, -87.600271986)"
"14300407","JK381470","2026-08-21T09:15:00.000","023XX S STATE ST","0820","THEFT","$500 AND UNDER","STREET","false","false","0131","001","3","33","06","1176681","1888910","2026","2026-08-29T15:41:33.000","41.850517353","-87.627031661","
,  
(41.850517353, -87.627031661)"
"14300396","JK381445","2026-08-21T09:10:00.000","045XX N BROADWAY","0860","THEFT","RETAIL THEFT","GROCERY FOOD STORE","false","false","1913","019","46","3","06","1168276","1930258","2026","2026-08-29T15:41:33.000","41.96416436","-87.656682274","
,  
(41.96416436, -87.656682274)"
"14300395","JK381447","2026-08-21T09:05:00.000","045XX N BROADWAY","0860","THEFT","RETAIL THEFT","GROCERY FOOD STORE","false","false","1913","019","46","3","06","1168276","1930258","2026","2026-08-29T15:41:33.000","41.96416436","-87.656682274","
,  
(41.96416436, -87.656682274)"
"14300451","JK381462","2026-08-21T09:03:00.000","071XX S VINCENNES AVE","0560","ASSAULT","SIMPLE","GAS STATION","true","false","0731","007","6","69","08A","1176589","1857611","2026","2026-08-29T15:41:33.000","41.764632089","-87.628311641","
,  
(41.764632089, -87.628311641)"
"14301697","JK383106","2026-08-21T09:00:00.000","070XX S EMERALD AVE","0910","MOTOR VEHICLE THEFT","AUTOMOBILE","STREET","true","false","0732","007","6","68","07","1172521","1858268","2026","2026-08-29T15:41:33.000","41.766525507","-87.643202585","
,  
(41.766525507, -87.643202585)"
"14300469","JK381454","2026-08-21T09:00:00.000","024XX W PERSHING RD","0560","ASSAULT","SIMPLE","STREET","true","false","0921","009","12","58","08A","1160758","1878743","2026","2026-08-29T15:41:33.000","41.822962497","-87.68575324","
,  
(41.822962497, -87.68575324)"
"14300496","JK381460","2026-08-21T09:00:00.000","107XX S HALSTED ST","2028","NARCOTICS","POSSESS - SYNTHETIC DRUGS","SIDEWALK","true","false","2233","022","21","75","18","1172886","1833650","2026","2026-08-29T15:41:33.000","41.698962312","-87.64258889","
,  
(41.698962312, -87.64258889)"
"14300419","JK381510","2026-08-21T09:00:00.000","016XX S SAWYER AVE","0910","MOTOR VEHICLE THEFT","AUTOMOBILE","RESIDENCE","false","false","1022","010","24","29","07","1154966","1891633","2026","2026-08-29T15:41:33.000","41.858452037","-87.706656897","
,  
(41.858452037, -87.706656897)"
"14300463","JK381594","2026-08-21T09:00:00.000","083XX S PAULINA ST","1310","CRIMINAL DAMAGE","TO PROPERTY","APARTMENT","false","true","0614","006","18","71","14","1166461","1849448","2026","2026-08-29T15:41:33.000","41.742453478","-87.665665679","
,  
(41.742453478, -87.665665679)"
"14300794","JK382064","2026-08-21T09:00:00.000","008XX N HERMITAGE AVE","0760","BURGLARY","BURGLARY FROM MOTOR VEHICLE","STREET","false","false","1213","012","1","24","06","1164577","1905679","2026","2026-08-29T15:41:33.000","41.896797518","-87.670980482","
,  
(41.896797518, -87.670980482)"
"14300589","JK381560","2026-08-21T09:00:00.000","001XX N SANGAMON ST","0760","BURGLARY","BURGLARY FROM MOTOR VEHICLE","STREET","false","false","1224","012","27","28","06","1170064","1901378","2026","2026-08-29T15:41:33.000","41.884877283","-87.650953359","
,  
(41.884877283, -87.650953359)"
"14300430","JK381533","2026-08-21T09:00:00.000","0000X E CULLERTON ST","0910","MOTOR VEHICLE THEFT","AUTOMOBILE","STREET","false","false","0131","001","3","33","07","1177228","1890722","2026","2026-08-29T15:41:33.000","41.855477243","-87.62496923","
,  
(41.855477243, -87.62496923)"
"14300823","JK381933","2026-08-21T09:00:00.000","078XX S HALSTED ST","0820","THEFT","$500 AND UNDER","STREET","false","false","0621","006","17","71","06","1172325","1852974","2026","2026-08-29T15:41:33.000","41.752002423","-87.644076471","
,  
(41.752002423, -87.644076471)"
"14300373","JK381410","2026-08-21T08:45:00.000","023XX W 80TH ST","1310","CRIMINAL DAMAGE","TO PROPERTY","RESIDENCE","false","false","0835","008","18","70","14","1162122","1851549","2026","2026-08-29T15:41:33.000","41.748310225","-87.681505566","
,  
(41.748310225, -87.681505566)"
"14300369","JK381428","2026-08-21T08:44:00.000","075XX S COLES AVE","1320","CRIMINAL DAMAGE","TO VEHICLE","VACANT LOT / LAND","false","true","0421","004","7","43","14","1195972","1855576","2026","2026-08-29T15:41:33.000","41.758589985","-87.557336222","
,  
(41.758589985, -87.557336222)"
"14300452","JK381501","2026-08-21T08:41:00.000","068XX S JUSTINE ST","2014","NARCOTICS","MANUFACTURE / DELIVER -  HEROIN (WHITE)","SIDEWALK","true","false","0725","007","17","67","18","1167182","1859400","2026","2026-08-29T15:41:33.000","41.769747749","-87.662739692","
,  
(41.769747749, -87.662739692)"
"14300406","JK381502","2026-08-21T08:40:00.000","005XX N DEARBORN ST","1320","CRIMINAL DAMAGE","TO VEHICLE","STREET","false","false","1831","018","42","8","14","1175840","1904001","2026","2026-08-29T15:41:33.000","41.891946946","-87.629664215","
,  
(41.891946946, -87.629664215)"
"14300515","JK381417","2026-08-21T08:40:00.000","056XX S MICHIGAN AVE","0650","BURGLARY","HOME INVASION","APARTMENT","false","true","0225","002","20","40","05","1178119","1867664","2026","2026-08-29T15:41:33.000","41.792184007","-87.62239919","
,  
(41.792184007, -87.62239919)"
"14301512","JK382814","2026-08-21T08:30:00.000","003XX N ABERDEEN ST","1130","DECEPTIVE PRACTICE","FRAUD OR CONFIDENCE GAME","SMALL RETAIL STORE","false","false","1214","012","27","28","11","1169085","1902281","2026","2026-08-29T15:41:33.000","41.887376484","-87.654522146","
,  
(41.887376484, -87.654522146)"
"14306545","JK389338","2026-08-21T08:30:00.000","026XX W 87TH ST","0460","BATTERY","SIMPLE","CTA BUS","false","false","0835","008","18","70","08B","1160126","1846836","2026","2026-08-29T15:41:33.000","41.735418268","-87.688948957","
,  
(41.735418268, -87.688948957)"
"14300509","JK381578","2026-08-21T08:30:00.000","022XX W DIVISION ST","0710","THEFT","THEFT FROM MOTOR VEHICLE","PARKING LOT / GARAGE (NON RESIDENTIAL)","false","false","1212","012","1","24","06","1161104","1907941","2026","2026-08-29T15:41:33.000","41.903077492","-87.683673325","
,  
(41.903077492, -87.683673325)"
"14300431","JK381448","2026-08-21T08:20:00.000","0000X S STATE ST","0860","THEFT","RETAIL THEFT","SMALL RETAIL STORE","true","false","0112","001","34","32","06","1176389","1900278","2026","2026-08-29T15:41:33.000","41.88171846","-87.627760426","
,  
(41.88171846, -87.627760426)"
"14300510","JK381399","2026-08-21T08:19:00.000","025XX N NORMANDY AVE","0860","THEFT","RETAIL THEFT","DEPARTMENT STORE","true","false","2512","025","36","18","06","1131321","1916235","2026","2026-08-29T15:41:33.000","41.926404101","-87.792881805","
,  
(41.926404101, -87.792881805)"
"14301476","JK382883","2026-08-21T08:00:00.000","013XX W WRIGHTWOOD AVE","1320","CRIMINAL DAMAGE","TO VEHICLE","STREET","false","false","1932","019","32","7","14","1166972","1917387","2026","2026-08-29T15:41:33.000","41.928873914","-87.661847409","
,  
(41.928873914, -87.661847409)"
"14304757","JK386871","2026-08-21T08:00:00.000","022XX S ALBANY AVE","0820","THEFT","$500 AND UNDER","STREET","false","false","1033","010","24","30","06","1156044","1888876","2026","2026-08-29T15:41:33.000","41.850864862","-87.702774245","
,  
(41.850864862, -87.702774245)"
"14301385","JK381604","2026-08-21T08:00:00.000","093XX S CORNELL AVE","0486","BATTERY","DOMESTIC BATTERY SIMPLE","RESIDENCE - PORCH / HALLWAY","false","true","0413","004","8","48","08B","1188859","1843520","2026","2026-08-29T15:41:33.000","41.725680269","-87.583789238","
,  
(41.725680269, -87.583789238)"
"14300945","JK382271","2026-08-21T08:00:00.000","015XX S STATE ST","2826","OTHER OFFENSE","HARASSMENT BY ELECTRONIC MEANS","DAY CARE CENTER","false","false","0131","001","3","33","26","1176580","1892965","2026","2026-08-29T15:41:33.000","41.861646831","-87.627279966","
,  
(41.861646831, -87.627279966)"
"14301850","JK383223","2026-08-21T08:00:00.000","036XX S STATE ST","2825","OTHER OFFENSE","HARASSMENT BY TELEPHONE","APARTMENT","false","false","0213","002","3","35","26","1176893","1880820","2026","2026-08-29T15:41:33.000","41.828312991","-87.626497936","
,  
(41.828312991, -87.626497936)"
"14300917","JK382079","2026-08-21T08:00:00.000","005XX E 75TH ST","0910","MOTOR VEHICLE THEFT","AUTOMOBILE","APARTMENT","true","true","0323","003","6","69","07","1181015","1855399","2026","2026-08-29T15:41:33.000","41.758461436","-87.612157262","
,  
(41.758461436, -87.612157262)"
"14301550","JK382872","2026-08-21T08:00:00.000","018XX S LAWNDALE AVE","1310","CRIMINAL DAMAGE","TO PROPERTY","APARTMENT","false","false","1014","010","24","29","14","1151995","1890646","2026","2026-08-29T15:41:33.000","41.855802581","-87.717588423","
,  
(41.855802581, -87.717588423)"
"14300454","JK381525","2026-08-21T08:00:00.000","026XX W IOWA ST","0760","BURGLARY","BURGLARY FROM MOTOR VEHICLE","STREET","false","false","1211","012","36","24","06","1158700","1905892","2026","2026-08-29T15:41:33.000","41.897504482","-87.692559919","
,  
(41.897504482, -87.692559919)"
"14300434","JK381366","2026-08-21T07:59:00.000","036XX S LAKE PARK AVE","0810","THEFT","OVER $500","STREET","false","false","0212","002","4","36","06","1182244","1881239","2026","2026-08-29T15:41:33.000","41.829340266","-87.606852835","
,  
(41.829340266, -87.606852835)"
"14300782","JK382054","2026-08-21T07:47:00.000","022XX S LAKE SHORE DR NB","051A","ASSAULT","AGGRAVATED - HANDGUN","STREET","false","false","0132","001","4","33","04A","1180355","1889684","2026","2026-08-29T15:41:33.000","41.852557544","-87.61352376","
,  
(41.852557544, -87.61352376)"
"14301896","JK383252","2026-08-21T07:30:00.000","045XX S LAKE PARK AVE","0620","BURGLARY","UNLAWFUL ENTRY","APARTMENT","false","false","0222","002","4","39","05","1185448","1874978","2026","2026-08-29T15:41:33.000","41.812084717","-87.59529495","
,  
(41.812084717, -87.59529495)"
"14301040","JK382274","2026-08-21T07:30:00.000","045XX S DREXEL BLVD","0460","BATTERY","SIMPLE","STREET","false","false","0222","002","4","39","08B","1183083","1875187","2026","2026-08-29T15:41:33.000","41.812713636","-87.603963101","
,  
(41.812713636, -87.603963101)"
"14300390","JK381466","2026-08-21T07:30:00.000","101XX S INDIANA AVE","4387","OTHER OFFENSE","VIOLATE ORDER OF PROTECTION","STREET","false","false","0511","005","9","49","26","1179374","1837759","2026","2026-08-29T15:41:33.000","41.710092722","-87.61870813","
,  
(41.710092722, -87.61870813)"
"14300351","JK381378","2026-08-21T07:30:00.000","014XX S WABASH AVE","0710","THEFT","THEFT FROM MOTOR VEHICLE","STREET","false","false","0131","001","3","33","06","1177005","1893187","2026","2026-08-29T15:41:33.000","41.862246411","-87.625713167","
,  
(41.862246411, -87.625713167)"
"14300550","JK381437","2026-08-21T07:24:00.000","061XX N MOODY AVE","143C","WEAPONS VIOLATION","UNLAWFUL POSSESSION - AMMUNITION","APARTMENT","true","false","1611","016","39","10","15","1134234","1940411","2026","2026-08-29T15:41:33.000","41.99269459","-87.781605707","
,  
(41.99269459, -87.781605707)"
"14300436","JK381356","2026-08-21T07:15:00.000","054XX S CORNELL AVE","1320","CRIMINAL DAMAGE","TO VEHICLE","STREET","false","false","0234","002","5","41","14","1188177","1869579","2026","2026-08-29T15:41:33.000","41.797204745","-87.585457513","
,  
(41.797204745, -87.585457513)"
"14300617","JK381509","2026-08-21T07:00:00.000","015XX E 130TH ST","0710","THEFT","THEFT FROM MOTOR VEHICLE","PARKING LOT / GARAGE (NON RESIDENTIAL)","false","false","0434","004","10","55","06","1188174","1819712","2026","2026-08-29T15:41:33.000","41.660364553","-87.587053965","
,  
(41.660364553, -87.587053965)"
"14300890","JK381899","2026-08-21T07:00:00.000","0000X E 9TH ST","0560","ASSAULT","SIMPLE","APARTMENT","false","false","0123","001","4","32","08A","1176856","1896212","2026","2026-08-29T15:41:33.000","41.870550571","-87.626168646","
,  
(41.870550571, -87.626168646)"
"14300929","JK381833","2026-08-21T07:00:00.000","012XX W 15TH ST","0910","MOTOR VEHICLE THEFT","AUTOMOBILE","STREET","true","false","1233","012","25","28","07","1168514","1892884","2026","2026-08-29T15:41:33.000","41.86160277","-87.656890977","
,  
(41.86160277, -87.656890977)"
"14301125","JK382375","2026-08-21T07:00:00.000","046XX S DREXEL BLVD","0498","BATTERY","AGG. DOMESTIC BATTERY - HANDS, FISTS, FEET, SERIOUS INJURY","APARTMENT","false","true","0222","002","4","39","04B","1183100","1874490","2026","2026-08-29T15:41:33.000","41.810800619","-87.603922445","
,  
(41.810800619, -87.603922445)"
"14300379","JK381343","2026-08-21T07:00:00.000","013XX W DIVISION ST","0930","MOTOR VEHICLE THEFT","THEFT / RECOVERY - AUTOMOBILE","GAS STATION","false","false","1433","014","1","24","07","1167018","1908113","2026","2026-08-29T15:41:33.000","41.903424516","-87.661945158","
,  
(41.903424516, -87.661945158)"
"14301451","JK382751","2026-08-21T06:30:00.000","048XX W BELMONT AVE","0291","CRIMINAL SEXUAL ASSAULT","ATTEMPT NON-AGGRAVATED","APARTMENT","false","false","1634","016","31","15","02","1143642","1920840","2026","2026-08-29T15:41:33.000","41.938818641","-87.747491584","
,  
(41.938818641, -87.747491584)"
"14300922","JK382181","2026-08-21T06:28:00.000","056XX W FULLERTON AVE","1152","DECEPTIVE PRACTICE","ILLEGAL USE CASH CARD","SMALL RETAIL STORE","false","false","2515","025","30","19","11","1138562","1915397","2026","2026-08-29T15:41:33.000","41.923976215","-87.766294416","
,  
(41.923976215, -87.766294416)"
"14300607","JK381349","2026-08-21T06:26:00.000","049XX N NORMANDY AVE","143A","WEAPONS VIOLATION","UNLAWFUL POSSESSION - HANDGUN","RESIDENCE - YARD (FRONT / BACK)","true","false","1613","016","41","10","15","1130907","1932390","2026","2026-08-29T15:41:33.000","41.970742369","-87.794029569","
,  
(41.970742369, -87.794029569)"
"14300415","JK381405","2026-08-21T06:26:00.000","049XX N NORMANDY AVE","2018","NARCOTICS","MANUFACTURE / DELIVER - SYNTHETIC DRUGS","RESIDENCE","true","false","1613","016","41","10","18","1130907","1932390","2026","2026-08-29T15:41:33.000","41.970742369","-87.794029569","
,  
(41.970742369, -87.794029569)"
"14303369","JK385204","2026-08-21T06:15:00.000","044XX N LOWELL AVE","1310","CRIMINAL DAMAGE","TO PROPERTY","CHURCH / SYNAGOGUE / PLACE OF WORSHIP","false","false","1722","017","39","16","14","1146429","1929208","2026","2026-08-29T15:41:33.000","41.961728409","-87.737034584","
,  
(41.961728409, -87.737034584)"
"14300370","JK381340","2026-08-21T06:15:00.000","031XX W 25TH ST","0486","BATTERY","DOMESTIC BATTERY SIMPLE","APARTMENT","false","true","1033","010","25","30","08B","1155671","1887226","2026","2026-08-29T15:41:33.000","41.84634458","-87.704187605","
,  
(41.84634458, -87.704187605)"
"14300344","JK381373","2026-08-21T06:00:00.000","003XX S WABASH AVE","1320","CRIMINAL DAMAGE","TO VEHICLE","STREET","false","false","0113","001","4","32","14","1176860","1898834","2026","2026-08-29T15:41:33.000","41.877745403","-87.626074642","
,  
(41.877745403, -87.626074642)"
"14300340","JK381348","2026-08-21T06:00:00.000","022XX W WASHINGTON BLVD","0760","BURGLARY","BURGLARY FROM MOTOR VEHICLE","APARTMENT","false","false","1223","012","27","28","06","1161505","1900647","2026","2026-08-29T15:41:33.000","41.883053814","-87.682403632","
,  
(41.883053814, -87.682403632)"
"14300339","JK381321","2026-08-21T05:56:00.000","009XX W 34TH ST","1365","CRIMINAL TRESPASS","TO RESIDENCE","RESIDENCE","false","false","0913","009","11","60","26","1170526","1882388","2026","2026-08-29T15:41:33.000","41.832757106","-87.649811988","
,  
(41.832757106, -87.649811988)"
"14300324","JK381299","2026-08-21T05:51:00.000","014XX S MORGAN ST","0710","THEFT","THEFT FROM MOTOR VEHICLE","STREET","false","false","1232","012","28","28","06","1170137","1893360","2026","2026-08-29T15:41:33.000","41.862873707","-87.65091938","
,  
(41.862873707, -87.65091938)"
"14300314","JK381300","2026-08-21T05:47:00.000","015XX E 71ST PL","1320","CRIMINAL DAMAGE","TO VEHICLE","STREET","false","false","0324","003","8","43","14","1187591","1857886","2026","2026-08-29T15:41:33.000","41.765132183","-87.587978099","
,  
(41.765132183, -87.587978099)"
"14300876","JK382196","2026-08-21T05:40:00.000","057XX S MARYLAND AVE","0820","THEFT","$500 AND UNDER","STREET","false","false","0235","002","5","41","06","1182884","1867234","2026","2026-08-29T15:41:33.000","41.790894592","-87.604940233","
,  
(41.790894592, -87.604940233)"
"14301214","JK381307","2026-08-21T05:32:00.000","004XX W 32ND ST","0710","THEFT","THEFT FROM MOTOR VEHICLE","STREET","false","false","0915","009","11","60","06","1173724","1883716","2026","2026-08-29T15:41:33.000","41.836330825","-87.638038629","
,  
(41.836330825, -87.638038629)"
"14300307","JK381292","2026-08-21T05:31:00.000","006XX N CLARK ST","0860","THEFT","RETAIL THEFT","SMALL RETAIL STORE","false","false","1832","018","42","8","06","1175423","1904617","2026","2026-08-29T15:41:33.000","41.893646656","-87.631177143","
,  
(41.893646656, -87.631177143)"
"14300485","JK381293","2026-08-21T05:30:00.000","032XX S CANAL ST","031A","ROBBERY","ARMED - HANDGUN","STREET","false","false","0915","009","11","60","03","1173821","1883444","2026","2026-08-29T15:41:33.000","41.835582279","-87.637690786","
,  
(41.835582279, -87.637690786)"
"14300313","JK381291","2026-08-21T05:29:00.000","003XX E 76TH ST","0486","BATTERY","DOMESTIC BATTERY SIMPLE","STREET","false","true","0623","006","6","69","08B","1179620","1854688","2026","2026-08-29T15:41:33.000","41.756542351","-87.617291469","
,  
(41.756542351, -87.617291469)"
"14300383","JK381312","2026-08-21T05:26:00.000","071XX W HIGGINS AVE","1310","CRIMINAL DAMAGE","TO PROPERTY","BAR OR TAVERN","false","false","1613","016","41","10","14","1127782","1936028","2026","2026-08-29T15:41:33.000","41.980778822","-87.80543826","
,  
(41.980778822, -87.80543826)"
"14300309","JK381303","2026-08-21T05:15:00.000","0000X N WABASH AVE","1320","CRIMINAL DAMAGE","TO VEHICLE","STREET","false","false","0112","001","34","32","14","1176806","1900534","2026","2026-08-29T15:41:33.000","41.88241152","-87.626221485","
,  
(41.88241152, -87.626221485)"
"14300889","JK382093","2026-08-21T05:14:00.000","070XX W CORNELIA AVE","0920","MOTOR VEHICLE THEFT","ATTEMPT - AUTOMOBILE","STREET","false","false","1632","016","38","17","07","1128366","1922449","2026","2026-08-29T15:41:33.000","41.943506671","-87.803599197","
,  
(41.943506671, -87.803599197)"
"14300333","JK381289","2026-08-21T05:13:00.000","023XX N COMMONWEALTH AVE","1360","CRIMINAL TRESPASS","TO VEHICLE","STREET","false","false","1814","018","43","7","26","1173452","1915890","2026","2026-08-29T15:41:33.000","41.92462436","-87.638080295","
,  
(41.92462436, -87.638080295)"
"14300545","JK381669","2026-08-21T05:10:00.000","068XX S KARLOV AVE","0760","BURGLARY","BURGLARY FROM MOTOR VEHICLE","STREET","false","false","0833","008","23","65","06","1150217","1858830","2026","2026-08-29T15:41:33.000","41.768529725","-87.724941357","
,  
(41.768529725, -87.724941357)"
"14300742","JK381824","2026-08-21T05:08:00.000","028XX N HAMLIN AVE","1152","DECEPTIVE PRACTICE","ILLEGAL USE CASH CARD","RESIDENCE","false","false","2523","025","35","21","11","1150566","1918604","2026","2026-08-29T15:41:33.000","41.932550207","-87.722102536","
,  
(41.932550207, -87.722102536)"
"14300376","JK381363","2026-08-21T05:00:00.000","062XX S SACRAMENTO AVE","0760","BURGLARY","BURGLARY FROM MOTOR VEHICLE","VEHICLE NON-COMMERCIAL","false","false","0823","008","15","66","06","1157455","1863110","2026","2026-08-29T15:41:33.000","41.780131119","-87.698294419","
,  
(41.780131119, -87.698294419)"
"14300480","JK381344","2026-08-21T05:00:00.000","043XX W FLOURNOY ST","0820","THEFT","$500 AND UNDER","APARTMENT","false","true","1131","011","24","26","06","1147618","1896685","2026","2026-08-29T15:41:33.000","41.872459347","-87.733499428","
,  
(41.872459347, -87.733499428)"
"14301087","JK381282","2026-08-21T04:39:00.000","054XX N BROADWAY","0486","BATTERY","DOMESTIC BATTERY SIMPLE","STREET","false","true","2013","020","48","77","08B","1167323","1936510","2026","2026-08-29T15:41:33.000","41.981340644","-87.660005488","
,  
(41.981340644, -87.660005488)"
"14300290","JK381280","2026-08-21T04:30:00.000","035XX W OHIO ST","0930","MOTOR VEHICLE THEFT","THEFT / RECOVERY - AUTOMOBILE","STREET","false","false","1121","011","27","23","07","1152360","1903766","2026","2026-08-29T15:41:33.000","41.891798104","-87.715902276","
,  
(41.891798104, -87.715902276)"
"14300457","JK381518","2026-08-21T04:30:00.000","007XX W BITTERSWEET PL","0810","THEFT","OVER $500","APARTMENT","false","false","1915","019","46","3","06","1170571","1927184","2026","2026-08-29T15:41:33.000","41.955679166","-87.648334643","
,  
(41.955679166, -87.648334643)"
"14300602","JK381774","2026-08-21T04:30:00.000","028XX E 77TH ST","0820","THEFT","$500 AND UNDER","STREET","false","false","0421","004","7","43","06","1196750","1854812","2026","2026-08-29T15:41:33.000","41.756474221","-87.554510321","
,  
(41.756474221, -87.554510321)"
"14300280","JK381278","2026-08-21T04:15:00.000","034XX W GRENSHAW ST","0486","BATTERY","DOMESTIC BATTERY SIMPLE","APARTMENT","false","true","1133","011","24","29","08B","1153555","1894844","2026","2026-08-29T15:41:33.000","41.867291525","-87.711750865","
,  
(41.867291525, -87.711750865)"
"14300905","JK382206","2026-08-21T04:06:00.000","056XX S MASSASOIT AVE","1320","CRIMINAL DAMAGE","TO VEHICLE","STREET","false","false","0811","008","13","56","14","1139003","1866549","2026","2026-08-29T15:41:33.000","41.789922364","-87.765860242","
,  
(41.789922364, -87.765860242)"
"14300306","JK381304","2026-08-21T04:00:00.000","003XX W 108TH PL","0560","ASSAULT","SIMPLE","SIDEWALK","false","false","0513","005","21","49","08A","1175929","1832974","2026","2026-08-29T15:41:33.000","41.697039757","-87.631467048","
,  
(41.697039757, -87.631467048)"
"14301275","JK381633","2026-08-21T04:00:00.000","025XX W JEROME ST","2825","OTHER OFFENSE","HARASSMENT BY TELEPHONE","RESIDENCE","false","true","2411","024","50","2","26","1157993","1949996","2026","2026-08-29T15:41:33.000","42.018542857","-87.693947998","
,  
(42.018542857, -87.693947998)"
"14300542","JK381575","2026-08-21T04:00:00.000","021XX S WABASH AVE","0760","BURGLARY","BURGLARY FROM MOTOR VEHICLE","APARTMENT","false","false","0131","001","3","33","06","1177083","1890123","2026","2026-08-29T15:41:33.000","41.853836827","-87.625519566","
,  
(41.853836827, -87.625519566)"
"14300335","JK381337","2026-08-21T04:00:00.000","014XX S BLUE ISLAND AVE","0910","MOTOR VEHICLE THEFT","AUTOMOBILE","RESIDENCE - GARAGE","false","false","1233","012","25","28","07","1168333","1893062","2026","2026-08-29T15:41:33.000","41.862095128","-87.657550249","
,  
(41.862095128, -87.657550249)"
"14301112","JK381290","2026-08-21T03:54:00.000","034XX N HAMILTON AVE","0890","THEFT","FROM BUILDING","RESIDENCE - GARAGE","false","false","1921","019","32","5","06","1161417","1922809","2026","2026-08-29T15:41:33.000","41.943869778","-87.682108861","
,  
(41.943869778, -87.682108861)"
"14300976","JK381961","2026-08-21T03:52:00.000","012XX N WOOD ST","0930","MOTOR VEHICLE THEFT","THEFT / RECOVERY - AUTOMOBILE","PARKING LOT / GARAGE (NON RESIDENTIAL)","false","false","1424","014","1","24","07","1164166","1908505","2026","2026-08-29T15:41:33.000","41.904560965","-87.672410051","
,  
(41.904560965, -87.672410051)"
"14300321","JK381281","2026-08-21T03:50:00.000","023XX W VAN BUREN ST","0820","THEFT","$500 AND UNDER","CHA PARKING LOT / GROUNDS","false","false","1225","012","27","28","06","1160855","1898111","2026","2026-08-29T15:41:33.000","41.876108306","-87.684860827","
,  
(41.876108306, -87.684860827)"
"14300286","JK381268","2026-08-21T03:47:00.000","022XX W MAYPOLE AVE","051A","ASSAULT","AGGRAVATED - HANDGUN","ALLEY","false","true","1223","012","27","28","04A","1161602","1900975","2026","2026-08-29T15:41:33.000","41.883951855","-87.682038302","
,  
(41.883951855, -87.682038302)"
"14300322","JK381298","2026-08-21T03:45:00.000","001XX W OAK ST","0486","BATTERY","DOMESTIC BATTERY SIMPLE","APARTMENT","false","true","1832","018","2","8","08B","1174734","1907126","2026","2026-08-29T15:41:33.000","41.900546929","-87.633632427","
,  
(41.900546929, -87.633632427)"
"14300291","JK381271","2026-08-21T03:40:00.000","011XX S CENTRAL PARK AVE","0486","BATTERY","DOMESTIC BATTERY SIMPLE","APARTMENT","false","true","1133","011","24","29","08B","1152552","1894695","2026","2026-08-29T15:41:33.000","41.866902523","-87.715436986","
,  
(41.866902523, -87.715436986)"
"14300267","JK381266","2026-08-21T03:31:00.000","117XX S RACINE AVE","0920","MOTOR VEHICLE THEFT","ATTEMPT - AUTOMOBILE","RESIDENCE","false","false","0524","005","21","53","07","1170438","1826980","2026","2026-08-29T15:41:33.000","41.680712276","-87.651745563","
,  
(41.680712276, -87.651745563)"
"14300660","JK381785","2026-08-21T03:30:00.000","043XX W SCHOOL ST","1320","CRIMINAL DAMAGE","TO VEHICLE","STREET","false","false","1731","017","30","16","14","1146992","1921589","2026","2026-08-29T15:41:33.000","41.94081048","-87.735160166","
,  
(41.94081048, -87.735160166)"
"14300356","JK381338","2026-08-21T03:30:00.000","110XX S LOWE AVE","0610","BURGLARY","FORCIBLE ENTRY","RESIDENCE - GARAGE","false","false","2233","022","21","49","05","1173942","1831704","2026","2026-08-29T15:41:33.000","41.693598886","-87.638779776","
,  
(41.693598886, -87.638779776)"
"14300293","JK381275","2026-08-21T03:28:00.000","016XX W 63RD ST","502R","OTHER OFFENSE","VEHICLE TITLE / REGISTRATION OFFENSE","STREET","false","false","0714","007","15","67","26","1166283","1862921","2026","2026-08-29T15:41:33.000","41.779429017","-87.665934878","
,  
(41.779429017, -87.665934878)"
"14300282","JK381270","2026-08-21T03:24:00.000","019XX S HARDING AVE","0486","BATTERY","DOMESTIC BATTERY SIMPLE","APARTMENT","false","true","1014","010","24","29","08B","1150366","1890154","2026","2026-08-29T15:41:33.000","41.854484373","-87.723580522","
,  
(41.854484373, -87.723580522)"
"14301817","JK381261","2026-08-21T03:12:00.000","091XX S HARVARD AVE","0560","ASSAULT","SIMPLE","APARTMENT","false","true","0634","006","9","49","08A","1175848","1844251","2026","2026-08-29T15:41:33.000","41.727987234","-87.631427034","
,  
(41.727987234, -87.631427034)"
"14300283","JK381269","2026-08-21T03:07:00.000","018XX N MILWAUKEE AVE","1310","CRIMINAL DAMAGE","TO PROPERTY","APARTMENT","false","false","1434","014","32","22","14","1160557","1912506","2026","2026-08-29T15:41:33.000","41.915615549","-87.68555593","
,  
(41.915615549, -87.68555593)"
"14300266","JK381259","2026-08-21T03:05:00.000","016XX S KEELER AVE","0486","BATTERY","DOMESTIC BATTERY SIMPLE","RESIDENCE - YARD (FRONT / BACK)","true","true","1012","010","24","29","08B","1148658","1891439","2026","2026-08-29T15:41:33.000","41.858043685","-87.729816494","
,  
(41.858043685, -87.729816494)"
"14300318","JK381263","2026-08-21T03:04:00.000","041XX W IRVING PARK RD","1812","NARCOTICS","POSSESS - CANNABIS MORE THAN 30 GRAMS","STREET","true","false","1732","017","45","16","18","1148497","1926271","2026","2026-08-29T15:41:33.000","41.953629316","-87.729507467","
,  
(41.953629316, -87.729507467)"
"14300368","JK381345","2026-08-21T03:00:00.000","027XX S HAMLIN AVE","0810","THEFT","OVER $500","APARTMENT","false","true","1031","010","22","30","06","1151480","1885586","2026","2026-08-29T15:41:33.000","41.841927437","-87.719611472","
,  
(41.841927437, -87.719611472)"
"14300289","JK381273","2026-08-21T03:00:00.000","010XX N FRANCISCO AVE","0484","BATTERY","PROTECTED EMPLOYEE - HANDS, FISTS, FEET, NO / MINOR INJURY","HOSPITAL BUILDING / GROUNDS","false","false","1211","012","26","24","08B","1156861","1906972","2026","2026-08-29T15:41:33.000","41.900505589","-87.699285044","
,  
(41.900505589, -87.699285044)"
"14301798","JK383289","2026-08-21T03:00:00.000","070XX S JEFFERY BLVD","1320","CRIMINAL DAMAGE","TO VEHICLE","VEHICLE NON-COMMERCIAL","false","false","0331","003","5","43","14","1190765","1858575","2026","2026-08-29T15:41:33.000","41.766946791","-87.57632241","
,  
(41.766946791, -87.57632241)"
"14300382","JK381371","2026-08-21T03:00:00.000","117XX S ELIZABETH ST","1360","CRIMINAL TRESPASS","TO VEHICLE","STREET","false","false","0524","005","21","53","26","1170105","1827005","2026","2026-08-29T15:41:33.000","41.680788102","-87.652963787","
,  
(41.680788102, -87.652963787)"
"14301445","JK382834","2026-08-21T03:00:00.000","012XX N WOOD ST","0910","MOTOR VEHICLE THEFT","AUTOMOBILE","PARKING LOT / GARAGE (NON RESIDENTIAL)","true","false","1424","014","1","24","07","1164167","1908484","2026","2026-08-29T15:41:33.000","41.904503319","-87.672406972","
,  
(41.904503319, -87.672406972)"
"14300263","JK381258","2026-08-21T03:00:00.000","014XX E MARQUETTE RD","0920","MOTOR VEHICLE THEFT","ATTEMPT - AUTOMOBILE","VACANT LOT / LAND","false","false","0321","003","5","42","07","1187022","1861528","2026","2026-08-29T15:41:33.000","41.775139659","-87.589948245","
,  
(41.775139659, -87.589948245)"
"14300281","JK381257","2026-08-21T02:50:00.000","030XX W ARGYLE ST","0460","BATTERY","SIMPLE","PARK PROPERTY","false","false","1713","017","33","14","08B","1155402","1933061","2026","2026-08-29T15:41:33.000","41.972125178","-87.703940523","
,  
(41.972125178, -87.703940523)"
"14300349","JK381374","2026-08-21T02:45:00.000","041XX W NORTH AVE","0430","BATTERY","AGGRAVATED - OTHER DANGEROUS WEAPON","STREET","true","false","2534","025","26","23","04B","1148588","1910315","2026","2026-08-29T15:41:33.000","41.909842883","-87.729585985","
,  
(41.909842883, -87.729585985)"
"14300348","JK381318","2026-08-21T02:43:00.000","001XX E 70TH ST","1320","CRIMINAL DAMAGE","TO VEHICLE","STREET","false","false","0322","003","6","69","14","1178547","1858640","2026","2026-08-29T15:41:33.000","41.767411514","-87.621103862","
,  
(41.767411514, -87.621103862)"
"14300350","JK381333","2026-08-21T02:30:00.000","001XX E 70TH ST","1310","CRIMINAL DAMAGE","TO PROPERTY","APARTMENT","false","false","0322","003","6","69","14","1178525","1858639","2026","2026-08-29T15:41:33.000","41.767409269","-87.621184531","
,  
(41.767409269, -87.621184531)"
"14301320","JK382619","2026-08-21T02:20:00.000","049XX W LAKE ST","0460","BATTERY","SIMPLE","SIDEWALK","false","false","1532","015","28","25","08B","1143437","1901888","2026","2026-08-29T15:41:33.000","41.886816169","-87.74871979","
,  
(41.886816169, -87.74871979)"
"14303585","JK385517","2026-08-21T02:15:00.000","075XX S SANGAMON ST","031A","ROBBERY","ARMED - HANDGUN","STREET","false","false","0621","006","17","71","03","1171281","1854854","2026","2026-08-29T15:41:33.000","41.757184273","-87.647847363","
,  
(41.757184273, -87.647847363)"
"14300268","JK381244","2026-08-21T02:12:00.000","013XX W MADISON ST","0820","THEFT","$500 AND UNDER","RESIDENCE - PORCH / HALLWAY","false","false","1224","012","27","28","06","1167311","1900144","2026","2026-08-29T15:41:33.000","41.88155072","-87.661098246","
,  
(41.88155072, -87.661098246)"
"14300302","JK381242","2026-08-21T02:04:00.000","056XX S MARYLAND AVE","041A","BATTERY","AGGRAVATED - HANDGUN","HOSPITAL BUILDING / GROUNDS","false","false","0235","002","5","41","04B","1182875","1867708","2026","2026-08-29T15:41:33.000","41.792195498","-87.604958508","
,  
(41.792195498, -87.604958508)"
"14300384","JK381495","2026-08-21T02:00:00.000","024XX W POLK ST","0910","MOTOR VEHICLE THEFT","AUTOMOBILE","STREET","false","false","1135","011","28","28","07","1160193","1896299","2026","2026-08-29T15:41:33.000","41.871149707","-87.687341534","
,  
(41.871149707, -87.687341534)"
"14300458","JK381613","2026-08-21T02:00:00.000","037XX N BROADWAY","0810","THEFT","OVER $500","SIDEWALK","false","false","1925","019","46","6","06","1170552","1924871","2026","2026-08-29T15:41:33.000","41.94933263","-87.64847244","
,  
(41.94933263, -87.64847244)"
"14300669","JK381845","2026-08-21T02:00:00.000","055XX W HADDON AVE","1320","CRIMINAL DAMAGE","TO VEHICLE","DRIVEWAY - RESIDENTIAL","false","false","1524","015","37","25","14","1139173","1907118","2026","2026-08-29T15:41:33.000","41.901246582","-87.764251168","
,  
(41.901246582, -87.764251168)"
"14300706","JK381838","2026-08-21T02:00:00.000","105XX S MARYLAND AVE","1320","CRIMINAL DAMAGE","TO VEHICLE","STREET","false","false","0512","005","9","50","14","1183772","1835306","2026","2026-08-29T15:41:33.000","41.703260094","-87.602678295","
,  
(41.703260094, -87.602678295)"
"14300475","JK381609","2026-08-21T02:00:00.000","104XX S EGGLESTON AVE","1310","CRIMINAL DAMAGE","TO PROPERTY","RESIDENCE - GARAGE","false","false","2233","022","21","49","14","1175130","1835662","2026","2026-08-29T15:41:33.000","41.704433855","-87.634312635","
,  
(41.704433855, -87.634312635)"
"14300276","JK381241","2026-08-21T01:57:00.000","061XX S WASHTENAW AVE","0460","BATTERY","SIMPLE","RESIDENCE","true","true","0825","008","16","66","08B","1159431","1863754","2026","2026-08-29T15:41:33.000","41.781858073","-87.691032412","
,  
(41.781858073, -87.691032412)"
"14300245","JK381243","2026-08-21T01:46:00.000","132XX S ELLIS AVE","0486","BATTERY","DOMESTIC BATTERY SIMPLE","CHA PARKING LOT / GROUNDS","false","true","0533","005","10","54","08B","1185543","1817699","2026","2026-08-29T15:41:33.000","41.654902697","-87.596744537","
,  
(41.654902697, -87.596744537)"
"14300274","JK381260","2026-08-21T01:45:00.000","036XX N CLARK ST","0460","BATTERY","SIMPLE","SIDEWALK","false","false","1923","019","44","6","08B","1168277","1924231","2026","2026-08-29T15:41:33.000","41.947626023","-87.656853521","
,  
(41.947626023, -87.656853521)"
"14305116","JK387495","2026-08-21T01:45:00.000","0000X E OHIO ST","0313","ROBBERY","ARMED - OTHER DANGEROUS WEAPON","STREET","false","false","1834","018","42","8","03","1176794","1904213","2026","2026-08-29T15:41:33.000","41.892507162","-87.626154217","
,  
(41.892507162, -87.626154217)"
"14300581","JK381707","2026-08-21T01:40:00.000","057XX S STONY ISLAND AVE","0920","MOTOR VEHICLE THEFT","ATTEMPT - AUTOMOBILE","STREET","false","false","0235","002","5","41","07","1187859","1867193","2026","2026-08-29T15:41:33.000","41.790664972","-87.586699633","
,  
(41.790664972, -87.586699633)"
"14300896","JK381848","2026-08-21T01:38:00.000","048XX W EDDY ST","1320","CRIMINAL DAMAGE","TO VEHICLE","STREET","false","false","1634","016","31","15","14","1143369","1923182","2026","2026-08-29T15:41:33.000","41.945250421","-87.748436207","
,  
(41.945250421, -87.748436207)"
"14300234","JK381236","2026-08-21T01:30:00.000","018XX W 69TH ST","051A","ASSAULT","AGGRAVATED - HANDGUN","STREET","false","false","0735","007","17","67","04A","1165058","1858921","2026","2026-08-29T15:41:33.000","41.768478489","-87.670538895","
,  
(41.768478489, -87.670538895)"
"14300232","JK381254","2026-08-21T01:30:00.000","001XX N LAMON AVE","0820","THEFT","$500 AND UNDER","RESIDENCE","false","true","1532","015","28","25","06","1143681","1900834","2026","2026-08-29T15:41:33.000","41.883919302","-87.747850154","
,  
(41.883919302, -87.747850154)"
"14300394","JK381423","2026-08-21T01:30:00.000","082XX S GREEN ST","0910","MOTOR VEHICLE THEFT","AUTOMOBILE","STREET","false","false","0613","006","17","71","07","1172073","1850251","2026","2026-08-29T15:41:33.000","41.744535692","-87.645079753","
,  
(41.744535692, -87.645079753)"
"14300201","JK381232","2026-08-21T01:23:00.000","011XX W 63RD ST","0545","ASSAULT","PROTECTED EMPLOYEE - HANDS, FISTS, FEET, NO / MINOR INJURY","GAS STATION","false","false","0724","007","16","68","08A","1169601","1863016","2026","2026-08-29T15:41:33.000","41.779618399","-87.653767961","
,  
(41.779618399, -87.653767961)"
"14301189","JK382514","2026-08-21T01:13:00.000","052XX W NORTH AVE","0460","BATTERY","SIMPLE","STREET","true","false","2532","025","37","25","08B","1141381","1910140","2026","2026-08-29T15:41:33.000","41.909498816","-87.756066167","
,  
(41.909498816, -87.756066167)"
"14300250","JK381228","2026-08-21T01:11:00.000","034XX W LE MOYNE ST","051A","ASSAULT","AGGRAVATED - HANDGUN","STREET","false","true","1422","014","26","23","04A","1153165","1909755","2026","2026-08-29T15:41:33.000","41.908216555","-87.712786758","
,  
(41.908216555, -87.712786758)"
"14300207","JK381229","2026-08-21T01:07:00.000","073XX S CARPENTER ST","0486","BATTERY","DOMESTIC BATTERY SIMPLE","RESIDENCE","false","true","0733","007","17","68","08B","1170586","1856082","2026","2026-08-29T15:41:33.000","41.760569232","-87.650358698","
,  
(41.760569232, -87.650358698)"
"14300221","JK381237","2026-08-21T01:04:00.000","009XX E 104TH ST","143A","WEAPONS VIOLATION","UNLAWFUL POSSESSION - HANDGUN","SIDEWALK","false","false","0512","005","9","50","15","1184238","1836191","2026","2026-08-29T15:41:33.000","41.705677782","-87.600944364","
,  
(41.705677782, -87.600944364)"
"14300608","JK381751","2026-08-21T01:00:00.000","091XX S EMERALD AVE","1320","CRIMINAL DAMAGE","TO VEHICLE","STREET","false","false","2223","022","21","73","14","1172910","1844351","2026","2026-08-29T15:41:33.000","41.728326886","-87.642186496","
,  
(41.728326886, -87.642186496)"
"14303869","JK385970","2026-08-21T01:00:00.000","071XX S RICHMOND ST","1310","CRIMINAL DAMAGE","TO PROPERTY","RESIDENCE","false","false","0831","008","18","66","14","1157943","1857047","2026","2026-08-29T15:41:33.000","41.763483447","-87.696669868","
,  
(41.763483447, -87.696669868)"
"14300618","JK381274","2026-08-21T01:00:00.000","064XX S ABERDEEN ST","0910","MOTOR VEHICLE THEFT","AUTOMOBILE","STREET","false","false","0724","007","16","68","07","1170091","1862052","2026","2026-08-29T15:41:33.000","41.776962427","-87.651999564","
,  
(41.776962427, -87.651999564)"
"14300236","JK381216","2026-08-21T00:57:00.000","007XX E 38TH ST","1320","CRIMINAL DAMAGE","TO VEHICLE","STREET","false","false","0212","002","4","36","14","1181624","1879941","2026","2026-08-29T15:41:33.000","41.825792827","-87.609167709","
,  
(41.825792827, -87.609167709)"
"14300246","JK381235","2026-08-21T00:50:00.000","063XX S ASHLAND AVE","3710","INTERFERENCE WITH PUBLIC OFFICER","RESIST / OBSTRUCT / DISARM OFFICER","STREET","true","false","0725","007","16","67","24","1166755","1862773","2026","2026-08-29T15:41:33.000","41.779012821","-87.664208692","
,  
(41.779012821, -87.664208692)"
"14300216","JK381227","2026-08-21T00:50:00.000","056XX N SHERIDAN RD","0460","BATTERY","SIMPLE","STREET","false","false","2022","020","48","77","08B","1168619","1937576","2026","2026-08-29T15:41:33.000","41.984237719","-87.655208186","
,  
(41.984237719, -87.655208186)"
"14300277","JK381223","2026-08-21T00:49:00.000","015XX S LAWNDALE AVE","0820","THEFT","$500 AND UNDER","APARTMENT","false","false","1014","010","24","29","06","1151959","1892258","2026","2026-08-29T15:41:33.000","41.860226807","-87.717678135","
,  
(41.860226807, -87.717678135)"
"14304373","JK386522","2026-08-21T00:30:00.000","063XX S CHAMPLAIN AVE","0820","THEFT","$500 AND UNDER","STREET","false","false","0312","003","20","42","06","1181657","1863147","2026","2026-08-29T15:41:33.000","41.779707927","-87.609565457","
,  
(41.779707927, -87.609565457)"
"14300563","JK381657","2026-08-21T00:30:00.000","014XX W 77TH ST","1320","CRIMINAL DAMAGE","TO VEHICLE","STREET","false","false","0612","006","17","71","14","1168016","1853685","2026","2026-08-29T15:41:33.000","41.754047147","-87.659846626","
,  
(41.754047147, -87.659846626)"
"14300223","JK381234","2026-08-21T00:30:00.000","034XX W 59TH PL","0486","BATTERY","DOMESTIC BATTERY SIMPLE","RESIDENCE","true","true","0822","008","14","66","08B","1154466","1864953","2026","2026-08-29T15:41:33.000","41.785248637","-87.709203614","
,  
(41.785248637, -87.709203614)"
"14300270","JK381248","2026-08-21T00:30:00.000","096XX S JEFFERY AVE","041A","BATTERY","AGGRAVATED - HANDGUN","STREET","false","false","0431","004","7","51","04B","1191194","1841539","2026","2026-08-29T15:41:33.000","41.720188095","-87.575300047","
,  
(41.720188095, -87.575300047)"
"14300603","JK381760","2026-08-21T00:30:00.000","024XX N SPAULDING AVE","0710","THEFT","THEFT FROM MOTOR VEHICLE","STREET","false","false","1413","014","35","22","06","1153663","1916100","2026","2026-08-29T15:41:33.000","41.92561788","-87.710788154","
,  
(41.92561788, -87.710788154)"
"14300387","JK381442","2026-08-21T00:30:00.000","065XX S KIMBARK AVE","0810","THEFT","OVER $500","STREET","false","false","0321","003","20","42","06","1185761","1861990","2026","2026-08-29T15:41:33.000","41.776437246","-87.594556292","
,  
(41.776437246, -87.594556292)"
"14300186","JK381210","2026-08-21T00:19:00.000","012XX E 53RD ST","2890","PUBLIC PEACE VIOLATION","OTHER VIOLATION","PARKING LOT / GARAGE (NON RESIDENTIAL)","true","false","0234","002","4","41","24","1185311","1870377","2026","2026-08-29T15:41:33.000","41.799462461","-87.595942248","
,  
(41.799462461, -87.595942248)"
"14300222","JK381200","2026-08-21T00:17:00.000","070XX S ASHLAND AVE","143B","WEAPONS VIOLATION","UNLAWFUL POSSESSION - OTHER FIREARM","CTA BUS","true","false","0735","007","17","67","15","1166897","1858031","2026","2026-08-29T15:41:33.000","41.765997125","-87.66382344","
,  
(41.765997125, -87.66382344)"
"14300187","JK381226","2026-08-21T00:16:00.000","027XX S INDIANA AVE","5111","OTHER OFFENSE","GUN OFFENDER - ANNUAL REGISTRATION","STREET","true","false","0133","001","4","35","26","1178044","1886556","2026","2026-08-29T15:41:33.000","41.844026941","-87.622100808","
,  
(41.844026941, -87.622100808)"
"14300224","JK381240","2026-08-21T00:15:00.000","005XX W LAKE ST","1305","CRIMINAL DAMAGE","CRIMINAL DEFACEMENT","CTA TRAIN","false","false","0121","001","34","28","14","1172491","1901698","2026","2026-08-29T15:41:33.000","41.885702079","-87.642031644","
,  
(41.885702079, -87.642031644)"
"14300374","JK381431","2026-08-21T00:01:00.000","068XX S LAFLIN ST","0710","THEFT","THEFT FROM MOTOR VEHICLE","STREET","false","false","0725","007","17","67","06","1167514","1859382","2026","2026-08-29T15:41:33.000","41.769691245","-87.66152324","
,  
(41.769691245, -87.66152324)"
"14300465","JK381483","2026-08-21T00:01:00.000","068XX S LAFLIN ST","0920","MOTOR VEHICLE THEFT","ATTEMPT - AUTOMOBILE","STREET","false","false","0725","007","17","67","07","1167514","1859382","2026","2026-08-29T15:41:33.000","41.769691245","-87.66152324","
,  
(41.769691245, -87.66152324)"
"14300690","JK381849","2026-08-21T00:00:00.000","012XX W 87TH ST","0820","THEFT","$500 AND UNDER","DEPARTMENT STORE","false","false","0613","006","17","71","06","1169761","1847097","2026","2026-08-28T15:49:37.000","41.735931109","-87.653642482","
,  
(41.735931109, -87.653642482)"
"14300552","JK381661","2026-08-21T00:00:00.000","033XX W 63RD PL","0760","BURGLARY","BURGLARY FROM MOTOR VEHICLE","STREET","false","false","0823","008","14","66","06","1155125","1862312","2026","2026-08-28T15:49:37.000","41.777988188","-87.70685795","
,  
(41.777988188, -87.70685795)"
"14300746","JK381739","2026-08-21T00:00:00.000","008XX N SACRAMENTO BLVD","0910","MOTOR VEHICLE THEFT","AUTOMOBILE","STREET","false","false","1211","012","36","23","07","1156058","1905752","2026","2026-08-28T15:49:37.000","41.897174047","-87.702267476","
,  
(41.897174047, -87.702267476)"
"14302383","JK384082","2026-08-21T00:00:00.000","053XX S DORCHESTER AVE","1150","DECEPTIVE PRACTICE","CREDIT CARD FRAUD","APARTMENT","false","false","0234","002","5","41","11","1186450","1870210","2026","2026-08-28T15:49:37.000","41.798977312","-87.591770586","
,  
(41.798977312, -87.591770586)"
"14300745","JK382013","2026-08-21T00:00:00.000","023XX W ADDISON ST","0820","THEFT","$500 AND UNDER","STREET","false","false","1921","019","47","5","06","1160255","1923854","2026","2026-08-28T15:49:37.000","41.946761465","-87.686350846","
,  
(41.946761465, -87.686350846)"
"14301119","JK382497","2026-08-21T00:00:00.000","004XX E 18TH DR","1310","CRIMINAL DAMAGE","TO PROPERTY","OTHER (SPECIFY)","true","false","0132","001","4","33","14","1179869","1891739","2026","2026-08-28T15:49:37.000","41.858207756","-87.615244425","
,  
(41.858207756, -87.615244425)"
"14301768","JK383291","2026-08-21T00:00:00.000","013XX W MARQUETTE RD","0820","THEFT","$500 AND UNDER","STREET","false","false","0724","007","17","67","06","1168682","1860339","2026","2026-08-28T15:49:37.000","41.772292259","-87.657214289","
,  
(41.772292259, -87.657214289)"
"14306460","JK389155","2026-08-21T00:00:00.000","013XX N PULASKI RD","0610","BURGLARY","FORCIBLE ENTRY","RESIDENCE","false","false","2535","025","37","23","05","1149477","1908478","2026","2026-08-29T15:40:48.000","41.904784756","-87.726367893","
,  
(41.904784756, -87.726367893)"
"14306571","JK389392","2026-08-21T00:00:00.000","072XX N CLARK ST","0820","THEFT","$500 AND UNDER","SIDEWALK","false","false","2424","024","49","1","06","1163233","1948057","2026","2026-08-29T15:40:48.000","42.013113175","-87.674720578","
,  
(42.013113175, -87.674720578)"
"14307991","JK391208","2026-08-21T00:00:00.000","051XX N MILWAUKEE AVE","0281","CRIMINAL SEXUAL ASSAULT","NON-AGGRAVATED","SIDEWALK","false","false","1623","016","45","11","02","1138424","1933673","2026","2026-08-30T15:45:32.000","41.974129858","-87.766357256","
,  
(41.974129858, -87.766357256)"
"14307653","JK390767","2026-08-21T00:00:00.000","060XX S THROOP ST","0620","BURGLARY","UNLAWFUL ENTRY","APARTMENT","false","false","0713","007","16","67","05","1168693","1864674","2026","2026-08-30T15:45:32.000","41.784187795","-87.657048995","
,  
(41.784187795, -87.657048995)"
"14307717","JK390959","2026-08-21T00:00:00.000","062XX N LEAVITT ST","0820","THEFT","$500 AND UNDER","STREET","false","false","2413","024","50","2","06","1160515","1941569","2026","2026-08-30T15:45:32.000","41.995366855","-87.684902319","
,  
(41.995366855, -87.684902319)"
"14300214","JK381177","2026-08-20T23:58:00.000","048XX W QUINCY ST","041A","BATTERY","AGGRAVATED - HANDGUN","RESIDENCE - YARD (FRONT / BACK)","false","false","1533","015","28","25","04B","1144211","1898565","2026","2026-08-28T15:49:37.000","41.877682952","-87.745960943","
,  
(41.877682952, -87.745960943)"
"14301108","JK381194","2026-08-20T23:54:00.000","008XX W AGATITE AVE","0560","ASSAULT","SIMPLE","APARTMENT","false","false","1914","019","46","3","08A","1169917","1929751","2026","2026-08-28T15:49:37.000","41.962737417","-87.650663692","
,  
(41.962737417, -87.650663692)"
"14301827","JK381179","2026-08-20T23:50:00.000","011XX S CENTRAL PARK AVE","0810","THEFT","OVER $500","APARTMENT","false","true","1133","011","24","29","06","1152552","1894709","2026","2026-08-28T15:49:37.000","41.86694094","-87.715436616","
,  
(41.86694094, -87.715436616)"
"14300255","JK381175","2026-08-20T23:45:00.000","055XX S ST LOUIS AVE","1320","CRIMINAL DAMAGE","TO VEHICLE","STREET","false","false","0822","008","14","63","14","1153985","1867756","2026","2026-08-28T15:49:37.000","41.792950049","-87.710892789","
,  
(41.792950049, -87.710892789)"
"14300219","JK381192","2026-08-20T23:44:00.000","079XX S DAMEN AVE","0486","BATTERY","DOMESTIC BATTERY SIMPLE","RESIDENCE","false","true","0611","006","17","71","08B","1164407","1852078","2026","2026-08-28T15:49:37.000","41.749714072","-87.673117639","
,  
(41.749714072, -87.673117639)"
"14300233","JK381204","2026-08-20T23:32:00.000","104XX S AVENUE F","0453","BATTERY","AGGRAVATED POLICE OFFICER - OTHER DANGEROUS WEAPON","STREET","false","false","0432","004","10","52","04B","1203487","1836384","2026","2026-08-28T15:49:37.000","41.705736539","-87.530451142","
,  
(41.705736539, -87.530451142)"
"14300192","JK381196","2026-08-20T23:30:00.000","032XX S PRAIRIE AVE","0820","THEFT","$500 AND UNDER","APARTMENT","false","false","0211","002","3","35","06","1178466","1883520","2026","2026-08-28T15:49:37.000","41.835686337","-87.620644613","
,  
(41.835686337, -87.620644613)"
"14300220","JK381180","2026-08-20T23:30:00.000","042XX S OAKENWALD AVE","0486","BATTERY","DOMESTIC BATTERY SIMPLE","RESIDENCE","false","true","0214","002","4","36","08B","1184689","1876983","2026","2026-08-28T15:49:37.000","41.817604432","-87.598015977","
,  
(41.817604432, -87.598015977)"
"14300505","JK381612","2026-08-20T23:30:00.000","075XX S COLFAX AVE","1320","CRIMINAL DAMAGE","TO VEHICLE","STREET","false","false","0421","004","7","43","14","1194834","1855484","2026","2026-08-28T15:49:37.000","41.758365623","-87.561509844","
,  
(41.758365623, -87.561509844)"
"14300229","JK381170","2026-08-20T23:24:00.000","048XX W JACKSON BLVD","0495","BATTERY","AGGRAVATED OF A SENIOR CITIZEN","APARTMENT","false","false","1533","015","29","25","04B","1144095","1898231","2026","2026-08-28T15:49:37.000","41.876768593","-87.746395256","
,  
(41.876768593, -87.746395256)"
"14300209","JK381198","2026-08-20T23:21:00.000","020XX W ADAMS ST","051A","ASSAULT","AGGRAVATED - HANDGUN","APARTMENT","false","true","1225","012","27","28","04A","1162984","1899088","2026","2026-08-28T15:49:37.000","41.878744874","-87.677016454","
,  
(41.878744874, -87.677016454)"
"14300194","JK381176","2026-08-20T23:20:00.000","051XX W MONROE ST","0497","BATTERY","AGGRAVATED DOMESTIC BATTERY - OTHER DANGEROUS WEAPON","SIDEWALK","false","true","1533","015","28","25","04B","1142046","1899173","2026","2026-08-28T15:49:37.000","41.879391764","-87.753895296","
,  
(41.879391764, -87.753895296)"
"14300208","JK381190","2026-08-20T23:20:00.000","012XX W 76TH ST","0420","BATTERY","AGGRAVATED - KNIFE / CUTTING INSTRUMENT","SIDEWALK","false","false","0612","006","17","71","04B","1169352","1854428","2026","2026-08-28T15:49:37.000","41.756057234","-87.654929158","
,  
(41.756057234, -87.654929158)"
"14300217","JK381206","2026-08-20T23:17:00.000","045XX W FIFTH AVE","1506","PROSTITUTION","SOLICIT ON PUBLIC WAY","STREET","true","false","1131","011","24","26","16","1146007","1895448","2026","2026-08-29T15:40:48.000","41.869095608","-87.739445607","
,  
(41.869095608, -87.739445607)"
"14300218","JK381163","2026-08-20T23:08:00.000","030XX E 79TH ST","0486","BATTERY","DOMESTIC BATTERY SIMPLE","APARTMENT","false","true","0421","004","7","46","08B","1198114","1853178","2026","2026-08-28T15:49:37.000","41.751956419","-87.549566196","
,  
(41.751956419, -87.549566196)"
"14303127","JK381159","2026-08-20T23:01:00.000","006XX W OHARE ST","0430","BATTERY","AGGRAVATED - OTHER DANGEROUS WEAPON","OTHER COMMERCIAL TRANSPORTATION","false","false","1654","016","41","76","04B","1095476","1929149","2026","2026-08-28T15:49:37.000","41.96238667","-87.92437363","
,  
(41.96238667, -87.92437363)"
"14300399","JK381420","2026-08-20T23:00:00.000","005XX W PEARSON ST","0820","THEFT","$500 AND UNDER","APARTMENT","false","false","1823","018","27","8","06","1172487","1905946","2026","2026-08-28T15:49:37.000","41.897358936","-87.641920631","
,  
(41.897358936, -87.641920631)"
"14306067","JK388258","2026-08-20T23:00:00.000","004XX W EVERGREEN AVE","0560","ASSAULT","SIMPLE","STREET","false","true","1821","018","27","8","08A","1172982","1909279","2026","2026-08-28T15:49:37.000","41.906493907","-87.64000364","
,  
(41.906493907, -87.64000364)"
"14300541","JK381652","2026-08-20T23:00:00.000","047XX S PRAIRIE AVE","0910","MOTOR VEHICLE THEFT","AUTOMOBILE","STREET","false","false","0224","002","3","38","07","1178842","1873592","2026","2026-08-28T15:49:37.000","41.80843454","-87.619567586","
,  
(41.80843454, -87.619567586)"
"14300400","JK381401","2026-08-20T23:00:00.000","068XX S MORGAN ST","0710","THEFT","THEFT FROM MOTOR VEHICLE","STREET","false","false","0724","007","16","68","06","1170824","1859466","2026","2026-08-28T15:49:37.000","41.769850162","-87.649387803","
,  
(41.769850162, -87.649387803)"
"14300272","JK381230","2026-08-20T23:00:00.000","007XX E 61ST ST","1320","CRIMINAL DAMAGE","TO VEHICLE","STREET","false","false","0313","003","20","42","14","1182117","1864723","2026","2026-08-28T15:49:37.000","41.78402198","-87.607830306","
,  
(41.78402198, -87.607830306)"
"14308138","JK390145","2026-08-20T23:00:00.000","020XX W BIRCHWOOD AVE","0486","BATTERY","DOMESTIC BATTERY SIMPLE","RESIDENCE","false","true","2424","024","49","1","08B","1161215","1949800","2026","2026-08-31T15:48:34.000","42.017938372","-87.682097054","
,  
(42.017938372, -87.682097054)"
"14300261","JK381148","2026-08-20T22:47:00.000","034XX W DOUGLAS BLVD","0460","BATTERY","SIMPLE","SIDEWALK","false","false","1021","010","24","29","08B","1153498","1893074","2026","2026-08-28T15:49:37.000","41.862435581","-87.71200715","
,  
(41.862435581, -87.71200715)"
"14300265","JK381209","2026-08-20T22:45:00.000","071XX S JEFFERY BLVD","1310","CRIMINAL DAMAGE","TO PROPERTY","APARTMENT","false","false","0333","003","5","43","14","1190777","1858173","2026","2026-08-28T15:49:37.000","41.765843381","-87.576291395","
,  
(41.765843381, -87.576291395)"
"14300202","JK381153","2026-08-20T22:36:00.000","078XX S LANGLEY AVE","1310","CRIMINAL DAMAGE","TO PROPERTY","RESIDENCE","false","false","0624","006","6","69","14","1182253","1853210","2026","2026-08-28T15:49:37.000","41.752426021","-87.607687805","
,  
(41.752426021, -87.607687805)"
"14300182","JK381140","2026-08-20T22:35:00.000","050XX S ROCKWELL ST","0498","BATTERY","AGG. DOMESTIC BATTERY - HANDS, FISTS, FEET, SERIOUS INJURY","RESIDENCE","true","true","0923","009","15","63","04B","1159888","1871210","2026","2026-08-28T15:49:37.000","41.802308958","-87.689152096","
,  
(41.802308958, -87.689152096)"
"14300240","JK381165","2026-08-20T22:30:00.000","112XX S AVENUE J","0560","ASSAULT","SIMPLE","RESIDENCE","false","true","0433","004","10","52","08A","1202547","1831071","2026","2026-08-28T15:49:37.000","41.691181211","-87.534073801","
,  
(41.691181211, -87.534073801)"
"14300686","JK381756","2026-08-20T22:30:00.000","059XX S ELIZABETH ST","0810","THEFT","OVER $500","APARTMENT","false","false","0713","007","16","67","06","1169005","1865400","2026","2026-08-28T15:49:37.000","41.786173286","-87.655884111","
,  
(41.786173286, -87.655884111)"
"14300764","JK381965","2026-08-20T22:30:00.000","015XX E 83RD PL","0820","THEFT","$500 AND UNDER","STREET","false","false","0412","004","8","45","06","1187963","1849923","2026","2026-08-28T15:49:37.000","41.743272118","-87.586867863","
,  
(41.743272118, -87.586867863)"
"14304765","JK387131","2026-08-20T22:30:00.000","027XX N TROY ST","0820","THEFT","$500 AND UNDER","RESIDENCE - PORCH / HALLWAY","false","false","1411","014","35","22","06","1154909","1917955","2026","2026-08-28T15:49:37.000","41.93068323","-87.70615986","
,  
(41.93068323, -87.70615986)"
"14303564","JK385501","2026-08-20T22:29:00.000","039XX N KEDVALE AVE","0810","THEFT","OVER $500","STREET","false","false","1732","017","45","16","06","1148149","1925709","2026","2026-08-28T15:49:37.000","41.952093864","-87.730801285","
,  
(41.952093864, -87.730801285)"
"14300167","JK381154","2026-08-20T22:25:00.000","060XX W MONTROSE AVE","0530","ASSAULT","AGGRAVATED - OTHER DANGEROUS WEAPON","APARTMENT","false","false","1624","016","38","15","04A","1135332","1928628","2026","2026-08-28T15:49:37.000","41.960341491","-87.777847868","
,  
(41.960341491, -87.777847868)"
"14300156","JK381131","2026-08-20T22:21:00.000","048XX W 50TH ST","1512","PROSTITUTION","SOLICITING FOR A PROSTITUTE","SIDEWALK","true","false","0814","008","22","56","16","1145057","1871043","2026","2026-08-28T15:49:37.000","41.802142822","-87.743548522","
,  
(41.802142822, -87.743548522)"
"14300226","JK381115","2026-08-20T22:14:00.000","001XX W 111TH ST","0420","BATTERY","AGGRAVATED - KNIFE / CUTTING INSTRUMENT","STREET","false","false","0513","005","9","49","04B","1177224","1831345","2026","2026-08-28T15:49:37.000","41.692540488","-87.626774451","
,  
(41.692540488, -87.626774451)"
"14300528","JK381456","2026-08-20T22:13:00.000","068XX S NORMAL BLVD","2825","OTHER OFFENSE","HARASSMENT BY TELEPHONE","APARTMENT","false","true","0722","007","6","68","26","1174125","1859718","2026","2026-08-28T15:49:37.000","41.770469009","-87.637280329","
,  
(41.770469009, -87.637280329)"
"14300185","JK381137","2026-08-20T22:10:00.000","070XX S PEORIA ST","0486","BATTERY","DOMESTIC BATTERY SIMPLE","SIDEWALK","true","true","0733","007","16","68","08B","1171519","1858221","2026","2026-08-28T15:49:37.000","41.766418536","-87.646876661","
,  
(41.766418536, -87.646876661)"
"14300151","JK381125","2026-08-20T22:09:00.000","030XX N NARRAGANSETT AVE","0460","BATTERY","SIMPLE","ALLEY","true","false","2511","025","30","19","08B","1133211","1919736","2026","2026-08-28T15:49:37.000","41.935978351","-87.785854655","
,  
(41.935978351, -87.785854655)"
"14300174","JK381160","2026-08-20T22:00:00.000","031XX W 41ST ST","0560","ASSAULT","SIMPLE","APARTMENT","false","false","0921","009","12","58","08A","1156067","1877270","2026","2026-08-28T15:49:37.000","41.819016131","-87.703002406","
,  
(41.819016131, -87.703002406)"
"14300241","JK381224","2026-08-20T22:00:00.000","006XX W HARRISON ST","0820","THEFT","$500 AND UNDER","OTHER COMMERCIAL TRANSPORTATION","false","false","0124","001","34","28","06","1172257","1897564","2026","2026-08-28T15:49:37.000","41.874363279","-87.643013039","
,  
(41.874363279, -87.643013039)"
"14300579","JK381675","2026-08-20T22:00:00.000","079XX S MANISTEE AVE","0820","THEFT","$500 AND UNDER","APARTMENT","false","true","0422","004","7","46","06","1195889","1852844","2026","2026-08-28T15:49:37.000","41.751095229","-87.557730669","
,  
(41.751095229, -87.557730669)"
"14301837","JK383185","2026-08-20T22:00:00.000","030XX W LYNDALE ST","0486","BATTERY","DOMESTIC BATTERY SIMPLE","RESIDENCE","false","true","1414","014","35","22","08B","1155677","1914932","2026","2026-08-28T15:49:37.000","41.922372433","-87.703419226","
,  
(41.922372433, -87.703419226)"
"14300200","JK381187","2026-08-20T22:00:00.000","069XX S VINCENNES AVE","0460","BATTERY","SIMPLE","RESIDENCE","false","false","0731","007","6","69","08B","1176982","1858801","2026","2026-08-28T15:49:37.000","41.767888734","-87.626835373","
,  
(41.767888734, -87.626835373)"
"14300231","JK381147","2026-08-20T22:00:00.000","051XX W NORTH AVE","0820","THEFT","$500 AND UNDER","APARTMENT","false","false","2533","025","37","25","06","1142152","1910158","2026","2026-08-28T15:49:37.000","41.909533936","-87.753233363","
,  
(41.909533936, -87.753233363)"
"14300334","JK381351","2026-08-20T22:00:00.000","015XX E 56TH ST","0920","MOTOR VEHICLE THEFT","ATTEMPT - AUTOMOBILE","STREET","false","false","0235","002","5","41","07","1187784","1868176","2026","2026-08-28T15:49:37.000","41.793364184","-87.586943342","
,  
(41.793364184, -87.586943342)"
"14300661","JK381825","2026-08-20T22:00:00.000","111XX S HOMEWOOD AVE","2820","OTHER OFFENSE","TELEPHONE THREAT","APARTMENT","false","true","2212","022","19","75","08A","1165467","1830696","2026","2026-08-28T15:49:37.000","41.691016103","-87.669837199","
,  
(41.691016103, -87.669837199)"
"14300572","JK381474","2026-08-20T22:00:00.000","057XX S BISHOP ST","0610","BURGLARY","FORCIBLE ENTRY","RESIDENCE","false","false","0713","007","16","67","05","1167644","1866724","2026","2026-08-28T15:49:37.000","41.78983582","-87.660836246","
,  
(41.78983582, -87.660836246)"
"14300354","JK381403","2026-08-20T22:00:00.000","053XX N LOVEJOY AVE","0710","THEFT","THEFT FROM MOTOR VEHICLE","STREET","false","false","1622","016","45","11","06","1137730","1935272","2026","2026-08-28T15:49:37.000","41.978530227","-87.768870581","
,  
(41.978530227, -87.768870581)"
"14300337","JK381332","2026-08-20T22:00:00.000","010XX N PAULINA ST","0910","MOTOR VEHICLE THEFT","AUTOMOBILE","STREET","false","false","1213","012","1","24","07","1164870","1907037","2026","2026-08-28T15:49:37.000","41.900517756","-87.669865771","
,  
(41.900517756, -87.669865771)"
"14300640","JK381171","2026-08-20T22:00:00.000","016XX S MILLARD AVE","051A","ASSAULT","AGGRAVATED - HANDGUN","SIDEWALK","false","true","1014","010","24","29","04A","1152310","1891568","2026","2026-08-28T15:49:37.000","41.858326452","-87.716407895","
,  
(41.858326452, -87.716407895)"
"14300404","JK381481","2026-08-20T22:00:00.000","010XX S LOOMIS ST","0760","BURGLARY","BURGLARY FROM MOTOR VEHICLE","STREET","false","false","1231","012","28","28","06","1167200","1895618","2026","2026-08-28T15:49:37.000","41.869133403","-87.661635891","
,  
(41.869133403, -87.661635891)"
"14300330","JK381297","2026-08-20T22:00:00.000","051XX S WHIPPLE ST","4387","OTHER OFFENSE","VIOLATE ORDER OF PROTECTION","RESIDENCE","true","true","0923","009","14","63","26","1156916","1870305","2026","2026-08-28T15:49:37.000","41.79988612","-87.700076199","
,  
(41.79988612, -87.700076199)"
"14300150","JK381113","2026-08-20T21:58:00.000","072XX S WESTERN AVE","2017","NARCOTICS","MANUFACTURE / DELIVER - CRACK","GAS STATION","true","false","0832","008","18","66","18","1161626","1856687","2026","2026-08-28T15:49:37.000","41.762419957","-87.683180808","
,  
(41.762419957, -87.683180808)"
"14300161","JK381112","2026-08-20T21:46:00.000","017XX W NORTH AVE","0520","ASSAULT","AGGRAVATED - KNIFE / CUTTING INSTRUMENT","TAVERN / LIQUOR STORE","true","false","1433","014","1","24","04A","1164319","1910697","2026","2026-08-28T15:49:37.000","41.910572729","-87.671785941","
,  
(41.910572729, -87.671785941)"
"14300275","JK381203","2026-08-20T21:45:00.000","099XX S CALIFORNIA AVE","0486","BATTERY","DOMESTIC BATTERY SIMPLE","RESIDENCE","true","true","2211","022","19","72","08B","1159441","1838396","2026","2026-08-28T15:49:37.000","41.712271535","-87.691689019","
,  
(41.712271535, -87.691689019)"
"14300155","JK381103","2026-08-20T21:43:00.000","040XX W LAWRENCE AVE","0560","ASSAULT","SIMPLE","PARKING LOT / GARAGE (NON RESIDENTIAL)","false","false","1712","017","39","14","08A","1148714","1931595","2026","2026-08-28T15:49:37.000","41.968234567","-87.728571616","
,  
(41.968234567, -87.728571616)"
"14300179","JK381105","2026-08-20T21:38:00.000","008XX N WESTERN AVE","0460","BATTERY","SIMPLE","GAS STATION","false","false","1212","012","36","24","08B","1160255","1905486","2026","2026-08-28T15:49:37.000","41.896358373","-87.686859824","
,  
(41.896358373, -87.686859824)"
"14300271","JK381172","2026-08-20T21:30:00.000","015XX E 68TH ST","0486","BATTERY","DOMESTIC BATTERY SIMPLE","APARTMENT","false","true","0332","003","5","43","08B","1187755","1860209","2026","2026-08-28T15:49:37.000","41.771502794","-87.587303147","
,  
(41.771502794, -87.587303147)"
"14300136","JK381116","2026-08-20T21:20:00.000","020XX W JARVIS AVE","0420","BATTERY","AGGRAVATED - KNIFE / CUTTING INSTRUMENT","APARTMENT","true","false","2424","024","49","1","04B","1161097","1948779","2026","2026-08-28T15:49:37.000","42.015139187","-87.682559835","
,  
(42.015139187, -87.682559835)"
"14300143","JK381035","2026-08-20T21:20:00.000","073XX S PHILLIPS AVE","0430","BATTERY","AGGRAVATED - OTHER DANGEROUS WEAPON","APARTMENT","false","false","0334","003","7","43","04B","1193921","1856701","2026","2026-08-28T15:49:37.000","41.761727593","-87.564815996","
,  
(41.761727593, -87.564815996)"
"14300157","JK381081","2026-08-20T21:15:00.000","005XX E 76TH ST","502P","OTHER OFFENSE","FALSE / STOLEN / ALTERED TRP","STREET","true","false","0624","006","6","69","26","1181468","1854748","2026","2026-08-28T15:49:37.000","41.75666459","-87.610517116","
,  
(41.75666459, -87.610517116)"
"14300159","JK381110","2026-08-20T21:15:00.000","055XX W FLOURNOY ST","1345","CRIMINAL DAMAGE","TO CITY OF CHICAGO PROPERTY","SIDEWALK","true","false","1522","015","29","25","14","1139261","1896402","2026","2026-08-28T15:49:37.000","41.871838914","-87.76418899","
,  
(41.871838914, -87.76418899)"
"14300237","JK381225","2026-08-20T21:09:00.000","075XX S PHILLIPS AVE","1365","CRIMINAL TRESPASS","TO RESIDENCE","APARTMENT","false","false","0421","004","7","43","26","1193842","1855420","2026","2026-08-28T15:49:37.000","41.758214367","-87.565147459","
,  
(41.758214367, -87.565147459)"
"14300204","JK381088","2026-08-20T21:08:00.000","009XX E 63RD ST","143A","WEAPONS VIOLATION","UNLAWFUL POSSESSION - HANDGUN","STREET","true","false","0313","003","20","42","15","1183516","1863433","2026","2026-08-28T15:49:37.000","41.780449598","-87.602741291","
,  
(41.780449598, -87.602741291)"
"14300122","JK381100","2026-08-20T21:05:00.000","063XX N FRANCISCO AVE","0560","ASSAULT","SIMPLE","APARTMENT","true","true","2413","024","50","2","08A","1155859","1941891","2026","2026-08-28T15:49:37.000","41.996345906","-87.702020727","
,  
(41.996345906, -87.702020727)"
"14300183","JK381128","2026-08-20T21:00:00.000","036XX W 64TH ST","0486","BATTERY","DOMESTIC BATTERY SIMPLE","RESIDENCE","false","true","0823","008","23","65","08B","1153256","1861928","2026","2026-08-28T15:49:37.000","41.776971593","-87.71371998","
,  
(41.776971593, -87.71371998)"
"14302852","JK384673","2026-08-20T21:00:00.000","071XX S CORNELL AVE","1320","CRIMINAL DAMAGE","TO VEHICLE","STREET","false","false","0324","003","7","43","14","1188468","1858015","2026","2026-08-28T15:49:37.000","41.765465271","-87.584759566","
,  
(41.765465271, -87.584759566)"
"14304292","JK386417","2026-08-20T21:00:00.000","079XX S LANGLEY AVE","1310","CRIMINAL DAMAGE","TO PROPERTY","OTHER (SPECIFY)","false","false","0624","006","6","44","14","1182273","1852491","2026","2026-08-28T15:49:37.000","41.750452545","-87.607636738","
,  
(41.750452545, -87.607636738)"
"14303505","JK385346","2026-08-20T21:00:00.000","024XX N SAWYER AVE","0710","THEFT","THEFT FROM MOTOR VEHICLE","STREET","false","false","1413","014","35","22","06","1154067","1915957","2026","2026-08-28T15:49:37.000","41.925217418","-87.709307476","
,  
(41.925217418, -87.709307476)"
"14300113","JK381080","2026-08-20T21:00:00.000","001XX N WABASH AVE","0460","BATTERY","SIMPLE","RESTAURANT","false","false","0111","001","42","32","08B","1176785","1901611","2026","2026-08-28T15:49:37.000","41.885367342","-87.626266013","
,  
(41.885367342, -87.626266013)"
"14300279","JK381201","2026-08-20T20:48:00.000","040XX N SHERIDAN RD","0810","THEFT","OVER $500","STREET","false","false","1915","019","46","3","06","1168871","1927221","2026","2026-08-28T15:49:37.000","41.955817813","-87.654583094","
,  
(41.955817813, -87.654583094)"
"14300148","JK381071","2026-08-20T20:47:00.000","026XX N KEDZIE AVE","0460","BATTERY","SIMPLE","SIDEWALK","true","false","1411","014","35","22","08B","1154409","1917610","2026","2026-08-28T15:49:37.000","41.929746544","-87.708006506","
,  
(41.929746544, -87.708006506)"
"14300131","JK381079","2026-08-20T20:47:00.000","001XX N HAMLIN BLVD","0430","BATTERY","AGGRAVATED - OTHER DANGEROUS WEAPON","PARK PROPERTY","false","false","1122","011","28","27","04B","1151043","1900249","2026","2026-08-28T15:49:37.000","41.882172989","-87.720831253","
,  
(41.882172989, -87.720831253)"
"14300133","JK381075","2026-08-20T20:45:00.000","073XX S PHILLIPS AVE","0430","BATTERY","AGGRAVATED - OTHER DANGEROUS WEAPON","SIDEWALK","false","false","0334","003","7","43","04B","1193921","1856701","2026","2026-08-28T15:49:37.000","41.761727593","-87.564815996","
,  
(41.761727593, -87.564815996)"
"14300242","JK381089","2026-08-20T20:39:00.000","067XX S CLYDE AVE","143A","WEAPONS VIOLATION","UNLAWFUL POSSESSION - HANDGUN","SIDEWALK","true","false","0331","003","5","43","15","1191372","1860713","2026","2026-08-28T15:49:37.000","41.772798947","-87.574028366","
,  
(41.772798947, -87.574028366)"
"14300037","JK381048","2026-08-20T20:39:00.000","051XX N MILWAUKEE AVE","5110","OTHER OFFENSE","GUN OFFENDER - DUTY TO REGISTER","POLICE FACILITY / VEHICLE PARKING LOT","true","false","1623","016","45","11","26","1138424","1933673","2026","2026-08-28T15:49:37.000","41.974129858","-87.766357256","
,  
(41.974129858, -87.766357256)"
"14300199","JK381065","2026-08-20T20:35:00.000","097XX S AVALON AVE","1320","CRIMINAL DAMAGE","TO VEHICLE","STREET","false","true","0511","005","8","50","14","1186247","1840751","2026","2026-08-28T15:49:37.000","41.718143835","-87.593444177","
,  
(41.718143835, -87.593444177)"
"14300158","JK381051","2026-08-20T20:35:00.000","002XX E 14TH ST","0650","BURGLARY","HOME INVASION","RESIDENCE","false","false","0132","001","3","33","05","1178222","1893892","2026","2026-08-28T15:49:37.000","41.864153363","-87.621224322","
,  
(41.864153363, -87.621224322)"
"14300127","JK381073","2026-08-20T20:31:00.000","034XX W LYNDALE ST","0486","BATTERY","DOMESTIC BATTERY SIMPLE","APARTMENT","false","true","1413","014","35","22","08B","1153149","1914745","2026","2026-08-28T15:49:37.000","41.921909871","-87.712712887","
,  
(41.921909871, -87.712712887)"
"14300426","JK381543","2026-08-20T20:30:00.000","046XX N ELSTON AVE","1330","CRIMINAL TRESPASS","TO LAND","APARTMENT","false","false","1722","017","39","14","26","1146584","1930605","2026","2026-08-28T15:49:37.000","41.965558922","-87.73642893","
,  
(41.965558922, -87.73642893)"
"14300345","JK381384","2026-08-20T20:30:00.000","069XX S LAFLIN ST","0920","MOTOR VEHICLE THEFT","ATTEMPT - AUTOMOBILE","STREET","false","false","0734","007","17","67","07","1167532","1858759","2026","2026-08-28T15:49:37.000","41.767981266","-87.661475099","
,  
(41.767981266, -87.661475099)"
"14300173","JK381139","2026-08-20T20:30:00.000","007XX W GARFIELD BLVD","0820","THEFT","$500 AND UNDER","APARTMENT","false","false","0711","007","16","68","06","1172144","1868263","2026","2026-08-28T15:49:37.000","41.793961228","-87.644290868","
,  
(41.793961228, -87.644290868)"
"14300102","JK381063","2026-08-20T20:30:00.000","046XX N BROADWAY","1320","CRIMINAL DAMAGE","TO VEHICLE","STREET","false","false","1913","019","46","3","14","1167923","1930984","2026","2026-08-28T15:49:37.000","41.966164171","-87.657959103","
,  
(41.966164171, -87.657959103)"
"14300154","JK381074","2026-08-20T20:30:00.000","053XX S WABASH AVE","143A","WEAPONS VIOLATION","UNLAWFUL POSSESSION - HANDGUN","STREET","true","false","0225","002","3","40","15","1177620","1869683","2026","2026-08-28T15:49:37.000","41.797735646","-87.624167857","
,  
(41.797735646, -87.624167857)"
"14299994","JK381024","2026-08-20T20:23:00.000","031XX W HARRISON ST","5132","OTHER OFFENSE","VIOLENT OFFENDER - FAIL TO REGISTER NEW ADDRESS","POLICE FACILITY / VEHICLE PARKING LOT","false","false","1134","011","24","27","26","1155457","1897193","2026","2026-08-28T15:49:37.000","41.873699424","-87.704705156","
,  
(41.873699424, -87.704705156)"
"14300065","JK381025","2026-08-20T20:22:00.000","047XX S OAKLEY AVE","502R","OTHER OFFENSE","VEHICLE TITLE / REGISTRATION OFFENSE","VEHICLE NON-COMMERCIAL","true","false","0931","009","15","61","26","1161828","1873361","2026","2026-08-28T15:49:37.000","41.808171451","-87.681977484","
,  
(41.808171451, -87.681977484)"
"14300066","JK381053","2026-08-20T20:22:00.000","016XX W 81ST ST","1310","CRIMINAL DAMAGE","TO PROPERTY","RESIDENCE","false","false","0614","006","17","71","14","1166630","1850994","2026","2026-08-28T15:49:37.000","41.746692325","-87.665002465","
,  
(41.746692325, -87.665002465)"
"14300119","JK381036","2026-08-20T20:12:00.000","006XX E 95TH ST","0530","ASSAULT","AGGRAVATED - OTHER DANGEROUS WEAPON","STREET","true","false","0633","006","8","49","04A","1181987","1842113","2026","2026-08-28T15:49:37.000","41.721980734","-87.609004827","
,  
(41.721980734, -87.609004827)"
"14300189","JK381097","2026-08-20T20:10:00.000","130XX S ELLIS AVE","0430","BATTERY","AGGRAVATED - OTHER DANGEROUS WEAPON","CHA APARTMENT","true","false","0533","005","10","54","04B","1185304","1818858","2026","2026-08-28T15:49:37.000","41.658088764","-87.59758284","
,  
(41.658088764, -87.59758284)"
"14299980","JK381000","2026-08-20T20:05:00.000","011XX S FRANCISCO AVE","0820","THEFT","$500 AND UNDER","APARTMENT","false","false","1135","011","28","29","06","1157195","1895040","2026","2026-08-28T15:49:37.000","41.867756268","-87.698382514","
,  
(41.867756268, -87.698382514)"
"14300048","JK381023","2026-08-20T20:01:00.000","063XX S MAY ST","2024","NARCOTICS","POSSESS - HEROIN (WHITE)","SIDEWALK","true","false","0724","007","16","68","18","1169738","1862807","2026","2026-08-28T15:49:37.000","41.779041906","-87.653271762","
,  
(41.779041906, -87.653271762)"
"14300064","JK381026","2026-08-20T20:00:00.000","009XX W 88TH ST","0460","BATTERY","SIMPLE","STREET","false","false","2222","022","21","71","08B","1171679","1846485","2026","2026-08-28T15:49:37.000","41.734209915","-87.646633525","
,  
(41.734209915, -87.646633525)"
"14300645","JK381798","2026-08-20T20:00:00.000","043XX S GREENWOOD AVE","0710","THEFT","THEFT FROM MOTOR VEHICLE","STREET","false","false","0222","002","4","39","06","1184319","1876324","2026","2026-08-28T15:49:37.000","41.81580477","-87.599393875","
,  
(41.81580477, -87.599393875)"
"14300278","JK381211","2026-08-20T20:00:00.000","037XX W 57TH PL","0261","CRIMINAL SEXUAL ASSAULT","AGGRAVATED - HANDGUN","SIDEWALK","false","false","0822","008","23","62","02","1152522","1866223","2026","2026-08-28T15:49:37.000","41.788772211","-87.716297846","
,  
(41.788772211, -87.716297846)"
"14300126","JK381042","2026-08-20T20:00:00.000","068XX S PERRY AVE","0486","BATTERY","DOMESTIC BATTERY SIMPLE","APARTMENT","false","true","0722","007","6","69","08B","1176579","1859596","2026","2026-08-28T15:49:37.000","41.770079376","-87.628288655","
,  
(41.770079376, -87.628288655)"
"14300461","JK381375","2026-08-20T20:00:00.000","003XX W CHICAGO AVE","0610","BURGLARY","FORCIBLE ENTRY","COMMERCIAL / BUSINESS OFFICE","false","false","1823","018","27","8","05","1173601","1905657","2026","2026-08-28T15:49:37.000","41.896541195","-87.637837697","
,  
(41.896541195, -87.637837697)"
"14301337","JK381463","2026-08-20T20:00:00.000","055XX N HARLEM AVE","0710","THEFT","THEFT FROM MOTOR VEHICLE","CTA PARKING LOT / GARAGE / OTHER PROPERTY","false","false","1612","016","41","10","06","1127370","1936569","2026","2026-08-28T15:49:37.000","41.982270338","-87.806941262","
,  
(41.982270338, -87.806941262)"
"14300203","JK381158","2026-08-20T20:00:00.000","045XX S LEAMINGTON AVE","2826","OTHER OFFENSE","HARASSMENT BY ELECTRONIC MEANS","RESIDENCE","false","true","0814","008","22","56","26","1142788","1874053","2026","2026-08-28T15:49:37.000","41.810445165","-87.751795325","
,  
(41.810445165, -87.751795325)"
"14300517","JK381416","2026-08-20T20:00:00.000","072XX S BENNETT AVE","1310","CRIMINAL DAMAGE","TO PROPERTY","APARTMENT","false","false","0324","003","7","43","14","1189958","1857438","2026","2026-08-28T15:49:37.000","41.763846222","-87.579316872","
,  
(41.763846222, -87.579316872)"
"14300667","JK381815","2026-08-20T20:00:00.000","048XX W ARMITAGE AVE","1320","CRIMINAL DAMAGE","TO VEHICLE","STREET","false","true","2522","025","26","19","14","1143132","1912844","2026","2026-08-28T15:49:37.000","41.916886364","-87.749566061","
,  
(41.916886364, -87.749566061)"
"14300190","JK381217","2026-08-20T20:00:00.000","123XX S PRINCETON AVE","0560","ASSAULT","SIMPLE","RESIDENCE","false","false","0523","005","9","53","08A","1176511","1823173","2026","2026-08-28T15:49:37.000","41.670131284","-87.629629224","
,  
(41.670131284, -87.629629224)"
"14299999","JK381027","2026-08-20T20:00:00.000","009XX W DIVERSEY PKWY","1130","DECEPTIVE PRACTICE","FRAUD OR CONFIDENCE GAME","SIDEWALK","false","false","1935","019","43","7","11","1169325","1918782","2026","2026-08-28T15:49:37.000","41.932650969","-87.653160276","
,  
(41.932650969, -87.653160276)"
"14300524","JK381360","2026-08-20T20:00:00.000","032XX S UNION AVE","0920","MOTOR VEHICLE THEFT","ATTEMPT - AUTOMOBILE","STREET","false","false","0915","009","11","60","07","1172162","1883401","2026","2026-08-28T15:49:37.000","41.83550099","-87.643779428","
,  
(41.83550099, -87.643779428)"
"14300049","JK381043","2026-08-20T19:58:00.000","020XX E 76TH ST","5111","OTHER OFFENSE","GUN OFFENDER - ANNUAL REGISTRATION","STREET","true","false","0414","004","8","43","26","1191059","1854977","2026","2026-08-28T15:49:37.000","41.75706648","-87.575361007","
,  
(41.75706648, -87.575361007)"
"14300054","JK381032","2026-08-20T19:56:00.000","125XX S MICHIGAN AVE","3710","INTERFERENCE WITH PUBLIC OFFICER","RESIST / OBSTRUCT / DISARM OFFICER","STREET","true","false","0532","005","9","53","24","1179150","1821340","2026","2026-08-28T15:49:37.000","41.665041706","-87.62002633","
,  
(41.665041706, -87.62002633)"
"14300106","JK381033","2026-08-20T19:56:00.000","048XX N AUSTIN AVE","1330","CRIMINAL TRESPASS","TO LAND","RESIDENCE","false","false","1622","016","45","11","26","1135185","1931858","2026","2026-08-28T15:49:37.000","41.969207536","-87.778311398","
,  
(41.969207536, -87.778311398)"
"14300052","JK381002","2026-08-20T19:55:00.000","002XX W 37TH ST","143A","WEAPONS VIOLATION","UNLAWFUL POSSESSION - HANDGUN","CHA PARKING LOT / GROUNDS","true","false","0915","009","3","34","15","1175099","1880427","2026","2026-08-28T15:49:37.000","41.827274881","-87.633091661","
,  
(41.827274881, -87.633091661)"
"14300078","JK381040","2026-08-20T19:50:00.000","100XX S WALLACE ST","0890","THEFT","FROM BUILDING","CHURCH / SYNAGOGUE / PLACE OF WORSHIP","false","false","2232","022","9","73","06","1174075","1838219","2026","2026-08-28T15:49:37.000","41.71147407","-87.638100274","
,  
(41.71147407, -87.638100274)"
"14300028","JK381006","2026-08-20T19:48:00.000","069XX S HALSTED ST","0460","BATTERY","SIMPLE","STREET","false","false","0733","007","16","68","08B","1172163","1858942","2026","2026-08-28T15:49:37.000","41.768382919","-87.644495002","
,  
(41.768382919, -87.644495002)"
"14300006","JK380999","2026-08-20T19:45:00.000","042XX S CALIFORNIA AVE","2022","NARCOTICS","POSSESS - COCAINE","STREET","true","false","0921","009","12","58","18","1158399","1876518","2026","2026-08-28T15:49:37.000","41.816905286","-87.694468209","
,  
(41.816905286, -87.694468209)"
"14300518","JK381441","2026-08-20T19:45:00.000","003XX N STATE ST","1305","CRIMINAL DAMAGE","CRIMINAL DEFACEMENT","STREET","false","false","1831","018","42","8","14","1176294","1902736","2026","2026-08-28T15:49:37.000","41.88846549","-87.628035079","
,  
(41.88846549, -87.628035079)"
"14300410","JK381369","2026-08-20T19:45:00.000","057XX S INDIANA AVE","0910","MOTOR VEHICLE THEFT","AUTOMOBILE","STREET","false","false","0232","002","20","40","07","1178579","1866989","2026","2026-08-28T15:49:37.000","41.790321292","-87.620732972","
,  
(41.790321292, -87.620732972)"
"14300047","JK381016","2026-08-20T19:42:00.000","131XX S LANGLEY AVE","0486","BATTERY","DOMESTIC BATTERY SIMPLE","CHA PARKING LOT / GROUNDS","false","true","0533","005","10","54","08B","1183244","1818421","2026","2026-08-28T15:49:37.000","41.656937576","-87.605134262","
,  
(41.656937576, -87.605134262)"
"14300030","JK380997","2026-08-20T19:33:00.000","043XX N KEDZIE AVE","0486","BATTERY","DOMESTIC BATTERY SIMPLE","RESTAURANT","true","true","1724","017","33","16","08B","1154275","1928582","2026","2026-08-28T15:49:37.000","41.959857174","-87.70820487","
,  
(41.959857174, -87.70820487)"
"14299976","JK380990","2026-08-20T19:30:00.000","053XX S NATOMA AVE","0620","BURGLARY","UNLAWFUL ENTRY","RESIDENCE - GARAGE","false","false","0811","008","23","56","05","1132951","1868517","2026","2026-08-28T15:49:37.000","41.795430392","-87.788005922","
,  
(41.795430392, -87.788005922)"
"14301735","JK381700","2026-08-20T19:30:00.000","043XX W 26TH ST","0710","THEFT","THEFT FROM MOTOR VEHICLE","STREET","false","false","1013","010","22","30","06","1147658","1886359","2026","2026-08-28T15:49:37.000","41.844122739","-87.733617374","
,  
(41.844122739, -87.733617374)"
"14300834","JK382004","2026-08-20T19:30:00.000","001XX W WACKER DR","0810","THEFT","OVER $500","LAKEFRONT / WATERFRONT / RIVERBANK","false","false","0122","001","42","32","06","1175372","1902169","2026","2026-08-28T15:49:37.000","41.886930356","-87.63143799","
,  
(41.886930356, -87.63143799)"
"14300338","JK381347","2026-08-20T19:30:00.000","075XX S KINGSTON AVE","0710","THEFT","THEFT FROM MOTOR VEHICLE","STREET","false","false","0421","004","7","43","06","1194503","1855465","2026","2026-08-28T15:49:37.000","41.758321628","-87.562723529","
,  
(41.758321628, -87.562723529)"
"14300357","JK380996","2026-08-20T19:29:00.000","027XX W 68TH ST","5000","OTHER OFFENSE","OTHER CRIME AGAINST PERSON","HOSPITAL BUILDING / GROUNDS","false","false","0831","008","16","66","26","1159381","1859440","2026","2026-08-28T15:49:37.000","41.770020864","-87.6913338","
,  
(41.770020864, -87.6913338)"
"14300140","JK381003","2026-08-20T19:22:00.000","047XX S WABASH AVE","143A","WEAPONS VIOLATION","UNLAWFUL POSSESSION - HANDGUN","ALLEY","true","false","0224","002","3","38","15","1177513","1873649","2026","2026-08-28T15:49:37.000","41.808621138","-87.624440288","
,  
(41.808621138, -87.624440288)"
"14300105","JK380993","2026-08-20T19:20:00.000","050XX N ALBANY AVE","0460","BATTERY","SIMPLE","PARK PROPERTY","false","false","1713","017","33","14","08B","1154795","1933407","2026","2026-08-28T15:49:37.000","41.973086837","-87.706163256","
,  
(41.973086837, -87.706163256)"
"14300110","JK380991","2026-08-20T19:17:00.000","059XX S ADA ST","0470","PUBLIC PEACE VIOLATION","RECKLESS CONDUCT","SIDEWALK","true","false","0713","007","16","67","24","1168344","1865348","2026","2026-08-28T15:49:37.000","41.786044858","-87.658309163","
,  
(41.786044858, -87.658309163)"
"14300123","JK381041","2026-08-20T19:16:00.000","024XX E 75TH ST","0460","BATTERY","SIMPLE","STREET","false","false","0334","003","7","43","08B","1194221","1855717","2026","2026-08-28T15:49:37.000","41.759020063","-87.563748751","
,  
(41.759020063, -87.563748751)"
"14300022","JK380972","2026-08-20T19:15:00.000","015XX N KINGSBURY ST","1330","CRIMINAL TRESPASS","TO LAND","DEPARTMENT STORE","false","false","1822","018","27","8","26","1169206","1910721","2026","2026-08-28T15:49:37.000","41.910533752","-87.653832316","
,  
(41.910533752, -87.653832316)"
"14300095","JK380983","2026-08-20T19:14:00.000","053XX N BROADWAY","0312","ROBBERY","ARMED - KNIFE / CUTTING INSTRUMENT","GROCERY FOOD STORE","false","false","2013","020","48","77","03","1167348","1935627","2026","2026-08-28T15:49:37.000","41.978917128","-87.659939075","
,  
(41.978917128, -87.659939075)"
"14300100","JK380977","2026-08-20T19:10:00.000","021XX W WASHINGTON BLVD","0560","ASSAULT","SIMPLE","SMALL RETAIL STORE","false","false","1223","012","27","28","08A","1162122","1900665","2026","2026-08-28T15:49:37.000","41.883090343","-87.680137475","
,  
(41.883090343, -87.680137475)"
"14299948","JK380940","2026-08-20T19:05:00.000","039XX W 19TH ST","2027","NARCOTICS","POSSESS - CRACK","SIDEWALK","true","false","1014","010","24","29","18","1150239","1890342","2026","2026-08-28T15:49:37.000","41.855002742","-87.724041772","
,  
(41.855002742, -87.724041772)"
"14299970","JK380938","2026-08-20T19:05:00.000","018XX S BLUE ISLAND AVE","0460","BATTERY","SIMPLE","HOSPITAL BUILDING / GROUNDS","false","false","1233","012","25","31","08B","1167120","1891126","2026","2026-08-28T15:49:37.000","41.85680869","-87.662058535","
,  
(41.85680869, -87.662058535)"
"14300604","JK381711","2026-08-20T19:00:00.000","005XX W 72ND ST","1345","CRIMINAL DAMAGE","TO CITY OF CHICAGO PROPERTY","PARK PROPERTY","false","false","0732","007","6","68","14","1174052","1857172","2026","2026-08-28T15:49:37.000","41.763484107","-87.637623404","
,  
(41.763484107, -87.637623404)"
"14299989","JK380933","2026-08-20T19:00:00.000","049XX W HUBBARD ST","1812","NARCOTICS","POSSESS - CANNABIS MORE THAN 30 GRAMS","SIDEWALK","true","false","1532","015","37","25","18","1143284","1902558","2026","2026-08-28T15:49:37.000","41.888657588","-87.749264906","
,  
(41.888657588, -87.749264906)"
"14300142","JK381124","2026-08-20T19:00:00.000","009XX N PULASKI RD","0460","BATTERY","SIMPLE","STREET","false","false","1112","011","37","23","08B","1149548","1906070","2026","2026-08-28T15:49:37.000","41.898175582","-87.726169689","
,  
(41.898175582, -87.726169689)"
"14300012","JK380927","2026-08-20T19:00:00.000","051XX S DR MARTIN LUTHER KING JR DR","0560","ASSAULT","SIMPLE","PARK PROPERTY","false","false","0231","002","3","40","08A","1179795","1871122","2026","2026-08-28T15:49:37.000","41.801634875","-87.616147829","
,  
(41.801634875, -87.616147829)"
"14300445","JK381577","2026-08-20T19:00:00.000","025XX W CHARLESTON ST","0710","THEFT","THEFT FROM MOTOR VEHICLE","STREET","false","false","1431","014","1","22","06","1159317","1914082","2026","2026-08-28T15:49:37.000","41.91996582","-87.690068161","
,  
(41.91996582, -87.690068161)"
"14300730","JK381992","2026-08-20T19:00:00.000","049XX N AVERS AVE","1320","CRIMINAL DAMAGE","TO VEHICLE","STREET","false","false","1712","017","39","14","14","1149824","1932470","2026","2026-08-28T15:49:37.000","41.970614054","-87.724467317","
,  
(41.970614054, -87.724467317)"
"14301554","JK382914","2026-08-20T19:00:00.000","013XX W WALTON ST","0760","BURGLARY","BURGLARY FROM MOTOR VEHICLE","RESIDENCE - GARAGE","false","false","1213","012","27","24","06","1167188","1906465","2026","2026-08-28T15:49:37.000","41.898898642","-87.66136813","
,  
(41.898898642, -87.66136813)"
"14300191","JK381144","2026-08-20T19:00:00.000","035XX N NAGLE AVE","1310","CRIMINAL DAMAGE","TO PROPERTY","RESIDENCE","false","false","1632","016","38","17","14","1132738","1922801","2026","2026-08-28T15:49:37.000","41.944397331","-87.787521282","
,  
(41.944397331, -87.787521282)"
"14300385","JK381406","2026-08-20T19:00:00.000","077XX S THROOP ST","0810","THEFT","OVER $500","STREET","false","false","0612","006","17","71","06","1169225","1853492","2026","2026-08-28T15:49:37.000","41.753491473","-87.655421615","
,  
(41.753491473, -87.655421615)"
"14299962","JK380973","2026-08-20T18:58:00.000","014XX S TRUMBULL AVE","2027","NARCOTICS","POSSESS - CRACK","SIDEWALK","true","false","1021","010","24","29","18","1153600","1892931","2026","2026-08-28T15:49:37.000","41.862041146","-87.71163652","
,  
(41.862041146, -87.71163652)"
"14299993","JK380969","2026-08-20T18:56:00.000","059XX S PRAIRIE AVE","1310","CRIMINAL DAMAGE","TO PROPERTY","APARTMENT","false","false","0232","002","20","40","14","1179057","1865673","2026","2026-08-28T15:49:37.000","41.786699176","-87.619020378","
,  
(41.786699176, -87.619020378)"
"14300081","JK380976","2026-08-20T18:51:00.000","001XX N WABASH AVE","1320","CRIMINAL DAMAGE","TO VEHICLE","STREET","false","false","0111","001","34","32","14","1176791","1901351","2026","2026-08-28T15:49:37.000","41.884653752","-87.626251847","
,  
(41.884653752, -87.626251847)"
"14300134","JK380951","2026-08-20T18:50:00.000","047XX S HAMLIN AVE","0630","BURGLARY","ATTEMPT FORCIBLE ENTRY","RESIDENCE","false","false","0821","008","14","57","05","1151828","1872999","2026","2026-08-28T15:49:37.000","41.80738019","-87.71866487","
,  
(41.80738019, -87.71866487)"
"14299979","JK380955","2026-08-20T18:50:00.000","036XX W CHICAGO AVE","2017","NARCOTICS","MANUFACTURE / DELIVER - CRACK","STREET","true","false","1112","011","27","23","18","1152155","1905098","2026","2026-08-28T15:49:37.000","41.895457291","-87.716619992","
,  
(41.895457291, -87.716619992)"
"14300005","JK381020","2026-08-20T18:45:00.000","025XX N CLYBOURN AVE","1152","DECEPTIVE PRACTICE","ILLEGAL USE CASH CARD","PARKING LOT / GARAGE (NON RESIDENTIAL)","false","false","1931","019","32","7","11","1163883","1917044","2026","2026-08-28T15:49:37.000","41.927998524","-87.673208159","
,  
(41.927998524, -87.673208159)"
"14305531","JK388072","2026-08-20T18:36:00.000","052XX W DIVERSEY AVE","1110","DECEPTIVE PRACTICE","BOGUS CHECK","COMMERCIAL / BUSINESS OFFICE","false","false","2514","025","31","19","11","1141064","1918116","2026","2026-08-28T15:49:37.000","41.931391665","-87.757033797","
,  
(41.931391665, -87.757033797)"
"14300046","JK380920","2026-08-20T18:35:00.000","017XX N MERRIMAC AVE","4387","OTHER OFFENSE","VIOLATE ORDER OF PROTECTION","STREET","false","true","2513","025","29","25","26","1134419","1910823","2026","2026-08-28T15:49:37.000","41.911498778","-87.781625821","
,  
(41.911498778, -87.781625821)"
"14300073","JK380921","2026-08-20T18:34:00.000","081XX S ELLIS AVE","0486","BATTERY","DOMESTIC BATTERY SIMPLE","RESIDENCE","false","true","0631","006","8","44","08B","1184310","1851222","2026","2026-08-28T15:49:37.000","41.746922888","-87.600211934","
,  
(41.746922888, -87.600211934)"
"14300367","JK381305","2026-08-20T18:30:00.000","027XX S KOSTNER AVE","1320","CRIMINAL DAMAGE","TO VEHICLE","STREET","false","false","1031","010","22","30","14","1147502","1885453","2026","2026-08-28T15:49:37.000","41.841639542","-87.734213066","
,  
(41.841639542, -87.734213066)"
"14300332","JK381350","2026-08-20T18:30:00.000","065XX S KIMBARK AVE","1320","CRIMINAL DAMAGE","TO VEHICLE","STREET","false","false","0321","003","20","42","14","1185763","1861895","2026","2026-08-28T15:49:37.000","41.776176511","-87.594551952","
,  
(41.776176511, -87.594551952)"
"14299925","JK380926","2026-08-20T18:29:00.000","006XX N DEARBORN ST","0810","THEFT","OVER $500","STREET","false","false","1832","018","42","8","06","1175825","1904582","2026","2026-08-28T15:49:37.000","41.893541578","-87.629701805","
,  
(41.893541578, -87.629701805)"
"14299943","JK380892","2026-08-20T18:28:00.000","031XX W ARMITAGE AVE","0860","THEFT","RETAIL THEFT","DEPARTMENT STORE","false","false","1414","014","1","22","06","1155045","1913118","2026","2026-08-28T15:49:37.000","41.917407385","-87.70579017","
,  
(41.917407385, -87.70579017)"
"14299942","JK380919","2026-08-20T18:26:00.000","015XX W 50TH ST","1477","WEAPONS VIOLATION","RECKLESS FIREARM DISCHARGE","ALLEY","false","false","0933","009","20","61","15","1166767","1871569","2026","2026-08-28T15:49:37.000","41.803149852","-87.663913608","
,  
(41.803149852, -87.663913608)"
"14300031","JK380912","2026-08-20T18:23:00.000","021XX W PETERSON AVE","0860","THEFT","RETAIL THEFT","SMALL RETAIL STORE","true","false","2413","024","40","2","06","1160994","1939841","2026","2026-08-28T15:49:37.000","41.990615196","-87.683188577","
,  
(41.990615196, -87.683188577)"
"14299959","JK380884","2026-08-20T18:17:00.000","057XX N MAPLEWOOD AVE","0486","BATTERY","DOMESTIC BATTERY SIMPLE","APARTMENT","false","true","2011","020","40","2","08B","1158296","1937990","2026","2026-08-28T15:49:37.000","41.985591749","-87.693163335","
,  
(41.985591749, -87.693163335)"
"14300117","JK381017","2026-08-20T18:14:00.000","060XX S RHODES AVE","0486","BATTERY","DOMESTIC BATTERY SIMPLE","APARTMENT","false","true","0313","003","20","42","08B","1180958","1865075","2026","2026-08-28T15:49:37.000","41.785014658","-87.612068766","
,  
(41.785014658, -87.612068766)"
"14300165","JK381118","2026-08-20T18:00:00.000","048XX W NORTH AVE","0560","ASSAULT","SIMPLE","OTHER (SPECIFY)","false","false","2533","025","37","25","08A","1143745","1910196","2026","2026-08-28T15:49:37.000","41.909608499","-87.747380344","
,  
(41.909608499, -87.747380344)"
"14299878","JK380897","2026-08-20T18:00:00.000","007XX W 17TH ST","0820","THEFT","$500 AND UNDER","RESIDENCE - PORCH / HALLWAY","false","false","1235","012","25","31","06","1171646","1892020","2026","2026-08-28T15:49:37.000","41.859163596","-87.645419453","
,  
(41.859163596, -87.645419453)"
"14300080","JK380939","2026-08-20T18:00:00.000","080XX S CHAPPEL AVE","5004","SEX OFFENSE","ATTEMPT CRIMINAL SEXUAL ABUSE","APARTMENT","false","false","0414","004","8","46","17","1191260","1852031","2026","2026-08-28T15:49:37.000","41.748977541","-87.574719585","
,  
(41.748977541, -87.574719585)"
"14301071","JK382125","2026-08-20T18:00:00.000","131XX S ELLIS AVE","0810","THEFT","OVER $500","STREET","false","false","0533","005","10","54","06","1185477","1818182","2026","2026-08-28T15:49:37.000","41.656229667","-87.596970934","
,  
(41.656229667, -87.596970934)"
"14300058","JK380894","2026-08-20T18:00:00.000","081XX S DREXEL AVE","051A","ASSAULT","AGGRAVATED - HANDGUN","STREET","false","true","0631","006","8","44","04A","1183647","1851316","2026","2026-08-28T15:49:37.000","41.74719631","-87.602638387","
,  
(41.74719631, -87.602638387)"
"14304368","JK386560","2026-08-20T18:00:00.000","003XX N HALSTED ST","0486","BATTERY","DOMESTIC BATTERY SIMPLE","APARTMENT","false","true","1214","012","34","28","08B","1170978","1902663","2026","2026-08-28T15:49:37.000","41.888383414","-87.647559323","
,  
(41.888383414, -87.647559323)"
"14300459","JK381478","2026-08-20T18:00:00.000","051XX W HARRISON ST","0910","MOTOR VEHICLE THEFT","AUTOMOBILE","STREET","false","false","1533","015","29","25","07","1142125","1896831","2026","2026-08-28T15:49:37.000","41.872963554","-87.753663295","
,  
(41.872963554, -87.753663295)"
"14301462","JK382774","2026-08-20T18:00:00.000","011XX N DEARBORN ST","1156","DECEPTIVE PRACTICE","ATTEMPT - FINANCIAL IDENTITY THEFT","APARTMENT","false","false","1824","018","2","8","11","1175730","1907920","2026","2026-08-28T15:49:37.000","41.902703354","-87.629950194","
,  
(41.902703354, -87.629950194)"
"14300355","JK381395","2026-08-20T18:00:00.000","078XX S INDIANA AVE","1320","CRIMINAL DAMAGE","TO VEHICLE","STREET","false","false","0623","006","6","69","14","1178948","1853173","2026","2026-08-28T15:49:37.000","41.752400342","-87.61980025","
,  
(41.752400342, -87.61980025)"
"14301693","JK383157","2026-08-20T18:00:00.000","032XX N ASHLAND AVE","0870","THEFT","POCKET-PICKING","DEPARTMENT STORE","false","false","1922","019","32","6","06","1165085","1921399","2026","2026-08-28T15:49:37.000","41.939923405","-87.668667203","
,  
(41.939923405, -87.668667203)"
"14306757","JK389577","2026-08-20T18:00:00.000","062XX W GRAND AVE","0710","THEFT","THEFT FROM MOTOR VEHICLE","STREET","false","false","2512","025","36","19","06","1134558","1914489","2026","2026-08-29T15:40:48.000","41.92155627","-87.781028439","
,  
(41.92155627, -87.781028439)"
"14300041","JK381054","2026-08-20T17:56:00.000","031XX W MONROE ST","0820","THEFT","$500 AND UNDER","RESIDENCE","false","false","1124","011","28","27","06","1155386","1899366","2026","2026-08-28T15:49:37.000","41.879663784","-87.70490742","
,  
(41.879663784, -87.70490742)"
"14300169","JK380877","2026-08-20T17:56:00.000","047XX S COTTAGE GROVE AVE","051A","ASSAULT","AGGRAVATED - HANDGUN","STREET","true","true","0223","002","4","38","04A","1182386","1873939","2026","2026-08-28T15:49:37.000","41.809305232","-87.606558389","
,  
(41.809305232, -87.606558389)"
"14300138","JK380851","2026-08-20T17:50:00.000","112XX S ABERDEEN ST","1780","OFFENSE INVOLVING CHILDREN","OTHER OFFENSE","STREET","false","true","2234","022","21","75","20","1171007","1830038","2026","2026-08-28T15:49:37.000","41.689091557","-87.649573896","
,  
(41.689091557, -87.649573896)"
"14300526","JK381637","2026-08-20T17:45:00.000","002XX W DIVISION ST","0810","THEFT","OVER $500","STREET","false","false","1823","018","27","8","06","1174391","1908327","2026","2026-08-28T15:49:37.000","41.903850204","-87.634856354","
,  
(41.903850204, -87.634856354)"
"14299984","JK380867","2026-08-20T17:43:00.000","049XX S DREXEL BLVD","0420","BATTERY","AGGRAVATED - KNIFE / CUTTING INSTRUMENT","APARTMENT","false","true","0222","002","4","39","04B","1183148","1872501","2026","2026-08-28T15:49:37.000","41.805341531","-87.603808314","
,  
(41.805341531, -87.603808314)"
"14305193","JK387539","2026-08-20T17:37:00.000","017XX N LUNA AVE","1152","DECEPTIVE PRACTICE","ILLEGAL USE CASH CARD","APARTMENT","false","false","2532","025","37","25","11","1139135","1910919","2026","2026-08-28T15:49:37.000","41.911677665","-87.764298131","
,  
(41.911677665, -87.764298131)"
"14300162","JK380813","2026-08-20T17:35:00.000","065XX S WOOD ST","041A","BATTERY","AGGRAVATED - HANDGUN","STREET","false","false","0726","007","15","67","04B","1165464","1861388","2026","2026-08-28T15:49:37.000","41.775239669","-87.66898085","
,  
(41.775239669, -87.66898085)"
"14300087","JK380830","2026-08-20T17:35:00.000","081XX S DREXEL AVE","0486","BATTERY","DOMESTIC BATTERY SIMPLE","RESIDENCE","false","true","0631","006","8","44","08B","1183647","1851309","2026","2026-08-28T15:49:37.000","41.747177101","-87.602638604","
,  
(41.747177101, -87.602638604)"
"14299966","JK380974","2026-08-20T17:30:00.000","033XX N ODELL AVE","0560","ASSAULT","SIMPLE","RESIDENCE","false","true","1631","016","38","17","08A","1126509","1921229","2026","2026-08-28T15:49:37.000","41.940190131","-87.810452138","
,  
(41.940190131, -87.810452138)"
"14299881","JK380807","2026-08-20T17:28:00.000","032XX S PRINCETON AVE","0460","BATTERY","SIMPLE","STREET","false","false","0915","009","11","34","08B","1174818","1883378","2026","2026-08-28T15:49:37.000","41.835378954","-87.634034466","
,  
(41.835378954, -87.634034466)"
"14299895","JK380835","2026-08-20T17:26:00.000","054XX W POTOMAC AVE","0486","BATTERY","DOMESTIC BATTERY SIMPLE","ALLEY","false","true","2532","025","37","25","08B","1139715","1908121","2026","2026-08-28T15:49:37.000","41.903989049","-87.762235796","
,  
(41.903989049, -87.762235796)"
"14300068","JK380995","2026-08-20T17:26:00.000","012XX N MILWAUKEE AVE","0460","BATTERY","SIMPLE","SIDEWALK","false","false","1433","014","1","24","08B","1165135","1908628","2026","2026-08-28T15:49:37.000","41.904877944","-87.66884715","
,  
(41.904877944, -87.66884715)"
"14299880","JK380828","2026-08-20T17:25:00.000","071XX S ASHLAND AVE","0460","BATTERY","SIMPLE","COMMERCIAL / BUSINESS OFFICE","false","false","0734","007","17","67","08B","1166917","1857445","2026","2026-08-28T15:49:37.000","41.764388636","-87.663766853","
,  
(41.764388636, -87.663766853)"
"14300061","JK380979","2026-08-20T17:23:00.000","008XX E 79TH ST","1811","NARCOTICS","POSSESS - CANNABIS 30 GRAMS OR LESS","SIDEWALK","true","false","0624","006","8","69","18","1183150","1852806","2026","2026-08-28T15:49:37.000","41.751296595","-87.604413259","
,  
(41.751296595, -87.604413259)"
"14299974","JK380935","2026-08-20T17:20:00.000","017XX N DAMEN AVE","1130","DECEPTIVE PRACTICE","FRAUD OR CONFIDENCE GAME","STREET","false","false","1434","014","32","22","11","1162739","1912081","2026","2026-08-28T15:49:37.000","41.914403816","-87.677551389","
,  
(41.914403816, -87.677551389)"
"14299917","JK380820","2026-08-20T17:20:00.000","085XX S EXCHANGE AVE","0460","BATTERY","SIMPLE","SIDEWALK","false","false","0423","004","10","46","08B","1197297","1848865","2026","2026-08-28T15:49:37.000","41.740141609","-87.552703448","
,  
(41.740141609, -87.552703448)"
"14300079","JK380790","2026-08-20T17:14:00.000","004XX E 87TH ST","502R","OTHER OFFENSE","VEHICLE TITLE / REGISTRATION OFFENSE","STREET","false","false","0632","006","8","44","26","1180933","1847406","2026","2026-08-28T15:49:37.000","41.736529636","-87.612703118","
,  
(41.736529636, -87.612703118)"
"14299938","JK380875","2026-08-20T17:09:00.000","041XX N RIDGEWAY AVE","2890","PUBLIC PEACE VIOLATION","OTHER VIOLATION","ALLEY","true","false","1723","017","33","16","24","1150649","1927352","2026","2026-08-28T15:49:37.000","41.956553779","-87.721568073","
,  
(41.956553779, -87.721568073)"
"14299978","JK380998","2026-08-20T17:05:00.000","059XX S WASHTENAW AVE","5007","OTHER OFFENSE","OTHER WEAPONS VIOLATION","RESIDENCE","true","false","0824","008","16","66","26","1159392","1865172","2026","2026-08-28T15:49:37.000","41.785750062","-87.691136568","
,  
(41.785750062, -87.691136568)"
"14299821","JK380767","2026-08-20T17:02:00.000","034XX W CHICAGO AVE","2170","NARCOTICS","POSSESSION OF DRUG EQUIPMENT","ALLEY","true","false","1121","011","27","23","18","1153448","1905124","2026","2026-08-28T15:49:37.000","41.895503035","-87.711870394","
,  
(41.895503035, -87.711870394)"
"14300057","JK380773","2026-08-20T17:01:00.000","007XX S DESPLAINES ST","0760","BURGLARY","BURGLARY FROM MOTOR VEHICLE","COMMERCIAL / BUSINESS OFFICE","true","false","0124","001","28","28","06","1172034","1897070","2026","2026-08-28T15:49:37.000","41.873012627","-87.643846358","
,  
(41.873012627, -87.643846358)"
"14301544","JK382837","2026-08-20T17:00:00.000","007XX W BRIAR PL","0760","BURGLARY","BURGLARY FROM MOTOR VEHICLE","STREET","false","false","1934","019","44","6","06","1170762","1921145","2026","2026-08-28T15:49:37.000","41.939103737","-87.647810053","
,  
(41.939103737, -87.647810053)"
"14300069","JK380954","2026-08-20T17:00:00.000","022XX W GARFIELD BLVD","1581","SEX OFFENSE","NON-CONSENSUAL DISSEMINATION OF PRIVATE SEXUAL IMAGES","RESIDENCE","false","true","0932","009","16","63","17","1162241","1868144","2026","2026-08-28T15:49:37.000","41.79384675","-87.680608","
,  
(41.79384675, -87.680608)"
"14300346","JK381365","2026-08-20T17:00:00.000","121XX S EMERALD AVE","0820","THEFT","$500 AND UNDER","DRIVEWAY - RESIDENTIAL","false","false","0523","005","21","53","06","1173514","1824355","2026","2026-08-28T15:49:37.000","41.673441522","-87.640563137","
,  
(41.673441522, -87.640563137)"
"14299887","JK380887","2026-08-20T17:00:00.000","063XX S CALIFORNIA AVE","0880","THEFT","PURSE-SNATCHING","STREET","false","false","0823","008","15","66","06","1158799","1862584","2026","2026-08-28T15:49:37.000","41.778660358","-87.693381423","
,  
(41.778660358, -87.693381423)"
"14300773","JK381817","2026-08-20T17:00:00.000","011XX S KOSTNER AVE","051A","ASSAULT","AGGRAVATED - HANDGUN","STREET","false","false","1131","011","24","29","04A","1147220","1894820","2026","2026-08-28T15:49:37.000","41.867349185","-87.735008404","
,  
(41.867349185, -87.735008404)"
"14299952","JK380770","2026-08-20T16:57:00.000","076XX S MAY ST","0560","ASSAULT","SIMPLE","APARTMENT","false","false","0612","006","17","71","08A","1169978","1854048","2026","2026-08-28T15:49:37.000","41.755000895","-87.652646025","
,  
(41.755000895, -87.652646025)"
"14300074","JK380847","2026-08-20T16:57:00.000","027XX S HOMAN AVE","2826","OTHER OFFENSE","HARASSMENT BY ELECTRONIC MEANS","RESIDENCE","false","false","1032","010","22","30","26","1154142","1885611","2026","2026-08-28T15:49:37.000","41.841943426","-87.709842014","
,  
(41.841943426, -87.709842014)"
"14306865","JK389678","2026-08-20T16:54:00.000","041XX W BARRY AVE","0710","THEFT","THEFT FROM MOTOR VEHICLE","STREET","false","false","2523","025","31","21","06","1148167","1920288","2026","2026-08-29T15:40:48.000","41.937217844","-87.73087518","
,  
(41.937217844, -87.73087518)"
"14299908","JK380846","2026-08-20T16:50:00.000","0000X S MAYFIELD AVE","0820","THEFT","$500 AND UNDER","APARTMENT","false","true","1513","015","29","25","06","1137280","1899353","2026","2026-08-28T15:49:37.000","41.879972672","-87.771391232","
,  
(41.879972672, -87.771391232)"
"14299869","JK380865","2026-08-20T16:50:00.000","003XX E RANDOLPH ST","0530","ASSAULT","AGGRAVATED - OTHER DANGEROUS WEAPON","STREET","false","false","0114","001","42","32","04A","1178694","1901250","2026","2026-08-28T15:49:37.000","41.884333364","-87.619266937","
,  
(41.884333364, -87.619266937)"
"14299863","JK380744","2026-08-20T16:46:00.000","004XX N MICHIGAN AVE","0860","THEFT","RETAIL THEFT","SMALL RETAIL STORE","true","false","1834","018","42","8","06","1177361","1903270","2026","2026-08-28T15:49:37.000","41.889906681","-87.624100509","
,  
(41.889906681, -87.624100509)"
"14300025","JK380967","2026-08-20T16:45:00.000","092XX S GREENWOOD AVE","1792","KIDNAPPING","CHILD ABDUCTION / STRANGER","STREET","false","false","0413","004","8","47","26","1185158","1844035","2026","2026-08-28T15:49:37.000","41.727181119","-87.597329893","
,  
(41.727181119, -87.597329893)"
"14299829","JK380788","2026-08-20T16:45:00.000","027XX W PETERSON AVE","4386","OTHER OFFENSE","VIOLATION OF CIVIL NO CONTACT ORDER","STREET","false","false","2413","024","50","2","26","1156765","1939748","2026","2026-08-28T15:49:37.000","41.990447044","-87.698746362","
,  
(41.990447044, -87.698746362)"
"14300082","JK380747","2026-08-20T16:45:00.000","089XX S COTTAGE GROVE AVE","1710","OFFENSE INVOLVING CHILDREN","ENDANGERING LIFE / HEALTH OF CHILD","RESIDENCE - GARAGE","false","false","0633","006","8","44","20","1183131","1845679","2026","2026-08-28T15:49:37.000","41.731739766","-87.604704016","
,  
(41.731739766, -87.604704016)"
"14300044","JK380893","2026-08-20T16:43:00.000","019XX N NATOMA AVE","0810","THEFT","OVER $500","RESIDENCE - PORCH / HALLWAY","false","false","2513","025","29","25","06","1131772","1912259","2026","2026-08-28T15:49:37.000","41.915485655","-87.791316901","
,  
(41.915485655, -87.791316901)"
"14299977","JK380800","2026-08-20T16:40:00.000","004XX E 34TH ST","0560","ASSAULT","SIMPLE","CONVENIENCE STORE","false","false","0211","002","4","35","08A","1179925","1882604","2026","2026-08-28T15:49:37.000","41.833139425","-87.615319213","
,  
(41.833139425, -87.615319213)"
"14299957","JK380778","2026-08-20T16:40:00.000","088XX S BURLEY AVE","051A","ASSAULT","AGGRAVATED - HANDGUN","APARTMENT","true","true","0424","004","10","46","04A","1199202","1847048","2026","2026-08-28T15:49:37.000","41.735107995","-87.545784851","
,  
(41.735107995, -87.545784851)"
"14299763","JK380734","2026-08-20T16:35:00.000","002XX N LECLAIRE AVE","0760","BURGLARY","BURGLARY FROM MOTOR VEHICLE","PARKING LOT / GARAGE (NON RESIDENTIAL)","false","false","1532","015","28","25","06","1142337","1901123","2026","2026-08-28T15:49:37.000","41.884737409","-87.75277834","
,  
(41.884737409, -87.75277834)"
"14300001","JK380898","2026-08-20T16:33:00.000","053XX S LAFLIN ST","3960","INTIMIDATION","INTIMIDATION","RESIDENCE","false","false","0934","009","16","61","08A","1167242","1869336","2026","2026-08-28T15:49:37.000","41.797012077","-87.662235498","
,  
(41.797012077, -87.662235498)"
"14300034","JK380772","2026-08-20T16:31:00.000","004XX W DIVISION ST","0860","THEFT","RETAIL THEFT","GROCERY FOOD STORE","false","false","1821","018","27","8","06","1173175","1908290","2026","2026-08-28T15:49:37.000","41.903775756","-87.639324074","
,  
(41.903775756, -87.639324074)"
"14301366","JK381413","2026-08-20T16:30:00.000","006XX W HARRISON ST","0265","CRIMINAL SEXUAL ASSAULT","AGGRAVATED - OTHER","STREET","false","false","0124","001","34","28","02","1172257","1897564","2026","2026-08-28T15:49:37.000","41.874363279","-87.643013039","
,  
(41.874363279, -87.643013039)"
"14300482","JK381620","2026-08-20T16:30:00.000","052XX S INDIANA AVE","051A","ASSAULT","AGGRAVATED - HANDGUN","SIDEWALK","false","false","0231","002","3","40","04A","1178484","1870463","2026","2026-08-28T15:49:37.000","41.799856435","-87.620975753","
,  
(41.799856435, -87.620975753)"
"14300071","JK381004","2026-08-20T16:30:00.000","016XX S LAWNDALE AVE","0910","MOTOR VEHICLE THEFT","AUTOMOBILE","STREET","false","false","1014","010","24","29","07","1151968","1891594","2026","2026-08-28T15:49:37.000","41.858404536","-87.717662576","
,  
(41.858404536, -87.717662576)"
"14300408","JK381476","2026-08-20T16:30:00.000","050XX N MARINE DR","1320","CRIMINAL DAMAGE","TO VEHICLE","RESIDENCE - GARAGE","false","false","2024","020","48","3","14","1169716","1933892","2026","2026-08-28T15:49:37.000","41.974104832","-87.651281486","
,  
(41.974104832, -87.651281486)"
"14299935","JK380888","2026-08-20T16:30:00.000","015XX N KINGSBURY ST","1152","DECEPTIVE PRACTICE","ILLEGAL USE CASH CARD","GROCERY FOOD STORE","false","false","1822","018","27","8","11","1169505","1910252","2026","2026-08-28T15:49:37.000","41.909240284","-87.65274758","
,  
(41.909240284, -87.65274758)"
"14299801","JK380796","2026-08-20T16:30:00.000","011XX W WRIGHTWOOD AVE","1310","CRIMINAL DAMAGE","TO PROPERTY","APARTMENT","false","false","1932","019","43","7","14","1168247","1917424","2026","2026-08-28T15:49:37.000","41.928947949","-87.657161147","
,  
(41.928947949, -87.657161147)"
"14302129","JK383601","2026-08-20T16:30:00.000","064XX S ASHLAND AVE","0810","THEFT","OVER $500","STREET","false","false","0725","007","15","67","06","1166774","1862112","2026","2026-08-28T15:49:37.000","41.777198547","-87.664157893","
,  
(41.777198547, -87.664157893)"
"14300358","JK381409","2026-08-20T16:30:00.000","061XX S AUSTIN AVE","0560","ASSAULT","SIMPLE","STREET","false","false","0812","008","13","64","08A","1137458","1863199","2026","2026-08-28T15:49:37.000","41.780757209","-87.771605682","
,  
(41.780757209, -87.771605682)"
"14300029","JK380745","2026-08-20T16:28:00.000","073XX S ASHLAND AVE","0860","THEFT","RETAIL THEFT","SMALL RETAIL STORE","false","false","0735","007","17","67","06","1166958","1855870","2026","2026-08-28T15:49:37.000","41.760065748","-87.663661519","
,  
(41.760065748, -87.663661519)"
"14299822","JK380723","2026-08-20T16:24:00.000","010XX W RANDOLPH ST","0860","THEFT","RETAIL THEFT","SMALL RETAIL STORE","false","false","1224","012","27","28","06","1169307","1901120","2026","2026-08-28T15:49:37.000","41.884185797","-87.653740666","
,  
(41.884185797, -87.653740666)"
"14300239","JK380765","2026-08-20T16:19:00.000","0000X E 61ST ST","502P","OTHER OFFENSE","FALSE / STOLEN / ALTERED TRP","STREET","true","false","0311","003","20","40","26","1177606","1864579","2026","2026-08-28T15:49:37.000","41.783730087","-87.624373545","
,  
(41.783730087, -87.624373545)"
"14299969","JK380753","2026-08-20T16:18:00.000","018XX N KOSTNER AVE","5011","OTHER OFFENSE","LICENSE VIOLATION","PARKING LOT / GARAGE (NON RESIDENTIAL)","false","false","2533","025","26","20","26","1146768","1911784","2026","2026-08-28T15:49:37.000","41.913908927","-87.736234407","
,  
(41.913908927, -87.736234407)"
"14299840","JK380827","2026-08-20T16:17:00.000","0000X E 57TH ST","2890","PUBLIC PEACE VIOLATION","OTHER VIOLATION","STREET","true","false","0232","002","20","40","24","1177382","1867235","2026","2026-08-28T15:49:37.000","41.791023482","-87.625114591","
,  
(41.791023482, -87.625114591)"
"14300112","JK381098","2026-08-20T16:16:00.000","040XX W 115TH ST","2826","OTHER OFFENSE","HARASSMENT BY ELECTRONIC MEANS","APARTMENT","false","true","2211","022","19","74","26","1151295","1828012","2026","2026-08-28T15:49:37.000","41.683938508","-87.721792427","
,  
(41.683938508, -87.721792427)"
"14299812","JK380792","2026-08-20T16:14:00.000","039XX N KEDZIE AVE","0620","BURGLARY","UNLAWFUL ENTRY","RESIDENCE - GARAGE","false","false","1733","017","33","16","05","1154353","1926031","2026","2026-08-28T15:49:37.000","41.952855502","-87.707986544","
,  
(41.952855502, -87.707986544)"
"14300067","JK380690","2026-08-20T16:13:00.000","065XX S LOWE AVE","0420","BATTERY","AGGRAVATED - KNIFE / CUTTING INSTRUMENT","RESIDENCE","false","false","0723","007","6","68","04B","1173163","1861518","2026","2026-08-28T15:49:37.000","41.775429728","-87.640753492","
,  
(41.775429728, -87.640753492)"
"14299922","JK380937","2026-08-20T16:03:00.000","028XX W HARRISON ST","2825","OTHER OFFENSE","HARASSMENT BY TELEPHONE","APARTMENT","false","false","1135","011","27","27","26","1157463","1897240","2026","2026-08-28T15:49:37.000","41.873787846","-87.697338796","
,  
(41.873787846, -87.697338796)"
"14300144","JK381123","2026-08-20T16:01:00.000","054XX N EAST RIVER RD","1192","DECEPTIVE PRACTICE","WIC FRAUD","APARTMENT","false","false","1614","016","41","76","11","1116633","1934807","2026","2026-08-28T15:49:37.000","41.977609479","-87.846467101","
,  
(41.977609479, -87.846467101)"
"14300605","JK381486","2026-08-20T16:00:00.000","061XX S COTTAGE GROVE AVE","1365","CRIMINAL TRESPASS","TO RESIDENCE","APARTMENT","false","false","0313","003","20","42","26","1182620","1864459","2026","2026-08-28T15:49:37.000","41.783285879","-87.605994327","
,  
(41.783285879, -87.605994327)"
"14299940","JK380950","2026-08-20T16:00:00.000","019XX N CALIFORNIA AVE","0620","BURGLARY","UNLAWFUL ENTRY","RESIDENCE - GARAGE","false","false","1421","014","1","22","05","1157396","1912729","2026","2026-08-28T15:49:37.000","41.916292407","-87.697163126","
,  
(41.916292407, -87.697163126)"
"14301557","JK382929","2026-08-20T16:00:00.000","024XX W MOFFAT ST","2825","OTHER OFFENSE","HARASSMENT BY TELEPHONE","APARTMENT","false","false","1434","014","1","22","26","1159887","1912222","2026","2026-08-28T15:49:37.000","41.914850092","-87.688025306","
,  
(41.914850092, -87.688025306)"
"14299778","JK380764","2026-08-20T15:56:00.000","003XX S WACKER DR","0910","MOTOR VEHICLE THEFT","AUTOMOBILE","STREET","false","false","0122","001","34","32","07","1173977","1898756","2026","2026-08-28T15:49:37.000","41.877596071","-87.636662503","
,  
(41.877596071, -87.636662503)"
"14299751","JK380628","2026-08-20T15:50:00.000","014XX W 69TH ST","2027","NARCOTICS","POSSESS - CRACK","STREET","true","false","0734","007","17","67","18","1168105","1858995","2026","2026-08-28T15:49:37.000","41.768616578","-87.659368009","
,  
(41.768616578, -87.659368009)"
"14301038","JK381162","2026-08-20T15:50:00.000","090XX S COTTAGE GROVE AVE","0486","BATTERY","DOMESTIC BATTERY SIMPLE","APARTMENT","false","true","0633","006","8","44","08B","1183139","1845391","2026","2026-08-28T15:49:37.000","41.730949275","-87.604683641","
,  
(41.730949275, -87.604683641)"
"14299755","JK380637","2026-08-20T15:49:00.000","041XX W JACKSON BLVD","2093","NARCOTICS","FOUND SUSPECT NARCOTICS","VACANT LOT / LAND","true","false","1115","011","28","26","18","1148836","1898365","2026","2026-08-28T15:49:37.000","41.877046018","-87.72898414","
,  
(41.877046018, -87.72898414)"
"14299779","JK380615","2026-08-20T15:43:00.000","018XX S HARDING AVE","2027","NARCOTICS","POSSESS - CRACK","ALLEY","true","false","1014","010","24","29","18","1150351","1890638","2026","2026-08-28T15:49:37.000","41.85581282","-87.723622964","
,  
(41.85581282, -87.723622964)"
"14299758","JK380630","2026-08-20T15:40:00.000","112XX S MICHIGAN AVE","4650","OTHER OFFENSE","SEX OFFENDER - FAIL TO REGISTER","STREET","false","false","0531","005","9","49","26","1178807","1830241","2026","2026-08-28T15:49:37.000","41.689475174","-87.621012276","
,  
(41.689475174, -87.621012276)"
"14299849","JK380649","2026-08-20T15:40:00.000","011XX S CLARK ST","0860","THEFT","RETAIL THEFT","SMALL RETAIL STORE","true","false","0123","001","34","32","06","1175696","1895352","2026","2026-08-28T15:49:37.000","41.86821682","-87.6304532","
,  
(41.86821682, -87.6304532)"
"14299884","JK380633","2026-08-20T15:40:00.000","064XX S ASHLAND AVE","0560","ASSAULT","SIMPLE","STREET","false","false","0725","007","16","67","08A","1166775","1862085","2026","2026-08-28T15:49:37.000","41.777124435","-87.664154997","
,  
(41.777124435, -87.664154997)"
"14300625","JK380882","2026-08-20T15:35:00.000","040XX W 115TH ST","4387","OTHER OFFENSE","VIOLATE ORDER OF PROTECTION","RESIDENCE","false","true","2211","022","19","74","26","1151295","1828012","2026","2026-08-28T15:49:37.000","41.683938508","-87.721792427","
,  
(41.683938508, -87.721792427)"
"14299928","JK380844","2026-08-20T15:32:00.000","029XX W LAKE ST","2825","OTHER OFFENSE","HARASSMENT BY TELEPHONE","RESIDENCE","false","true","1222","012","27","27","26","1156745","1900999","2026","2026-08-28T15:49:37.000","41.88411748","-87.69987309","
,  
(41.88411748, -87.69987309)"
"14300015","JK380686","2026-08-20T15:32:00.000","027XX W 15TH PL","0281","CRIMINAL SEXUAL ASSAULT","NON-AGGRAVATED","OTHER (SPECIFY)","false","false","1023","010","28","29","02","1158277","1892276","2026","2026-08-28T15:49:37.000","41.860149538","-87.694485803","
,  
(41.860149538, -87.694485803)"
"14299956","JK380992","2026-08-20T15:30:00.000","026XX E 75TH ST","0560","ASSAULT","SIMPLE","NURSING / RETIREMENT HOME","false","false","0421","004","7","43","08A","1195362","1855859","2026","2026-08-28T15:49:37.000","41.759381635","-87.55956245","
,  
(41.759381635, -87.55956245)"
"14302348","JK384002","2026-08-20T15:30:00.000","054XX S CORNELL AVE","0910","MOTOR VEHICLE THEFT","AUTOMOBILE","STREET","false","false","0234","002","5","41","07","1188189","1869081","2026","2026-08-28T15:49:37.000","41.795837911","-87.585429397","
,  
(41.795837911, -87.585429397)"
"14305994","JK388493","2026-08-20T15:30:00.000","046XX S LAKE PARK AVE","1310","CRIMINAL DAMAGE","TO PROPERTY","APARTMENT","false","false","0222","002","4","39","14","1185881","1874502","2026","2026-08-28T15:49:37.000","41.810768324","-87.593721765","
,  
(41.810768324, -87.593721765)"
"14299814","JK380656","2026-08-20T15:30:00.000","026XX E 75TH ST","0560","ASSAULT","SIMPLE","NURSING / RETIREMENT HOME","false","false","0421","004","7","43","08A","1195362","1855859","2026","2026-08-28T15:49:37.000","41.759381635","-87.55956245","
,  
(41.759381635, -87.55956245)"
"14299987","JK380647","2026-08-20T15:30:00.000","001XX E 49TH ST","0810","THEFT","OVER $500","ALLEY","false","false","0224","002","3","38","06","1178208","1872575","2026","2026-08-28T15:49:37.000","41.805658227","-87.621923808","
,  
(41.805658227, -87.621923808)"
"14299785","JK380609","2026-08-20T15:26:00.000","064XX S PEORIA ST","143A","WEAPONS VIOLATION","UNLAWFUL POSSESSION - HANDGUN","STREET","true","false","0723","007","16","68","15","1171412","1862216","2026","2026-08-28T15:49:37.000","41.77738364","-87.647152025","
,  
(41.77738364, -87.647152025)"
"14299876","JK380623","2026-08-20T15:26:00.000","061XX N CALDWELL AVE","0560","ASSAULT","SIMPLE","PARK PROPERTY","false","false","1621","016","39","12","08A","1140767","1940579","2026","2026-08-28T15:49:37.000","41.993037581","-87.757570559","
,  
(41.993037581, -87.757570559)"
"14299760","JK380605","2026-08-20T15:25:00.000","059XX S ROCKWELL ST","0486","BATTERY","DOMESTIC BATTERY SIMPLE","APARTMENT","true","true","0824","008","16","66","08B","1160058","1865123","2026","2026-08-28T15:49:37.000","41.785601922","-87.688696028","
,  
(41.785601922, -87.688696028)"
"14300502","JK381563","2026-08-20T15:20:00.000","028XX S ARCHER AVE","0560","ASSAULT","SIMPLE","OTHER (SPECIFY)","false","false","0913","009","11","60","08A","1168875","1886000","2026","2026-08-28T15:49:37.000","41.842704663","-87.655765213","
,  
(41.842704663, -87.655765213)"
"14299711","JK380604","2026-08-20T15:18:00.000","026XX N CLARK ST","0860","THEFT","RETAIL THEFT","DEPARTMENT STORE","false","false","1935","019","43","7","06","1171818","1918166","2026","2026-08-28T15:49:37.000","41.930906002","-87.644017035","
,  
(41.930906002, -87.644017035)"
"14299717","JK380634","2026-08-20T15:15:00.000","060XX S WESTERN AVE","0810","THEFT","OVER $500","SMALL RETAIL STORE","false","false","0825","008","16","66","06","1161408","1864461","2026","2026-08-28T15:49:37.000","41.783757424","-87.683764609","
,  
(41.783757424, -87.683764609)"
"14299900","JK380662","2026-08-20T15:15:00.000","013XX S MORGAN ST","0460","BATTERY","SIMPLE","APARTMENT","false","false","1232","012","28","28","08B","1170123","1893829","2026","2026-08-28T15:49:37.000","41.864160985","-87.650957088","
,  
(41.864160985, -87.650957088)"
"14299982","JK380750","2026-08-20T15:05:00.000","027XX W BRYN MAWR AVE","0610","BURGLARY","FORCIBLE ENTRY","RESIDENCE","false","false","2011","020","40","4","05","1157167","1937085","2026","2026-08-28T15:49:37.000","41.983131468","-87.697340452","
,  
(41.983131468, -87.697340452)"
"14304723","JK386995","2026-08-20T15:00:00.000","031XX N SHEFFIELD AVE","0810","THEFT","OVER $500","APARTMENT","false","false","1933","019","44","6","06","1169055","1921188","2026","2026-08-28T15:49:37.000","41.939259017","-87.654082437","
,  
(41.939259017, -87.654082437)"
"14301416","JK382826","2026-08-20T15:00:00.000","015XX W MORSE AVE","0890","THEFT","FROM BUILDING","APARTMENT","false","false","2431","024","49","1","06","1164880","1946156","2026","2026-08-28T15:49:37.000","42.007861864","-87.668714726","
,  
(42.007861864, -87.668714726)"
"14299803","JK380759","2026-08-20T15:00:00.000","070XX S EGGLESTON AVE","0560","ASSAULT","SIMPLE","SIDEWALK","false","false","0732","007","6","68","08A","1174499","1858157","2026","2026-08-28T15:49:37.000","41.76617713","-87.635955794","
,  
(41.76617713, -87.635955794)"
"14300989","JK382212","2026-08-20T15:00:00.000","0000X E JACKSON BLVD","0810","THEFT","OVER $500","SIDEWALK","false","false","0113","001","34","32","06","1176681","1899009","2026","2026-08-28T15:49:37.000","41.878229659","-87.626726587","
,  
(41.878229659, -87.626726587)"
"14299729","JK380645","2026-08-20T15:00:00.000","016XX E 50TH ST","0910","MOTOR VEHICLE THEFT","AUTOMOBILE","STREET","false","false","0222","002","5","39","07","1187971","1872185","2026","2026-08-28T15:49:37.000","41.804360707","-87.586129856","
,  
(41.804360707, -87.586129856)"
"14300072","JK380576","2026-08-20T15:00:00.000","110XX S HALSTED ST","1330","CRIMINAL TRESPASS","TO LAND","RESTAURANT","false","false","2233","022","21","75","26","1172952","1831572","2026","2026-08-28T15:49:37.000","41.693258507","-87.642408263","
,  
(41.693258507, -87.642408263)"
"14299799","JK380600","2026-08-20T15:00:00.000","065XX S PROMONTORY DR","1320","CRIMINAL DAMAGE","TO VEHICLE","VEHICLE NON-COMMERCIAL","true","true","0331","003","5","42","14","1192350","1862028","2026","2026-08-28T15:49:37.000","41.776383652","-87.570400581","
,  
(41.776383652, -87.570400581)"
"14306478","JK389260","2026-08-20T15:00:00.000","001XX N ABERDEEN ST","0820","THEFT","$500 AND UNDER","COMMERCIAL / BUSINESS OFFICE","false","false","1224","012","27","28","06","1169110","1901401","2026","2026-08-29T15:40:48.000","41.884961159","-87.654455905","
,  
(41.884961159, -87.654455905)"
"14300825","JK381929","2026-08-20T14:58:00.000","0000X W 79TH ST","0460","BATTERY","SIMPLE","SIDEWALK","false","false","0623","006","6","44","08B","1177483","1852629","2026","2026-08-28T15:49:37.000","41.750940757","-87.625185222","
,  
(41.750940757, -87.625185222)"
"14301457","JK382729","2026-08-20T14:48:00.000","082XX S ELLIS AVE","0820","THEFT","$500 AND UNDER","APARTMENT","false","false","0631","006","8","44","06","1184328","1850638","2026","2026-08-28T15:49:37.000","41.74531991","-87.600164211","
,  
(41.74531991, -87.600164211)"
"14299859","JK380593","2026-08-20T14:45:00.000","007XX S CICERO AVE","0460","BATTERY","SIMPLE","CTA PARKING LOT / GARAGE / OTHER PROPERTY","false","false","1533","015","29","25","08B","1144508","1896325","2026","2026-08-28T15:49:37.000","41.871530533","-87.744926805","
,  
(41.871530533, -87.744926805)"
"14299742","JK380663","2026-08-20T14:45:00.000","062XX W GRAND AVE","1130","DECEPTIVE PRACTICE","FRAUD OR CONFIDENCE GAME","PARKING LOT / GARAGE (NON RESIDENTIAL)","false","false","2512","025","36","19","11","1134618","1914475","2026","2026-08-28T15:49:37.000","41.921516792","-87.780808311","
,  
(41.921516792, -87.780808311)"
"14299830","JK380619","2026-08-20T14:43:00.000","027XX N FRANCISCO AVE","1310","CRIMINAL DAMAGE","TO PROPERTY","APARTMENT","false","false","1411","014","1","22","14","1156568","1918126","2026","2026-08-28T15:49:37.000","41.931119004","-87.700058736","
,  
(41.931119004, -87.700058736)"
"14304805","JK387159","2026-08-20T14:42:00.000","051XX W FULTON ST","4387","OTHER OFFENSE","VIOLATE ORDER OF PROTECTION","RESIDENCE","false","true","1532","015","28","25","26","1142146","1901459","2026","2026-08-28T15:49:37.000","41.885662978","-87.753471392","
,  
(41.885662978, -87.753471392)"
"14299753","JK380636","2026-08-20T14:42:00.000","011XX S CANAL ST","0860","THEFT","RETAIL THEFT","SMALL RETAIL STORE","true","false","0124","001","28","28","06","1173305","1895394","2026","2026-08-28T15:49:37.000","41.868385458","-87.639229711","
,  
(41.868385458, -87.639229711)"
"14299762","JK380612","2026-08-20T14:39:00.000","053XX S WESTERN AVE","0860","THEFT","RETAIL THEFT","SMALL RETAIL STORE","false","false","0923","009","15","63","06","1161283","1869012","2026","2026-08-28T15:49:37.000","41.796248561","-87.684096904","
,  
(41.796248561, -87.684096904)"
"14299693","JK380533","2026-08-20T14:38:00.000","059XX S MICHIGAN AVE","143A","WEAPONS VIOLATION","UNLAWFUL POSSESSION - HANDGUN","SIDEWALK","true","false","0232","002","20","40","15","1178176","1865570","2026","2026-08-28T15:49:37.000","41.786436574","-87.622253688","
,  
(41.786436574, -87.622253688)"
"14303751","JK385820","2026-08-20T14:35:00.000","014XX S INDIANA AVE","1130","DECEPTIVE PRACTICE","FRAUD OR CONFIDENCE GAME","APARTMENT","false","false","0132","001","3","33","11","1177890","1893527","2026","2026-08-28T15:49:37.000","41.86315933","-87.622454163","
,  
(41.86315933, -87.622454163)"
"14299861","JK380585","2026-08-20T14:32:00.000","047XX W HARRISON ST","051A","ASSAULT","AGGRAVATED - HANDGUN","GAS STATION","true","false","1131","011","24","25","04A","1144812","1896930","2026","2026-08-28T15:49:37.000","41.873185004","-87.743795434","
,  
(41.873185004, -87.743795434)"
"14300380","JK381422","2026-08-20T14:30:00.000","091XX S JUSTINE ST","0890","THEFT","FROM BUILDING","OTHER (SPECIFY)","false","false","2221","022","21","73","06","1167610","1844095","2026","2026-08-28T15:49:37.000","41.727739523","-87.661608805","
,  
(41.727739523, -87.661608805)"
"14301607","JK380556","2026-08-20T14:30:00.000","080XX S ADA ST","0486","BATTERY","DOMESTIC BATTERY SIMPLE","APARTMENT","false","true","0612","006","17","71","08B","1168729","1851359","2026","2026-08-28T15:49:37.000","41.74764894","-87.657300692","
,  
(41.74764894, -87.657300692)"
"14299784","JK380707","2026-08-20T14:30:00.000","013XX W 98TH ST","0810","THEFT","OVER $500","RESIDENCE","false","true","2213","022","21","73","06","1169187","1839797","2026","2026-08-28T15:49:37.000","41.715911252","-87.655955863","
,  
(41.715911252, -87.655955863)"
"14299796","JK380589","2026-08-20T14:30:00.000","081XX S BISHOP ST","0560","ASSAULT","SIMPLE","SCHOOL - PUBLIC GROUNDS","false","false","0614","006","17","71","08A","1168085","1850698","2026","2026-08-28T15:49:37.000","41.745848924","-87.659679467","
,  
(41.745848924, -87.659679467)"
"14299723","JK380549","2026-08-20T14:30:00.000","0000X E CHICAGO AVE","0470","PUBLIC PEACE VIOLATION","RECKLESS CONDUCT","CTA BUS","true","false","1833","018","42","8","24","1176365","1905732","2026","2026-08-28T15:49:37.000","41.896685066","-87.627683859","
,  
(41.896685066, -87.627683859)"
"14302434","JK384112","2026-08-20T14:30:00.000","095XX S STONY ISLAND AVE","0820","THEFT","$500 AND UNDER","CAR WASH","false","false","0511","005","8","50","06","1188503","1842146","2026","2026-08-28T15:49:37.000","41.721918366","-87.585137009","
,  
(41.721918366, -87.585137009)"
"14299736","JK380586","2026-08-20T14:30:00.000","020XX S CALUMET AVE","0710","THEFT","THEFT FROM MOTOR VEHICLE","STREET","false","false","0132","001","3","33","06","1178829","1890655","2026","2026-08-28T15:49:37.000","41.855256996","-87.619094926","
,  
(41.855256996, -87.619094926)"
"14299707","JK380567","2026-08-20T14:27:00.000","041XX N CLARENDON AVE","0560","ASSAULT","SIMPLE","SCHOOL - PUBLIC GROUNDS","false","true","1915","019","46","3","08A","1170177","1927625","2026","2026-08-28T15:49:37.000","41.956897917","-87.64977013","
,  
(41.956897917, -87.64977013)"
"14299990","JK380526","2026-08-20T14:20:00.000","060XX S MORGAN ST","0486","BATTERY","DOMESTIC BATTERY SIMPLE","RESIDENCE","false","true","0712","007","16","68","08B","1170680","1864781","2026","2026-08-28T15:49:37.000","41.784438299","-87.649760778","
,  
(41.784438299, -87.649760778)"
"14299747","JK380652","2026-08-20T14:20:00.000","014XX W IRVING PARK RD","0810","THEFT","OVER $500","PARKING LOT / GARAGE (NON RESIDENTIAL)","false","false","1922","019","46","6","06","1166063","1926662","2026","2026-08-28T15:49:37.000","41.954344457","-87.664921916","
,  
(41.954344457, -87.664921916)"
"14300033","JK380544","2026-08-20T14:18:00.000","072XX S PEORIA ST","2017","NARCOTICS","MANUFACTURE / DELIVER - CRACK","RESIDENCE","true","false","0733","007","17","68","18","1171560","1856793","2026","2026-08-28T15:49:37.000","41.762499029","-87.646768159","
,  
(41.762499029, -87.646768159)"
"14301058","JK382194","2026-08-20T14:15:00.000","0000X E WACKER PL","0810","THEFT","OVER $500","RESTAURANT","false","false","0111","001","42","32","06","1176954","1902140","2026","2026-08-28T15:49:37.000","41.886815123","-87.625629401","
,  
(41.886815123, -87.625629401)"
"14299759","JK380543","2026-08-20T14:08:00.000","009XX N HARDING AVE","0910","MOTOR VEHICLE THEFT","AUTOMOBILE","STREET","false","false","1112","011","37","23","07","1149884","1905981","2026","2026-08-28T15:49:37.000","41.897924825","-87.724937898","
,  
(41.897924825, -87.724937898)"
"14300125","JK380819","2026-08-20T14:00:00.000","071XX S COLES AVE","1120","DECEPTIVE PRACTICE","FORGERY","APARTMENT","false","false","0334","003","7","43","10","1194037","1858232","2026","2026-08-28T15:49:37.000","41.765925925","-87.564340689","
,  
(41.765925925, -87.564340689)"
"14301078","JK382379","2026-08-20T14:00:00.000","023XX N PARKSIDE AVE","1310","CRIMINAL DAMAGE","TO PROPERTY","APARTMENT","false","false","2515","025","36","19","14","1138328","1914987","2026","2026-08-28T15:49:37.000","41.922855373","-87.767164184","
,  
(41.922855373, -87.767164184)"
"14300448","JK381565","2026-08-20T14:00:00.000","020XX W WABANSIA AVE","1130","DECEPTIVE PRACTICE","FRAUD OR CONFIDENCE GAME","STREET","false","false","1434","014","32","24","11","1162510","1911308","2026","2026-08-28T15:49:37.000","41.912287451","-87.678414384","
,  
(41.912287451, -87.678414384)"
"14299802","JK380577","2026-08-20T14:00:00.000","045XX W FULLERTON AVE","1210","DECEPTIVE PRACTICE","THEFT OF LABOR / SERVICES","OTHER (SPECIFY)","false","false","2521","025","31","20","11","1145771","1915573","2026","2026-08-28T15:49:37.000","41.924325308","-87.739800901","
,  
(41.924325308, -87.739800901)"
"14300566","JK381615","2026-08-20T14:00:00.000","0000X N MICHIGAN AVE","0870","THEFT","POCKET-PICKING","PARKING LOT / GARAGE (NON RESIDENTIAL)","false","false","0114","001","42","32","06","1177306","1900580","2026","2026-08-28T15:49:37.000","41.882526427","-87.624384106","
,  
(41.882526427, -87.624384106)"
"14301594","JK382995","2026-08-20T14:00:00.000","075XX S GREEN ST","0810","THEFT","OVER $500","RESIDENCE","false","false","0621","006","17","71","06","1171944","1854806","2026","2026-08-28T15:49:37.000","41.757038033","-87.645418982","
,  
(41.757038033, -87.645418982)"
"14299988","JK380546","2026-08-20T13:57:00.000","075XX S STONY ISLAND AVE","143A","WEAPONS VIOLATION","UNLAWFUL POSSESSION - HANDGUN","STREET","true","false","0411","004","8","43","15","1188124","1855132","2026","2026-08-28T15:49:37.000","41.757562271","-87.586112206","
,  
(41.757562271, -87.586112206)"
"14299692","JK380568","2026-08-20T13:56:00.000","055XX W GRAND AVE","2820","OTHER OFFENSE","TELEPHONE THREAT","STREET","false","true","2515","025","37","19","08A","1138788","1913480","2026","2026-08-28T15:49:37.000","41.918711651","-87.76551063","
,  
(41.918711651, -87.76551063)"
"14299901","JK380833","2026-08-20T13:53:00.000","013XX S AVERS AVE","2826","OTHER OFFENSE","HARASSMENT BY ELECTRONIC MEANS","APARTMENT","false","false","1011","010","24","29","26","1150923","1893581","2026","2026-08-28T15:49:37.000","41.863877597","-87.721446441","
,  
(41.863877597, -87.721446441)"
"14300164","JK381067","2026-08-20T13:51:00.000","052XX W ALTGELD ST","0810","THEFT","OVER $500","RESIDENCE","false","false","2515","025","31","19","06","1141003","1916133","2026","2026-08-28T15:49:37.000","41.925951233","-87.75730692","
,  
(41.925951233, -87.75730692)"
"14300287","JK381104","2026-08-20T13:51:00.000","045XX S LAKE PARK AVE","4387","OTHER OFFENSE","VIOLATE ORDER OF PROTECTION","APARTMENT","false","true","0222","002","4","39","26","1185448","1874978","2026","2026-08-28T15:49:37.000","41.812084717","-87.59529495","
,  
(41.812084717, -87.59529495)"
"14299949","JK380729","2026-08-20T13:50:00.000","004XX S MICHIGAN AVE","0820","THEFT","$500 AND UNDER","RESTAURANT","false","false","0113","001","4","32","06","1177351","1898451","2026","2026-08-28T15:49:37.000","41.876683313","-87.624283454","
,  
(41.876683313, -87.624283454)"
"14299676","JK380500","2026-08-20T13:50:00.000","007XX N LOREL AVE","1812","NARCOTICS","POSSESS - CANNABIS MORE THAN 30 GRAMS","STREET","true","false","1524","015","37","25","18","1140538","1904488","2026","2026-08-28T15:49:37.000","41.894004591","-87.759301959","
,  
(41.894004591, -87.759301959)"
"14299671","JK380490","2026-08-20T13:45:00.000","020XX W 63RD ST","1310","CRIMINAL DAMAGE","TO PROPERTY","RESTAURANT","false","false","0714","007","16","67","14","1163988","1862860","2026","2026-08-28T15:49:37.000","41.779310196","-87.674350347","
,  
(41.779310196, -87.674350347)"
"14299767","JK380627","2026-08-20T13:43:00.000","004XX W DIVISION ST","1330","CRIMINAL TRESPASS","TO LAND","SMALL RETAIL STORE","true","false","1821","018","27","8","26","1173175","1908290","2026","2026-08-28T15:49:37.000","41.903775756","-87.639324074","
,  
(41.903775756, -87.639324074)"
"14300514","JK381653","2026-08-20T13:40:00.000","088XX S BURLEY AVE","0820","THEFT","$500 AND UNDER","APARTMENT","false","false","0424","004","10","46","06","1199205","1846967","2026","2026-08-28T15:49:37.000","41.734885649","-87.545776576","
,  
(41.734885649, -87.545776576)"
"14299867","JK380815","2026-08-20T13:37:00.000","018XX N TALMAN AVE","1130","DECEPTIVE PRACTICE","FRAUD OR CONFIDENCE GAME","RESIDENCE","false","false","1421","014","1","22","11","1158411","1912185","2026","2026-08-28T15:49:37.000","41.914778908","-87.693448965","
,  
(41.914778908, -87.693448965)"
"14300021","JK380564","2026-08-20T13:30:00.000","026XX W 12TH PL","0820","THEFT","$500 AND UNDER","APARTMENT","false","true","1023","010","28","29","06","1158794","1894289","2026","2026-08-28T15:49:37.000","41.865662843","-87.692532873","
,  
(41.865662843, -87.692532873)"
"14299841","JK380616","2026-08-20T13:30:00.000","017XX N LINDER AVE","1320","CRIMINAL DAMAGE","TO VEHICLE","VEHICLE NON-COMMERCIAL","false","false","2532","025","37","25","14","1139463","1911028","2026","2026-08-28T15:49:37.000","41.911970795","-87.76309048","
,  
(41.911970795, -87.76309048)"
"14300673","JK381856","2026-08-20T13:30:00.000","002XX W WACKER DR","1122","DECEPTIVE PRACTICE","COUNTERFEIT CHECK","COMMERCIAL / BUSINESS OFFICE","false","false","0122","001","42","32","10","1174562","1902121","2026","2026-08-28T15:49:37.000","41.886816783","-87.634413935","
,  
(41.886816783, -87.634413935)"
"14299833","JK380642","2026-08-20T13:30:00.000","095XX S CONSTANCE AVE","0560","ASSAULT","SIMPLE","RESIDENCE","false","false","0431","004","7","51","08A","1190181","1842168","2026","2026-08-28T15:49:37.000","41.721938553","-87.578990155","
,  
(41.721938553, -87.578990155)"
"14299815","JK380732","2026-08-20T13:29:00.000","004XX E 73RD ST","0486","BATTERY","DOMESTIC BATTERY SIMPLE","APARTMENT","false","true","0323","003","6","69","08B","1180353","1856709","2026","2026-08-28T15:49:37.000","41.762071419","-87.614543301","
,  
(41.762071419, -87.614543301)"
"14299708","JK380485","2026-08-20T13:27:00.000","064XX W FULLERTON AVE","5002","OTHER OFFENSE","OTHER VEHICLE OFFENSE","STREET","true","false","2512","025","36","19","26","1133186","1915252","2026","2026-08-28T15:49:37.000","41.923674171","-87.786051721","
,  
(41.923674171, -87.786051721)"
"14299638","JK380465","2026-08-20T13:25:00.000","030XX S HALSTED ST","0860","THEFT","RETAIL THEFT","COMMERCIAL / BUSINESS OFFICE","false","false","0914","009","11","60","06","1171463","1884712","2026","2026-08-28T15:49:37.000","41.839113859","-87.646305794","
,  
(41.839113859, -87.646305794)"
"14300947","JK382168","2026-08-20T13:25:00.000","016XX W COLUMBIA AVE","4387","OTHER OFFENSE","VIOLATE ORDER OF PROTECTION","APARTMENT","false","true","2432","024","49","1","26","1164168","1944894","2026","2026-08-28T15:49:37.000","42.004414046","-87.671370225","
,  
(42.004414046, -87.671370225)"
"14300092","JK380475","2026-08-20T13:25:00.000","035XX S ARTESIAN AVE","0320","ROBBERY","STRONG ARM - NO WEAPON","PARKING LOT / GARAGE (NON RESIDENTIAL)","false","false","0911","009","12","59","03","1160594","1881234","2026","2026-08-28T15:49:37.000","41.829801481","-87.686286067","
,  
(41.829801481, -87.686286067)"
"14299645","JK380484","2026-08-20T13:19:00.000","112XX S CHURCH ST","2826","OTHER OFFENSE","HARASSMENT BY ELECTRONIC MEANS","OTHER (SPECIFY)","false","true","2212","022","19","75","26","1166408","1830218","2026","2026-08-28T15:49:37.000","41.689684448","-87.666405656","
,  
(41.689684448, -87.666405656)"
"14299745","JK380453","2026-08-20T13:15:00.000","044XX W NORTH AVE","0430","BATTERY","AGGRAVATED - OTHER DANGEROUS WEAPON","CTA BUS","false","false","2533","025","37","23","04B","1146615","1910266","2026","2026-08-28T15:49:37.000","41.909746302","-87.736835292","
,  
(41.909746302, -87.736835292)"
"14299744","JK380479","2026-08-20T13:11:00.000","0000X S STATE ST","0860","THEFT","RETAIL THEFT","SMALL RETAIL STORE","true","false","0112","001","34","32","06","1176389","1900278","2026","2026-08-28T15:49:37.000","41.88171846","-87.627760426","
,  
(41.88171846, -87.627760426)"
"14300076","JK380795","2026-08-20T13:10:00.000","037XX W ARTHINGTON ST","0560","ASSAULT","SIMPLE","APARTMENT","false","false","1133","011","24","27","08A","1151684","1895781","2026","2026-08-28T15:49:37.000","41.86989973","-87.718594993","
,  
(41.86989973, -87.718594993)"
"14299644","JK380422","2026-08-20T13:10:00.000","078XX S KINGSTON AVE","1310","CRIMINAL DAMAGE","TO PROPERTY","RESIDENCE","false","false","0421","004","7","43","14","1194548","1853523","2026","2026-08-28T15:49:37.000","41.752991525","-87.562622371","
,  
(41.752991525, -87.562622371)"
"14299700","JK380509","2026-08-20T13:10:00.000","044XX N HAZEL ST","0460","BATTERY","SIMPLE","RESIDENCE - YARD (FRONT / BACK)","false","false","1914","019","46","3","08B","1169456","1929883","2026","2026-08-28T15:49:37.000","41.963109696","-87.652354747","
,  
(41.963109696, -87.652354747)"
"14299649","JK380471","2026-08-20T13:09:00.000","053XX S HOMAN AVE","1320","CRIMINAL DAMAGE","TO VEHICLE","STREET","false","false","0822","008","14","63","14","1154623","1868846","2026","2026-08-28T15:49:37.000","41.795928466","-87.708524243","
,  
(41.795928466, -87.708524243)"
"14299622","JK380439","2026-08-20T13:05:00.000","019XX S ST LOUIS AVE","0470","PUBLIC PEACE VIOLATION","RECKLESS CONDUCT","STREET","true","false","1024","010","24","29","24","1153406","1890205","2026","2026-08-28T15:49:37.000","41.854564542","-87.712421035","
,  
(41.854564542, -87.712421035)"
"14299716","JK380547","2026-08-20T13:02:00.000","007XX N HAMLIN AVE","1150","DECEPTIVE PRACTICE","CREDIT CARD FRAUD","APARTMENT","false","false","1112","011","27","23","11","1150925","1904620","2026","2026-08-28T15:49:37.000","41.894169782","-87.721150046","
,  
(41.894169782, -87.721150046)"
"14301987","JK383326","2026-08-20T13:00:00.000","024XX W MADISON ST","0486","BATTERY","DOMESTIC BATTERY SIMPLE","APARTMENT","false","true","1222","012","27","28","08B","1160182","1899944","2026","2026-08-28T15:49:37.000","41.881152153","-87.68728119","
,  
(41.881152153, -87.68728119)"
"14299654","JK380510","2026-08-20T13:00:00.000","013XX E HYDE PARK BLVD","0920","MOTOR VEHICLE THEFT","ATTEMPT - AUTOMOBILE","STREET","false","false","0222","002","4","39","07","1186235","1871461","2026","2026-08-28T15:49:37.000","41.802415236","-87.592519489","
,  
(41.802415236, -87.592519489)"
"14301485","JK382897","2026-08-20T13:00:00.000","013XX W TAYLOR ST","1220","DECEPTIVE PRACTICE","THEFT OF LOST / MISLAID PROPERTY","CTA BUS STOP","false","false","1231","012","28","28","11","1167412","1895699","2026","2026-08-28T15:49:37.000","41.869351119","-87.660855259","
,  
(41.869351119, -87.660855259)"
"14301681","JK383098","2026-08-20T13:00:00.000","078XX W ADDISON ST","1156","DECEPTIVE PRACTICE","ATTEMPT - FINANCIAL IDENTITY THEFT","APARTMENT","false","false","1631","016","38","17","11","1123261","1923018","2026","2026-08-28T15:49:37.000","41.945153118","-87.822350691","
,  
(41.945153118, -87.822350691)"
"14304565","JK386798","2026-08-20T13:00:00.000","051XX N DAMEN AVE","0810","THEFT","OVER $500","OTHER (SPECIFY)","false","false","2032","020","40","4","06","1162072","1934260","2026","2026-08-28T15:49:37.000","41.975278199","-87.679380184","
,  
(41.975278199, -87.679380184)"
"14299746","JK380418","2026-08-20T12:53:00.000","057XX S PAULINA ST","1310","CRIMINAL DAMAGE","TO PROPERTY","RESIDENCE","false","false","0715","007","15","67","14","1165990","1866658","2026","2026-08-28T15:49:37.000","41.78969005","-87.666902864","
,  
(41.78969005, -87.666902864)"
"14299684","JK380441","2026-08-20T12:48:00.000","0000X S CANAL ST","2093","NARCOTICS","FOUND SUSPECT NARCOTICS","COMMERCIAL / BUSINESS OFFICE","true","false","0121","001","42","28","18","1173144","1900197","2026","2026-08-28T15:49:37.000","41.881568781","-87.63967827","
,  
(41.881568781, -87.63967827)"
"14299845","JK380836","2026-08-20T12:45:00.000","011XX W WILSON AVE","2826","OTHER OFFENSE","HARASSMENT BY ELECTRONIC MEANS","COLLEGE / UNIVERSITY - GROUNDS","false","false","1913","019","46","3","26","1167612","1930696","2026","2026-08-28T15:49:37.000","41.96538061","-87.659110921","
,  
(41.96538061, -87.659110921)"
"14299594","JK380399","2026-08-20T12:45:00.000","003XX W CERMAK RD","0860","THEFT","RETAIL THEFT","SMALL RETAIL STORE","false","false","0914","009","11","34","06","1174359","1889753","2026","2026-08-28T15:49:37.000","41.852882701","-87.635528609","
,  
(41.852882701, -87.635528609)"
"14299650","JK380432","2026-08-20T12:45:00.000","089XX S HALSTED ST","0710","THEFT","THEFT FROM MOTOR VEHICLE","STREET","false","false","2223","022","21","71","06","1172540","1845707","2026","2026-08-28T15:49:37.000","41.732056082","-87.643502069","
,  
(41.732056082, -87.643502069)"
"14299677","JK380443","2026-08-20T12:43:00.000","053XX S LOWE AVE","0486","BATTERY","DOMESTIC BATTERY SIMPLE","RESIDENCE","true","true","0935","009","16","61","08B","1172874","1869384","2026","2026-08-28T15:49:37.000","41.797021283","-87.641580931","
,  
(41.797021283, -87.641580931)"
"14299793","JK380415","2026-08-20T12:35:00.000","005XX E 91ST PL","051A","ASSAULT","AGGRAVATED - HANDGUN","SIDEWALK","true","false","0633","006","8","44","04A","1181535","1844429","2026","2026-08-28T15:49:37.000","41.728346543","-87.610589193","
,  
(41.728346543, -87.610589193)"
"14299743","JK380448","2026-08-20T12:30:00.000","005XX W TAYLOR ST","0486","BATTERY","DOMESTIC BATTERY SIMPLE","RESTAURANT","false","true","0124","001","28","28","08B","1172676","1895878","2026","2026-08-28T15:49:37.000","41.869727521","-87.641524562","
,  
(41.869727521, -87.641524562)"
"14300453","JK381342","2026-08-20T12:30:00.000","057XX S WELLS ST","0820","THEFT","$500 AND UNDER","STREET","false","false","0711","007","20","68","06","1175580","1866986","2026","2026-08-28T15:49:37.000","41.790380745","-87.631729531","
,  
(41.790380745, -87.631729531)"
"14300752","JK381879","2026-08-20T12:30:00.000","012XX W ARTHUR AVE","0910","MOTOR VEHICLE THEFT","AUTOMOBILE","APARTMENT","false","false","2432","024","49","1","07","1166943","1943465","2026","2026-08-28T15:49:37.000","42.000433516","-87.661202254","
,  
(42.000433516, -87.661202254)"
"14301682","JK383075","2026-08-20T12:30:00.000","040XX W MELROSE ST","0560","ASSAULT","SIMPLE","APARTMENT","false","false","1731","017","30","16","08A","1148902","1921304","2026","2026-08-28T15:49:37.000","41.939991628","-87.728147557","
,  
(41.939991628, -87.728147557)"
"14300473","JK381600","2026-08-20T12:30:00.000","0000X E 75TH ST","0910","MOTOR VEHICLE THEFT","AUTOMOBILE","STREET","false","false","0623","006","6","69","07","1178198","1855308","2026","2026-08-28T15:49:37.000","41.758276061","-87.622484015","
,  
(41.758276061, -87.622484015)"
"14299930","JK380574","2026-08-20T12:30:00.000","017XX W 51ST ST","051A","ASSAULT","AGGRAVATED - HANDGUN","STREET","false","false","0932","009","16","61","04A","1165430","1870878","2026","2026-08-28T15:49:37.000","41.801282136","-87.668836611","
,  
(41.801282136, -87.668836611)"
"14300432","JK380413","2026-08-20T12:28:00.000","027XX W LAKE ST","5011","OTHER OFFENSE","LICENSE VIOLATION","CONVENIENCE STORE","false","false","1222","012","27","27","26","1157877","1901065","2026","2026-08-28T15:49:37.000","41.884275586","-87.695714449","
,  
(41.884275586, -87.695714449)"
"14299657","JK380397","2026-08-20T12:28:00.000","070XX S CHAPPEL AVE","1812","NARCOTICS","POSSESS - CANNABIS MORE THAN 30 GRAMS","SIDEWALK","true","false","0331","003","5","43","18","1191099","1858582","2026","2026-08-28T15:49:37.000","41.766957927","-87.575097961","
,  
(41.766957927, -87.575097961)"
"14299643","JK380442","2026-08-20T12:15:00.000","056XX S ARCHER AVE","0560","ASSAULT","SIMPLE","OTHER (SPECIFY)","false","false","0814","008","23","56","08A","1142778","1869271","2026","2026-08-28T15:49:37.000","41.797322774","-87.751950648","
,  
(41.797322774, -87.751950648)"
"14299813","JK380477","2026-08-20T12:10:00.000","079XX S DREXEL AVE","0486","BATTERY","DOMESTIC BATTERY SIMPLE","APARTMENT","false","true","0624","006","8","44","08B","1183611","1852487","2026","2026-08-28T15:49:37.000","41.750410496","-87.602733865","
,  
(41.750410496, -87.602733865)"
"14299616","JK380381","2026-08-20T12:03:00.000","036XX S ARCHER AVE","0460","BATTERY","SIMPLE","SIDEWALK","false","false","0912","009","12","59","08B","1161607","1880351","2026","2026-08-28T15:49:37.000","41.827357432","-87.682593904","
,  
(41.827357432, -87.682593904)"
"14299926","JK380380","2026-08-20T12:03:00.000","026XX W 71ST ST","2017","NARCOTICS","MANUFACTURE / DELIVER - CRACK","APARTMENT","true","false","0831","008","17","66","18","1159817","1857464","2026","2026-08-28T15:49:37.000","41.764589489","-87.689789791","
,  
(41.764589489, -87.689789791)"
"14299883","JK380891","2026-08-20T12:00:00.000","068XX S WESTERN AVE","0810","THEFT","OVER $500","STREET","false","false","0832","008","16","66","06","1161552","1859338","2026","2026-08-28T15:49:37.000","41.769696216","-87.68337861","
,  
(41.769696216, -87.68337861)"
"14301207","JK382401","2026-08-20T12:00:00.000","001XX S CAMPBELL AVE","1310","CRIMINAL DAMAGE","TO PROPERTY","CHA APARTMENT","false","false","1125","011","27","28","14","1159774","1899143","2026","2026-08-28T15:49:37.000","41.878962554","-87.688801432","
,  
(41.878962554, -87.688801432)"
"14300501","JK381640","2026-08-20T12:00:00.000","048XX N SPRINGFIELD AVE","0710","THEFT","THEFT FROM MOTOR VEHICLE","STREET","false","false","1712","017","39","14","06","1149513","1931908","2026","2026-08-28T15:49:37.000","41.969077947","-87.725625555","
,  
(41.969077947, -87.725625555)"
"14300464","JK381522","2026-08-20T12:00:00.000","074XX S STATE ST","0710","THEFT","THEFT FROM MOTOR VEHICLE","PARKING LOT / GARAGE (NON RESIDENTIAL)","false","false","0323","003","6","69","06","1177570","1855556","2026","2026-08-28T15:49:37.000","41.758970818","-87.624778076","
,  
(41.758970818, -87.624778076)"
"14301864","JK383458","2026-08-20T12:00:00.000","001XX S WOOD ST","2825","OTHER OFFENSE","HARASSMENT BY TELEPHONE","APARTMENT","false","false","1223","012","27","28","26","1164430","1899378","2026","2026-08-28T15:49:37.000","41.879510192","-87.671698828","
,  
(41.879510192, -87.671698828)"
"14300695","JK381854","2026-08-20T12:00:00.000","003XX W 35TH ST","0870","THEFT","POCKET-PICKING","SPORTS ARENA / STADIUM","false","false","0915","009","11","34","06","1174431","1881739","2026","2026-08-28T15:49:37.000","41.830890037","-87.635503335","
,  
(41.830890037, -87.635503335)"
"14300196","JK381207","2026-08-20T12:00:00.000","005XX N STATE ST","0760","BURGLARY","BURGLARY FROM MOTOR VEHICLE","PARKING LOT / GARAGE (NON RESIDENTIAL)","false","false","1831","018","42","8","06","1176272","1904025","2026","2026-08-28T15:49:37.000","41.89200307","-87.628076963","
,  
(41.89200307, -87.628076963)"
"14301358","JK382718","2026-08-20T12:00:00.000","012XX W ERIE ST","0920","MOTOR VEHICLE THEFT","ATTEMPT - AUTOMOBILE","STREET","false","false","1215","012","1","24","07","1168094","1904500","2026","2026-08-28T15:49:37.000","41.893487029","-87.658097248","
,  
(41.893487029, -87.658097248)"
"14299658","JK380451","2026-08-20T12:00:00.000","088XX S KENWOOD AVE","0610","BURGLARY","FORCIBLE ENTRY","APARTMENT","false","false","0412","004","8","48","05","1186669","1846466","2026","2026-08-28T15:49:37.000","41.733816458","-87.591718236","
,  
(41.733816458, -87.591718236)"
"14301655","JK383001","2026-08-20T12:00:00.000","103XX S SANGAMON ST","0910","MOTOR VEHICLE THEFT","AUTOMOBILE","STREET","false","false","2232","022","21","73","07","1171810","1836227","2026","2026-08-28T15:49:37.000","41.706057609","-87.646453439","
,  
(41.706057609, -87.646453439)"
"14299593","JK380410","2026-08-20T11:59:00.000","015XX N WALLER AVE","1150","DECEPTIVE PRACTICE","CREDIT CARD FRAUD","APARTMENT","false","false","2531","025","29","25","11","1138057","1909601","2026","2026-08-28T15:49:37.000","41.908080474","-87.768290327","
,  
(41.908080474, -87.768290327)"
"14299683","JK380405","2026-08-20T11:55:00.000","034XX W DOUGLAS BLVD","1330","CRIMINAL TRESPASS","TO LAND","APARTMENT","true","false","1021","010","24","29","26","1153676","1893243","2026","2026-08-28T15:49:37.000","41.862895799","-87.711349237","
,  
(41.862895799, -87.711349237)"
"14299850","JK380396","2026-08-20T11:50:00.000","051XX N LONG AVE","2022","NARCOTICS","POSSESS - COCAINE","STREET","true","false","1623","016","45","11","18","1139406","1933839","2026","2026-08-28T15:49:37.000","41.974567484","-87.76274205","
,  
(41.974567484, -87.76274205)"
"14299648","JK380369","2026-08-20T11:48:00.000","089XX S ASHLAND AVE","502P","OTHER OFFENSE","FALSE / STOLEN / ALTERED TRP","STREET","true","false","2221","022","21","73","26","1167236","1845466","2026","2026-08-28T15:49:37.000","41.731509753","-87.662939718","
,  
(41.731509753, -87.662939718)"
"14299566","JK380375","2026-08-20T11:45:00.000","028XX N BROADWAY","0560","ASSAULT","SIMPLE","PARKING LOT / GARAGE (NON RESIDENTIAL)","false","false","1934","019","44","6","08A","1171679","1919247","2026","2026-08-28T15:49:37.000","41.933875377","-87.644495911","
,  
(41.933875377, -87.644495911)"
"14299612","JK380342","2026-08-20T11:40:00.000","070XX S MERRILL AVE","1310","CRIMINAL DAMAGE","TO PROPERTY","APARTMENT","false","false","0331","003","5","43","14","1191759","1858804","2026","2026-08-28T15:49:37.000","41.767551121","-87.572671643","
,  
(41.767551121, -87.572671643)"
"14299651","JK380406","2026-08-20T11:35:00.000","087XX S ASHLAND AVE","0486","BATTERY","DOMESTIC BATTERY SIMPLE","APARTMENT","false","true","2221","022","18","71","08B","1167196","1846792","2026","2026-08-28T15:49:37.000","41.735149348","-87.663048424","
,  
(41.735149348, -87.663048424)"
"14299557","JK380325","2026-08-20T11:33:00.000","024XX N SACRAMENTO AVE","0860","THEFT","RETAIL THEFT","SMALL RETAIL STORE","true","false","1414","014","35","22","06","1155961","1916199","2026","2026-08-28T15:49:37.000","41.925843451","-87.702341464","
,  
(41.925843451, -87.702341464)"
"14300601","JK381768","2026-08-20T11:30:00.000","004XX W WEBSTER AVE","0760","BURGLARY","BURGLARY FROM MOTOR VEHICLE","STREET","false","false","1812","018","43","7","06","1173019","1914912","2026","2026-08-28T15:49:37.000","41.921950308","-87.639700378","
,  
(41.921950308, -87.639700378)"
"14299862","JK380566","2026-08-20T11:30:00.000","091XX S NORMAL AVE","0710","THEFT","THEFT FROM MOTOR VEHICLE","STREET","false","false","2223","022","9","73","06","1174569","1844327","2026","2026-08-28T15:49:37.000","41.728224312","-87.636109973","
,  
(41.728224312, -87.636109973)"
"14299606","JK380356","2026-08-20T11:30:00.000","007XX E 73RD ST","0610","BURGLARY","FORCIBLE ENTRY","APARTMENT","false","false","0323","003","6","69","05","1182581","1856779","2026","2026-08-28T15:49:37.000","41.762212128","-87.606375319","
,  
(41.762212128, -87.606375319)"
"14303321","JK385170","2026-08-20T11:30:00.000","112XX S GREEN ST","0560","ASSAULT","SIMPLE","RESIDENCE","false","true","2233","022","21","75","08A","1172663","1830224","2026","2026-08-28T15:49:37.000","41.68956574","-87.643505875","
,  
(41.68956574, -87.643505875)"
"14299823","JK380457","2026-08-20T11:30:00.000","015XX E 55TH ST","0560","ASSAULT","SIMPLE","CTA BUS STOP","false","false","0235","002","5","41","08A","1187552","1868838","2026","2026-08-28T15:49:37.000","41.795186285","-87.587772999","
,  
(41.795186285, -87.587772999)"
"14299563","JK380346","2026-08-20T11:27:00.000","002XX E CHICAGO AVE","0460","BATTERY","SIMPLE","STREET","true","false","1833","018","2","8","08B","1177803","1905771","2026","2026-08-28T15:49:37.000","41.896759508","-87.622401207","
,  
(41.896759508, -87.622401207)"
"14299632","JK380315","2026-08-20T11:21:00.000","045XX N BROADWAY","0460","BATTERY","SIMPLE","SIDEWALK","true","false","1914","019","46","3","08B","1168237","1930336","2026","2026-08-28T15:49:37.000","41.96437924","-87.6568234","
,  
(41.96437924, -87.6568234)"
"14299697","JK380355","2026-08-20T11:20:00.000","0000X N CLARK ST","1310","CRIMINAL DAMAGE","TO PROPERTY","COMMERCIAL / BUSINESS OFFICE","false","false","0112","001","34","32","14","1175530","1900649","2026","2026-08-28T15:49:37.000","41.882755842","-87.630903466","
,  
(41.882755842, -87.630903466)"
"14299599","JK380347","2026-08-20T11:20:00.000","018XX W NELSON ST","0486","BATTERY","DOMESTIC BATTERY SIMPLE","RESIDENCE","false","true","1931","019","32","5","08B","1163426","1920278","2026","2026-08-28T15:49:37.000","41.936882453","-87.674796181","
,  
(41.936882453, -87.674796181)"
"14299655","JK380383","2026-08-20T11:17:00.000","026XX W DIVISION ST","0620","BURGLARY","UNLAWFUL ENTRY","APARTMENT","false","false","1423","014","26","24","05","1158560","1907879","2026","2026-08-28T15:49:37.000","41.902959846","-87.693019652","
,  
(41.902959846, -87.693019652)"
"14299777","JK380423","2026-08-20T11:15:00.000","015XX W MONTANA ST","0710","THEFT","THEFT FROM MOTOR VEHICLE","STREET","false","false","1932","019","32","7","06","1165615","1916357","2026","2026-08-28T15:49:37.000","41.926076589","-87.666863346","
,  
(41.926076589, -87.666863346)"
"14299535","JK380321","2026-08-20T11:13:00.000","021XX N MOBILE AVE","501A","OTHER OFFENSE","ANIMAL ABUSE / NEGLECT","RESIDENCE","false","false","2512","025","36","19","26","1134058","1913763","2026","2026-08-28T15:49:37.000","41.919572861","-87.782882723","
,  
(41.919572861, -87.782882723)"
"14299854","JK380793","2026-08-20T11:10:00.000","026XX W 35TH ST","1570","SEX OFFENSE","PUBLIC INDECENCY","FACTORY / MANUFACTURING BUILDING","false","false","0911","009","12","58","17","1159433","1881362","2026","2026-08-28T15:49:37.000","41.830176645","-87.690542273","
,  
(41.830176645, -87.690542273)"
"14299885","JK380455","2026-08-20T11:06:00.000","067XX S BLACKSTONE AVE","0453","BATTERY","AGGRAVATED POLICE OFFICER - OTHER DANGEROUS WEAPON","APARTMENT","false","false","0332","003","5","43","04B","1187358","1860698","2026","2026-08-28T15:49:37.000","41.772854092","-87.588742874","
,  
(41.772854092, -87.588742874)"
"14299547","JK380303","2026-08-20T11:02:00.000","071XX S MOZART ST","0910","MOTOR VEHICLE THEFT","AUTOMOBILE","RESIDENCE","false","true","0831","008","18","66","07","1158608","1857154","2026","2026-08-28T15:49:37.000","41.763763538","-87.694229575","
,  
(41.763763538, -87.694229575)"
"14299879","JK380353","2026-08-20T11:02:00.000","067XX S BLACKSTONE AVE","1020","ARSON","BY FIRE","APARTMENT","false","false","0332","003","5","43","09","1187358","1860698","2026","2026-08-28T15:49:37.000","41.772854092","-87.588742874","
,  
(41.772854092, -87.588742874)"
"14300020","JK381039","2026-08-20T11:00:00.000","066XX S SEELEY AVE","1156","DECEPTIVE PRACTICE","ATTEMPT - FINANCIAL IDENTITY THEFT","RESIDENCE","false","false","0726","007","16","67","11","1163838","1860680","2026","2026-08-28T15:49:37.000","41.773331137","-87.674961451","
,  
(41.773331137, -87.674961451)"
"14300043","JK381018","2026-08-20T11:00:00.000","049XX N KEDZIE AVE","0486","BATTERY","DOMESTIC BATTERY SIMPLE","APARTMENT","false","true","1713","017","33","14","08B","1154153","1932617","2026","2026-08-28T15:49:37.000","41.970931904","-87.708545227","
,  
(41.970931904, -87.708545227)"
"14299805","JK380743","2026-08-20T11:00:00.000","089XX S ADA ST","0760","BURGLARY","BURGLARY FROM MOTOR VEHICLE","STREET","false","false","2222","022","21","73","06","1168897","1845445","2026","2026-08-28T15:49:37.000","41.731416463","-87.656855435","
,  
(41.731416463, -87.656855435)"
"14299587","JK380288","2026-08-20T11:00:00.000","018XX S FAIRFIELD AVE","0486","BATTERY","DOMESTIC BATTERY SIMPLE","RESIDENCE","false","true","1023","010","25","29","08B","1158323","1890882","2026","2026-08-28T15:49:37.000","41.856323316","-87.69435503","
,  
(41.856323316, -87.69435503)"
"14299660","JK380535","2026-08-20T10:57:00.000","067XX S STEWART AVE","2890","PUBLIC PEACE VIOLATION","OTHER VIOLATION","STREET","true","false","0722","007","6","68","24","1174785","1860010","2026","2026-08-28T15:49:37.000","41.771255607","-87.634852349","
,  
(41.771255607, -87.634852349)"
"14299975","JK380913","2026-08-20T10:48:00.000","001XX W 109TH PL","0820","THEFT","$500 AND UNDER","RESIDENCE","false","false","0513","005","9","49","06","1177287","1832343","2026","2026-08-28T15:49:37.000","41.695277727","-87.626513815","
,  
(41.695277727, -87.626513815)"
"14299600","JK380298","2026-08-20T10:45:00.000","007XX S WESTERN AVE","031A","ROBBERY","ARMED - HANDGUN","OTHER (SPECIFY)","false","false","1135","011","28","28","03","1160512","1896350","2026","2026-08-28T15:49:37.000","41.871283062","-87.686168955","
,  
(41.871283062, -87.686168955)"
"14300297","JK380363","2026-08-20T10:38:00.000","051XX N MILWAUKEE AVE","1310","CRIMINAL DAMAGE","TO PROPERTY","APARTMENT","false","false","1623","016","45","11","14","1138427","1933668","2026","2026-08-28T15:49:37.000","41.974116083","-87.766346346","
,  
(41.974116083, -87.766346346)"
"14299735","JK380459","2026-08-20T10:30:00.000","092XX S CONSTANCE AVE","0710","THEFT","THEFT FROM MOTOR VEHICLE","STREET","false","false","0413","004","8","48","06","1190126","1844137","2026","2026-08-28T15:49:37.000","41.727343012","-87.579128421","
,  
(41.727343012, -87.579128421)"
"14299828","JK380840","2026-08-20T10:30:00.000","014XX W 115TH ST","0820","THEFT","$500 AND UNDER","RESIDENCE","false","false","0524","005","21","53","06","1168907","1828486","2026","2026-08-28T15:49:37.000","41.684878094","-87.657306538","
,  
(41.684878094, -87.657306538)"
"14299579","JK380314","2026-08-20T10:30:00.000","030XX W AINSLIE ST","0430","BATTERY","AGGRAVATED - OTHER DANGEROUS WEAPON","DRIVEWAY - RESIDENTIAL","false","false","1713","017","33","14","04B","1155316","1932398","2026","2026-08-28T15:49:37.000","41.970307602","-87.704274662","
,  
(41.970307602, -87.704274662)"
"14299807","JK380679","2026-08-20T10:30:00.000","052XX S CORNELL AVE","0560","ASSAULT","SIMPLE","APARTMENT","false","false","0234","002","5","41","08A","1188039","1870855","2026","2026-08-28T15:49:37.000","41.800709473","-87.585922883","
,  
(41.800709473, -87.585922883)"
"14299505","JK380287","2026-08-20T10:30:00.000","001XX W 95TH ST","1330","CRIMINAL TRESPASS","TO LAND","SMALL RETAIL STORE","true","false","0634","006","9","49","26","1177201","1841967","2026","2026-08-28T15:49:37.000","41.721689256","-87.626539467","
,  
(41.721689256, -87.626539467)"
"14299550","JK380368","2026-08-20T10:25:00.000","047XX S MICHIGAN AVE","2890","PUBLIC PEACE VIOLATION","OTHER VIOLATION","STREET","true","false","0224","002","3","38","24","1177954","1873716","2026","2026-08-28T15:49:37.000","41.808794999","-87.622820778","
,  
(41.808794999, -87.622820778)"
"14299995","JK380575","2026-08-20T10:15:00.000","010XX N CLARK ST","1150","DECEPTIVE PRACTICE","CREDIT CARD FRAUD","SIDEWALK","false","false","1824","018","2","8","11","1175350","1907323","2026","2026-08-28T15:49:37.000","41.901073698","-87.63136393","
,  
(41.901073698, -87.63136393)"
"14300024","JK380308","2026-08-20T10:15:00.000","101XX S PERRY AVE","1310","CRIMINAL DAMAGE","TO PROPERTY","RESIDENCE","false","true","0511","005","9","49","14","1177387","1837766","2026","2026-08-28T15:49:37.000","41.710156953","-87.625984603","
,  
(41.710156953, -87.625984603)"
"14299513","JK380251","2026-08-20T10:10:00.000","028XX N CENTRAL AVE","0460","BATTERY","SIMPLE","GROCERY FOOD STORE","true","false","2514","025","31","19","08B","1138549","1918319","2026","2026-08-28T15:49:37.000","41.931994735","-87.766271177","
,  
(41.931994735, -87.766271177)"
"14299539","JK380245","2026-08-20T10:05:00.000","001XX E 118TH PL","0710","THEFT","THEFT FROM MOTOR VEHICLE","STREET","false","false","0532","005","9","53","06","1179249","1826421","2026","2026-08-28T15:49:37.000","41.678982494","-87.619510001","
,  
(41.678982494, -87.619510001)"
"14300409","JK380239","2026-08-20T10:05:00.000","013XX W 13TH ST","0584","STALKING","VIOLATION OF STALKING NO CONTACT ORDER","STREET","false","false","1233","012","28","28","26","1167634","1894185","2026","2026-08-28T15:49:37.000","41.865191804","-87.660083834","
,  
(41.865191804, -87.660083834)"
"14299507","JK380236","2026-08-20T10:03:00.000","045XX N MAGNOLIA AVE","1310","CRIMINAL DAMAGE","TO PROPERTY","APARTMENT","false","false","1913","019","46","3","14","1167101","1930317","2026","2026-08-28T15:49:37.000","41.964351639","-87.661000678","
,  
(41.964351639, -87.661000678)"
"14299545","JK380300","2026-08-20T10:00:00.000","088XX S BURLEY AVE","0560","ASSAULT","SIMPLE","STREET","false","false","0424","004","10","46","08A","1199203","1847041","2026","2026-08-28T15:49:37.000","41.735088761","-87.545781422","
,  
(41.735088761, -87.545781422)"
"14304623","JK386708","2026-08-20T10:00:00.000","101XX S HALSTED ST","0820","THEFT","$500 AND UNDER","VACANT LOT / LAND","false","false","2232","022","21","73","06","1172766","1837661","2026","2026-08-28T15:49:37.000","41.709971739","-87.642910529","
,  
(41.709971739, -87.642910529)"
"14300803","JK382026","2026-08-20T10:00:00.000","088XX S ESCANABA AVE","1330","CRIMINAL TRESPASS","TO LAND","RESIDENCE","false","true","0423","004","10","46","26","1196923","1846890","2026","2026-08-28T15:49:37.000","41.734731352","-87.554139221","
,  
(41.734731352, -87.554139221)"
"14300519","JK381580","2026-08-20T10:00:00.000","064XX S STATE ST","0820","THEFT","$500 AND UNDER","OTHER (SPECIFY)","false","false","0312","003","20","69","06","1177387","1862237","2026","2026-08-28T15:49:37.000","41.777308348","-87.625247179","
,  
(41.777308348, -87.625247179)"
"14300530","JK381524","2026-08-20T10:00:00.000","014XX E 70TH ST","0620","BURGLARY","UNLAWFUL ENTRY","SCHOOL - PUBLIC BUILDING","false","false","0332","003","5","43","05","1186934","1858866","2026","2026-08-28T15:49:37.000","41.767836987","-87.590355138","
,  
(41.767836987, -87.590355138)"
"14303316","JK385234","2026-08-20T10:00:00.000","056XX S SAWYER AVE","0710","THEFT","THEFT FROM MOTOR VEHICLE","STREET","false","false","0822","008","14","63","06","1155676","1867059","2026","2026-08-28T15:49:37.000","41.791003617","-87.704710717","
,  
(41.791003617, -87.704710717)"
"14299730","JK380482","2026-08-20T10:00:00.000","049XX W HUBBARD ST","0910","MOTOR VEHICLE THEFT","AUTOMOBILE","STREET","false","false","1532","015","37","25","07","1143453","1902561","2026","2026-08-28T15:49:37.000","41.888662662","-87.748644193","
,  
(41.888662662, -87.748644193)"
"14299998","JK380782","2026-08-20T10:00:00.000","020XX W 70TH ST","0810","THEFT","OVER $500","STREET","false","false","0735","007","17","67","06","1164040","1858234","2026","2026-08-28T15:49:37.000","41.766614732","-87.674289671","
,  
(41.766614732, -87.674289671)"
"14299704","JK380591","2026-08-20T10:00:00.000","033XX W 86TH ST","2825","OTHER OFFENSE","HARASSMENT BY TELEPHONE","RESIDENCE","false","false","0834","008","18","70","26","1155757","1847466","2026","2026-08-28T15:49:37.000","41.737235745","-87.704938553","
,  
(41.737235745, -87.704938553)"
"14299586","JK380324","2026-08-20T10:00:00.000","018XX S FAIRFIELD AVE","0486","BATTERY","DOMESTIC BATTERY SIMPLE","APARTMENT","false","true","1023","010","25","29","08B","1158323","1890882","2026","2026-08-28T15:49:37.000","41.856323316","-87.69435503","
,  
(41.856323316, -87.69435503)"
"14300397","JK380293","2026-08-20T10:00:00.000","002XX W MONTROSE HARBOR DR","0760","BURGLARY","BURGLARY FROM MOTOR VEHICLE","PARKING LOT / GARAGE (NON RESIDENTIAL)","false","false","1915","019","46","3","06","1173888","1929037","2026","2026-08-28T15:49:37.000","41.960690442","-87.636085317","
,  
(41.960690442, -87.636085317)"
"14299576","JK380250","2026-08-20T09:58:00.000","054XX S WENTWORTH AVE","0860","THEFT","RETAIL THEFT","SMALL RETAIL STORE","false","false","0225","002","20","37","06","1175887","1869033","2026","2026-08-28T15:49:37.000","41.795991039","-87.630542489","
,  
(41.795991039, -87.630542489)"
"14299468","JK380223","2026-08-20T09:52:00.000","010XX W LAKE ST","0860","THEFT","RETAIL THEFT","CONVENIENCE STORE","false","false","1214","012","27","28","06","1169328","1901620","2026","2026-08-28T15:49:37.000","41.885557376","-87.65364901","
,  
(41.885557376, -87.65364901)"
"14299526","JK380229","2026-08-20T09:50:00.000","041XX W CHICAGO AVE","0560","ASSAULT","SIMPLE","GOVERNMENT BUILDING / PROPERTY","false","false","1111","011","37","23","08A","1148800","1905023","2026","2026-08-28T15:49:37.000","41.895316997","-87.728944145","
,  
(41.895316997, -87.728944145)"
"14299626","JK380201","2026-08-20T09:37:00.000","086XX S VERNON AVE","0486","BATTERY","DOMESTIC BATTERY SIMPLE","STREET","false","true","0632","006","6","44","08B","1180867","1847762","2026","2026-08-28T15:49:37.000","41.737508058","-87.612934","
,  
(41.737508058, -87.612934)"
"14299496","JK380255","2026-08-20T09:35:00.000","033XX N CENTRAL AVE","0460","BATTERY","SIMPLE","ALLEY","true","false","1633","016","30","15","08B","1138446","1921465","2026","2026-08-28T15:49:37.000","41.940629557","-87.766573262","
,  
(41.940629557, -87.766573262)"
"14300398","JK381480","2026-08-20T09:30:00.000","003XX N CLARK ST","1122","DECEPTIVE PRACTICE","COUNTERFEIT CHECK","COMMERCIAL / BUSINESS OFFICE","false","false","1831","018","42","8","10","1175472","1902839","2026","2026-08-28T15:49:37.000","41.888766628","-87.63105063","
,  
(41.888766628, -87.63105063)"
"14299578","JK380214","2026-08-20T09:30:00.000","034XX S COTTAGE GROVE AVE","0486","BATTERY","DOMESTIC BATTERY SIMPLE","APARTMENT","false","true","0211","002","4","35","08B","1181143","1882133","2026","2026-08-28T15:49:37.000","41.831818944","-87.610864733","
,  
(41.831818944, -87.610864733)"
"14302117","JK380366","2026-08-20T09:30:00.000","010XX N KEELER AVE","0486","BATTERY","DOMESTIC BATTERY SIMPLE","APARTMENT","false","true","1111","011","37","23","08B","1148195","1906492","2026","2026-08-28T15:49:37.000","41.899359762","-87.73112831","
,  
(41.899359762, -87.73112831)"
"14299574","JK380187","2026-08-20T09:25:00.000","005XX E 51ST ST","1320","CRIMINAL DAMAGE","TO VEHICLE","STREET","false","false","0223","002","20","38","14","1180467","1871309","2026","2026-08-28T15:49:37.000","41.802132606","-87.613677631","
,  
(41.802132606, -87.613677631)"
"14299459","JK380188","2026-08-20T09:20:00.000","004XX N MICHIGAN AVE","0520","ASSAULT","AGGRAVATED - KNIFE / CUTTING INSTRUMENT","SIDEWALK","true","false","1834","018","42","8","04A","1177329","1903108","2026","2026-08-28T15:49:37.000","41.88946287","-87.624222942","
,  
(41.88946287, -87.624222942)"
"14299512","JK380178","2026-08-20T09:18:00.000","013XX W COLUMBIA AVE","0460","BATTERY","SIMPLE","APARTMENT","false","false","2432","024","49","1","08B","1166077","1944933","2026","2026-08-28T15:49:37.000","42.004480346","-87.664345878","
,  
(42.004480346, -87.664345878)"
"14299411","JK380179","2026-08-20T09:16:00.000","087XX S BURLEY AVE","1310","CRIMINAL DAMAGE","TO PROPERTY","APARTMENT","false","false","0424","004","10","46","14","1199187","1847619","2026","2026-08-28T15:49:37.000","41.736675238","-87.545820662","
,  
(41.736675238, -87.545820662)"
"14299580","JK380352","2026-08-20T09:10:00.000","037XX N SPAULDING AVE","0620","BURGLARY","UNLAWFUL ENTRY","RESIDENCE - GARAGE","false","false","1733","017","33","16","05","1153722","1924727","2026","2026-08-28T15:49:37.000","41.949289846","-87.710340991","
,  
(41.949289846, -87.710340991)"
"14299461","JK380172","2026-08-20T09:10:00.000","029XX S HALSTED ST","0560","ASSAULT","SIMPLE","STREET","true","false","0914","009","11","60","08A","1171448","1885315","2026","2026-08-28T15:49:37.000","41.840768873","-87.646343139","
,  
(41.840768873, -87.646343139)"
"14300577","JK380218","2026-08-20T09:10:00.000","019XX W 13TH ST","2890","PUBLIC PEACE VIOLATION","OTHER VIOLATION","SIDEWALK","false","false","1233","012","28","28","24","1163616","1894070","2026","2026-08-28T15:49:37.000","41.864961754","-87.674837225","
,  
(41.864961754, -87.674837225)"
"14299633","JK380212","2026-08-20T09:04:00.000","062XX S MAYFIELD AVE","4387","OTHER OFFENSE","VIOLATE ORDER OF PROTECTION","RESIDENCE","true","true","0812","008","13","64","26","1138148","1862552","2026","2026-08-28T15:49:37.000","41.778969327","-87.769091522","
,  
(41.778969327, -87.769091522)"
"14299687","JK380371","2026-08-20T09:00:00.000","041XX W FILLMORE ST","2820","OTHER OFFENSE","TELEPHONE THREAT","COMMERCIAL / BUSINESS OFFICE","false","false","1132","011","24","29","08A","1148898","1895048","2026","2026-08-28T15:49:37.000","41.867942585","-87.728842262","
,  
(41.867942585, -87.728842262)"
"14299916","JK380476","2026-08-20T09:00:00.000","018XX W 59TH ST","0820","THEFT","$500 AND UNDER","STREET","false","false","0715","007","15","67","06","1165277","1865557","2026","2026-08-28T15:49:37.000","41.786683905","-87.669548394","
,  
(41.786683905, -87.669548394)"
"14299437","JK380204","2026-08-20T09:00:00.000","037XX N SPAULDING AVE","0620","BURGLARY","UNLAWFUL ENTRY","RESIDENCE - GARAGE","false","false","1733","017","33","16","05","1153722","1924727","2026","2026-08-28T15:49:37.000","41.949289846","-87.710340991","
,  
(41.949289846, -87.710340991)"
"14303409","JK385360","2026-08-20T09:00:00.000","014XX N LATROBE AVE","1242","DECEPTIVE PRACTICE","COMPUTER FRAUD","APARTMENT","false","false","2532","025","37","25","11","1141102","1909071","2026","2026-08-28T15:49:37.000","41.906570507","-87.757117486","
,  
(41.906570507, -87.757117486)"
"14302463","JK384005","2026-08-20T09:00:00.000","041XX S BERKELEY AVE","0610","BURGLARY","FORCIBLE ENTRY","APARTMENT","false","false","0214","002","4","36","05","1183833","1877436","2026","2026-08-28T15:49:37.000","41.818867554","-87.601141835","
,  
(41.818867554, -87.601141835)"
"14299791","JK380741","2026-08-20T09:00:00.000","051XX W IOWA ST","0820","THEFT","$500 AND UNDER","STREET","false","false","1531","015","37","25","06","1142007","1905504","2026","2026-08-28T15:49:37.000","41.896765519","-87.753881522","
,  
(41.896765519, -87.753881522)"
"14300512","JK381555","2026-08-20T09:00:00.000","027XX N CICERO AVE","4387","OTHER OFFENSE","VIOLATE ORDER OF PROTECTION","APARTMENT","false","true","2521","025","31","19","26","1143924","1917673","2026","2026-08-28T15:49:37.000","41.930122797","-87.746534819","
,  
(41.930122797, -87.746534819)"
"14299449","JK380171","2026-08-20T08:59:00.000","045XX W MARQUETTE RD","1330","CRIMINAL TRESPASS","TO LAND","OTHER RAILROAD PROPERTY / TRAIN DEPOT","true","false","0833","008","23","65","26","1147046","1859785","2026","2026-08-28T15:49:37.000","41.77121137","-87.736540517","
,  
(41.77121137, -87.736540517)"
"14299601","JK380131","2026-08-20T08:50:00.000","039XX W ROOSEVELT RD","1330","CRIMINAL TRESPASS","TO LAND","GAS STATION","false","false","1132","011","24","29","26","1150118","1894416","2026","2026-08-28T15:49:37.000","41.866184642","-87.724379838","
,  
(41.866184642, -87.724379838)"
"14299517","JK380144","2026-08-20T08:48:00.000","064XX N CALIFORNIA AVE","0560","ASSAULT","SIMPLE","APARTMENT","false","false","2412","024","50","2","08A","1156491","1942681","2026","2026-08-28T15:49:37.000","41.998500889","-87.699674366","
,  
(41.998500889, -87.699674366)"
"14299510","JK380143","2026-08-20T08:46:00.000","062XX N CLARK ST","1310","CRIMINAL DAMAGE","TO PROPERTY","SMALL RETAIL STORE","false","false","2433","024","40","77","14","1164509","1941822","2026","2026-08-28T15:49:37.000","41.995977163","-87.670203213","
,  
(41.995977163, -87.670203213)"
"14310313","JK394230","2026-08-20T08:45:00.000","018XX W ELLEN ST","0910","MOTOR VEHICLE THEFT","AUTOMOBILE","STREET","false","false","1424","014","1","24","07",,,"2026","2026-08-31T15:53:00.000",,,
"14299584","JK380202","2026-08-20T08:38:00.000","075XX S NORMAL AVE","0560","ASSAULT","SIMPLE","APARTMENT","false","false","0621","006","6","69","08A","1174168","1854890","2026","2026-08-28T15:49:37.000","41.757219449","-87.63726592","
,  
(41.757219449, -87.63726592)"
"14299499","JK380124","2026-08-20T08:35:00.000","0000X W TERMINAL ST","143A","WEAPONS VIOLATION","UNLAWFUL POSSESSION - HANDGUN","AIRPORT TERMINAL UPPER LEVEL - SECURE AREA","true","false","1651","016","41","76","15","1100317","1935229","2026","2026-08-28T15:49:37.000","41.979006297","-87.906463155","
,  
(41.979006297, -87.906463155)"
"14302753","JK384369","2026-08-20T08:31:00.000","010XX N CLEVELAND AVE","0810","THEFT","OVER $500","APARTMENT","false","false","1823","018","27","8","06","1172696","1907197","2026","2026-08-28T15:49:37.000","41.900787125","-87.641115935","
,  
(41.900787125, -87.641115935)"
"14300586","JK381737","2026-08-20T08:30:00.000","002XX W 38TH PL","0620","BURGLARY","UNLAWFUL ENTRY","APARTMENT","false","false","0915","009","3","34","05","1175099","1879433","2026","2026-08-28T15:49:37.000","41.824547259","-87.633121383","
,  
(41.824547259, -87.633121383)"
"14299624","JK380458","2026-08-20T08:30:00.000","086XX S ASHLAND AVE","0560","ASSAULT","SIMPLE","CTA BUS","false","false","0614","006","18","71","08A","1167177","1847524","2026","2026-08-28T15:49:37.000","41.737158469","-87.663097148","
,  
(41.737158469, -87.663097148)"
"14299406","JK380106","2026-08-20T08:25:00.000","001XX E SOUTH WATER ST","0530","ASSAULT","AGGRAVATED - OTHER DANGEROUS WEAPON","STREET","true","false","0114","001","42","32","04A","1177534","1902146","2026","2026-08-28T15:49:37.000","41.886818442","-87.62349933","
,  
(41.886818442, -87.62349933)"
"14301717","JK383086","2026-08-20T08:20:00.000","028XX N HARLEM AVE","2825","OTHER OFFENSE","HARASSMENT BY TELEPHONE","APARTMENT","false","true","2511","025","29","18","26","1127597","1918122","2026","2026-08-28T15:49:37.000","41.931645861","-87.806523466","
,  
(41.931645861, -87.806523466)"
"14299410","JK380096","2026-08-20T08:19:00.000","043XX W MADISON ST","2024","NARCOTICS","POSSESS - HEROIN (WHITE)","SIDEWALK","true","false","1115","011","28","26","18","1147559","1899663","2026","2026-08-28T15:49:37.000","41.880632459","-87.733639652","
,  
(41.880632459, -87.733639652)"
"14299465","JK380118","2026-08-20T08:15:00.000","037XX W DIVERSEY AVE","0460","BATTERY","SIMPLE","CTA BUS","false","false","2524","025","35","22","08B","1151130","1918363","2026","2026-08-28T15:49:37.000","41.931877831","-87.72003622","
,  
(41.931877831, -87.72003622)"
"14299542","JK380126","2026-08-20T08:15:00.000","042XX W MONROE ST","0486","BATTERY","DOMESTIC BATTERY SIMPLE","APARTMENT","false","true","1115","011","28","26","08B","1148102","1899323","2026","2026-08-28T15:49:37.000","41.879689031","-87.731654537","
,  
(41.879689031, -87.731654537)"
"14300795","JK382098","2026-08-20T08:10:00.000","006XX W DIVERSEY PKWY","1570","SEX OFFENSE","PUBLIC INDECENCY","CTA BUS","false","false","1934","019","44","6","17","1171406","1918849","2026","2026-08-28T15:49:37.000","41.932789263","-87.645510903","
,  
(41.932789263, -87.645510903)"
"14299558","JK380095","2026-08-20T08:05:00.000","057XX W 63RD ST","0334","ROBBERY","ATTEMPT ARMED - KNIFE / CUTTING INSTRUMENT","SIDEWALK","false","false","0812","008","13","64","03","1139351","1862205","2026","2026-08-28T15:49:37.000","41.777995351","-87.76468954","
,  
(41.777995351, -87.76468954)"
"14299407","JK380099","2026-08-20T08:01:00.000","078XX S SOUTH SHORE DR","0486","BATTERY","DOMESTIC BATTERY SIMPLE","APARTMENT","false","true","0421","004","7","43","08B","1197688","1854219","2026","2026-08-28T15:49:37.000","41.754823635","-87.551092573","
,  
(41.754823635, -87.551092573)"
"14299752","JK380639","2026-08-20T08:00:00.000","043XX N SACRAMENTO AVE","0710","THEFT","THEFT FROM MOTOR VEHICLE","STREET","false","false","1724","017","33","16","06","1155601","1928725","2026","2026-08-28T15:49:37.000","41.960222927","-87.703326004","
,  
(41.960222927, -87.703326004)"
"14301665","JK381011","2026-08-20T08:00:00.000","009XX W EASTMAN ST","0710","THEFT","THEFT FROM MOTOR VEHICLE","STREET","false","false","1822","018","27","8","06","1169945","1909432","2026","2026-08-28T15:49:37.000","41.906980565","-87.651155185","
,  
(41.906980565, -87.651155185)"
"14302874","JK383678","2026-08-20T08:00:00.000","011XX N HARDING AVE","0498","BATTERY","AGG. DOMESTIC BATTERY - HANDS, FISTS, FEET, SERIOUS INJURY","APARTMENT","false","true","1112","011","37","23","04B","1149842","1907392","2026","2026-08-28T15:49:37.000","41.901797569","-87.725055416","
,  
(41.901797569, -87.725055416)"
"14299408","JK380102","2026-08-20T08:00:00.000","057XX S PAULINA ST","2820","OTHER OFFENSE","TELEPHONE THREAT","APARTMENT","false","true","0715","007","16","67","08A","1165993","1866567","2026","2026-08-28T15:49:37.000","41.789440271","-87.66689445","
,  
(41.789440271, -87.66689445)"
"14299647","JK380165","2026-08-20T08:00:00.000","079XX S DOBSON AVE","2820","OTHER OFFENSE","TELEPHONE THREAT","APARTMENT","false","true","0624","006","8","44","08A","1184603","1852488","2026","2026-08-28T15:49:37.000","41.750390067","-87.599098732","
,  
(41.750390067, -87.599098732)"
"14299835","JK380746","2026-08-20T08:00:00.000","061XX S DORCHESTER AVE","1130","DECEPTIVE PRACTICE","FRAUD OR CONFIDENCE GAME","OTHER (SPECIFY)","false","false","0314","003","20","42","11","1186600","1864394","2026","2026-08-28T15:49:37.000","41.783014203","-87.591404572","
,  
(41.783014203, -87.591404572)"
"14300456","JK381379","2026-08-20T08:00:00.000","063XX S GREEN ST","0486","BATTERY","DOMESTIC BATTERY SIMPLE","RESIDENCE","false","true","0723","007","16","68","08B","1171725","1862691","2026","2026-08-28T15:49:37.000","41.778680236","-87.645990652","
,  
(41.778680236, -87.645990652)"
"14299868","JK380889","2026-08-20T07:50:00.000","002XX E 90TH ST","0620","BURGLARY","UNLAWFUL ENTRY","RESIDENCE - GARAGE","false","false","0633","006","6","44","05","1179289","1845351","2026","2026-08-28T15:49:37.000","41.730928081","-87.618788649","
,  
(41.730928081, -87.618788649)"
"14299439","JK380084","2026-08-20T07:48:00.000","006XX N CLARK ST","0860","THEFT","RETAIL THEFT","SMALL RETAIL STORE","true","false","1832","018","42","8","06","1175423","1904617","2026","2026-08-28T15:49:37.000","41.893646656","-87.631177143","
,  
(41.893646656, -87.631177143)"
"14299627","JK380494","2026-08-20T07:45:00.000","026XX W GLENLAKE AVE","0760","BURGLARY","BURGLARY FROM MOTOR VEHICLE","STREET","false","false","2413","024","40","2","06","1157706","1940402","2026","2026-08-28T15:49:37.000","41.992222462","-87.695267229","
,  
(41.992222462, -87.695267229)"
"14299429","JK380135","2026-08-20T07:43:00.000","058XX S INDIANA AVE","0760","BURGLARY","BURGLARY FROM MOTOR VEHICLE","STREET","false","false","0232","002","20","40","06","1178595","1866439","2026","2026-08-28T15:49:37.000","41.788811675","-87.620691021","
,  
(41.788811675, -87.620691021)"
"14299445","JK380088","2026-08-20T07:40:00.000","002XX W 107TH PL","0486","BATTERY","DOMESTIC BATTERY SIMPLE","VEHICLE NON-COMMERCIAL","true","true","0513","005","21","49","08B","1176554","1833653","2026","2026-08-28T15:49:37.000","41.698889033","-87.629158341","
,  
(41.698889033, -87.629158341)"
"14299426","JK380074","2026-08-20T07:34:00.000","015XX N CAMPBELL AVE","1330","CRIMINAL TRESPASS","TO LAND","RESIDENCE - GARAGE","false","false","1423","014","1","24","26","1159463","1910059","2026","2026-08-28T15:49:37.000","41.908923397","-87.689642668","
,  
(41.908923397, -87.689642668)"
"14299428","JK380081","2026-08-20T07:27:00.000","070XX S WINCHESTER AVE","143A","WEAPONS VIOLATION","UNLAWFUL POSSESSION - HANDGUN","STREET","true","false","0735","007","17","67","15","1164571","1858013","2026","2026-08-28T15:49:37.000","41.765997097","-87.672349571","
,  
(41.765997097, -87.672349571)"
"14299475","JK380062","2026-08-20T07:26:00.000","019XX W 35TH ST","0860","THEFT","RETAIL THEFT","DRUG STORE","false","false","0912","009","11","59","06","1164019","1881481","2026","2026-08-28T15:49:37.000","41.830407799","-87.67371278","
,  
(41.830407799, -87.67371278)"
"14300336","JK380063","2026-08-20T07:15:00.000","072XX S EXCHANGE AVE","0470","PUBLIC PEACE VIOLATION","RECKLESS CONDUCT","STREET","false","false","0334","003","7","43","24","1194070","1857441","2026","2026-08-28T15:49:37.000","41.763754554","-87.564245658","
,  
(41.763754554, -87.564245658)"
"14299481","JK380068","2026-08-20T07:11:00.000","054XX S OAK PARK AVE","0760","BURGLARY","BURGLARY FROM MOTOR VEHICLE","RESIDENCE","false","false","0811","008","23","56","06","1131971","1867847","2026","2026-08-28T15:49:37.000","41.793608792","-87.791615178","
,  
(41.793608792, -87.791615178)"
"14300027","JK380971","2026-08-20T07:00:00.000","013XX W GRENSHAW ST","0910","MOTOR VEHICLE THEFT","AUTOMOBILE","STREET","false","false","1231","012","28","28","07","1167565","1895129","2026","2026-08-28T15:49:37.000","41.867783702","-87.660309965","
,  
(41.867783702, -87.660309965)"
"14301725","JK382988","2026-08-20T07:00:00.000","016XX N WASHTENAW AVE","0710","THEFT","THEFT FROM MOTOR VEHICLE","STREET","false","false","1421","014","26","24","06","1158121","1910710","2026","2026-08-28T15:49:37.000","41.910737323","-87.694554748","
,  
(41.910737323, -87.694554748)"
"14299585","JK380146","2026-08-20T07:00:00.000","030XX N ELSTON AVE","0930","MOTOR VEHICLE THEFT","THEFT / RECOVERY - AUTOMOBILE","STREET","true","false","1411","014","35","21","07","1157962","1920289","2026","2026-08-28T15:49:37.000","41.937026057","-87.69487685","
,  
(41.937026057, -87.69487685)"
"14302729","JK384458","2026-08-20T07:00:00.000","067XX N FAIRFIELD AVE","0430","BATTERY","AGGRAVATED - OTHER DANGEROUS WEAPON","SIDEWALK","false","false","2412","024","50","2","04B","1156775","1944552","2026","2026-08-28T15:49:37.000","42.003629214","-87.698578592","
,  
(42.003629214, -87.698578592)"
"14299573","JK380075","2026-08-20T06:52:00.000","002XX E 51ST ST","1310","CRIMINAL DAMAGE","TO PROPERTY","COMMERCIAL / BUSINESS OFFICE","false","false","0224","002","3","38","14","1178601","1871258","2026","2026-08-28T15:49:37.000","41.802035326","-87.620522508","
,  
(41.802035326, -87.620522508)"
"14299469","JK380233","2026-08-20T06:40:00.000","009XX W GORDON TER","2825","OTHER OFFENSE","HARASSMENT BY TELEPHONE","OTHER (SPECIFY)","false","false","1915","019","46","3","26","1169173","1927808","2026","2026-08-28T15:49:37.000","41.957421993","-87.653455761","
,  
(41.957421993, -87.653455761)"
"14299446","JK380158","2026-08-20T06:40:00.000","100XX S MICHIGAN AVE","1310","CRIMINAL DAMAGE","TO PROPERTY","CHURCH / SYNAGOGUE / PLACE OF WORSHIP","false","false","0511","005","9","49","14","1178994","1838534","2026","2026-08-28T15:49:37.000","41.712228072","-87.620076235","
,  
(41.712228072, -87.620076235)"
"14299484","JK380067","2026-08-20T06:38:00.000","070XX W 64TH ST","1320","CRIMINAL DAMAGE","TO VEHICLE","STREET","false","false","0812","008","13","64","14","1130629","1861283","2026","2026-08-28T15:49:37.000","41.775619023","-87.796686541","
,  
(41.775619023, -87.796686541)"
"14299724","JK380525","2026-08-20T06:30:00.000","101XX S LA SALLE ST","1310","CRIMINAL DAMAGE","TO PROPERTY","RESIDENCE","false","false","0511","005","9","49","14","1177059","1837717","2026","2026-08-28T15:49:37.000","41.710029878","-87.62718726","
,  
(41.710029878, -87.62718726)"
"14300375","JK380052","2026-08-20T06:30:00.000","064XX S OAK PARK AVE","0760","BURGLARY","BURGLARY FROM MOTOR VEHICLE","VEHICLE NON-COMMERCIAL","false","false","0812","008","13","64","06","1132194","1861242","2026","2026-08-28T15:49:37.000","41.775479568","-87.790950217","
,  
(41.775479568, -87.790950217)"
"14299538","JK380100","2026-08-20T06:30:00.000","052XX N WINTHROP AVE","143A","WEAPONS VIOLATION","UNLAWFUL POSSESSION - HANDGUN","APARTMENT","true","false","2023","020","48","77","15","1167926","1934945","2026","2026-08-28T15:49:37.000","41.977033212","-87.657833239","
,  
(41.977033212, -87.657833239)"
"14299420","JK380130","2026-08-20T06:30:00.000","027XX W NELSON ST","0710","THEFT","THEFT FROM MOTOR VEHICLE","STREET","false","false","1411","014","35","21","06","1157625","1920156","2026","2026-08-28T15:49:37.000","41.936667977","-87.69611901","
,  
(41.936667977, -87.69611901)"
"14299514","JK380327","2026-08-20T06:24:00.000","009XX N WINCHESTER AVE","4386","OTHER OFFENSE","VIOLATION OF CIVIL NO CONTACT ORDER","OTHER (SPECIFY)","false","false","1212","012","36","24","26","1163232","1906263","2026","2026-08-28T15:49:37.000","41.898428446","-87.675904003","
,  
(41.898428446, -87.675904003)"
"14299524","JK380034","2026-08-20T06:20:00.000","003XX S HAMLIN BLVD","1320","CRIMINAL DAMAGE","TO VEHICLE","ALLEY","false","true","1133","011","28","26","14","1151105","1897959","2026","2026-08-28T15:49:37.000","41.875887765","-87.720663616","
,  
(41.875887765, -87.720663616)"
"14299359","JK380037","2026-08-20T06:15:00.000","018XX W DIVISION ST","0910","MOTOR VEHICLE THEFT","AUTOMOBILE","STREET","true","false","1212","012","1","24","07","1164005","1908028","2026","2026-08-28T15:49:37.000","41.903255445","-87.673014935","
,  
(41.903255445, -87.673014935)"
"14299561","JK380045","2026-08-20T06:10:00.000","003XX S PLYMOUTH CT","0520","ASSAULT","AGGRAVATED - KNIFE / CUTTING INSTRUMENT","COMMERCIAL / BUSINESS OFFICE","false","false","0113","001","4","32","04A","1176135","1898821","2026","2026-08-28T15:49:37.000","41.877726094","-87.628737019","
,  
(41.877726094, -87.628737019)"
"14299376","JK380016","2026-08-20T06:09:00.000","005XX N MICHIGAN AVE","0460","BATTERY","SIMPLE","SIDEWALK","true","false","1834","018","42","8","08B","1177347","1903741","2026","2026-08-28T15:49:37.000","41.891199446","-87.624137626","
,  
(41.891199446, -87.624137626)"
"14299904","JK380737","2026-08-20T06:07:00.000","063XX S ASHLAND AVE","0820","THEFT","$500 AND UNDER","CTA BUS","false","false","0725","007","16","67","06","1166756","1862726","2026","2026-08-28T15:49:37.000","41.778883826","-87.664206366","
,  
(41.778883826, -87.664206366)"
"14301034","JK381834","2026-08-20T06:05:00.000","031XX S KILBOURN AVE","0460","BATTERY","SIMPLE","FACTORY / MANUFACTURING BUILDING","false","false","1031","010","22","30","08B","1146875","1883633","2026","2026-08-28T15:49:37.000","41.836657193","-87.736560384","
,  
(41.836657193, -87.736560384)"
"14299816","JK380785","2026-08-20T06:01:00.000","070XX S STONY ISLAND AVE","0530","ASSAULT","AGGRAVATED - OTHER DANGEROUS WEAPON","GAS STATION","false","false","0332","003","5","43","04A","1188135","1858735","2026","2026-08-28T15:49:37.000","41.767448959","-87.585957168","
,  
(41.767448959, -87.585957168)"
"14299365","JK380043","2026-08-20T06:00:00.000","023XX N KILDARE AVE","0760","BURGLARY","BURGLARY FROM MOTOR VEHICLE","STREET","false","false","2522","025","31","20","06","1147333","1915109","2026","2026-08-28T15:49:37.000","41.923022237","-87.734073321","
,  
(41.923022237, -87.734073321)"
"14299588","JK380082","2026-08-20T06:00:00.000","100XX S VERNON AVE","1320","CRIMINAL DAMAGE","TO VEHICLE","STREET","false","false","0511","005","9","49","14","1181013","1838567","2026","2026-08-28T15:49:37.000","41.712272495","-87.612681122","
,  
(41.712272495, -87.612681122)"
"14301855","JK382921","2026-08-20T06:00:00.000","049XX W MADISON ST","0320","ROBBERY","STRONG ARM - NO WEAPON","STREET","false","false","1533","015","28","25","03","1143548","1899571","2026","2026-08-28T15:49:37.000","41.880455965","-87.748370162","
,  
(41.880455965, -87.748370162)"
"14299950","JK380821","2026-08-20T06:00:00.000","116XX S ABERDEEN ST","0917","MOTOR VEHICLE THEFT","CYCLE, SCOOTER, BIKE WITH VIN","STREET","false","false","0524","005","21","53","07","1171083","1827633","2026","2026-08-28T15:49:37.000","41.682490189","-87.649365565","
,  
(41.682490189, -87.649365565)"
"29299","JK380012","2026-08-20T05:56:00.000","003XX W 76TH ST","0110","HOMICIDE","FIRST DEGREE MURDER","STREET","false","false","0623","006","17","69","01A","1175244","1854553","2026","2026-08-28T15:49:37.000","41.756270723","-87.63333261","
,  
(41.756270723, -87.63333261)"
"14299780","JK380710","2026-08-20T05:50:00.000","010XX S HOYNE AVE","0760","BURGLARY","BURGLARY FROM MOTOR VEHICLE","STREET","false","false","1225","012","27","28","06","1162701","1895452","2026","2026-08-28T15:49:37.000","41.8687733","-87.67815748","
,  
(41.8687733, -87.67815748)"
"14299380","JK380121","2026-08-20T05:30:00.000","038XX W GRENSHAW ST","1320","CRIMINAL DAMAGE","TO VEHICLE","RESIDENCE","false","false","1133","011","24","29","14","1150901","1894764","2026","2026-08-28T15:49:37.000","41.867124317","-87.721496252","
,  
(41.867124317, -87.721496252)"
"14299673","JK380519","2026-08-20T05:30:00.000","001XX N RACINE AVE","0910","MOTOR VEHICLE THEFT","AUTOMOBILE","STREET","false","false","1224","012","27","28","07","1168504","1900896","2026","2026-08-28T15:49:37.000","41.883588537","-87.656695843","
,  
(41.883588537, -87.656695843)"
"14299781","JK380534","2026-08-20T05:30:00.000","047XX W WAVELAND AVE","0760","BURGLARY","BURGLARY FROM MOTOR VEHICLE","STREET","false","false","1731","017","30","15","06","1144073","1924172","2026","2026-08-28T15:49:37.000","41.947953858","-87.745823599","
,  
(41.947953858, -87.745823599)"
"14299371","JK380011","2026-08-20T05:25:00.000","014XX E 53RD ST","2890","PUBLIC PEACE VIOLATION","OTHER VIOLATION","SMALL RETAIL STORE","true","false","0234","002","5","41","24","1186597","1870408","2026","2026-08-28T15:49:37.000","41.799517158","-87.591225242","
,  
(41.799517158, -87.591225242)"
"14299327","JK380010","2026-08-20T05:16:00.000","051XX S WENTWORTH AVE","2890","PUBLIC PEACE VIOLATION","OTHER VIOLATION","POLICE FACILITY / VEHICLE PARKING LOT","true","false","0225","002","20","37","24","1175826","1871120","2026","2026-08-28T15:49:37.000","41.80171934","-87.630703621","
,  
(41.80171934, -87.630703621)"
"14299378","JK380107","2026-08-20T05:15:00.000","005XX N BISHOP ST","0910","MOTOR VEHICLE THEFT","AUTOMOBILE","STREET","false","false","1215","012","1","24","07","1166520","1903754","2026","2026-08-28T15:49:37.000","41.891473797","-87.663899347","
,  
(41.891473797, -87.663899347)"
"14300197","JK380003","2026-08-20T05:10:00.000","041XX W BERTEAU AVE","1320","CRIMINAL DAMAGE","TO VEHICLE","STREET","false","false","1722","017","39","16","14","1148229","1927596","2026","2026-08-28T15:49:37.000","41.957270396","-87.730458404","
,  
(41.957270396, -87.730458404)"
"14299715","JK380559","2026-08-20T05:00:00.000","026XX W DIVERSEY AVE","0760","BURGLARY","BURGLARY FROM MOTOR VEHICLE","DRIVEWAY - RESIDENTIAL","false","false","1411","014","35","21","06","1158371","1918507","2026","2026-08-28T15:49:37.000","41.93212776","-87.693422596","
,  
(41.93212776, -87.693422596)"
"14299355","JK380038","2026-08-20T05:00:00.000","092XX S HARPER AVE","0460","BATTERY","SIMPLE","RESIDENCE","false","false","0413","004","8","48","08B","1188060","1844051","2026","2026-08-28T15:49:37.000","41.727156443","-87.586699103","
,  
(41.727156443, -87.586699103)"
"14300405","JK381475","2026-08-20T05:00:00.000","013XX S MORGAN ST","0710","THEFT","THEFT FROM MOTOR VEHICLE","STREET","false","false","1232","012","28","28","06","1170122","1893841","2026","2026-08-28T15:49:37.000","41.864193936","-87.650960409","
,  
(41.864193936, -87.650960409)"
"14299652","JK380463","2026-08-20T05:00:00.000","049XX S CORNELL AVE","0610","BURGLARY","FORCIBLE ENTRY","RESIDENCE","false","false","0222","002","5","39","05","1187866","1872513","2026","2026-08-28T15:49:37.000","41.805263266","-87.586504488","
,  
(41.805263266, -87.586504488)"
"14300225","JK381167","2026-08-20T05:00:00.000","092XX S HARPER AVE","0460","BATTERY","SIMPLE","RESIDENCE","false","true","0413","004","8","48","08B","1188060","1844051","2026","2026-08-28T15:49:37.000","41.727156443","-87.586699103","
,  
(41.727156443, -87.586699103)"
"14299837","JK380049","2026-08-20T05:00:00.000","079XX S EAST END AVE","0930","MOTOR VEHICLE THEFT","THEFT / RECOVERY - AUTOMOBILE","ALLEY","false","false","0414","004","8","46","07","1189028","1852681","2026","2026-08-28T15:49:37.000","41.750814911","-87.582877571","
,  
(41.750814911, -87.582877571)"
"14300749","JK381685","2026-08-20T05:00:00.000","024XX W HARRISON ST","0820","THEFT","$500 AND UNDER","APARTMENT","false","false","1135","011","28","28","06","1160207","1897293","2026","2026-08-28T15:49:37.000","41.873877048","-87.687262667","
,  
(41.873877048, -87.687262667)"
"14299323","JK379992","2026-08-20T04:50:00.000","038XX S ARTESIAN AVE","051A","ASSAULT","AGGRAVATED - HANDGUN","STREET","false","false","0911","009","12","58","04A","1160655","1879172","2026","2026-08-28T15:49:37.000","41.824141853","-87.686119251","
,  
(41.824141853, -87.686119251)"
"14299344","JK379998","2026-08-20T04:45:00.000","028XX W COLUMBUS AVE","0460","BATTERY","SIMPLE","WAREHOUSE","false","false","0835","008","18","70","08B","1158650","1853658","2026","2026-08-28T15:49:37.000","41.754169124","-87.694170838","
,  
(41.754169124, -87.694170838)"
"14299357","JK380061","2026-08-20T04:45:00.000","013XX W 112TH PL","0910","MOTOR VEHICLE THEFT","AUTOMOBILE","STREET","false","false","2234","022","21","75","07","1169189","1830117","2026","2026-08-28T15:49:37.000","41.689347752","-87.65622728","
,  
(41.689347752, -87.65622728)"
"14299525","JK380017","2026-08-20T04:34:00.000","036XX W 59TH ST","051A","ASSAULT","AGGRAVATED - HANDGUN","FACTORY / MANUFACTURING BUILDING","true","false","0822","008","23","62","04A","1153174","1865246","2026","2026-08-28T15:49:37.000","41.786078311","-87.713932974","
,  
(41.786078311, -87.713932974)"
"14300050","JK380871","2026-08-20T04:30:00.000","049XX W AUGUSTA BLVD","033A","ROBBERY","ATTEMPT ARMED - HANDGUN","SIDEWALK","false","false","1531","015","37","25","03","1143256","1906198","2026","2026-08-28T15:49:37.000","41.898646695","-87.74927674","
,  
(41.898646695, -87.74927674)"
"14299333","JK379986","2026-08-20T04:10:00.000","011XX W ERIE ST","0920","MOTOR VEHICLE THEFT","ATTEMPT - AUTOMOBILE","CHA PARKING LOT / GROUNDS","false","false","1214","012","27","24","07","1168519","1904430","2026","2026-08-28T15:49:37.000","41.893285756","-87.656538409","
,  
(41.893285756, -87.656538409)"
"14299834","JK379990","2026-08-20T04:08:00.000","102XX S COMMERCIAL AVE","0420","BATTERY","AGGRAVATED - KNIFE / CUTTING INSTRUMENT","RESIDENCE","false","true","0431","004","10","51","04B","1197420","1837547","2026","2026-08-28T15:49:37.000","41.709080993","-87.552628875","
,  
(41.709080993, -87.552628875)"
"14299590","JK380417","2026-08-20T04:00:00.000","054XX W LAKE ST","0760","BURGLARY","BURGLARY FROM MOTOR VEHICLE","STREET","false","false","1523","015","37","25","06","1139648","1902027","2026","2026-08-28T15:49:37.000","41.887267594","-87.762630806","
,  
(41.887267594, -87.762630806)"
"14299495","JK380227","2026-08-20T04:00:00.000","077XX S RACINE AVE","0910","MOTOR VEHICLE THEFT","AUTOMOBILE","STREET","false","false","0612","006","17","71","07","1169666","1853389","2026","2026-08-28T15:49:37.000","41.75319928","-87.653808492","
,  
(41.75319928, -87.653808492)"
"14299898","JK380803","2026-08-20T04:00:00.000","052XX S NARRAGANSETT AVE","0810","THEFT","OVER $500","STREET","false","false","0811","008","23","56","06","1134597","1869178","2026","2026-08-28T15:49:37.000","41.797215482","-87.781954309","
,  
(41.797215482, -87.781954309)"
"14299604","JK380195","2026-08-20T04:00:00.000","037XX W FLOURNOY ST","0325","ROBBERY","VEHICULAR HIJACKING","STREET","false","false","1133","011","24","27","03","1151708","1896777","2026","2026-08-28T15:49:37.000","41.872632393","-87.71848069","
,  
(41.872632393, -87.71848069)"
"14299931","JK380850","2026-08-20T04:00:00.000","017XX N MEADE AVE","1320","CRIMINAL DAMAGE","TO VEHICLE","APARTMENT","false","true","2513","025","29","25","14","1135478","1910908","2026","2026-08-28T15:49:37.000","41.91171327","-87.777733303","
,  
(41.91171327, -87.777733303)"
"14299348","JK379989","2026-08-20T04:00:00.000","0000X E LAKE ST","0430","BATTERY","AGGRAVATED - OTHER DANGEROUS WEAPON","SIDEWALK","false","false","0111","001","42","32","04B","1176916","1901744","2026","2026-08-28T15:49:37.000","41.885729338","-87.625780935","
,  
(41.885729338, -87.625780935)"
"14299725","JK380683","2026-08-20T04:00:00.000","080XX S VERNON AVE","0760","BURGLARY","BURGLARY FROM MOTOR VEHICLE","STREET","false","false","0631","006","6","44","06","1180641","1851732","2026","2026-08-28T15:49:37.000","41.748407381","-87.61364035","
,  
(41.748407381, -87.61364035)"
"14299347","JK380013","2026-08-20T03:59:00.000","038XX W 76TH ST","1310","CRIMINAL DAMAGE","TO PROPERTY","ALLEY","false","false","0833","008","18","70","14","1151761","1853906","2026","2026-08-28T15:49:37.000","41.754987348","-87.719410579","
,  
(41.754987348, -87.719410579)"
"14300149","JK379979","2026-08-20T03:46:00.000","010XX W 16TH ST","0920","MOTOR VEHICLE THEFT","ATTEMPT - AUTOMOBILE","STREET","false","false","1232","012","25","28","07","1169637","1892244","2026","2026-08-28T15:49:37.000","41.859822204","-87.65278729","
,  
(41.859822204, -87.65278729)"
"14299341","JK379984","2026-08-20T03:42:00.000","063XX N WESTERN AVE","0320","ROBBERY","STRONG ARM - NO WEAPON","STREET","false","false","2413","024","50","2","03","1159170","1941923","2026","2026-08-28T15:49:37.000","41.996366085","-87.68984012","
,  
(41.996366085, -87.68984012)"
"14299349","JK379980","2026-08-20T03:34:00.000","005XX E 67TH ST","0610","BURGLARY","FORCIBLE ENTRY","SMALL RETAIL STORE","false","false","0321","003","20","42","05","1181179","1860714","2026","2026-08-28T15:49:37.000","41.773042565","-87.61139273","
,  
(41.773042565, -87.61139273)"
"14299328","JK379983","2026-08-20T03:33:00.000","072XX S SOUTH SHORE DR","0820","THEFT","$500 AND UNDER","RESIDENCE","true","false","0334","003","7","43","06","1194849","1857842","2026","2026-08-28T15:49:37.000","41.764835778","-87.56137732","
,  
(41.764835778, -87.56137732)"
"14299392","JK380041","2026-08-20T03:30:00.000","017XX S DESPLAINES ST","0930","MOTOR VEHICLE THEFT","THEFT / RECOVERY - AUTOMOBILE","STREET","false","false","1235","012","25","31","07","1172333","1891863","2026","2026-08-28T15:49:37.000","41.858717644","-87.642902349","
,  
(41.858717644, -87.642902349)"
"14306561","JK389428","2026-08-20T03:30:00.000","036XX N SACRAMENTO AVE","0710","THEFT","THEFT FROM MOTOR VEHICLE","STREET","false","false","1733","017","35","16","06","1155736","1924144","2026","2026-08-29T15:40:48.000","41.947649645","-87.702953561","
,  
(41.947649645, -87.702953561)"
"14299794","JK379978","2026-08-20T03:17:00.000","007XX E 83RD ST","0610","BURGLARY","FORCIBLE ENTRY","COMMERCIAL / BUSINESS OFFICE","false","false","0631","006","6","44","05","1182439","1850116","2026","2026-08-28T15:49:37.000","41.743931443","-87.607101898","
,  
(41.743931443, -87.607101898)"
"14299300","JK379981","2026-08-20T03:14:00.000","057XX N LOWELL AVE","1320","CRIMINAL DAMAGE","TO VEHICLE","STREET","false","false","1711","017","39","13","14","1146322","1937991","2026","2026-08-28T15:49:37.000","41.985831637","-87.737203275","
,  
(41.985831637, -87.737203275)"
"14299308","JK379977","2026-08-20T03:12:00.000","046XX S KARLOV AVE","502P","OTHER OFFENSE","FALSE / STOLEN / ALTERED TRP","STREET","false","false","0815","008","14","57","26","1149801","1873632","2026","2026-08-28T15:49:37.000","41.809156775","-87.726083004","
,  
(41.809156775, -87.726083004)"
"14299276","JK379976","2026-08-20T03:03:00.000","040XX W LEXINGTON ST","0930","MOTOR VEHICLE THEFT","THEFT / RECOVERY - AUTOMOBILE","VACANT LOT / LAND","false","false","1132","011","24","26","07","1149630","1896473","2026","2026-08-28T15:49:37.000","41.871838775","-87.726117926","
,  
(41.871838775, -87.726117926)"
"14299554","JK380348","2026-08-20T03:00:00.000","049XX S DREXEL BLVD","0920","MOTOR VEHICLE THEFT","ATTEMPT - AUTOMOBILE","STREET","false","false","0222","002","4","39","07","1183148","1872494","2026","2026-08-28T15:49:37.000","41.805322323","-87.603808532","
,  
(41.805322323, -87.603808532)"
"14299330","JK379991","2026-08-20T03:00:00.000","028XX W DEVON AVE","0610","BURGLARY","FORCIBLE ENTRY","DRUG STORE","false","false","2412","024","50","2","05","1156360","1942334","2026","2026-08-28T15:49:37.000","41.997551366","-87.700165714","
,  
(41.997551366, -87.700165714)"
"14300115","JK381059","2026-08-20T03:00:00.000","015XX W GLENLAKE AVE","0486","BATTERY","DOMESTIC BATTERY SIMPLE","APARTMENT","true","true","2433","024","48","77","08B","1164897","1940601","2026","2026-08-28T15:49:37.000","41.992618453","-87.6688108","
,  
(41.992618453, -87.6688108)"
"14299492","JK380001","2026-08-20T03:00:00.000","012XX W 78TH PL","0820","THEFT","$500 AND UNDER","APARTMENT","false","false","0612","006","17","71","06","1169570","1852732","2026","2026-08-28T15:49:37.000","41.751398464","-87.654179301","
,  
(41.751398464, -87.654179301)"
"14301095","JK381932","2026-08-20T03:00:00.000","0000X E 122ND ST","0760","BURGLARY","BURGLARY FROM MOTOR VEHICLE","STREET","false","false","0532","005","9","53","06","1178624","1824077","2026","2026-08-28T15:49:37.000","41.672564389","-87.621868582","
,  
(41.672564389, -87.621868582)"
"14300479","JK381452","2026-08-20T03:00:00.000","052XX S AVERS AVE","0486","BATTERY","DOMESTIC BATTERY SIMPLE","RESIDENCE","false","true","0822","008","23","62","08B","1151589","1869692","2026","2026-08-28T15:49:37.000","41.79830999","-87.719628065","
,  
(41.79830999, -87.719628065)"
"14300551","JK381583","2026-08-20T02:58:00.000","076XX W CATALPA AVE","0760","BURGLARY","BURGLARY FROM MOTOR VEHICLE","STREET","false","false","1613","016","41","10","06","1124413","1935617","2026","2026-08-28T15:49:37.000","41.979707301","-87.817837682","
,  
(41.979707301, -87.817837682)"
"14300097","JK380462","2026-08-20T02:54:00.000","015XX S SPRINGFIELD AVE","2826","OTHER OFFENSE","HARASSMENT BY ELECTRONIC MEANS","APARTMENT","false","true","1014","010","24","29","26","1150631","1892166","2026","2026-08-28T15:49:37.000","41.860000376","-87.722555321","
,  
(41.860000376, -87.722555321)"
"14299299","JK379975","2026-08-20T02:50:00.000","047XX W DEMING PL","0880","THEFT","PURSE-SNATCHING","SIDEWALK","false","false","2521","025","31","19","06","1144461","1916628","2026","2026-08-28T15:49:37.000","41.927245113","-87.744587824","
,  
(41.927245113, -87.744587824)"
"14299559","JK380132","2026-08-20T02:45:00.000","039XX W CERMAK RD","0630","BURGLARY","ATTEMPT FORCIBLE ENTRY","COMMERCIAL / BUSINESS OFFICE","false","false","1014","010","24","29","05","1150253","1889087","2026","2026-08-28T15:49:37.000","41.851558595","-87.724023072","
,  
(41.851558595, -87.724023072)"
"14299293","JK379972","2026-08-20T02:37:00.000","012XX W 87TH ST","0860","THEFT","RETAIL THEFT","GAS STATION","false","false","2222","022","21","71","06","1169761","1847097","2026","2026-08-28T15:49:37.000","41.735931109","-87.653642482","
,  
(41.735931109, -87.653642482)"
"14299565","JK380163","2026-08-20T02:33:00.000","040XX S CALUMET AVE","0910","MOTOR VEHICLE THEFT","AUTOMOBILE","RESIDENCE","false","false","0213","002","3","38","07","1179099","1878266","2026","2026-08-28T15:49:37.000","41.821254524","-87.618482368","
,  
(41.821254524, -87.618482368)"
"14299455","JK380009","2026-08-20T02:30:00.000","070XX S UNION AVE","1320","CRIMINAL DAMAGE","TO VEHICLE","RESIDENCE","false","false","0732","007","6","68","14","1172856","1858136","2026","2026-08-28T15:49:37.000","41.7661559","-87.641978576","
,  
(41.7661559, -87.641978576)"
"14299314","JK379971","2026-08-20T02:27:00.000","029XX W AUGUSTA BLVD","0486","BATTERY","DOMESTIC BATTERY SIMPLE","APARTMENT","false","true","1211","012","26","24","08B","1156777","1906517","2026","2026-08-28T15:49:37.000","41.899258732","-87.699605926","
,  
(41.899258732, -87.699605926)"
"14299294","JK379966","2026-08-20T02:18:00.000","016XX S SPRINGFIELD AVE","0486","BATTERY","DOMESTIC BATTERY SIMPLE","APARTMENT","false","true","1014","010","24","29","08B","1150666","1891547","2026","2026-08-28T15:49:37.000","41.858301082","-87.722443012","
,  
(41.858301082, -87.722443012)"
"14299307","JK379965","2026-08-20T02:15:00.000","024XX W LEXINGTON ST","1310","CRIMINAL DAMAGE","TO PROPERTY","APARTMENT","false","true","1135","011","28","28","14","1160252","1896631","2026","2026-08-28T15:49:37.000","41.872059528","-87.687115747","
,  
(41.872059528, -87.687115747)"
"14299476","JK380190","2026-08-20T02:14:00.000","035XX W 65TH PL","1130","DECEPTIVE PRACTICE","FRAUD OR CONFIDENCE GAME","RESIDENCE","false","false","0831","008","23","66","11","1153856","1860952","2026","2026-08-28T15:49:37.000","41.774281414","-87.711546242","
,  
(41.774281414, -87.711546242)"
"14299304","JK379964","2026-08-20T02:03:00.000","078XX S ESCANABA AVE","0460","BATTERY","SIMPLE","APARTMENT","false","false","0421","004","7","43","08B","1196884","1853529","2026","2026-08-28T15:49:37.000","41.752950248","-87.554061838","
,  
(41.752950248, -87.554061838)"
"14299366","JK379996","2026-08-20T02:02:00.000","059XX S KEDZIE AVE","0910","MOTOR VEHICLE THEFT","AUTOMOBILE","OTHER (SPECIFY)","false","false","0822","008","14","66","07","1156066","1865116","2026","2026-08-28T15:49:37.000","41.785663912","-87.703332868","
,  
(41.785663912, -87.703332868)"
"14299324","JK380007","2026-08-20T02:00:00.000","001XX W ELM ST","0910","MOTOR VEHICLE THEFT","AUTOMOBILE","STREET","false","false","1824","018","27","8","07","1175121","1908069","2026","2026-08-28T15:49:37.000","41.903125898","-87.632182661","
,  
(41.903125898, -87.632182661)"
"14300299","JK380488","2026-08-20T02:00:00.000","049XX W PATTERSON AVE","0760","BURGLARY","BURGLARY FROM MOTOR VEHICLE","STREET","false","false","1634","016","30","15","06","1142832","1923815","2026","2026-08-28T15:49:37.000","41.94699747","-87.750394214","
,  
(41.94699747, -87.750394214)"
"14299415","JK380208","2026-08-20T02:00:00.000","049XX W PATTERSON AVE","0760","BURGLARY","BURGLARY FROM MOTOR VEHICLE","VEHICLE NON-COMMERCIAL","false","false","1634","016","30","15","06","1142772","1923814","2026","2026-08-28T15:49:37.000","41.946995845","-87.750614785","
,  
(41.946995845, -87.750614785)"
"14301340","JK381404","2026-08-20T02:00:00.000","073XX N ROGERS AVE","0810","THEFT","OVER $500","APARTMENT","false","true","2424","024","49","1","06","1162116","1948499","2026","2026-08-28T15:49:37.000","42.014349542","-87.678818164","
,  
(42.014349542, -87.678818164)"
"14299572","JK380184","2026-08-20T02:00:00.000","040XX S CALUMET AVE","1320","CRIMINAL DAMAGE","TO VEHICLE","RESIDENCE","false","false","0213","002","3","38","14","1179099","1878266","2026","2026-08-28T15:49:37.000","41.821254524","-87.618482368","
,  
(41.821254524, -87.618482368)"
"14299991","JK380917","2026-08-20T02:00:00.000","048XX W AUGUSTA BLVD","031A","ROBBERY","ARMED - HANDGUN","SIDEWALK","false","false","1531","015","37","25","03","1143943","1906209","2026","2026-08-28T15:49:37.000","41.898664018","-87.746753121","
,  
(41.898664018, -87.746753121)"
"14299346","JK379963","2026-08-20T01:59:00.000","080XX S EBERHART AVE","1320","CRIMINAL DAMAGE","TO VEHICLE","APARTMENT","false","false","0631","006","6","44","14","1180970","1851803","2026","2026-08-28T15:49:37.000","41.748594655","-87.612432611","
,  
(41.748594655, -87.612432611)"
"14299292","JK379958","2026-08-20T01:56:00.000","037XX N BROADWAY","051A","ASSAULT","AGGRAVATED - HANDGUN","BAR OR TAVERN","true","false","1925","019","46","6","04A","1170406","1925185","2026","2026-08-28T15:49:37.000","41.950197458","-87.648999894","
,  
(41.950197458, -87.648999894)"
"14300298","JK380402","2026-08-20T01:45:00.000","073XX N ROGERS AVE","0486","BATTERY","DOMESTIC BATTERY SIMPLE","APARTMENT","false","true","2424","024","49","1","08B","1162116","1948499","2026","2026-08-28T15:49:37.000","42.014349542","-87.678818164","
,  
(42.014349542, -87.678818164)"
"14301976","JK383556","2026-08-20T01:43:00.000","074XX N WESTERN AVE","0760","BURGLARY","BURGLARY FROM MOTOR VEHICLE","ALLEY","false","false","2411","024","50","2","06","1159015","1949168","2026","2026-08-28T15:49:37.000","42.016249792","-87.690210095","
,  
(42.016249792, -87.690210095)"
"14299236","JK379941","2026-08-20T01:40:00.000","061XX S SANGAMON ST","051A","ASSAULT","AGGRAVATED - HANDGUN","STREET","false","false","0712","007","16","68","04A","1171028","1864134","2026","2026-08-28T15:49:37.000","41.782655257","-87.648503767","
,  
(41.782655257, -87.648503767)"
"14299255","JK379962","2026-08-20T01:38:00.000","016XX W 32ND ST","0610","BURGLARY","FORCIBLE ENTRY","RESIDENCE - GARAGE","false","false","0912","009","12","59","05","1165886","1883369","2026","2026-08-28T15:49:37.000","41.835549122","-87.666808954","
,  
(41.835549122, -87.666808954)"
"14299251","JK379953","2026-08-20T01:37:00.000","028XX N LOWELL AVE","0910","MOTOR VEHICLE THEFT","AUTOMOBILE","ALLEY","false","false","2523","025","31","20","07","1146897","1918462","2026","2026-08-28T15:49:37.000","41.932231532","-87.735589463","
,  
(41.932231532, -87.735589463)"
"14299283","JK379946","2026-08-20T01:37:00.000","057XX W IOWA ST","1320","CRIMINAL DAMAGE","TO VEHICLE","STREET","false","false","1511","015","29","25","14","1137742","1905421","2026","2026-08-28T15:49:37.000","41.896615733","-87.769548408","
,  
(41.896615733, -87.769548408)"
"14299533","JK380320","2026-08-20T01:30:00.000","012XX W NORWOOD ST","1320","CRIMINAL DAMAGE","TO VEHICLE","STREET","false","false","2433","024","48","77","14","1166932","1940322","2026","2026-08-28T15:49:37.000","41.991809295","-87.661333459","
,  
(41.991809295, -87.661333459)"
"14299630","JK380259","2026-08-20T01:30:00.000","0000X N HALSTED ST","0930","MOTOR VEHICLE THEFT","THEFT / RECOVERY - AUTOMOBILE","STREET","false","false","1224","012","34","28","07","1171049","1900319","2026","2026-08-28T15:49:37.000","41.881949766","-87.647367397","
,  
(41.881949766, -87.647367397)"
"14299253","JK379949","2026-08-20T01:28:00.000","061XX S EBERHART AVE","1365","CRIMINAL TRESPASS","TO RESIDENCE","APARTMENT","true","false","0313","003","20","42","26","1180638","1864334","2026","2026-08-28T15:49:37.000","41.782988644","-87.613264765","
,  
(41.782988644, -87.613264765)"
"14299267","JK379948","2026-08-20T01:20:00.000","004XX E 73RD ST","0820","THEFT","$500 AND UNDER","STREET","false","true","0323","003","6","69","06","1180353","1856709","2026","2026-08-28T15:49:37.000","41.762071419","-87.614543301","
,  
(41.762071419, -87.614543301)"
"14299274","JK379950","2026-08-20T01:19:00.000","042XX W ROSCOE ST","141A","WEAPONS VIOLATION","UNLAWFUL USE - HANDGUN","STREET","false","false","1731","017","30","16","15","1147619","1922268","2026","2026-08-28T15:49:37.000","41.942661685","-87.73283821","
,  
(41.942661685, -87.73283821)"
"14299263","JK379960","2026-08-20T01:12:00.000","061XX S DR MARTIN LUTHER KING JR DR","0320","ROBBERY","STRONG ARM - NO WEAPON","STREET","false","false","0311","003","20","40","03","1179972","1864490","2026","2026-08-28T15:49:37.000","41.783432002","-87.615701737","
,  
(41.783432002, -87.615701737)"
"14299288","JK379959","2026-08-20T01:09:00.000","066XX N NORTHWEST HWY","1330","CRIMINAL TRESPASS","TO LAND","BAR OR TAVERN","true","false","1612","016","41","9","26","1124943","1943924","2026","2026-08-28T15:49:37.000","42.002493774","-87.815703853","
,  
(42.002493774, -87.815703853)"
"14299273","JK379952","2026-08-20T01:08:00.000","064XX S CENTRAL AVE","0420","BATTERY","AGGRAVATED - KNIFE / CUTTING INSTRUMENT","STREET","false","false","0812","008","13","64","04B","1140186","1861488","2026","2026-08-28T15:49:37.000","41.776012583","-87.761645817","
,  
(41.776012583, -87.761645817)"
"14309416","JK393114","2026-08-20T01:03:00.000","024XX S TRUMBULL AVE","1563","SEX OFFENSE","CRIMINAL SEXUAL ABUSE","APARTMENT","false","true","1024","010","22","30","17",,,"2026","2026-08-31T15:53:00.000",,,
"14299235","JK379934","2026-08-20T01:01:00.000","043XX N MARMORA AVE","0486","BATTERY","DOMESTIC BATTERY SIMPLE","RESIDENCE","true","true","1624","016","38","15","08B","1136236","1928225","2026","2026-08-28T15:49:37.000","41.959219491","-87.774533932","
,  
(41.959219491, -87.774533932)"
"14299946","JK380675","2026-08-20T01:00:00.000","007XX W 115TH ST","0610","BURGLARY","FORCIBLE ENTRY","RESIDENCE - GARAGE","false","false","2233","022","21","49","05","1173594","1828606","2026","2026-08-28T15:49:37.000","41.685105184","-87.640145153","
,  
(41.685105184, -87.640145153)"
"14300429","JK381414","2026-08-20T01:00:00.000","051XX W NORTH AVE","0460","BATTERY","SIMPLE","APARTMENT","false","true","2533","025","37","25","08B","1142152","1910158","2026","2026-08-28T15:49:37.000","41.909533936","-87.753233363","
,  
(41.909533936, -87.753233363)"
"14299425","JK380194","2026-08-20T01:00:00.000","026XX W 63RD ST","0620","BURGLARY","UNLAWFUL ENTRY","APARTMENT","false","false","0825","008","16","66","05","1159874","1862780","2026","2026-08-28T15:49:37.000","41.779176188","-87.689434991","
,  
(41.779176188, -87.689434991)"
"14299387","JK380133","2026-08-20T01:00:00.000","032XX N KILDARE AVE","0760","BURGLARY","BURGLARY FROM MOTOR VEHICLE","STREET","false","false","1731","017","30","16","06","1147150","1921139","2026","2026-08-28T15:49:37.000","41.939572614","-87.734591005","
,  
(41.939572614, -87.734591005)"
"14300053","JK381007","2026-08-20T01:00:00.000","034XX W MONTROSE AVE","0710","THEFT","THEFT FROM MOTOR VEHICLE","STREET","false","false","1723","017","33","14","06","1152485","1929025","2026","2026-08-28T15:49:37.000","41.96110844","-87.714774008","
,  
(41.96110844, -87.714774008)"
"14299262","JK379933","2026-08-20T01:00:00.000","043XX W MONROE ST","0486","BATTERY","DOMESTIC BATTERY SIMPLE","RESIDENCE - YARD (FRONT / BACK)","false","true","1115","011","28","26","08B","1147557","1899310","2026","2026-08-28T15:49:37.000","41.879663824","-87.733656052","
,  
(41.879663824, -87.733656052)"
"14304420","JK386648","2026-08-20T01:00:00.000","011XX N LA SALLE DR","0820","THEFT","$500 AND UNDER","APARTMENT","false","false","1824","018","27","8","06","1174931","1907935","2026","2026-08-28T15:49:37.000","41.902762454","-87.632884581","
,  
(41.902762454, -87.632884581)"
"14300438","JK381570","2026-08-20T01:00:00.000","042XX N KEYSTONE AVE","0760","BURGLARY","BURGLARY FROM MOTOR VEHICLE","STREET","false","false","1722","017","39","16","06","1148530","1927905","2026","2026-08-28T15:49:37.000","41.958112499","-87.729343819","
,  
(41.958112499, -87.729343819)"
"14299281","JK379929","2026-08-20T00:55:00.000","001XX N OAKLEY BLVD","0486","BATTERY","DOMESTIC BATTERY SIMPLE","CHA APARTMENT","true","true","1223","012","27","28","08B","1161054","1901054","2026","2026-08-28T15:49:37.000","41.884180033","-87.684048419","
,  
(41.884180033, -87.684048419)"
"14303006","JK379944","2026-08-20T00:55:00.000","052XX S HOMAN AVE","1310","CRIMINAL DAMAGE","TO PROPERTY","RESIDENCE","false","true","0822","008","14","63","14","1154598","1869697","2026","2026-08-28T15:49:37.000","41.798264229","-87.708593241","
,  
(41.798264229, -87.708593241)"
"14299246","JK379928","2026-08-20T00:53:00.000","032XX W HARRISON ST","0520","ASSAULT","AGGRAVATED - KNIFE / CUTTING INSTRUMENT","STREET","true","true","1134","011","24","27","04A","1154881","1897181","2026","2026-08-28T15:49:37.000","41.873678051","-87.70682028","
,  
(41.873678051, -87.70682028)"
"14299287","JK379973","2026-08-20T00:52:00.000","053XX S COTTAGE GROVE AVE","0820","THEFT","$500 AND UNDER","APARTMENT","false","false","0233","002","20","41","06","1182491","1869797","2026","2026-08-28T15:49:37.000","41.797936811","-87.606301777","
,  
(41.797936811, -87.606301777)"
"14299256","JK379947","2026-08-20T00:50:00.000","012XX S WABASH AVE","1310","CRIMINAL DAMAGE","TO PROPERTY","SMALL RETAIL STORE","false","false","0131","001","34","33","14","1176963","1894856","2026","2026-08-28T15:49:37.000","41.866827203","-87.62581685","
,  
(41.866827203, -87.62581685)"
"14299286","JK379930","2026-08-20T00:50:00.000","032XX N BROADWAY","0560","ASSAULT","SIMPLE","STREET","false","false","1925","019","44","6","08A","1171671","1921994","2026","2026-08-28T15:49:37.000","41.94141343","-87.644444188","
,  
(41.94141343, -87.644444188)"
"14299222","JK379924","2026-08-20T00:49:00.000","047XX S MAPLEWOOD AVE","0486","BATTERY","DOMESTIC BATTERY SIMPLE","APARTMENT","true","true","0922","009","15","58","08B","1160165","1873170","2026","2026-08-28T15:49:37.000","41.807681747","-87.688082251","
,  
(41.807681747, -87.688082251)"
"14299270","JK379935","2026-08-20T00:49:00.000","071XX S WESTERN AVE","4230","KIDNAPPING","UNLAWFUL RESTRAINT","STREET","false","false","0832","008","17","66","26","1161607","1857352","2026","2026-08-28T15:49:37.000","41.764245207","-87.683232026","
,  
(41.764245207, -87.683232026)"
"14299231","JK379932","2026-08-20T00:41:00.000","040XX W LAWRENCE AVE","0530","ASSAULT","AGGRAVATED - OTHER DANGEROUS WEAPON","PARKING LOT / GARAGE (NON RESIDENTIAL)","false","false","1722","017","39","14","04A","1148406","1931589","2026","2026-08-28T15:49:37.000","41.968224063","-87.729704278","
,  
(41.968224063, -87.729704278)"
"14299280","JK379923","2026-08-20T00:40:00.000","049XX W QUINCY ST","0486","BATTERY","DOMESTIC BATTERY SIMPLE","SIDEWALK","false","true","1533","015","28","25","08B","1143614","1898550","2026","2026-08-28T15:49:37.000","41.877652981","-87.748153375","
,  
(41.877652981, -87.748153375)"
"14299405","JK380101","2026-08-20T00:39:00.000","031XX N BERNARD ST","0710","THEFT","THEFT FROM MOTOR VEHICLE","RESIDENCE","false","false","1412","014","35","21","06","1152847","1920583","2026","2026-08-28T15:49:37.000","41.937935809","-87.713667497","
,  
(41.937935809, -87.713667497)"
"14299230","JK379919","2026-08-20T00:38:00.000","011XX W 62ND ST","1310","CRIMINAL DAMAGE","TO PROPERTY","STREET","false","true","0712","007","16","68","14","1169809","1863685","2026","2026-08-28T15:49:37.000","41.781449702","-87.652986003","
,  
(41.781449702, -87.652986003)"
"14299298","JK379967","2026-08-20T00:30:00.000","064XX S YALE AVE","0486","BATTERY","DOMESTIC BATTERY SIMPLE","APARTMENT","false","true","0722","007","6","68","08B","1175609","1862380","2026","2026-08-28T15:49:37.000","41.777740745","-87.631760999","
,  
(41.777740745, -87.631760999)"
"14299291","JK379916","2026-08-20T00:30:00.000","033XX W DOUGLAS BLVD","2820","OTHER OFFENSE","TELEPHONE THREAT","APARTMENT","false","true","1021","010","24","29","08A","1154157","1893254","2026","2026-08-28T15:49:37.000","41.862916408","-87.709583233","
,  
(41.862916408, -87.709583233)"
"14299497","JK380301","2026-08-20T00:30:00.000","056XX N HARLEM AVE","0560","ASSAULT","SIMPLE","CTA TRAIN","false","false","1612","016","41","10","08A","1127369","1936890","2026","2026-08-28T15:49:37.000","41.983151211","-87.806937685","
,  
(41.983151211, -87.806937685)"
"14299225","JK379942","2026-08-20T00:27:00.000","075XX S CICERO AVE","5002","OTHER OFFENSE","OTHER VEHICLE OFFENSE","STREET","false","false","0833","008","18","65","26","1145711","1854190","2026","2026-08-28T15:49:37.000","41.755883027","-87.741575326","
,  
(41.755883027, -87.741575326)"
"14299194","JK379908","2026-08-20T00:24:00.000","051XX W FULTON ST","0910","MOTOR VEHICLE THEFT","AUTOMOBILE","STREET","false","false","1532","015","28","25","07","1142098","1901457","2026","2026-08-28T15:49:37.000","41.885658379","-87.753647709","
,  
(41.885658379, -87.753647709)"
"14299295","JK379920","2026-08-20T00:22:00.000","091XX S PARNELL AVE","0810","THEFT","OVER $500","RESIDENCE","false","true","2223","022","9","73","06","1174236","1844325","2026","2026-08-28T15:49:37.000","41.728226219","-87.637329873","
,  
(41.728226219, -87.637329873)"
"14299193","JK379915","2026-08-20T00:17:00.000","012XX W LELAND AVE","0560","ASSAULT","SIMPLE","APARTMENT","false","false","1913","019","46","3","08A","1167324","1931353","2026","2026-08-28T15:49:37.000","41.967189655","-87.660150847","
,  
(41.967189655, -87.660150847)"
"14299264","JK379909","2026-08-20T00:12:00.000","083XX S SANGAMON ST","1320","CRIMINAL DAMAGE","TO VEHICLE","RESIDENCE","false","true","0613","006","17","71","14","1171417","1849529","2026","2026-08-28T15:49:37.000","41.7425688","-87.6475045","
,  
(41.7425688, -87.6475045)"
"14299243","JK379898","2026-08-20T00:11:00.000","066XX S WOLCOTT AVE","051A","ASSAULT","AGGRAVATED - HANDGUN","SIDEWALK","false","true","0726","007","16","67","04A","1164829","1860643","2026","2026-08-28T15:49:37.000","41.773208728","-87.67132971","
,  
(41.773208728, -87.67132971)"
"14299187","JK379902","2026-08-20T00:10:00.000","065XX S RACINE AVE","502R","OTHER OFFENSE","VEHICLE TITLE / REGISTRATION OFFENSE","PARK PROPERTY","true","false","0724","007","17","67","26","1169443","1861521","2026","2026-08-28T15:49:37.000","41.775519362","-87.654390481","
,  
(41.775519362, -87.654390481)"
"14299228","JK379903","2026-08-20T00:07:00.000","065XX S JUSTINE ST","1310","CRIMINAL DAMAGE","TO PROPERTY","RESIDENCE - PORCH / HALLWAY","false","true","0725","007","16","67","14","1167128","1861458","2026","2026-08-28T15:49:37.000","41.775396322","-87.662878824","
,  
(41.775396322, -87.662878824)"
"14304866","JK386841","2026-08-20T00:05:00.000","061XX S ALBANY AVE","0760","BURGLARY","BURGLARY FROM MOTOR VEHICLE","VEHICLE NON-COMMERCIAL","false","false","0823","008","15","66","06","1156773","1863700","2026","2026-08-28T15:49:37.000","41.781763959","-87.700778845","
,  
(41.781763959, -87.700778845)"
"14299265","JK379905","2026-08-20T00:03:00.000","062XX S PAULINA ST","2820","OTHER OFFENSE","TELEPHONE THREAT","RESIDENCE","false","false","0714","007","15","67","08A","1166077","1863419","2026","2026-08-28T15:49:37.000","41.780799978","-87.666675944","
,  
(41.780799978, -87.666675944)"
"14299191","JK379891","2026-08-20T00:01:00.000","030XX W 63RD ST","0486","BATTERY","DOMESTIC BATTERY SIMPLE","ALLEY","true","true","0823","008","15","66","08B","1157319","1862710","2026","2026-08-28T15:49:37.000","41.779036216","-87.698803841","
,  
(41.779036216, -87.698803841)"
"14300056","JK381076","2026-08-20T00:00:00.000","134XX S BRANDON AVE","141B","WEAPONS VIOLATION","UNLAWFUL USE - OTHER FIREARM","RESIDENCE","false","false","0433","004","10","55","15","1199443","1816503","2026","2026-08-27T15:41:58.000","41.651283546","-87.5459249","
,  
(41.651283546, -87.5459249)"
"14300627","JK381769","2026-08-20T00:00:00.000","012XX S DAMEN AVE","1320","CRIMINAL DAMAGE","TO VEHICLE","PARKING LOT / GARAGE (NON RESIDENTIAL)","false","false","1233","012","28","28","14","1163239","1894297","2026","2026-08-27T15:41:58.000","41.86559259","-87.676214817","
,  
(41.86559259, -87.676214817)"
"14299858","JK380763","2026-08-20T00:00:00.000","029XX W HARRISON ST","1310","CRIMINAL DAMAGE","TO PROPERTY","APARTMENT","false","false","1135","011","27","27","14","1156930","1897228","2026","2026-08-27T15:41:58.000","41.873765737","-87.699296047","
,  
(41.873765737, -87.699296047)"
"14299247","JK379913","2026-08-20T00:00:00.000","079XX S VERNON AVE","2022","NARCOTICS","POSSESS - COCAINE","ALLEY","true","false","0624","006","6","44","18","1180619","1852513","2026","2026-08-27T15:41:58.000","41.750551037","-87.613697029","
,  
(41.750551037, -87.613697029)"
"14300320","JK381174","2026-08-20T00:00:00.000","001XX W OAK ST","0810","THEFT","OVER $500","APARTMENT","false","true","1832","018","2","8","06","1174734","1907126","2026","2026-08-27T15:41:58.000","41.900546929","-87.633632427","
,  
(41.900546929, -87.633632427)"
"14300901","JK382234","2026-08-20T00:00:00.000","015XX W 47TH ST","0820","THEFT","$500 AND UNDER","STREET","false","false","0933","009","20","61","06","1166683","1873560","2026","2026-08-27T15:41:58.000","41.808615178","-87.664164824","
,  
(41.808615178, -87.664164824)"
"14303900","JK385531","2026-08-20T00:00:00.000","027XX N MANGO AVE","0710","THEFT","THEFT FROM MOTOR VEHICLE","STREET","false","false","2514","025","30","19","06","1137582","1917547","2026","2026-08-27T15:41:58.000","41.929893779","-87.769843464","
,  
(41.929893779, -87.769843464)"
"14300839","JK382084","2026-08-20T00:00:00.000","026XX W EVERGREEN AVE","1150","DECEPTIVE PRACTICE","CREDIT CARD FRAUD","APARTMENT","false","false","1423","014","26","24","11","1158561","1908878","2026","2026-08-27T15:41:58.000","41.905701164","-87.692988587","
,  
(41.905701164, -87.692988587)"
"14302051","JK383625","2026-08-20T00:00:00.000","059XX W 64TH PL","1563","SEX OFFENSE","CRIMINAL SEXUAL ABUSE","RESIDENCE","false","true","0812","008","13","64","17","1138031","1861168","2026","2026-08-27T15:41:58.000","41.775173485","-87.769553727","
,  
(41.775173485, -87.769553727)"
"14299986","JK380857","2026-08-20T00:00:00.000","068XX S MERRILL AVE","0560","ASSAULT","SIMPLE","APARTMENT","false","true","0331","003","5","43","08A","1191721","1860118","2026","2026-08-27T15:41:58.000","41.77115776","-87.572768337","
,  
(41.77115776, -87.572768337)"
"14299335","JK379995","2026-08-20T00:00:00.000","015XX W NORTH AVE","0320","ROBBERY","STRONG ARM - NO WEAPON","GAS STATION","false","false","1433","014","1","24","03","1165672","1910733","2026","2026-08-27T15:41:58.000","41.910642772","-87.666814511","
,  
(41.910642772, -87.666814511)"
"14299888","JK380783","2026-08-20T00:00:00.000","079XX S DREXEL AVE","1822","NARCOTICS","MANUFACTURE / DELIVER - CANNABIS OVER 10 GRAMS","STREET","true","false","0624","006","8","44","18","1183607","1852643","2026","2026-08-27T15:41:58.000","41.750838669","-87.602743669","
,  
(41.750838669, -87.602743669)"
"14299798","JK380668","2026-08-20T00:00:00.000","027XX W 68TH ST","0420","BATTERY","AGGRAVATED - KNIFE / CUTTING INSTRUMENT","HOSPITAL BUILDING / GROUNDS","false","false","0831","008","16","66","04B","1159381","1859440","2026","2026-08-27T15:41:58.000","41.770020864","-87.6913338","
,  
(41.770020864, -87.6913338)"
"14306699","JK389574","2026-08-20T00:00:00.000","018XX N RIDGEWAY AVE","0810","THEFT","OVER $500","APARTMENT","false","true","2535","025","26","22","06","1151084","1912057","2026","2026-08-29T15:40:48.000","41.914574516","-87.720370913","
,  
(41.914574516, -87.720370913)"
"14308754","JK392290","2026-08-20T00:00:00.000","079XX S EVANS AVE","1153","DECEPTIVE PRACTICE","FINANCIAL IDENTITY THEFT OVER $ 300","RESIDENCE","false","false","0624","006","6","44","11",,,"2026","2026-08-30T15:48:44.000",,,
"14299443","JK380148","2026-08-19T23:55:00.000","037XX W WRIGHTWOOD AVE","0760","BURGLARY","BURGLARY FROM MOTOR VEHICLE","STREET","false","false","2524","025","35","22","06","1151157","1917029","2026","2026-08-27T15:41:58.000","41.928216692","-87.719972068","
,  
(41.928216692, -87.719972068)"
"14299242","JK379890","2026-08-19T23:50:00.000","072XX S CONSTANCE AVE","0560","ASSAULT","SIMPLE","APARTMENT","false","true","0324","003","7","43","08A","1189632","1857151","2026","2026-08-27T15:41:58.000","41.763066505","-87.580520922","
,  
(41.763066505, -87.580520922)"
"14299272","JK379918","2026-08-19T23:45:00.000","030XX W 63RD ST","1330","CRIMINAL TRESPASS","TO LAND","COMMERCIAL / BUSINESS OFFICE","false","true","0823","008","15","66","26","1157306","1862710","2026","2026-08-27T15:41:58.000","41.779036479","-87.698851501","
,  
(41.779036479, -87.698851501)"
"14299212","JK379884","2026-08-19T23:40:00.000","109XX S VERNON AVE","5002","OTHER OFFENSE","OTHER VEHICLE OFFENSE","APARTMENT","false","true","0513","005","9","49","26","1181183","1832601","2026","2026-08-27T15:41:58.000","41.695897095","-87.612241486","
,  
(41.695897095, -87.612241486)"
"14299203","JK379885","2026-08-19T23:35:00.000","059XX S ARCHER AVE","5001","OTHER OFFENSE","OTHER CRIME INVOLVING PROPERTY","APARTMENT","false","false","0811","008","23","56","26","1139577","1868589","2026","2026-08-27T15:41:58.000","41.795510059","-87.763705944","
,  
(41.795510059, -87.763705944)"
"14299338","JK379987","2026-08-19T23:35:00.000","097XX S HARVARD AVE","0910","MOTOR VEHICLE THEFT","AUTOMOBILE","STREET","false","false","0511","005","9","49","07","1175675","1840286","2026","2026-08-27T15:41:58.000","41.717110606","-87.63217906","
,  
(41.717110606, -87.63217906)"
"14299277","JK379893","2026-08-19T23:30:00.000","065XX S DR MARTIN LUTHER KING JR DR","0460","BATTERY","SIMPLE","SIDEWALK","true","false","0312","003","20","69","08B","1180043","1861837","2026","2026-08-27T15:41:58.000","41.776150283","-87.615522623","
,  
(41.776150283, -87.615522623)"
"14299402","JK380196","2026-08-19T23:30:00.000","002XX E 46TH ST","0910","MOTOR VEHICLE THEFT","AUTOMOBILE","STREET","false","false","0215","002","3","38","07","1178514","1874573","2026","2026-08-27T15:41:58.000","41.811133958","-87.62074077","
,  
(41.811133958, -87.62074077)"
"14299297","JK379873","2026-08-19T23:21:00.000","062XX S MICHIGAN AVE","0486","BATTERY","DOMESTIC BATTERY SIMPLE","APARTMENT","false","true","0311","003","20","40","08B","1178263","1863570","2026","2026-08-27T15:41:58.000","41.780946398","-87.621995369","
,  
(41.780946398, -87.621995369)"
"14299201","JK379877","2026-08-19T23:20:00.000","043XX W FORD CITY DR","0460","BATTERY","SIMPLE","APARTMENT","false","false","0833","008","18","65","08B","1148765","1853235","2026","2026-08-27T15:41:58.000","41.753204151","-87.73040747","
,  
(41.753204151, -87.73040747)"
"14299204","JK379869","2026-08-19T23:15:00.000","017XX S ASHLAND AVE","0560","ASSAULT","SIMPLE","SIDEWALK","false","false","1233","012","25","31","08A","1165997","1891684","2026","2026-08-27T15:41:58.000","41.85836391","-87.666164631","
,  
(41.85836391, -87.666164631)"
"14299223","JK379900","2026-08-19T23:14:00.000","027XX S STATE ST","143A","WEAPONS VIOLATION","UNLAWFUL POSSESSION - HANDGUN","APARTMENT","true","false","0133","001","3","35","15","1176731","1886482","2026","2026-08-27T15:41:58.000","41.843853617","-87.626921455","
,  
(41.843853617, -87.626921455)"
"14300152","JK381146","2026-08-19T23:13:00.000","055XX W GRAND AVE","3731","INTERFERENCE WITH PUBLIC OFFICER","OBSTRUCTING IDENTIFICATION","POLICE FACILITY / VEHICLE PARKING LOT","true","false","2515","025","37","19","24","1138788","1913480","2026","2026-08-27T15:41:58.000","41.918711651","-87.76551063","
,  
(41.918711651, -87.76551063)"
"14299196","JK379883","2026-08-19T23:13:00.000","024XX W ERIE ST","1360","CRIMINAL TRESPASS","TO VEHICLE","STREET","false","true","1221","012","36","24","26","1160038","1904264","2026","2026-08-27T15:41:58.000","41.893009586","-87.687690599","
,  
(41.893009586, -87.687690599)"
"14299217","JK379850","2026-08-19T23:11:00.000","063XX N FAIRFIELD AVE","143A","WEAPONS VIOLATION","UNLAWFUL POSSESSION - HANDGUN","SIDEWALK","true","false","2413","024","50","2","15","1156847","1941978","2026","2026-08-27T15:41:58.000","41.996564592","-87.698383929","
,  
(41.996564592, -87.698383929)"
"14299765","JK380680","2026-08-19T23:10:00.000","011XX E 79TH ST","0560","ASSAULT","SIMPLE","RESIDENCE - YARD (FRONT / BACK)","false","false","0411","004","8","45","08A","1185308","1852853","2026","2026-08-27T15:41:58.000","41.751375126","-87.596503867","
,  
(41.751375126, -87.596503867)"
"14299249","JK379882","2026-08-19T23:05:00.000","074XX S KINGSTON AVE","0920","MOTOR VEHICLE THEFT","ATTEMPT - AUTOMOBILE","RESIDENCE","false","false","0334","003","7","43","07","1194381","1855945","2026","2026-08-27T15:41:58.000","41.759641783","-87.56315489","
,  
(41.759641783, -87.56315489)"
"14299923","JK380855","2026-08-19T23:04:00.000","053XX W OAKDALE AVE","1360","CRIMINAL TRESPASS","TO VEHICLE","STREET","false","false","2514","025","31","19","26","1140193","1919094","2026","2026-08-27T15:41:58.000","41.934091419","-87.760210587","
,  
(41.934091419, -87.760210587)"
"14299238","JK379855","2026-08-19T23:03:00.000","009XX E 104TH ST","0486","BATTERY","DOMESTIC BATTERY SIMPLE","APARTMENT","true","true","0512","005","9","50","08B","1184238","1836191","2026","2026-08-27T15:41:58.000","41.705677782","-87.600944364","
,  
(41.705677782, -87.600944364)"
"14299444","JK380119","2026-08-19T23:00:00.000","118XX S NORMAL AVE","0910","MOTOR VEHICLE THEFT","AUTOMOBILE","STREET","false","false","0522","005","21","53","07","1175098","1826358","2026","2026-08-27T15:41:58.000","41.67890298","-87.634706134","
,  
(41.67890298, -87.634706134)"
"14299892","JK380464","2026-08-19T23:00:00.000","025XX W HADDON AVE","0917","MOTOR VEHICLE THEFT","CYCLE, SCOOTER, BIKE WITH VIN","STREET","false","false","1211","012","36","24","07","1159239","1907554","2026","2026-08-27T15:41:58.000","41.902054085","-87.690534497","
,  
(41.902054085, -87.690534497)"
"14299473","JK380237","2026-08-19T23:00:00.000","028XX W FLOURNOY ST","0910","MOTOR VEHICLE THEFT","AUTOMOBILE","STREET","false","false","1135","011","28","27","07","1157568","1896907","2026","2026-08-27T15:41:58.000","41.872871925","-87.696962349","
,  
(41.872871925, -87.696962349)"
"14302857","JK384696","2026-08-19T23:00:00.000","071XX S CORNELL AVE","1310","CRIMINAL DAMAGE","TO PROPERTY","APARTMENT","false","false","0324","003","7","43","14","1188468","1858015","2026","2026-08-27T15:41:58.000","41.765465271","-87.584759566","
,  
(41.765465271, -87.584759566)"
"14300678","JK381836","2026-08-19T23:00:00.000","107XX S INDIANA AVE","051A","ASSAULT","AGGRAVATED - HANDGUN","APARTMENT","false","false","0513","005","9","49","04A","1179482","1833813","2026","2026-08-27T15:41:58.000","41.699261902","-87.618432583","
,  
(41.699261902, -87.618432583)"
"14301695","JK383029","2026-08-19T23:00:00.000","040XX W MELROSE ST","0560","ASSAULT","SIMPLE","APARTMENT","false","false","1731","017","30","16","08A","1148902","1921304","2026","2026-08-27T15:41:58.000","41.939991628","-87.728147557","
,  
(41.939991628, -87.728147557)"
"14299996","JK380943","2026-08-19T23:00:00.000","043XX W FLOURNOY ST","0820","THEFT","$500 AND UNDER","APARTMENT","false","true","1131","011","24","26","06","1147516","1896683","2026","2026-08-27T15:41:58.000","41.872455814","-87.73387397","
,  
(41.872455814, -87.73387397)"
"14299202","JK379887","2026-08-19T22:58:00.000","079XX S WOOD ST","5001","OTHER OFFENSE","OTHER CRIME INVOLVING PROPERTY","APARTMENT","false","false","0611","006","17","71","26","1165728","1852072","2026","2026-08-27T15:41:58.000","41.749669689","-87.668277094","
,  
(41.749669689, -87.668277094)"
"14299208","JK379858","2026-08-19T22:45:00.000","036XX N LAKEWOOD AVE","1365","CRIMINAL TRESPASS","TO RESIDENCE","APARTMENT","false","false","1923","019","44","6","26","1166982","1924259","2026","2026-08-27T15:41:58.000","41.947730804","-87.661612793","
,  
(41.947730804, -87.661612793)"
"14299206","JK379894","2026-08-19T22:43:00.000","016XX W MADISON ST","1365","CRIMINAL TRESPASS","TO RESIDENCE","APARTMENT","false","false","1224","012","27","28","26","1165476","1900090","2026","2026-08-27T15:41:58.000","41.881441785","-87.667837814","
,  
(41.881441785, -87.667837814)"
"14299252","JK379897","2026-08-19T22:40:00.000","028XX S MICHIGAN AVE","031A","ROBBERY","ARMED - HANDGUN","SIDEWALK","false","false","0133","001","3","35","03","1177645","1886256","2026","2026-08-27T15:41:58.000","41.843212778","-87.623574145","
,  
(41.843212778, -87.623574145)"
"14299182","JK379843","2026-08-19T22:35:00.000","076XX S LOWE AVE","1310","CRIMINAL DAMAGE","TO PROPERTY","RESIDENCE","false","true","0621","006","17","71","14","1173291","1854214","2026","2026-08-27T15:41:58.000","41.755383848","-87.640499932","
,  
(41.755383848, -87.640499932)"
"14299466","JK380254","2026-08-19T22:30:00.000","053XX N BERNARD ST","0710","THEFT","THEFT FROM MOTOR VEHICLE","STREET","false","false","1712","017","39","13","06","1152424","1935367","2026","2026-08-27T15:41:58.000","41.978512494","-87.714829949","
,  
(41.978512494, -87.714829949)"
"14302615","JK384345","2026-08-19T22:30:00.000","053XX N EAST RIVER RD","1156","DECEPTIVE PRACTICE","ATTEMPT - FINANCIAL IDENTITY THEFT","APARTMENT","false","false","1614","016","41","76","11","1116633","1934340","2026","2026-08-27T15:41:58.000","41.976327975","-87.846476862","
,  
(41.976327975, -87.846476862)"
"14299227","JK379833","2026-08-19T22:30:00.000","070XX S COTTAGE GROVE AVE","1345","CRIMINAL DAMAGE","TO CITY OF CHICAGO PROPERTY","POLICE FACILITY / VEHICLE PARKING LOT","false","false","0321","003","6","42","14","1182773","1858454","2026","2026-08-27T15:41:58.000","41.76680404","-87.605619683","
,  
(41.76680404, -87.605619683)"
"14299382","JK380032","2026-08-19T22:30:00.000","019XX S MORGAN ST","0910","MOTOR VEHICLE THEFT","AUTOMOBILE","STREET","false","false","1235","012","25","31","07","1169996","1890855","2026","2026-08-27T15:41:58.000","41.856002858","-87.651509998","
,  
(41.856002858, -87.651509998)"
"14299254","JK379859","2026-08-19T22:30:00.000","062XX N WASHTENAW AVE","0486","BATTERY","DOMESTIC BATTERY SIMPLE","APARTMENT","true","true","2413","024","50","2","08B","1157198","1941380","2026","2026-08-27T15:41:58.000","41.994916506","-87.697109092","
,  
(41.994916506, -87.697109092)"
"14299224","JK379838","2026-08-19T22:30:00.000","030XX S MOE DR","0486","BATTERY","DOMESTIC BATTERY SIMPLE","LAKEFRONT / WATERFRONT / RIVERBANK","true","true","0133","001","4","35","08B","1181392","1884626","2026","2026-08-27T15:41:58.000","41.838654156","-87.609874097","
,  
(41.838654156, -87.609874097)"
"14299450","JK380203","2026-08-19T22:30:00.000","001XX N LAMON AVE","0810","THEFT","OVER $500","VEHICLE NON-COMMERCIAL","false","false","1532","015","28","25","06","1143701","1900236","2026","2026-08-27T15:41:58.000","41.882277943","-87.747791694","
,  
(41.882277943, -87.747791694)"
"14299207","JK379871","2026-08-19T22:30:00.000","063XX S CLAREMONT AVE","0460","BATTERY","SIMPLE","ALLEY","false","false","0825","008","16","66","08B","1161829","1862607","2026","2026-08-27T15:41:58.000","41.778661058","-87.68227253","
,  
(41.778661058, -87.68227253)"
"14299205","JK379854","2026-08-19T22:27:00.000","066XX S OAKLEY AVE","0630","BURGLARY","ATTEMPT FORCIBLE ENTRY","STREET","false","false","0832","008","16","66","05","1162216","1860579","2026","2026-08-27T15:41:58.000","41.773087898","-87.680910159","
,  
(41.773087898, -87.680910159)"
"14299192","JK379845","2026-08-19T22:26:00.000","065XX S PROMONTORY DR","143A","WEAPONS VIOLATION","UNLAWFUL POSSESSION - HANDGUN","STREET","true","false","0331","003","5","42","15","1192337","1862034","2026","2026-08-27T15:41:58.000","41.776400433","-87.570448042","
,  
(41.776400433, -87.570448042)"
"14299278","JK379852","2026-08-19T22:26:00.000","046XX N KEDVALE AVE","0486","BATTERY","DOMESTIC BATTERY SIMPLE","ALLEY","false","true","1722","017","39","14","08B","1147909","1930183","2026","2026-08-27T15:41:58.000","41.96437549","-87.731568043","
,  
(41.96437549, -87.731568043)"
"14299171","JK379849","2026-08-19T22:25:00.000","060XX N SHERIDAN RD","0560","ASSAULT","SIMPLE","APARTMENT","false","false","2433","024","48","77","08A","1168537","1940244","2026","2026-08-27T15:41:58.000","41.991560549","-87.655432099","
,  
(41.991560549, -87.655432099)"
"14299502","JK380285","2026-08-19T22:19:00.000","025XX W BRYN MAWR AVE","0820","THEFT","$500 AND UNDER","OTHER (SPECIFY)","false","false","2011","020","40","4","06","1158222","1937100","2026","2026-08-27T15:41:58.000","41.983151067","-87.693459958","
,  
(41.983151067, -87.693459958)"
"14300094","JK381086","2026-08-19T22:18:00.000","028XX W VAN BUREN ST","1581","SEX OFFENSE","NON-CONSENSUAL DISSEMINATION OF PRIVATE SEXUAL IMAGES","APARTMENT","false","false","1124","011","27","27","17","1157564","1898036","2026","2026-08-27T15:41:58.000","41.875970094","-87.696946302","
,  
(41.875970094, -87.696946302)"
"14299170","JK379834","2026-08-19T22:15:00.000","014XX S WABASH AVE","031A","ROBBERY","ARMED - HANDGUN","STREET","false","false","0131","001","3","33","03","1176993","1893691","2026","2026-08-27T15:41:58.000","41.863629691","-87.625741969","
,  
(41.863629691, -87.625741969)"
"14299141","JK379822","2026-08-19T22:11:00.000","066XX S WOOD ST","0497","BATTERY","AGGRAVATED DOMESTIC BATTERY - OTHER DANGEROUS WEAPON","STREET","false","true","0725","007","16","67","04B","1165487","1860557","2026","2026-08-27T15:41:58.000","41.772958808","-87.66892007","
,  
(41.772958808, -87.66892007)"
"14300010","JK379823","2026-08-19T22:10:00.000","074XX N DAMEN AVE","0486","BATTERY","DOMESTIC BATTERY SIMPLE","APARTMENT","false","true","2424","024","49","1","08B","1161660","1949577","2026","2026-08-27T15:41:58.000","42.017317153","-87.680465803","
,  
(42.017317153, -87.680465803)"
"14299133","JK379812","2026-08-19T22:03:00.000","037XX W AGATITE AVE","0486","BATTERY","DOMESTIC BATTERY SIMPLE","APARTMENT","false","true","1723","017","33","14","08B","1150755","1929316","2026","2026-08-27T15:41:58.000","41.961941057","-87.721126803","
,  
(41.961941057, -87.721126803)"
"14299750","JK380654","2026-08-19T22:00:00.000","060XX S COTTAGE GROVE AVE","0320","ROBBERY","STRONG ARM - NO WEAPON","ALLEY","false","false","0313","003","20","42","03","1182603","1865189","2026","2026-08-27T15:41:58.000","41.78528946","-87.606034015","
,  
(41.78528946, -87.606034015)"
"14299221","JK379867","2026-08-19T22:00:00.000","008XX N LATROBE AVE","0460","BATTERY","SIMPLE","RESIDENCE","false","false","1524","015","37","25","08B","1141204","1905054","2026","2026-08-27T15:41:58.000","41.89554551","-87.756841955","
,  
(41.89554551, -87.756841955)"
"14299261","JK379839","2026-08-19T22:00:00.000","002XX W PERSHING RD","0460","BATTERY","SIMPLE","APARTMENT","false","false","0915","009","3","34","08B","1175164","1879098","2026","2026-08-27T15:41:58.000","41.823626536","-87.632892939","
,  
(41.823626536, -87.632892939)"
"14299972","JK379917","2026-08-19T22:00:00.000","034XX W ROOSEVELT RD","0710","THEFT","THEFT FROM MOTOR VEHICLE","STREET","false","false","1133","011","24","29","06","1153720","1894499","2026","2026-08-27T15:41:58.000","41.866341527","-87.711154301","
,  
(41.866341527, -87.711154301)"
"14299515","JK380192","2026-08-19T22:00:00.000","019XX W HOOD AVE","0486","BATTERY","DOMESTIC BATTERY SIMPLE","APARTMENT","false","true","2413","024","40","2","08B","1162145","1940757","2026","2026-08-27T15:41:58.000","41.993104675","-87.678929195","
,  
(41.993104675, -87.678929195)"
"14299713","JK380596","2026-08-19T22:00:00.000","106XX S STATE ST","0820","THEFT","$500 AND UNDER","STREET","false","false","0512","005","9","49","06","1178135","1834431","2026","2026-08-27T15:41:58.000","41.700988357","-87.623346009","
,  
(41.700988357, -87.623346009)"
"14299487","JK380267","2026-08-19T22:00:00.000","091XX S JUSTINE ST","0820","THEFT","$500 AND UNDER","STREET","false","false","2221","022","21","73","06","1167608","1844163","2026","2026-08-27T15:41:58.000","41.727926168","-87.661614188","
,  
(41.727926168, -87.661614188)"
"14299363","JK380065","2026-08-19T22:00:00.000","024XX W MADISON ST","0910","MOTOR VEHICLE THEFT","AUTOMOBILE","STREET","false","false","1222","012","27","28","07","1160273","1899946","2026","2026-08-27T15:41:58.000","41.881155761","-87.686946988","
,  
(41.881155761, -87.686946988)"
"14299528","JK380326","2026-08-19T22:00:00.000","031XX N ELSTON AVE","0760","BURGLARY","BURGLARY FROM MOTOR VEHICLE","STREET","false","false","1411","014","35","21","06","1157571","1920642","2026","2026-08-27T15:41:58.000","41.938002695","-87.696304195","
,  
(41.938002695, -87.696304195)"
"14299709","JK380495","2026-08-19T22:00:00.000","059XX S INDIANA AVE","0460","BATTERY","SIMPLE","APARTMENT","false","false","0232","002","20","40","08B","1178616","1865645","2026","2026-08-27T15:41:58.000","41.786632384","-87.620638155","
,  
(41.786632384, -87.620638155)"
"14299374","JK380078","2026-08-19T22:00:00.000","067XX S MERRILL AVE","1310","CRIMINAL DAMAGE","TO PROPERTY","APARTMENT","false","false","0331","003","5","43","14","1191704","1860741","2026","2026-08-27T15:41:58.000","41.772867731","-87.572810457","
,  
(41.772867731, -87.572810457)"
"14299147","JK379842","2026-08-19T22:00:00.000","031XX N CENTRAL AVE","0820","THEFT","$500 AND UNDER","STREET","false","false","2514","025","31","19","06","1138486","1920279","2026","2026-08-27T15:41:58.000","41.937374325","-87.76645507","
,  
(41.937374325, -87.76645507)"
"14300525","JK381394","2026-08-19T22:00:00.000","003XX W 23RD ST","1320","CRIMINAL DAMAGE","TO VEHICLE","STREET","false","false","0914","009","11","34","14","1174424","1889041","2026","2026-08-27T15:41:58.000","41.85092747","-87.635311283","
,  
(41.85092747, -87.635311283)"
"14300888","JK382123","2026-08-19T22:00:00.000","059XX N WASHTENAW AVE","0620","BURGLARY","UNLAWFUL ENTRY","APARTMENT","false","false","2011","020","40","2","05","1157261","1939384","2026","2026-08-27T15:41:58.000","41.989438113","-87.696931911","
,  
(41.989438113, -87.696931911)"
"14301851","JK383030","2026-08-19T22:00:00.000","009XX N LAWLER AVE","0760","BURGLARY","BURGLARY FROM MOTOR VEHICLE","STREET","false","false","1531","015","37","25","06","1142518","1905872","2026","2026-08-27T15:41:58.000","41.897765868","-87.75199552","
,  
(41.897765868, -87.75199552)"
"14299200","JK379820","2026-08-19T21:57:00.000","009XX N WESTERN AVE","0430","BATTERY","AGGRAVATED - OTHER DANGEROUS WEAPON","SIDEWALK","false","false","1212","012","36","24","04B","1160242","1906007","2026","2026-08-27T15:41:58.000","41.897788309","-87.686893153","
,  
(41.897788309, -87.686893153)"
"14300039","JK379835","2026-08-19T21:51:00.000","012XX N WELLS ST","0460","BATTERY","SIMPLE","SIDEWALK","false","false","1821","018","2","8","08B","1174477","1908808","2026","2026-08-27T15:41:58.000","41.90516817","-87.634526065","
,  
(41.90516817, -87.634526065)"
"14299093","JK379804","2026-08-19T21:50:00.000","006XX W 115TH ST","5000","OTHER OFFENSE","OTHER CRIME AGAINST PERSON","STREET","true","false","0524","005","21","53","26","1174282","1828624","2026","2026-08-27T15:41:58.000","41.68513936","-87.637626032","
,  
(41.68513936, -87.637626032)"
"14299248","JK379868","2026-08-19T21:50:00.000","036XX W SHAKESPEARE AVE","1310","CRIMINAL DAMAGE","TO PROPERTY","APARTMENT","true","false","2525","025","35","22","14","1151859","1914048","2026","2026-08-27T15:41:58.000","41.920022763","-87.717471127","
,  
(41.920022763, -87.717471127)"
"14299305","JK379870","2026-08-19T21:50:00.000","055XX S STATE ST","041A","BATTERY","AGGRAVATED - HANDGUN","STREET","false","false","0225","002","20","40","04B","1177219","1868295","2026","2026-08-27T15:41:58.000","41.793935909","-87.625680278","
,  
(41.793935909, -87.625680278)"
"14299199","JK379836","2026-08-19T21:50:00.000","046XX S MICHIGAN AVE","1320","CRIMINAL DAMAGE","TO VEHICLE","STREET","false","false","0215","002","3","38","14","1177938","1874249","2026","2026-08-27T15:41:58.000","41.810257961","-87.622863301","
,  
(41.810257961, -87.622863301)"
"14299165","JK379826","2026-08-19T21:46:00.000","031XX N PULASKI RD","0470","PUBLIC PEACE VIOLATION","RECKLESS CONDUCT","STREET","true","false","2523","025","31","21","24","1149171","1920813","2026","2026-08-27T15:41:58.000","41.938639068","-87.727171649","
,  
(41.938639068, -87.727171649)"
"14299150","JK379815","2026-08-19T21:45:00.000","049XX S CICERO AVE","1512","PROSTITUTION","SOLICITING FOR A PROSTITUTE","ALLEY","true","false","0814","008","22","56","16","1145191","1871544","2026","2026-08-27T15:41:58.000","41.803515121","-87.743044463","
,  
(41.803515121, -87.743044463)"
"14300880","JK381765","2026-08-19T21:45:00.000","002XX W 38TH PL","0560","ASSAULT","SIMPLE","APARTMENT","false","false","0915","009","3","34","08A","1175117","1879433","2026","2026-08-27T15:41:58.000","41.824546856","-87.633055347","
,  
(41.824546856, -87.633055347)"
"14299159","JK379800","2026-08-19T21:43:00.000","047XX S MICHIGAN AVE","2024","NARCOTICS","POSSESS - HEROIN (WHITE)","SIDEWALK","true","false","0224","002","3","38","18","1177954","1873696","2026","2026-08-27T15:41:58.000","41.808740117","-87.622821385","
,  
(41.808740117, -87.622821385)"
"14299096","JK379796","2026-08-19T21:40:00.000","023XX N AUSTIN AVE","502P","OTHER OFFENSE","FALSE / STOLEN / ALTERED TRP","STREET","true","false","2512","025","36","19","26","1136009","1914997","2026","2026-08-27T15:41:58.000","41.922924513","-87.775684862","
,  
(41.922924513, -87.775684862)"
"14299137","JK379790","2026-08-19T21:39:00.000","052XX S GREEN ST","0560","ASSAULT","SIMPLE","STREET","true","false","0934","009","20","61","08A","1171521","1870237","2026","2026-08-27T15:41:58.000","41.799391777","-87.646517533","
,  
(41.799391777, -87.646517533)"
"14299148","JK379810","2026-08-19T21:37:00.000","068XX S TRIPP AVE","0560","ASSAULT","SIMPLE","STREET","false","false","0833","008","23","65","08A","1149214","1858995","2026","2026-08-27T15:41:58.000","41.769001922","-87.728613645","
,  
(41.769001922, -87.728613645)"
"14299234","JK379782","2026-08-19T21:37:00.000","011XX E 71ST ST","502R","OTHER OFFENSE","VEHICLE TITLE / REGISTRATION OFFENSE","STREET","true","false","0324","003","5","69","26","1184887","1858134","2026","2026-08-27T15:41:58.000","41.765876588","-87.597881163","
,  
(41.765876588, -87.597881163)"
"14299240","JK379821","2026-08-19T21:34:00.000","024XX W 45TH PL","502R","OTHER OFFENSE","VEHICLE TITLE / REGISTRATION OFFENSE","STREET","true","false","0922","009","15","58","26","1160898","1874440","2026","2026-08-27T15:41:58.000","41.811151651","-87.685358673","
,  
(41.811151651, -87.685358673)"
"14299679","JK380499","2026-08-19T21:32:00.000","116XX S LAFLIN ST","1320","CRIMINAL DAMAGE","TO VEHICLE","VEHICLE NON-COMMERCIAL","false","false","0524","005","21","53","14","1168428","1827462","2026","2026-08-27T15:41:58.000","41.682078365","-87.65908937","
,  
(41.682078365, -87.65908937)"
"14299396","JK380162","2026-08-19T21:30:00.000","030XX W 63RD ST","0910","MOTOR VEHICLE THEFT","AUTOMOBILE","STREET","false","false","0823","008","15","66","07","1157012","1862702","2026","2026-08-27T15:41:58.000","41.779020474","-87.699929557","
,  
(41.779020474, -87.699929557)"
"14299174","JK379786","2026-08-19T21:28:00.000","071XX S EAST END AVE","143A","WEAPONS VIOLATION","UNLAWFUL POSSESSION - HANDGUN","SIDEWALK","true","false","0324","003","7","43","15","1188772","1857886","2026","2026-08-27T15:41:58.000","41.765104018","-87.583649448","
,  
(41.765104018, -87.583649448)"
"14299108","JK379788","2026-08-19T21:27:00.000","069XX S BISHOP ST","0486","BATTERY","DOMESTIC BATTERY SIMPLE","RESIDENCE","false","true","0734","007","17","67","08B","1167867","1858626","2026","2026-08-27T15:41:58.000","41.767609109","-87.660250983","
,  
(41.767609109, -87.660250983)"
"14299131","JK379794","2026-08-19T21:26:00.000","043XX S COTTAGE GROVE AVE","0460","BATTERY","SIMPLE","STREET","false","false","0221","002","4","38","08B","1182327","1876462","2026","2026-08-27T15:41:58.000","41.816229907","-87.606696541","
,  
(41.816229907, -87.606696541)"
"14299118","JK379798","2026-08-19T21:24:00.000","019XX W WABANSIA AVE","0630","BURGLARY","ATTEMPT FORCIBLE ENTRY","RESIDENCE","false","false","1434","014","32","24","05","1162986","1911324","2026","2026-08-27T15:41:58.000","41.912321369","-87.676665243","
,  
(41.912321369, -87.676665243)"
"14299241","JK379811","2026-08-19T21:20:00.000","009XX S OAKLEY BLVD","0486","BATTERY","DOMESTIC BATTERY SIMPLE","STREET","false","true","1225","012","28","28","08B","1161196","1895797","2026","2026-08-27T15:41:58.000","41.8697514","-87.683673099","
,  
(41.8697514, -87.683673099)"
"14299102","JK379781","2026-08-19T21:10:00.000","064XX S MARSHFIELD AVE","1320","CRIMINAL DAMAGE","TO VEHICLE","STREET","false","false","0725","007","15","67","14","1166430","1862056","2026","2026-08-27T15:41:58.000","41.777052215","-87.665420589","
,  
(41.777052215, -87.665420589)"
"14299175","JK379832","2026-08-19T21:10:00.000","0000X E CHICAGO AVE","0430","BATTERY","AGGRAVATED - OTHER DANGEROUS WEAPON","RESTAURANT","false","false","1833","018","42","8","04B","1176365","1905732","2026","2026-08-27T15:41:58.000","41.896685066","-87.627683859","
,  
(41.896685066, -87.627683859)"
"14299185","JK379851","2026-08-19T21:10:00.000","005XX E 89TH ST","1310","CRIMINAL DAMAGE","TO PROPERTY","RESIDENCE","false","true","0633","006","8","44","14","1181341","1846087","2026","2026-08-27T15:41:58.000","41.732900761","-87.611248896","
,  
(41.732900761, -87.611248896)"
"14299107","JK379763","2026-08-19T21:09:00.000","133XX S LANGLEY AVE","0486","BATTERY","DOMESTIC BATTERY SIMPLE","CHA APARTMENT","false","true","0533","005","10","54","08B","1183327","1817136","2026","2026-08-27T15:41:58.000","41.653409417","-87.604870291","
,  
(41.653409417, -87.604870291)"
"14299041","JK379738","2026-08-19T21:05:00.000","037XX W CHICAGO AVE","2027","NARCOTICS","POSSESS - CRACK","SIDEWALK","true","false","1112","011","27","23","18","1151402","1905083","2026","2026-08-27T15:41:58.000","41.895430948","-87.719385994","
,  
(41.895430948, -87.719385994)"
"14299115","JK379754","2026-08-19T21:01:00.000","074XX S COLFAX AVE","0810","THEFT","OVER $500","APARTMENT","false","false","0334","003","7","43","06","1194646","1856163","2026","2026-08-27T15:41:58.000","41.760233476","-87.562176527","
,  
(41.760233476, -87.562176527)"
"14299418","JK380080","2026-08-19T21:00:00.000","005XX W CERMAK RD","1320","CRIMINAL DAMAGE","TO VEHICLE","STREET","false","false","1235","012","25","31","14","1172919","1889693","2026","2026-08-27T15:41:58.000","41.852750046","-87.640815604","
,  
(41.852750046, -87.640815604)"
"14299367","JK380054","2026-08-19T21:00:00.000","041XX N PULASKI RD","0910","MOTOR VEHICLE THEFT","AUTOMOBILE","STREET","false","false","1723","017","39","16","07","1148983","1927263","2026","2026-08-27T15:41:58.000","41.956342029","-87.727695096","
,  
(41.956342029, -87.727695096)"
"14299637","JK380269","2026-08-19T21:00:00.000","005XX N CICERO AVE","0710","THEFT","THEFT FROM MOTOR VEHICLE","STREET","false","false","1111","011","28","25","06","1144259","1903369","2026","2026-08-27T15:41:58.000","41.890864799","-87.745663904","
,  
(41.890864799, -87.745663904)"
"14299490","JK380261","2026-08-19T21:00:00.000","067XX S MERRILL AVE","0820","THEFT","$500 AND UNDER","RESIDENCE - PORCH / HALLWAY","false","false","0331","003","5","43","06","1191704","1860741","2026","2026-08-27T15:41:58.000","41.772867731","-87.572810457","
,  
(41.772867731, -87.572810457)"
"14299714","JK380562","2026-08-19T21:00:00.000","106XX S HAMILTON AVE","0910","MOTOR VEHICLE THEFT","AUTOMOBILE","DRIVEWAY - RESIDENTIAL","false","false","2212","022","19","72","07","1163925","1834041","2026","2026-08-27T15:41:58.000","41.700227816","-87.675389071","
,  
(41.700227816, -87.675389071)"
"14299181","JK379892","2026-08-19T21:00:00.000","045XX S EVANS AVE","1310","CRIMINAL DAMAGE","TO PROPERTY","APARTMENT","false","false","0221","002","4","38","14","1181912","1875089","2026","2026-08-27T15:41:58.000","41.812471909","-87.608261328","
,  
(41.812471909, -87.608261328)"
"14299373","JK380057","2026-08-19T21:00:00.000","053XX S NATOMA AVE","0760","BURGLARY","BURGLARY FROM MOTOR VEHICLE","STREET","false","false","0811","008","23","56","06","1132951","1868517","2026","2026-08-27T15:41:58.000","41.795430392","-87.788005922","
,  
(41.795430392, -87.788005922)"
"14299772","JK380713","2026-08-19T21:00:00.000","069XX S WESTERN AVE","1477","WEAPONS VIOLATION","RECKLESS FIREARM DISCHARGE","STREET","false","false","0832","008","16","66","15","1161574","1858541","2026","2026-08-27T15:41:58.000","41.767508679","-87.683320046","
,  
(41.767508679, -87.683320046)"
"14299489","JK380283","2026-08-19T21:00:00.000","029XX W ARMITAGE AVE","0810","THEFT","OVER $500","SIDEWALK","false","false","1414","014","1","22","06","1156327","1913144","2026","2026-08-27T15:41:58.000","41.917452892","-87.701079356","
,  
(41.917452892, -87.701079356)"
"14299414","JK380186","2026-08-19T21:00:00.000","023XX S STATE ST","0486","BATTERY","DOMESTIC BATTERY SIMPLE","APARTMENT","false","true","0131","001","3","33","08B","1176681","1888910","2026","2026-08-27T15:41:58.000","41.850517353","-87.627031661","
,  
(41.850517353, -87.627031661)"
"14299383","JK380090","2026-08-19T21:00:00.000","047XX W RACE AVE","0910","MOTOR VEHICLE THEFT","AUTOMOBILE","STREET","false","false","1111","011","28","25","07","1144670","1903241","2026","2026-08-27T15:41:58.000","41.890505818","-87.744157718","
,  
(41.890505818, -87.744157718)"
"14299451","JK380139","2026-08-19T21:00:00.000","069XX W 64TH PL","2826","OTHER OFFENSE","HARASSMENT BY ELECTRONIC MEANS","APARTMENT","false","true","0812","008","13","64","26","1131362","1860970","2026","2026-08-27T15:41:58.000","41.774747507","-87.794006566","
,  
(41.774747507, -87.794006566)"
"14299409","JK380093","2026-08-19T21:00:00.000","037XX W 32ND ST","0760","BURGLARY","BURGLARY FROM MOTOR VEHICLE","STREET","false","false","1031","010","22","30","06","1152080","1883132","2026","2026-08-27T15:41:58.000","41.835181563","-87.717474208","
,  
(41.835181563, -87.717474208)"
"14299929","JK380841","2026-08-19T21:00:00.000","024XX W ROSEMONT AVE","0710","THEFT","THEFT FROM MOTOR VEHICLE","STREET","false","false","2413","024","50","2","06","1158731","1941745","2026","2026-08-27T15:41:58.000","41.995886687","-87.691459917","
,  
(41.995886687, -87.691459917)"
"14299852","JK380811","2026-08-19T21:00:00.000","066XX S JUSTINE ST","0910","MOTOR VEHICLE THEFT","AUTOMOBILE","STREET","false","false","0725","007","16","67","07","1167149","1860727","2026","2026-08-27T15:41:58.000","41.773389915","-87.662822734","
,  
(41.773389915, -87.662822734)"
"14299095","JK379787","2026-08-19T20:57:00.000","013XX N HAMLIN AVE","0460","BATTERY","SIMPLE","RESIDENCE","false","false","2535","025","36","23","08B","1150798","1908642","2026","2026-08-27T15:41:58.000","41.905209037","-87.721511136","
,  
(41.905209037, -87.721511136)"
"14299006","JK379721","2026-08-19T20:53:00.000","114XX S OAKLEY AVE","0460","BATTERY","SIMPLE","NURSING / RETIREMENT HOME","false","false","2212","022","19","75","08B","1163013","1828741","2026","2026-08-27T15:41:58.000","41.685702753","-87.678875923","
,  
(41.685702753, -87.678875923)"
"14299167","JK379783","2026-08-19T20:50:00.000","079XX S VERNON AVE","1460","WEAPONS VIOLATION","POSSESS FIREARM / AMMUNITION - NO FOID CARD","STREET","false","false","0624","006","6","44","15","1180623","1852371","2026","2026-08-27T15:41:58.000","41.750161282","-87.613686724","
,  
(41.750161282, -87.613686724)"
"14299169","JK379814","2026-08-19T20:50:00.000","017XX E 84TH PL","0430","BATTERY","AGGRAVATED - OTHER DANGEROUS WEAPON","PARK PROPERTY","false","false","0412","004","8","45","04B","1189257","1849295","2026","2026-08-27T15:41:58.000","41.741517926","-87.582146737","
,  
(41.741517926, -87.582146737)"
"14299037","JK379736","2026-08-19T20:48:00.000","059XX S INDIANA AVE","0560","ASSAULT","SIMPLE","APARTMENT","false","false","0232","002","20","40","08A","1178616","1865645","2026","2026-08-27T15:41:58.000","41.786632384","-87.620638155","
,  
(41.786632384, -87.620638155)"
"14299013","JK379741","2026-08-19T20:48:00.000","031XX W LEXINGTON ST","0810","THEFT","OVER $500","STREET","false","false","1134","011","24","27","06","1155568","1896532","2026","2026-08-27T15:41:58.000","41.87188334","-87.704315401","
,  
(41.87188334, -87.704315401)"
"14299226","JK379829","2026-08-19T20:46:00.000","032XX W 63RD PL","0484","BATTERY","PROTECTED EMPLOYEE - HANDS, FISTS, FEET, NO / MINOR INJURY","STREET","true","false","0823","008","14","66","08B","1156115","1862340","2026","2026-08-27T15:41:58.000","41.778045176","-87.703227793","
,  
(41.778045176, -87.703227793)"
"14300019","JK379785","2026-08-19T20:45:00.000","062XX N FAIRFIELD AVE","0486","BATTERY","DOMESTIC BATTERY SIMPLE","APARTMENT","false","true","2413","024","50","2","08B","1156868","1941345","2026","2026-08-27T15:41:58.000","41.994827186","-87.698323947","
,  
(41.994827186, -87.698323947)"
"14299074","JK379746","2026-08-19T20:45:00.000","082XX S ELLIS AVE","5001","OTHER OFFENSE","OTHER CRIME INVOLVING PROPERTY","APARTMENT","false","false","0631","006","8","44","26","1184329","1850618","2026","2026-08-27T15:41:58.000","41.745265005","-87.600161171","
,  
(41.745265005, -87.600161171)"
"14299125","JK379755","2026-08-19T20:45:00.000","005XX E 79TH ST","031A","ROBBERY","ARMED - HANDGUN","DEPARTMENT STORE","false","false","0624","006","6","44","03","1181026","1852740","2026","2026-08-27T15:41:58.000","41.751164599","-87.612198632","
,  
(41.751164599, -87.612198632)"
"14299189","JK379828","2026-08-19T20:41:00.000","043XX W 21ST ST","0470","PUBLIC PEACE VIOLATION","RECKLESS CONDUCT","CTA PLATFORM","true","false","1012","010","24","29","24","1147713","1889732","2026","2026-08-27T15:41:58.000","41.853377636","-87.733329046","
,  
(41.853377636, -87.733329046)"
"14299098","JK379727","2026-08-19T20:40:00.000","035XX N OAKLEY AVE","0630","BURGLARY","ATTEMPT FORCIBLE ENTRY","RESIDENCE","false","false","1921","019","32","5","05","1160409","1923414","2026","2026-08-27T15:41:58.000","41.945550888","-87.685797006","
,  
(41.945550888, -87.685797006)"
"14299642","JK380312","2026-08-19T20:40:00.000","067XX S ARTESIAN AVE","1565","SEX OFFENSE","INDECENT SOLICITATION OF A CHILD","RESIDENCE","false","true","0832","008","16","66","17","1161204","1859845","2026","2026-08-27T15:41:58.000","41.771094706","-87.684640215","
,  
(41.771094706, -87.684640215)"
"14299163","JK379818","2026-08-19T20:38:00.000","068XX S ANTHONY AVE","0917","MOTOR VEHICLE THEFT","CYCLE, SCOOTER, BIKE WITH VIN","STREET","false","false","0322","003","6","69","07","1180294","1859667","2026","2026-08-27T15:41:58.000","41.770189832","-87.614668959","
,  
(41.770189832, -87.614668959)"
"14299153","JK379712","2026-08-19T20:32:00.000","033XX W 51ST ST","1480","CONCEALED CARRY LICENSE VIOLATION","OTHER","CAR WASH","true","false","0821","008","14","63","15","1155114","1870618","2026","2026-08-27T15:41:58.000","41.800781276","-87.706676331","
,  
(41.800781276, -87.706676331)"
"14299123","JK379731","2026-08-19T20:30:00.000","058XX S WENTWORTH AVE","143A","WEAPONS VIOLATION","UNLAWFUL POSSESSION - HANDGUN","GAS STATION","true","false","0232","002","20","68","15","1175970","1866103","2026","2026-08-27T15:41:58.000","41.78794896","-87.630325986","
,  
(41.78794896, -87.630325986)"
"14299049","JK379734","2026-08-19T20:30:00.000","041XX W BYRON ST","1310","CRIMINAL DAMAGE","TO PROPERTY","APARTMENT","false","false","1731","017","30","16","14","1148011","1925601","2026","2026-08-27T15:41:58.000","41.951800165","-87.731311368","
,  
(41.951800165, -87.731311368)"
"14300111","JK381078","2026-08-19T20:30:00.000","110XX S UNION AVE","0710","THEFT","THEFT FROM MOTOR VEHICLE","DRIVEWAY - RESIDENTIAL","false","false","2233","022","21","49","06","1173609","1831757","2026","2026-08-27T15:41:58.000","41.693751689","-87.639997401","
,  
(41.693751689, -87.639997401)"
"14299025","JK379719","2026-08-19T20:30:00.000","075XX S EMERALD AVE","0820","THEFT","$500 AND UNDER","APARTMENT","false","true","0621","006","17","68","06","1172605","1854938","2026","2026-08-27T15:41:58.000","41.757385728","-87.642992648","
,  
(41.757385728, -87.642992648)"
"14299146","JK379733","2026-08-19T20:30:00.000","032XX W 63RD PL","0484","BATTERY","PROTECTED EMPLOYEE - HANDS, FISTS, FEET, NO / MINOR INJURY","STREET","true","false","0823","008","14","66","08B","1156115","1862340","2026","2026-08-27T15:41:58.000","41.778045176","-87.703227793","
,  
(41.778045176, -87.703227793)"
"14299089","JK379711","2026-08-19T20:30:00.000","008XX S KOLMAR AVE","1506","PROSTITUTION","SOLICIT ON PUBLIC WAY","STREET","true","false","1131","011","24","26","16","1146145","1895808","2026","2026-08-27T15:41:58.000","41.870080872","-87.738929817","
,  
(41.870080872, -87.738929817)"
"14299069","JK379748","2026-08-19T20:28:00.000","013XX W GARFIELD BLVD","502R","OTHER OFFENSE","VEHICLE TITLE / REGISTRATION OFFENSE","STREET","true","false","0934","009","20","61","26","1168430","1868296","2026","2026-08-27T15:41:58.000","41.794132664","-87.657908929","
,  
(41.794132664, -87.657908929)"
"14299168","JK379717","2026-08-19T20:27:00.000","114XX S STATE ST","2825","OTHER OFFENSE","HARASSMENT BY TELEPHONE","APARTMENT","true","true","0522","005","9","49","26","1178293","1829189","2026","2026-08-27T15:41:58.000","41.68659998","-87.622925778","
,  
(41.68659998, -87.622925778)"
"14299031","JK379732","2026-08-19T20:27:00.000","008XX W GARFIELD BLVD","4650","OTHER OFFENSE","SEX OFFENDER - FAIL TO REGISTER","CTA BUS STOP","false","false","0934","009","16","61","26","1171740","1868383","2026","2026-08-27T15:41:58.000","41.794299397","-87.645768789","
,  
(41.794299397, -87.645768789)"
"14306069","JK388796","2026-08-19T20:24:00.000","023XX W CULLERTON ST","1585","SEX OFFENSE","OTHER","RESIDENCE","false","true","1234","012","25","31","17","1161174","1890353","2026","2026-08-28T15:47:53.000","41.854812989","-87.683905053","
,  
(41.854812989, -87.683905053)"
"14299186","JK379744","2026-08-19T20:20:00.000","030XX W CORTLAND ST","0910","MOTOR VEHICLE THEFT","AUTOMOBILE","STREET","false","false","1421","014","26","22","07","1155741","1912466","2026","2026-08-27T15:41:58.000","41.915604239","-87.703250642","
,  
(41.915604239, -87.703250642)"
"14299073","JK379696","2026-08-19T20:15:00.000","040XX W POLK ST","2027","NARCOTICS","POSSESS - CRACK","STREET","true","false","1132","011","24","26","18","1149553","1896139","2026","2026-08-27T15:41:58.000","41.870923735","-87.726409297","
,  
(41.870923735, -87.726409297)"
"14299111","JK379705","2026-08-19T20:07:00.000","065XX S RACINE AVE","0460","BATTERY","SIMPLE","PARK PROPERTY","false","false","0724","007","17","67","08B","1169443","1861521","2026","2026-08-27T15:41:58.000","41.775519362","-87.654390481","
,  
(41.775519362, -87.654390481)"
"14299007","JK379694","2026-08-19T20:03:00.000","079XX S ARTESIAN AVE","0460","BATTERY","SIMPLE","STREET","false","false","0835","008","18","70","08B","1161426","1851851","2026","2026-08-27T15:41:58.000","41.749153399","-87.684047611","
,  
(41.749153399, -87.684047611)"
"14299379","JK380104","2026-08-19T20:00:00.000","063XX S ASHLAND AVE","1345","CRIMINAL DAMAGE","TO CITY OF CHICAGO PROPERTY","CTA STATION","false","false","0725","007","16","67","14","1166755","1862773","2026","2026-08-27T15:41:58.000","41.779012821","-87.664208692","
,  
(41.779012821, -87.664208692)"
"14301921","JK380962","2026-08-19T20:00:00.000","064XX S WESTERN AVE","0460","BATTERY","SIMPLE","OTHER (SPECIFY)","false","false","0825","008","16","66","08B","1161481","1861817","2026","2026-08-27T15:41:58.000","41.776500412","-87.683570213","
,  
(41.776500412, -87.683570213)"
"14299237","JK379880","2026-08-19T20:00:00.000","052XX W IRVING PARK RD","031A","ROBBERY","ARMED - HANDGUN","COMMERCIAL / BUSINESS OFFICE","false","false","1624","016","38","15","03","1140696","1926092","2026","2026-08-27T15:41:58.000","41.953285366","-87.758189488","
,  
(41.953285366, -87.758189488)"
"14299127","JK379739","2026-08-19T20:00:00.000","007XX E 47TH ST","0860","THEFT","RETAIL THEFT","SMALL RETAIL STORE","false","false","0223","002","4","38","06","1181891","1874009","2026","2026-08-27T15:41:58.000","41.80950879","-87.608371773","
,  
(41.80950879, -87.608371773)"
"14300362","JK381434","2026-08-19T20:00:00.000","006XX S KOSTNER AVE","0910","MOTOR VEHICLE THEFT","AUTOMOBILE","STREET","false","true","1131","011","24","26","07","1147152","1896791","2026","2026-08-27T15:41:58.000","41.872759147","-87.735207626","
,  
(41.872759147, -87.735207626)"
"14299092","JK379723","2026-08-19T20:00:00.000","012XX W 76TH ST","0498","BATTERY","AGG. DOMESTIC BATTERY - HANDS, FISTS, FEET, SERIOUS INJURY","APARTMENT","false","true","0612","006","17","71","04B","1169352","1854428","2026","2026-08-27T15:41:58.000","41.756057234","-87.654929158","
,  
(41.756057234, -87.654929158)"
"14299531","JK380286","2026-08-19T20:00:00.000","003XX E WACKER DR","0810","THEFT","OVER $500","STREET","false","false","0114","001","42","32","06","1178664","1902455","2026","2026-08-27T15:41:58.000","41.887640628","-87.619340283","
,  
(41.887640628, -87.619340283)"
"14300900","JK382231","2026-08-19T20:00:00.000","041XX N KILBOURN AVE","0760","BURGLARY","BURGLARY FROM MOTOR VEHICLE","STREET","false","false","1722","017","45","16","06","1145471","1927218","2026","2026-08-27T15:41:58.000","41.956285928","-87.740607377","
,  
(41.956285928, -87.740607377)"
"14299375","JK380036","2026-08-19T20:00:00.000","050XX W GRACE ST","0760","BURGLARY","BURGLARY FROM MOTOR VEHICLE","STREET","false","false","1634","016","30","15","06","1142151","1924795","2026","2026-08-27T15:41:58.000","41.949699362","-87.752873014","
,  
(41.949699362, -87.752873014)"
"14299126","JK379701","2026-08-19T19:56:00.000","038XX W 19TH ST","143A","WEAPONS VIOLATION","UNLAWFUL POSSESSION - HANDGUN","STREET","true","false","1014","010","24","29","15","1150912","1890357","2026","2026-08-27T15:41:58.000","41.855030773","-87.721571151","
,  
(41.855030773, -87.721571151)"
"14298993","JK379690","2026-08-19T19:51:00.000","047XX W ARTHINGTON ST","5130","OTHER OFFENSE","VIOLENT OFFENDER - DUTY TO REGISTER","STREET","true","false","1131","011","24","25","26","1145012","1895613","2026","2026-08-28T15:47:53.000","41.869567221","-87.743094378","
,  
(41.869567221, -87.743094378)"
"14299099","JK379714","2026-08-19T19:50:00.000","041XX W IRVING PARK RD","0460","BATTERY","SIMPLE","CTA TRAIN","false","false","1732","017","45","16","08B","1148252","1926266","2026","2026-08-27T15:41:58.000","41.953620328","-87.730408248","
,  
(41.953620328, -87.730408248)"
"14299003","JK379692","2026-08-19T19:50:00.000","034XX W GRAND AVE","0460","BATTERY","SIMPLE","STREET","false","false","1121","011","26","23","08B","1153094","1907082","2026","2026-08-27T15:41:58.000","41.900883004","-87.713118572","
,  
(41.900883004, -87.713118572)"
"14301446","JK382805","2026-08-19T19:48:00.000","042XX W KAMERLING AVE","1152","DECEPTIVE PRACTICE","ILLEGAL USE CASH CARD","APARTMENT","false","false","2534","025","37","23","11","1147966","1908653","2026","2026-08-27T15:41:58.000","41.905294178","-87.731913785","
,  
(41.905294178, -87.731913785)"
"14299172","JK379678","2026-08-19T19:40:00.000","096XX S GREENWOOD AVE","051A","ASSAULT","AGGRAVATED - HANDGUN","SIDEWALK","false","false","0511","005","8","50","04A","1185235","1841308","2026","2026-08-27T15:41:58.000","41.719696114","-87.597133263","
,  
(41.719696114, -87.597133263)"
"14299010","JK379703","2026-08-19T19:40:00.000","025XX N LUNA AVE","0486","BATTERY","DOMESTIC BATTERY SIMPLE","APARTMENT","false","true","2515","025","30","19","08B","1138950","1916305","2026","2026-08-27T15:41:58.000","41.926460817","-87.764846609","
,  
(41.926460817, -87.764846609)"
"14299042","JK379684","2026-08-19T19:35:00.000","058XX N WESTERN AVE","0810","THEFT","OVER $500","FOREST PRESERVE","false","false","2012","020","40","4","06","1159270","1938608","2026","2026-08-27T15:41:58.000","41.987267534","-87.689563935","
,  
(41.987267534, -87.689563935)"
"14299667","JK379646","2026-08-19T19:34:00.000","117XX S VINCENNES AVE","0486","BATTERY","DOMESTIC BATTERY SIMPLE","RESIDENCE","false","true","2212","022","19","75","08B","1165467","1826973","2026","2026-08-27T15:41:58.000","41.680799541","-87.669942159","
,  
(41.680799541, -87.669942159)"
"14299266","JK379899","2026-08-19T19:33:00.000","080XX S JUSTINE ST","1310","CRIMINAL DAMAGE","TO PROPERTY","RESIDENCE","false","false","0612","006","17","71","14","1167405","1851322","2026","2026-08-27T15:41:58.000","41.74757585","-87.662153292","
,  
(41.74757585, -87.662153292)"
"14298986","JK379660","2026-08-19T19:32:00.000","075XX S NORMAL AVE","051A","ASSAULT","AGGRAVATED - HANDGUN","SIDEWALK","true","false","0621","006","6","69","04A","1174170","1854897","2026","2026-08-27T15:41:58.000","41.757238614","-87.637258382","
,  
(41.757238614, -87.637258382)"
"14299087","JK379665","2026-08-19T19:31:00.000","048XX W SUPERIOR ST","0486","BATTERY","DOMESTIC BATTERY SIMPLE","APARTMENT","false","true","1531","015","37","25","08B","1143864","1904525","2026","2026-08-27T15:41:58.000","41.894044412","-87.747085551","
,  
(41.894044412, -87.747085551)"
"14298983","JK379653","2026-08-19T19:31:00.000","004XX W DIVISION ST","0560","ASSAULT","SIMPLE","GROCERY FOOD STORE","false","false","1821","018","27","8","08A","1173175","1908290","2026","2026-08-27T15:41:58.000","41.903775756","-87.639324074","
,  
(41.903775756, -87.639324074)"
"14299056","JK379686","2026-08-19T19:30:00.000","006XX W HARRISON ST","0560","ASSAULT","SIMPLE","OTHER COMMERCIAL TRANSPORTATION","false","false","0124","001","34","28","08A","1172257","1897564","2026","2026-08-27T15:41:58.000","41.874363279","-87.643013039","
,  
(41.874363279, -87.643013039)"
"14298938","JK379669","2026-08-19T19:30:00.000","088XX S ELIZABETH ST","1310","CRIMINAL DAMAGE","TO PROPERTY","RESIDENCE","false","false","2222","022","21","71","14","1169536","1846269","2026","2026-08-27T15:41:58.000","41.733663832","-87.654490726","
,  
(41.733663832, -87.654490726)"
"14299023","JK379642","2026-08-19T19:30:00.000","0000X S CENTRAL AVE","501A","OTHER OFFENSE","ANIMAL ABUSE / NEGLECT","STREET","false","false","1522","015","29","25","26","1139060","1899333","2026","2026-08-27T15:41:58.000","41.879885622","-87.764855681","
,  
(41.879885622, -87.764855681)"
"14299038","JK379685","2026-08-19T19:28:00.000","011XX W KINZIE ST","2027","NARCOTICS","POSSESS - CRACK","STREET","true","false","1214","012","27","28","18","1168622","1902853","2026","2026-08-27T15:41:58.000","41.888956129","-87.656205835","
,  
(41.888956129, -87.656205835)"
"14299076","JK379762","2026-08-19T19:25:00.000","042XX W ADDISON ST","2825","OTHER OFFENSE","HARASSMENT BY TELEPHONE","APARTMENT","false","false","1731","017","30","16","26","1147671","1923596","2026","2026-08-27T15:41:58.000","41.946304828","-87.732612876","
,  
(41.946304828, -87.732612876)"
"14299047","JK379649","2026-08-19T19:22:00.000","052XX S CALUMET AVE","051A","ASSAULT","AGGRAVATED - HANDGUN","APARTMENT","false","false","0231","002","3","40","04A","1179370","1870435","2026","2026-08-27T15:41:58.000","41.799759406","-87.617727427","
,  
(41.799759406, -87.617727427)"
"14298965","JK379661","2026-08-19T19:20:00.000","001XX S STATE ST","0870","THEFT","POCKET-PICKING","CTA STATION","false","false","0112","001","34","32","06","1176405","1899619","2026","2026-08-27T15:41:58.000","41.879909765","-87.62772157","
,  
(41.879909765, -87.62772157)"
"14299083","JK379704","2026-08-19T19:19:00.000","017XX N LARAMIE AVE","502R","OTHER OFFENSE","VEHICLE TITLE / REGISTRATION OFFENSE","STREET","true","false","2532","025","37","25","26","1141453","1911254","2026","2026-08-27T15:41:58.000","41.912554426","-87.75577411","
,  
(41.912554426, -87.75577411)"
"14299506","JK380296","2026-08-19T19:15:00.000","087XX S BURLEY AVE","0530","ASSAULT","AGGRAVATED - OTHER DANGEROUS WEAPON","STREET","false","false","0424","004","10","46","04A","1199188","1847544","2026","2026-08-27T15:41:58.000","41.736469407","-87.545819513","
,  
(41.736469407, -87.545819513)"
"14299059","JK379666","2026-08-19T19:13:00.000","019XX E 73RD PL","0560","ASSAULT","SIMPLE","APARTMENT","false","false","0333","003","7","43","08A","1190566","1856623","2026","2026-08-27T15:41:58.000","41.761595148","-87.577114714","
,  
(41.761595148, -87.577114714)"
"14299079","JK379629","2026-08-19T19:12:00.000","041XX S OAKENWALD AVE","143A","WEAPONS VIOLATION","UNLAWFUL POSSESSION - HANDGUN","STREET","true","false","0214","002","4","36","15","1184322","1877759","2026","2026-08-27T15:41:58.000","41.81974244","-87.599337907","
,  
(41.81974244, -87.599337907)"
"14298985","JK379623","2026-08-19T19:08:00.000","0000X W JACKSON BLVD","1330","CRIMINAL TRESPASS","TO LAND","RESTAURANT","true","false","0113","001","4","32","26","1176018","1898981","2026","2026-08-27T15:41:58.000","41.878167778","-87.629161789","
,  
(41.878167778, -87.629161789)"
"14299733","JK380606","2026-08-19T19:04:00.000","105XX S YATES AVE","1310","CRIMINAL DAMAGE","TO PROPERTY","APARTMENT","false","false","0434","004","10","51","14","1194208","1835584","2026","2026-08-27T15:41:58.000","41.703773632","-87.56445552","
,  
(41.703773632, -87.56445552)"
"14298955","JK379640","2026-08-19T19:01:00.000","033XX W 62ND PL","1365","CRIMINAL TRESPASS","TO RESIDENCE","RESIDENCE","false","false","0823","008","14","66","26","1155213","1862989","2026","2026-08-27T15:41:58.000","41.779844218","-87.706517245","
,  
(41.779844218, -87.706517245)"
"14299416","JK380205","2026-08-19T19:00:00.000","024XX N TRIPP AVE","0760","BURGLARY","BURGLARY FROM MOTOR VEHICLE","APARTMENT","false","false","2524","025","31","20","06","1147645","1915804","2026","2026-08-27T15:41:58.000","41.924923393","-87.732909035","
,  
(41.924923393, -87.732909035)"
"14299782","JK380661","2026-08-19T19:00:00.000","050XX N RIDGEWAY AVE","0710","THEFT","THEFT FROM MOTOR VEHICLE","STREET","false","false","1712","017","39","14","06","1150481","1933203","2026","2026-08-27T15:41:58.000","41.972612615","-87.722032228","
,  
(41.972612615, -87.722032228)"
"14299401","JK380155","2026-08-19T19:00:00.000","011XX E 82ND ST","0760","BURGLARY","BURGLARY FROM MOTOR VEHICLE","PARKING LOT / GARAGE (NON RESIDENTIAL)","false","false","0411","004","8","45","06","1185168","1850850","2026","2026-08-27T15:41:58.000","41.745881979","-87.597079699","
,  
(41.745881979, -87.597079699)"
"14301069","JK382249","2026-08-19T19:00:00.000","114XX S WALLACE ST","0820","THEFT","$500 AND UNDER","STREET","false","false","2233","022","21","49","06","1174355","1829035","2026","2026-08-27T15:41:58.000","41.686265591","-87.637346643","
,  
(41.686265591, -87.637346643)"
"14300841","JK381913","2026-08-19T19:00:00.000","005XX W MONROE ST","0710","THEFT","THEFT FROM MOTOR VEHICLE","PARKING LOT / GARAGE (NON RESIDENTIAL)","false","false","0121","001","34","28","06","1173053","1899838","2026","2026-08-27T15:41:58.000","41.88058568","-87.640023065","
,  
(41.88058568, -87.640023065)"
"14299053","JK379611","2026-08-19T19:00:00.000","012XX E 72ND ST","0486","BATTERY","DOMESTIC BATTERY SIMPLE","APARTMENT","false","true","0324","003","5","69","08B","1185571","1857516","2026","2026-08-27T15:41:58.000","41.764164663","-87.595393536","
,  
(41.764164663, -87.595393536)"
"14301379","JK382735","2026-08-19T19:00:00.000","055XX W MONROE ST","0910","MOTOR VEHICLE THEFT","AUTOMOBILE","STREET","false","false","1522","015","29","25","07","1139385","1899110","2026","2026-08-27T15:41:58.000","41.879267767","-87.763667741","
,  
(41.879267767, -87.763667741)"
"14299937","JK380948","2026-08-19T19:00:00.000","020XX W 18TH PL","0820","THEFT","$500 AND UNDER","STREET","false","false","1234","012","25","31","06","1163062","1891069","2026","2026-08-27T15:41:58.000","41.856738369","-87.676955189","
,  
(41.856738369, -87.676955189)"
"14299152","JK379707","2026-08-19T19:00:00.000","058XX S ARCHER AVE","0820","THEFT","$500 AND UNDER","PARKING LOT / GARAGE (NON RESIDENTIAL)","false","false","0814","008","23","56","06","1140706","1868830","2026","2026-08-27T15:41:58.000","41.796150799","-87.759559887","
,  
(41.796150799, -87.759559887)"
"14299250","JK379907","2026-08-19T19:00:00.000","037XX N CLARK ST","0320","ROBBERY","STRONG ARM - NO WEAPON","STREET","false","false","1923","019","44","6","03","1167819","1924979","2026","2026-08-27T15:41:58.000","41.949688473","-87.65851536","
,  
(41.949688473, -87.65851536)"
"14299571","JK380273","2026-08-19T19:00:00.000","003XX E 45TH ST","0760","BURGLARY","BURGLARY FROM MOTOR VEHICLE","STREET","false","false","0215","002","3","38","06","1179330","1875259","2026","2026-08-27T15:41:58.000","41.812997794","-87.617726819","
,  
(41.812997794, -87.617726819)"
"14308076","JK391020","2026-08-19T19:00:00.000","016XX N ORCHARD ST","1152","DECEPTIVE PRACTICE","ILLEGAL USE CASH CARD","CHA APARTMENT","false","false","1813","018","27","7","11","1171377","1910935","2026","2026-08-31T15:48:34.000","41.911073507","-87.645850633","
,  
(41.911073507, -87.645850633)"
"14298999","JK379605","2026-08-19T18:57:00.000","056XX N BROADWAY","0313","ROBBERY","ARMED - OTHER DANGEROUS WEAPON","SIDEWALK","false","false","2013","020","48","77","03","1167290","1937639","2026","2026-08-27T15:41:58.000","41.984439362","-87.660094215","
,  
(41.984439362, -87.660094215)"
"14299155","JK379593","2026-08-19T18:53:00.000","013XX W HASTINGS ST","0460","BATTERY","SIMPLE","CHA PARKING LOT / GROUNDS","true","false","1233","012","28","28","08B","1167637","1893851","2026","2026-08-27T15:41:58.000","41.864275215","-87.660082436","
,  
(41.864275215, -87.660082436)"
"14298982","JK379612","2026-08-19T18:50:00.000","083XX W FOREST PRESERVE AVE","051A","ASSAULT","AGGRAVATED - HANDGUN","STREET","false","false","1631","016","38","17","04A","1119998","1921446","2026","2026-08-27T15:41:58.000","41.940892095","-87.834378156","
,  
(41.940892095, -87.834378156)"
"14298923","JK379601","2026-08-19T18:50:00.000","0000X W TERMINAL ST","1350","CRIMINAL TRESPASS","TO STATE SUP LAND","AIRPORT TERMINAL LOWER LEVEL - NON-SECURE AREA","true","false","1655","016","41","76","26","1104700","1933741","2026","2026-08-27T15:41:58.000","41.974861952","-87.890372151","
,  
(41.974861952, -87.890372151)"
"14299022","JK379588","2026-08-19T18:47:00.000","079XX S COLFAX AVE","0486","BATTERY","DOMESTIC BATTERY SIMPLE","RESIDENCE","false","true","0422","004","7","46","08B","1194897","1852754","2026","2026-08-27T15:41:58.000","41.750872743","-87.561368735","
,  
(41.750872743, -87.561368735)"
"14298905","JK379624","2026-08-19T18:47:00.000","0000X E ROOSEVELT RD","3731","INTERFERENCE WITH PUBLIC OFFICER","OBSTRUCTING IDENTIFICATION","CTA STATION","true","false","0123","001","4","32","24","1176818","1895074","2026","2026-08-27T15:41:58.000","41.867428687","-87.626342565","
,  
(41.867428687, -87.626342565)"
"14298928","JK379655","2026-08-19T18:45:00.000","011XX W WILSON AVE","0560","ASSAULT","SIMPLE","SCHOOL - PUBLIC BUILDING","false","false","1913","019","46","3","08A","1167612","1930696","2026","2026-08-27T15:41:58.000","41.96538061","-87.659110921","
,  
(41.96538061, -87.659110921)"
"14299128","JK379584","2026-08-19T18:44:00.000","071XX S YATES BLVD","143A","WEAPONS VIOLATION","UNLAWFUL POSSESSION - HANDGUN","COMMERCIAL / BUSINESS OFFICE","true","false","0334","003","5","43","15","1193450","1858032","2026","2026-08-27T15:41:58.000","41.765391491","-87.566498738","
,  
(41.765391491, -87.566498738)"
"14299032","JK379587","2026-08-19T18:40:00.000","040XX W IRVING PARK RD","0312","ROBBERY","ARMED - KNIFE / CUTTING INSTRUMENT","DEPARTMENT STORE","false","false","1732","017","45","16","03","1148903","1926279","2026","2026-08-27T15:41:58.000","41.953643409","-87.72801475","
,  
(41.953643409, -87.72801475)"
"14299105","JK379608","2026-08-19T18:40:00.000","021XX W WASHINGTON BLVD","143A","WEAPONS VIOLATION","UNLAWFUL POSSESSION - HANDGUN","STREET","true","false","1223","012","27","28","15","1162128","1900665","2026","2026-08-27T15:41:58.000","41.883090218","-87.680115442","
,  
(41.883090218, -87.680115442)"
"14300163","JK381132","2026-08-19T18:35:00.000","011XX S STATE ST","0880","THEFT","PURSE-SNATCHING","CTA PLATFORM","false","false","0123","001","4","32","06","1176517","1895340","2026","2026-08-27T15:41:58.000","41.868165405","-87.62743954","
,  
(41.868165405, -87.62743954)"
"14298968","JK379639","2026-08-19T18:30:00.000","013XX W TOUHY AVE","0560","ASSAULT","SIMPLE","SIDEWALK","false","false","2423","024","49","1","08A","1165929","1947966","2026","2026-08-27T15:41:58.000","42.012806122","-87.664803234","
,  
(42.012806122, -87.664803234)"
"14298967","JK379683","2026-08-19T18:30:00.000","083XX S ESSEX AVE","5001","OTHER OFFENSE","OTHER CRIME INVOLVING PROPERTY","RESIDENCE - GARAGE","false","false","0423","004","7","46","26","1194291","1850082","2026","2026-08-27T15:41:58.000","41.743555456","-87.56367695","
,  
(41.743555456, -87.56367695)"
"14300084","JK381070","2026-08-19T18:30:00.000","062XX N GLENWOOD AVE","0760","BURGLARY","BURGLARY FROM MOTOR VEHICLE","STREET","false","false","2433","024","48","77","06","1165845","1941476","2026","2026-08-27T15:41:58.000","41.994999235","-87.665298637","
,  
(41.994999235, -87.665298637)"
"14299824","JK379586","2026-08-19T18:28:00.000","064XX N SHERIDAN RD","0560","ASSAULT","SIMPLE","PARKING LOT / GARAGE (NON RESIDENTIAL)","false","false","2432","024","49","1","08A","1167090","1943083","2026","2026-08-27T15:41:58.000","41.999382133","-87.660672514","
,  
(41.999382133, -87.660672514)"
"14299113","JK379726","2026-08-19T18:25:00.000","067XX S HALSTED ST","0560","ASSAULT","SIMPLE","GAS STATION","false","false","0723","007","16","68","08A","1172128","1860260","2026","2026-08-27T15:41:58.000","41.772000438","-87.644584606","
,  
(41.772000438, -87.644584606)"
"14299054","JK379622","2026-08-19T18:22:00.000","002XX N LA SALLE ST","1330","CRIMINAL TRESPASS","TO LAND","COMMERCIAL / BUSINESS OFFICE","true","false","0122","001","42","32","26","1175093","1901988","2026","2026-08-27T15:41:58.000","41.886439939","-87.632467972","
,  
(41.886439939, -87.632467972)"
"14298917","JK379581","2026-08-19T18:20:00.000","011XX W JACKSON BLVD","0860","THEFT","RETAIL THEFT","OTHER (SPECIFY)","false","false","1232","012","34","28","06","1168933","1898798","2026","2026-08-27T15:41:58.000","41.877822179","-87.655181405","
,  
(41.877822179, -87.655181405)"
"14299873","JK379574","2026-08-19T18:20:00.000","055XX S HONORE ST","0498","BATTERY","AGG. DOMESTIC BATTERY - HANDS, FISTS, FEET, SERIOUS INJURY","APARTMENT","false","true","0715","007","16","67","04B","1164964","1867917","2026","2026-08-27T15:41:58.000","41.793166665","-87.670629321","
,  
(41.793166665, -87.670629321)"
"14298987","JK379591","2026-08-19T18:17:00.000","012XX N HALSTED ST","0560","ASSAULT","SIMPLE","STREET","false","true","1822","018","27","8","08A","1170780","1908445","2026","2026-08-27T15:41:58.000","41.904253918","-87.648116862","
,  
(41.904253918, -87.648116862)"
"14298876","JK379548","2026-08-19T18:15:00.000","008XX E 63RD ST","0460","BATTERY","SIMPLE","STREET","false","false","0313","003","20","42","08B","1183247","1863427","2026","2026-08-27T15:41:58.000","41.780439401","-87.603727666","
,  
(41.780439401, -87.603727666)"
"14300372","JK379537","2026-08-19T18:10:00.000","036XX N CLARK ST","0486","BATTERY","DOMESTIC BATTERY SIMPLE","BAR OR TAVERN","false","true","1923","019","44","6","08B","1168062","1924580","2026","2026-08-27T15:41:58.000","41.948588347","-87.657633691","
,  
(41.948588347, -87.657633691)"
"14299385","JK380129","2026-08-19T18:10:00.000","032XX N KILDARE AVE","0760","BURGLARY","BURGLARY FROM MOTOR VEHICLE","VEHICLE NON-COMMERCIAL","false","false","1731","017","30","16","06","1147150","1921139","2026","2026-08-27T15:41:58.000","41.939572614","-87.734591005","
,  
(41.939572614, -87.734591005)"
"14299129","JK379795","2026-08-19T18:09:00.000","045XX N SIMONDS DR","0760","BURGLARY","BURGLARY FROM MOTOR VEHICLE","STREET","false","false","1914","019","46","3","06","1172758","1930774","2026","2026-08-27T15:41:58.000","41.965481969","-87.640188069","
,  
(41.965481969, -87.640188069)"
"14298937","JK379570","2026-08-19T18:07:00.000","006XX W ROOSEVELT RD","0820","THEFT","$500 AND UNDER","DEPARTMENT STORE","false","false","0124","001","28","28","06","1172257","1894956","2026","2026-08-27T15:41:58.000","41.867206743","-87.643090037","
,  
(41.867206743, -87.643090037)"
"14299640","JK380420","2026-08-19T18:00:00.000","034XX N KILPATRICK AVE","0760","BURGLARY","BURGLARY FROM MOTOR VEHICLE","STREET","false","false","1731","017","30","15","06","1144611","1922404","2026","2026-08-27T15:41:58.000","41.943092172","-87.743890702","
,  
(41.943092172, -87.743890702)"
"14299004","JK379715","2026-08-19T18:00:00.000","0000X W CTA 69TH ST LN","0320","ROBBERY","STRONG ARM - NO WEAPON","CTA TRAIN","false","false","0731","007","6","69","03","1177283","1859130","2026","2026-08-27T15:41:58.000","41.768784756","-87.625722156","
,  
(41.768784756, -87.625722156)"
"14298941","JK379572","2026-08-19T18:00:00.000","043XX S BERKELEY AVE","1310","CRIMINAL DAMAGE","TO PROPERTY","APARTMENT","false","false","0222","002","4","39","14","1183984","1876440","2026","2026-08-27T15:41:58.000","41.816130927","-87.600619074","
,  
(41.816130927, -87.600619074)"
"14299211","JK379878","2026-08-19T18:00:00.000","112XX S VERNON AVE","0910","MOTOR VEHICLE THEFT","AUTOMOBILE","STREET","false","false","0531","005","9","49","07","1181244","1830507","2026","2026-08-27T15:41:58.000","41.69014947","-87.612082342","
,  
(41.69014947, -87.612082342)"
"14300365","JK380384","2026-08-19T18:00:00.000","026XX W POTOMAC AVE","4387","OTHER OFFENSE","VIOLATE ORDER OF PROTECTION","RESIDENCE","false","true","1423","014","26","24","26","1158659","1908547","2026","2026-08-27T15:41:58.000","41.904790865","-87.692637679","
,  
(41.904790865, -87.692637679)"
"14298936","JK379667","2026-08-19T18:00:00.000","012XX S BLUE ISLAND AVE","1310","CRIMINAL DAMAGE","TO PROPERTY","RESIDENCE","false","false","1232","012","28","28","14","1169169","1894395","2026","2026-08-27T15:41:58.000","41.865734889","-87.65444274","
,  
(41.865734889, -87.65444274)"
"14300491","JK381433","2026-08-19T18:00:00.000","010XX W 14TH PL","0710","THEFT","THEFT FROM MOTOR VEHICLE","STREET","false","false","1232","012","25","28","06","1169791","1893234","2026","2026-08-27T15:41:58.000","41.862535492","-87.652193172","
,  
(41.862535492, -87.652193172)"
"14299628","JK380362","2026-08-19T18:00:00.000","058XX W DIVISION ST","0610","BURGLARY","FORCIBLE ENTRY","CHURCH / SYNAGOGUE / PLACE OF WORSHIP","false","false","2531","025","29","25","05","1137245","1907401","2026","2026-08-27T15:41:58.000","41.902058046","-87.771326193","
,  
(41.902058046, -87.771326193)"
"14300251","JK381246","2026-08-19T18:00:00.000","060XX N KIMBALL AVE","0486","BATTERY","DOMESTIC BATTERY SIMPLE","APARTMENT","false","true","1711","017","50","13","08B","1152618","1939842","2026","2026-08-27T15:41:58.000","41.990788294","-87.713997502","
,  
(41.990788294, -87.713997502)"
"14299820","JK380501","2026-08-19T18:00:00.000","083XX S PAULINA ST","4387","OTHER OFFENSE","VIOLATE ORDER OF PROTECTION","APARTMENT","false","false","0614","006","18","71","26","1166461","1849448","2026","2026-08-27T15:41:58.000","41.742453478","-87.665665679","
,  
(41.742453478, -87.665665679)"
"14303833","JK385967","2026-08-19T18:00:00.000","046XX S ELLIS AVE","0810","THEFT","OVER $500","APARTMENT","false","false","0222","002","4","39","06","1183699","1874469","2026","2026-08-27T15:41:58.000","41.810729022","-87.601726053","
,  
(41.810729022, -87.601726053)"
"14298959","JK379606","2026-08-19T18:00:00.000","056XX S ST LOUIS AVE","051A","ASSAULT","AGGRAVATED - HANDGUN","SIDEWALK","false","false","0822","008","14","63","04A","1154008","1866945","2026","2026-08-27T15:41:58.000","41.79072409","-87.710829983","
,  
(41.79072409, -87.710829983)"
"14299051","JK379735","2026-08-19T18:00:00.000","008XX E 88TH ST","1130","DECEPTIVE PRACTICE","FRAUD OR CONFIDENCE GAME","RESIDENCE","false","false","0632","006","8","44","11","1183530","1846815","2026","2026-08-27T15:41:58.000","41.7348478","-87.603207033","
,  
(41.7348478, -87.603207033)"
"14298984","JK379583","2026-08-19T17:50:00.000","051XX S CORNELL AVE","0560","ASSAULT","SIMPLE","COMMERCIAL / BUSINESS OFFICE","false","false","0234","002","5","41","08A","1187876","1871374","2026","2026-08-27T15:41:58.000","41.802137533","-87.58650411","
,  
(41.802137533, -87.58650411)"
"14299000","JK379531","2026-08-19T17:50:00.000","015XX N SHEFFIELD AVE","0860","THEFT","RETAIL THEFT","SMALL RETAIL STORE","false","false","1822","018","27","8","06","1169405","1910555","2026","2026-08-27T15:41:58.000","41.91007391","-87.653106106","
,  
(41.91007391, -87.653106106)"
"14298939","JK379511","2026-08-19T17:46:00.000","070XX S SOUTH CHICAGO AVE","502R","OTHER OFFENSE","VEHICLE TITLE / REGISTRATION OFFENSE","STREET","true","false","0321","003","6","42","26","1182159","1858703","2026","2026-08-27T15:41:58.000","41.767501554","-87.607862513","
,  
(41.767501554, -87.607862513)"
"14298969","JK379541","2026-08-19T17:46:00.000","0000X S STATE ST","0860","THEFT","RETAIL THEFT","DEPARTMENT STORE","true","false","0112","001","34","32","06","1176389","1900278","2026","2026-08-27T15:41:58.000","41.88171846","-87.627760426","
,  
(41.88171846, -87.627760426)"
"14298926","JK379521","2026-08-19T17:45:00.000","022XX N LAPORTE AVE","0420","BATTERY","AGGRAVATED - KNIFE / CUTTING INSTRUMENT","RESIDENCE","false","true","2522","025","26","19","04B","1143026","1914451","2026","2026-08-27T15:41:58.000","41.92129812","-87.749915343","
,  
(41.92129812, -87.749915343)"
"14299734","JK380684","2026-08-19T17:30:00.000","043XX N SHERIDAN RD","0810","THEFT","OVER $500","SMALL RETAIL STORE","false","false","1915","019","46","3","06","1168812","1929247","2026","2026-08-27T15:41:58.000","41.96137851","-87.65474101","
,  
(41.96137851, -87.65474101)"
"14299826","JK380829","2026-08-19T17:30:00.000","017XX W HOWARD ST","0560","ASSAULT","SIMPLE","GROCERY FOOD STORE","false","false","2422","024","49","1","08A","1163126","1950347","2026","2026-08-27T15:41:58.000","42.019399237","-87.675049485","
,  
(42.019399237, -87.675049485)"
"14298870","JK379562","2026-08-19T17:30:00.000","086XX S WABASH AVE","1811","NARCOTICS","POSSESS - CANNABIS 30 GRAMS OR LESS","STREET","true","false","0632","006","6","44","18","1178220","1847726","2026","2026-08-27T15:41:58.000","41.737469662","-87.622632902","
,  
(41.737469662, -87.622632902)"
"14299390","JK380098","2026-08-19T17:30:00.000","041XX W CULLOM AVE","0910","MOTOR VEHICLE THEFT","AUTOMOBILE","VEHICLE NON-COMMERCIAL","false","false","1722","017","39","16","07","1147921","1928254","2026","2026-08-27T15:41:58.000","41.959081938","-87.73157373","
,  
(41.959081938, -87.73157373)"
"14300760","JK382005","2026-08-19T17:30:00.000","041XX S LAKE SHORE DR SB","0820","THEFT","$500 AND UNDER","PARKING LOT / GARAGE (NON RESIDENTIAL)","false","false","0214","002","4","36","06","1184851","1877760","2026","2026-08-27T15:41:58.000","41.819732767","-87.59739731","
,  
(41.819732767, -87.59739731)"
"14299368","JK380055","2026-08-19T17:30:00.000","030XX W FULLERTON AVE","0910","MOTOR VEHICLE THEFT","AUTOMOBILE","STREET","false","false","1414","014","35","22","07","1155664","1915799","2026","2026-08-27T15:41:58.000","41.924751812","-87.703443592","
,  
(41.924751812, -87.703443592)"
"14298898","JK379561","2026-08-19T17:22:00.000","028XX W FULLERTON AVE","2022","NARCOTICS","POSSESS - COCAINE","GAS STATION","true","false","1414","014","1","22","18","1157222","1915830","2026","2026-08-27T15:41:58.000","41.92480533","-87.697717952","
,  
(41.92480533, -87.697717952)"
"14298921","JK379547","2026-08-19T17:20:00.000","072XX S ABERDEEN ST","1310","CRIMINAL DAMAGE","TO PROPERTY","RESIDENCE","false","false","0733","007","17","68","14","1170237","1856730","2026","2026-08-27T15:41:58.000","41.762355023","-87.651618974","
,  
(41.762355023, -87.651618974)"
"14299944","JK379528","2026-08-19T17:20:00.000","033XX S WESTERN BLVD","0486","BATTERY","DOMESTIC BATTERY SIMPLE","STREET","false","true","0912","009","12","59","08B","1161072","1882577","2026","2026-08-27T15:41:58.000","41.833476932","-87.684495064","
,  
(41.833476932, -87.684495064)"
"14301709","JK383019","2026-08-19T17:20:00.000","084XX S MARYLAND AVE","2826","OTHER OFFENSE","HARASSMENT BY ELECTRONIC MEANS","RESIDENCE","false","true","0632","006","8","44","26","1183365","1849136","2026","2026-08-27T15:41:58.000","41.741220721","-87.60373943","
,  
(41.741220721, -87.60373943)"
"14298862","JK379497","2026-08-19T17:19:00.000","020XX N BURLING ST","0560","ASSAULT","SIMPLE","PARK PROPERTY","false","false","1812","018","43","7","08A","1170950","1913843","2026","2026-08-27T15:41:58.000","41.919062591","-87.647333823","
,  
(41.919062591, -87.647333823)"
"14298836","JK379471","2026-08-19T17:09:00.000","016XX E 95TH ST","0860","THEFT","RETAIL THEFT","GROCERY FOOD STORE","true","false","0431","004","7","51","06","1188861","1842311","2026","2026-08-27T15:41:58.000","41.722362598","-87.58382047","
,  
(41.722362598, -87.58382047)"
"14298897","JK379486","2026-08-19T17:04:00.000","086XX W FOSTER AVE","0560","ASSAULT","SIMPLE","APARTMENT","false","true","1614","016","41","76","08A","1117883","1933418","2026","2026-08-27T15:41:58.000","41.97377831","-87.841899431","
,  
(41.97377831, -87.841899431)"
"14300347","JK381380","2026-08-19T17:00:00.000","027XX W GLENLAKE AVE","0910","MOTOR VEHICLE THEFT","AUTOMOBILE","STREET","false","false","2413","024","40","2","07","1157019","1940390","2026","2026-08-27T15:41:58.000","41.992203552","-87.697794568","
,  
(41.992203552, -87.697794568)"
"14301048","JK382295","2026-08-19T17:00:00.000","056XX S MOZART ST","0930","MOTOR VEHICLE THEFT","THEFT / RECOVERY - AUTOMOBILE","STREET","false","false","0824","008","15","63","07","1158336","1867180","2026","2026-08-27T15:41:58.000","41.791281871","-87.694953727","
,  
(41.791281871, -87.694953727)"
"14299103","JK379778","2026-08-19T17:00:00.000","004XX E MC FETRIDGE DR","1150","DECEPTIVE PRACTICE","CREDIT CARD FRAUD","SIDEWALK","false","false","0132","001","4","33","11","1179362","1894211","2026","2026-08-27T15:41:58.000","41.865002693","-87.617029703","
,  
(41.865002693, -87.617029703)"
"14299183","JK379543","2026-08-19T17:00:00.000","010XX N FRANCISCO AVE","0486","BATTERY","DOMESTIC BATTERY SIMPLE","HOSPITAL BUILDING / GROUNDS","false","true","1211","012","26","24","08B","1156861","1906972","2026","2026-08-27T15:41:58.000","41.900505589","-87.699285044","
,  
(41.900505589, -87.699285044)"
"14300128","JK380496","2026-08-19T17:00:00.000","079XX S BENNETT AVE","0910","MOTOR VEHICLE THEFT","AUTOMOBILE","VEHICLE NON-COMMERCIAL","false","false","0414","004","8","46","07","1190247","1852736","2026","2026-08-27T15:41:58.000","41.750936573","-87.578408871","
,  
(41.750936573, -87.578408871)"
"14299044","JK379524","2026-08-19T16:59:00.000","033XX W HOLLYWOOD AVE","1582","OFFENSE INVOLVING CHILDREN","CHILD PORNOGRAPHY","RESIDENCE","false","false","1711","017","39","13","17","1153202","1937682","2026","2026-08-27T15:41:58.000","41.984849532","-87.711907048","
,  
(41.984849532, -87.711907048)"
"14298915","JK379478","2026-08-19T16:52:00.000","059XX S ADA ST","1310","CRIMINAL DAMAGE","TO PROPERTY","RESIDENCE","false","true","0713","007","16","67","14","1168344","1865361","2026","2026-08-27T15:41:58.000","41.786080531","-87.658308789","
,  
(41.786080531, -87.658308789)"
"14306066","JK388843","2026-08-19T16:48:00.000","025XX W 45TH ST","1751","OFFENSE INVOLVING CHILDREN","CRIMINAL SEXUAL ABUSE BY FAMILY MEMBER","RESIDENCE","false","true","0922","009","15","58","17","1159995","1874745","2026","2026-08-28T15:47:53.000","41.812007245","-87.688662435","
,  
(41.812007245, -87.688662435)"
"14298828","JK379507","2026-08-19T16:44:00.000","008XX N HOMAN AVE","2027","NARCOTICS","POSSESS - CRACK","STREET","true","false","1121","011","27","23","18","1153561","1905294","2026","2026-08-27T15:41:58.000","41.895967285","-87.711450843","
,  
(41.895967285, -87.711450843)"
"29298","JK379324","2026-08-19T16:41:00.000","038XX S WESTERN BLVD","0110","HOMICIDE","FIRST DEGREE MURDER","AUTO","false","false","0911","009","12","59","01A","1161154","1879178","2026","2026-08-27T15:41:58.000","41.824147988","-87.684288412","
,  
(41.824147988, -87.684288412)"
"14301927","JK383391","2026-08-19T16:41:00.000","119XX S PARNELL AVE","0610","BURGLARY","FORCIBLE ENTRY","CHURCH / SYNAGOGUE / PLACE OF WORSHIP","false","false","0524","005","21","53","05","1174785","1825729","2026","2026-08-27T15:41:58.000","41.677183863","-87.635870473","
,  
(41.677183863, -87.635870473)"
"14299156","JK379597","2026-08-19T16:40:00.000","033XX W 60TH PL","2022","NARCOTICS","POSSESS - COCAINE","SIDEWALK","true","false","0823","008","14","66","18","1155215","1864310","2026","2026-08-27T15:41:58.000","41.783469198","-87.706474607","
,  
(41.783469198, -87.706474607)"
"14298857","JK379550","2026-08-19T16:39:00.000","091XX S HARPER AVE","2826","OTHER OFFENSE","HARASSMENT BY ELECTRONIC MEANS","RESIDENCE","false","false","0413","004","8","48","26","1188045","1844600","2026","2026-08-27T15:41:58.000","41.728663314","-87.586736607","
,  
(41.728663314, -87.586736607)"
"14299275","JK379957","2026-08-19T16:30:00.000","108XX S DOTY AVE W","0810","THEFT","OVER $500","OTHER (SPECIFY)","false","false","0513","005","9","50","06","1185694","1833312","2026","2026-08-27T15:41:58.000","41.697743347","-87.595702973","
,  
(41.697743347, -87.595702973)"
"14298819","JK379422","2026-08-19T16:30:00.000","009XX W ADDISON ST","0320","ROBBERY","STRONG ARM - NO WEAPON","SIDEWALK","false","false","1923","019","44","6","03","1169188","1924102","2026","2026-08-27T15:41:58.000","41.947252263","-87.65350869","
,  
(41.947252263, -87.65350869)"
"14298791","JK379463","2026-08-19T16:30:00.000","098XX S WENTWORTH AVE","0530","ASSAULT","AGGRAVATED - OTHER DANGEROUS WEAPON","STREET","false","false","0511","005","9","49","04A","1176669","1839912","2026","2026-08-27T15:41:58.000","41.716062028","-87.6285497","
,  
(41.716062028, -87.6285497)"
"14299488","JK380031","2026-08-19T16:30:00.000","038XX N MOZART ST","0910","MOTOR VEHICLE THEFT","AUTOMOBILE","STREET","false","false","1733","017","33","16","07","1156699","1925386","2026","2026-08-27T15:41:58.000","41.951038284","-87.699380029","
,  
(41.951038284, -87.699380029)"
"14298907","JK379440","2026-08-19T16:25:00.000","016XX W 81ST ST","0486","BATTERY","DOMESTIC BATTERY SIMPLE","SIDEWALK","false","true","0614","006","17","71","08B","1166917","1851001","2026","2026-08-27T15:41:58.000","41.746705412","-87.663950624","
,  
(41.746705412, -87.663950624)"
"14298823","JK379439","2026-08-19T16:24:00.000","035XX W NORTH AVE","1121","DECEPTIVE PRACTICE","COUNTERFEITING DOCUMENT","GAS STATION","false","false","1422","014","26","23","10","1152351","1910401","2026","2026-08-27T15:41:58.000","41.91000536","-87.715759913","
,  
(41.91000536, -87.715759913)"
"14299019","JK379520","2026-08-19T16:21:00.000","110XX S STONY ISLAND AVE","1020","ARSON","BY FIRE","STREET","false","false","0434","004","10","51","09","1190909","1832533","2026","2026-08-27T15:41:58.000","41.695481535","-87.576633775","
,  
(41.695481535, -87.576633775)"
"14298771","JK379401","2026-08-19T16:15:00.000","070XX S YALE AVE","0460","BATTERY","SIMPLE","APARTMENT","false","false","0731","007","6","69","08B","1175845","1858191","2026","2026-08-27T15:41:58.000","41.766240377","-87.631021229","
,  
(41.766240377, -87.631021229)"
"14298788","JK379380","2026-08-19T16:04:00.000","057XX S PAULINA ST","0486","BATTERY","DOMESTIC BATTERY SIMPLE","RESIDENCE","true","true","0715","007","16","67","08B","1165993","1866567","2026","2026-08-27T15:41:58.000","41.789440271","-87.66689445","
,  
(41.789440271, -87.66689445)"
"14298779","JK379385","2026-08-19T16:02:00.000","025XX W LITHUANIAN PLAZA CT","143A","WEAPONS VIOLATION","UNLAWFUL POSSESSION - HANDGUN","STREET","true","false","0832","008","16","66","15","1160457","1858810","2026","2026-08-27T15:41:58.000","41.768269945","-87.687406956","
,  
(41.768269945, -87.687406956)"
"14298908","JK379367","2026-08-19T16:00:00.000","012XX W 79TH ST","0860","THEFT","RETAIL THEFT","CONVENIENCE STORE","false","false","0612","006","17","71","06","1169539","1852401","2026","2026-08-27T15:41:58.000","41.750490827","-87.654302474","
,  
(41.750490827, -87.654302474)"
"14301329","JK381472","2026-08-19T16:00:00.000","063XX N MAPLEWOOD AVE","0710","THEFT","THEFT FROM MOTOR VEHICLE","STREET","false","false","2413","024","50","2","06","1158175","1941916","2026","2026-08-27T15:41:58.000","41.996367336","-87.693500483","
,  
(41.996367336, -87.693500483)"
"14298829","JK379337","2026-08-19T16:00:00.000","007XX S ST LOUIS AVE","2826","OTHER OFFENSE","HARASSMENT BY ELECTRONIC MEANS","APARTMENT","false","true","1133","011","24","27","26","1153157","1896600","2026","2026-08-27T15:41:58.000","41.872118081","-87.713165416","
,  
(41.872118081, -87.713165416)"
"14301103","JK382398","2026-08-19T16:00:00.000","020XX W 70TH PL","0820","THEFT","$500 AND UNDER","RESIDENCE - PORCH / HALLWAY","false","false","0735","007","17","67","06","1164030","1857904","2026","2026-08-27T15:41:58.000","41.765709377","-87.674335592","
,  
(41.765709377, -87.674335592)"
"14300437","JK381539","2026-08-19T16:00:00.000","044XX W CHICAGO AVE","0810","THEFT","OVER $500","CONSTRUCTION SITE","false","false","1111","011","37","23","06","1146576","1904952","2026","2026-08-27T15:41:58.000","41.895164866","-87.737114239","
,  
(41.895164866, -87.737114239)"
"14308208","JK391537","2026-08-19T16:00:00.000","030XX E CHELTENHAM PL","0810","THEFT","OVER $500","APARTMENT","false","false","0421","004","7","46","06","1197918","1853594","2026","2026-08-31T15:48:34.000","41.75310285","-87.550270556","
,  
(41.75310285, -87.550270556)"
"14298731","JK379378","2026-08-19T15:56:00.000","077XX S CHAMPLAIN AVE","1310","CRIMINAL DAMAGE","TO PROPERTY","RESIDENCE","false","false","0624","006","6","69","14","1181908","1853761","2026","2026-08-27T15:41:58.000","41.753946001","-87.60893507","
,  
(41.753946001, -87.60893507)"
"14298931","JK379468","2026-08-19T15:52:00.000","085XX S MAY ST","0820","THEFT","$500 AND UNDER","RESIDENCE","false","false","0613","006","17","71","06","1170145","1848140","2026","2026-08-27T15:41:58.000","41.738784916","-87.652205404","
,  
(41.738784916, -87.652205404)"
"14298978","JK379662","2026-08-19T15:51:00.000","036XX W DOUGLAS BLVD","031A","ROBBERY","ARMED - HANDGUN","SIDEWALK","false","false","1011","010","24","29","03","1152121","1893208","2026","2026-08-27T15:41:58.000","41.862830527","-87.717058439","
,  
(41.862830527, -87.717058439)"
"14298830","JK379332","2026-08-19T15:50:00.000","013XX N ASHLAND AVE","0520","ASSAULT","AGGRAVATED - KNIFE / CUTTING INSTRUMENT","ALLEY","false","false","1433","014","1","24","04A","1165485","1908868","2026","2026-08-27T15:41:58.000","41.905529073","-87.667554656","
,  
(41.905529073, -87.667554656)"
"14298860","JK379347","2026-08-19T15:50:00.000","001XX N LAVERGNE AVE","0710","THEFT","THEFT FROM MOTOR VEHICLE","STREET","false","false","1532","015","28","25","06","1143033","1900255","2026","2026-08-27T15:41:58.000","41.882342562","-87.75024415","
,  
(41.882342562, -87.75024415)"
"14298714","JK379308","2026-08-19T15:35:00.000","053XX N WINTHROP AVE","0560","ASSAULT","SIMPLE","STREET","false","false","2023","020","48","77","08A","1167909","1935549","2026","2026-08-27T15:41:58.000","41.978690973","-87.657878241","
,  
(41.978690973, -87.657878241)"
"14298792","JK379519","2026-08-19T15:30:00.000","033XX N SEMINARY AVE","1130","DECEPTIVE PRACTICE","FRAUD OR CONFIDENCE GAME","STREET","false","false","1924","019","44","6","11","1168360","1922268","2026","2026-08-27T15:41:58.000","41.942237669","-87.656605402","
,  
(41.942237669, -87.656605402)"
"14299381","JK380092","2026-08-19T15:30:00.000","040XX N TROY ST","0910","MOTOR VEHICLE THEFT","AUTOMOBILE","STREET","false","false","1724","017","33","16","07","1154668","1926644","2026","2026-08-27T15:41:58.000","41.954531301","-87.706812108","
,  
(41.954531301, -87.706812108)"
"14298735","JK379301","2026-08-19T15:30:00.000","0000X W POST 1 ST","1478","CONCEALED CARRY LICENSE VIOLATION","PROHIBITED PLACES","AIRPORT EXTERIOR - SECURE AREA","true","false","1654","016","41","76","15","1094587","1945065","2026","2026-08-27T15:41:58.000","42.006074109","-87.927364891","
,  
(42.006074109, -87.927364891)"
"14299195","JK379872","2026-08-19T15:30:00.000","028XX S KEELEY ST","0910","MOTOR VEHICLE THEFT","AUTOMOBILE","STREET","false","false","0913","009","11","60","07","1169108","1885812","2026","2026-08-27T15:41:58.000","41.842183726","-87.654915617","
,  
(41.842183726, -87.654915617)"
"14298841","JK379421","2026-08-19T15:30:00.000","022XX S PULASKI RD","1130","DECEPTIVE PRACTICE","FRAUD OR CONFIDENCE GAME","PARKING LOT / GARAGE (NON RESIDENTIAL)","false","false","1013","010","22","29","11","1150054","1889039","2026","2026-08-27T15:41:58.000","41.851430749","-87.724754706","
,  
(41.851430749, -87.724754706)"
"14298833","JK379389","2026-08-19T15:29:00.000","067XX S JEFFERY BLVD","1330","CRIMINAL TRESPASS","TO LAND","GAS STATION","true","false","0331","003","5","43","26","1190703","1860780","2026","2026-08-27T15:41:58.000","41.772998982","-87.576478539","
,  
(41.772998982, -87.576478539)"
"14298847","JK379352","2026-08-19T15:28:00.000","023XX E 75TH ST","0460","BATTERY","SIMPLE","GAS STATION","false","false","0334","003","7","43","08B","1193310","1855694","2026","2026-08-27T15:41:58.000","41.758979264","-87.567088206","
,  
(41.758979264, -87.567088206)"
"14299860","JK380666","2026-08-19T15:20:00.000","006XX N SAWYER AVE","0560","ASSAULT","SIMPLE","SCHOOL - PUBLIC BUILDING","false","false","1121","011","27","23","08A","1154595","1904048","2026","2026-08-27T15:41:58.000","41.892527513","-87.70768653","
,  
(41.892527513, -87.70768653)"
"14299232","JK379825","2026-08-19T15:20:00.000","104XX S WOOD ST","0486","BATTERY","DOMESTIC BATTERY SIMPLE","STREET","false","true","2212","022","19","72","08B","1166191","1835644","2026","2026-08-27T15:41:58.000","41.704578909","-87.667046428","
,  
(41.704578909, -87.667046428)"
"14299190","JK379297","2026-08-19T15:10:00.000","044XX S KEDZIE AVE","0560","ASSAULT","SIMPLE","BAR OR TAVERN","false","false","0922","009","12","58","08A","1155776","1874789","2026","2026-08-27T15:41:58.000","41.812213795","-87.704136552","
,  
(41.812213795, -87.704136552)"
"14308179","JK379287","2026-08-19T15:05:00.000","016XX W HOWARD ST","5110","OTHER OFFENSE","GUN OFFENDER - DUTY TO REGISTER","STREET","true","false","2422","024","49","1","26","1163539","1950346","2026","2026-08-31T15:48:34.000","42.019387767","-87.673529724","
,  
(42.019387767, -87.673529724)"
"14298838","JK379264","2026-08-19T15:03:00.000","038XX W WRIGHTWOOD AVE","0520","ASSAULT","AGGRAVATED - KNIFE / CUTTING INSTRUMENT","RESIDENCE","false","true","2524","025","35","22","04A","1150466","1917017","2026","2026-08-27T15:41:58.000","41.928197299","-87.722511576","
,  
(41.928197299, -87.722511576)"
"14298901","JK379265","2026-08-19T15:00:00.000","064XX W IRVING PARK RD","1330","CRIMINAL TRESPASS","TO LAND","PARKING LOT / GARAGE (NON RESIDENTIAL)","false","false","1632","016","38","17","26","1132815","1925903","2026","2026-08-27T15:41:58.000","41.952908208","-87.787165602","
,  
(41.952908208, -87.787165602)"
"14300083","JK380590","2026-08-19T15:00:00.000","037XX S WASHTENAW AVE","0810","THEFT","OVER $500","APARTMENT","false","false","0911","009","12","58","06","1158987","1879550","2026","2026-08-27T15:41:58.000","41.825213448","-87.692228274","
,  
(41.825213448, -87.692228274)"
"14299065","JK379728","2026-08-19T15:00:00.000","001XX W HURON ST","1153","DECEPTIVE PRACTICE","FINANCIAL IDENTITY THEFT OVER $ 300","STREET","false","false","1832","018","42","8","11","1175253","1905045","2026","2026-08-27T15:41:58.000","41.894824927","-87.631788635","
,  
(41.894824927, -87.631788635)"
"14299259","JK379945","2026-08-19T15:00:00.000","049XX S PAULINA ST","2825","OTHER OFFENSE","HARASSMENT BY TELEPHONE","APARTMENT","false","true","0931","009","20","61","26","1165848","1871825","2026","2026-08-27T15:41:58.000","41.803871938","-87.667276739","
,  
(41.803871938, -87.667276739)"
"14301421","JK382773","2026-08-19T15:00:00.000","016XX E 86TH ST","0810","THEFT","OVER $500","RESIDENCE","false","false","0412","004","8","45","06","1188676","1848282","2026","2026-08-27T15:41:58.000","41.738752052","-87.584307766","
,  
(41.738752052, -87.584307766)"
"14299577","JK380408","2026-08-19T15:00:00.000","023XX N KILDARE AVE","0760","BURGLARY","BURGLARY FROM MOTOR VEHICLE","STREET","false","false","2522","025","31","20","06","1147331","1915184","2026","2026-08-27T15:41:58.000","41.923228082","-87.734078744","
,  
(41.923228082, -87.734078744)"
"14299057","JK379756","2026-08-19T15:00:00.000","007XX E 133RD ST","1365","CRIMINAL TRESPASS","TO RESIDENCE","RESIDENCE","false","false","0533","005","10","54","26","1183608","1817488","2026","2026-08-27T15:41:58.000","41.654368837","-87.603831236","
,  
(41.654368837, -87.603831236)"
"14305395","JK387813","2026-08-19T15:00:00.000","018XX W 54TH ST","0810","THEFT","OVER $500","RESIDENCE - PORCH / HALLWAY","false","false","0932","009","16","61","06","1164819","1868881","2026","2026-08-28T15:47:53.000","41.795815066","-87.671133793","
,  
(41.795815066, -87.671133793)"
"14298794","JK379278","2026-08-19T14:59:00.000","0000X W 112TH PL","143A","WEAPONS VIOLATION","UNLAWFUL POSSESSION - HANDGUN","STREET","true","false","0522","005","9","49","15","1177980","1830373","2026","2026-08-27T15:41:58.000","41.689856128","-87.624035924","
,  
(41.689856128, -87.624035924)"
"14298775","JK379413","2026-08-19T14:52:00.000","019XX N FREMONT ST","0760","BURGLARY","BURGLARY FROM MOTOR VEHICLE","STREET","false","false","1813","018","43","7","06","1169992","1912914","2026","2026-08-27T15:41:58.000","41.916534341","-87.650880762","
,  
(41.916534341, -87.650880762)"
"14298696","JK379275","2026-08-19T14:46:00.000","100XX S MICHIGAN AVE","3710","INTERFERENCE WITH PUBLIC OFFICER","RESIST / OBSTRUCT / DISARM OFFICER","GAS STATION","true","false","0511","005","9","49","24","1178985","1838617","2026","2026-08-27T15:41:58.000","41.712456039","-87.620106677","
,  
(41.712456039, -87.620106677)"
"14298652","JK379259","2026-08-19T14:45:00.000","038XX W DIVISION ST","2027","NARCOTICS","POSSESS - CRACK","ALLEY","true","false","1112","011","37","23","18","1150379","1907724","2026","2026-08-27T15:41:58.000","41.902698145","-87.723074258","
,  
(41.902698145, -87.723074258)"
"14308048","JK391411","2026-08-19T14:36:00.000","026XX S CALUMET AVE","0820","THEFT","$500 AND UNDER","OTHER (SPECIFY)","false","false","0133","001","4","35","06","1178927","1886949","2026","2026-08-30T15:45:32.000","41.845085249","-87.618848403","
,  
(41.845085249, -87.618848403)"
"14298753","JK379432","2026-08-19T14:31:00.000","006XX E 91ST PL","2820","OTHER OFFENSE","TELEPHONE THREAT","RESIDENCE","false","true","0633","006","8","44","08A","1182006","1844443","2026","2026-08-27T15:41:58.000","41.728374096","-87.608863408","
,  
(41.728374096, -87.608863408)"
"14298734","JK379285","2026-08-19T14:30:00.000","007XX S WELLS ST","0486","BATTERY","DOMESTIC BATTERY SIMPLE","APARTMENT","false","true","0123","001","34","32","08B","1174827","1897053","2026","2026-08-27T15:41:58.000","41.872903956","-87.633592535","
,  
(41.872903956, -87.633592535)"
"14298935","JK379632","2026-08-19T14:30:00.000","0000X N STATE ST","1220","DECEPTIVE PRACTICE","THEFT OF LOST / MISLAID PROPERTY","COMMERCIAL / BUSINESS OFFICE","false","false","0112","001","34","32","11","1176364","1900537","2026","2026-08-27T15:41:58.000","41.882429735","-87.627844406","
,  
(41.882429735, -87.627844406)"
"14298786","JK379362","2026-08-19T14:30:00.000","054XX S WENTWORTH AVE","0860","THEFT","RETAIL THEFT","SMALL RETAIL STORE","false","false","0225","002","20","37","06","1175887","1869033","2026","2026-08-27T15:41:58.000","41.795991039","-87.630542489","
,  
(41.795991039, -87.630542489)"
"14298708","JK379256","2026-08-19T14:30:00.000","062XX S TROY ST","0486","BATTERY","DOMESTIC BATTERY SIMPLE","APARTMENT","false","true","0823","008","15","66","08B","1156456","1863183","2026","2026-08-27T15:41:58.000","41.780351628","-87.701954973","
,  
(41.780351628, -87.701954973)"
"14299216","JK379901","2026-08-19T14:30:00.000","0000X W MONROE ST","0760","BURGLARY","BURGLARY FROM MOTOR VEHICLE","PARKING LOT / GARAGE (NON RESIDENTIAL)","false","false","0112","001","34","32","06","1175707","1899903","2026","2026-08-27T15:41:58.000","41.880704797","-87.630275965","
,  
(41.880704797, -87.630275965)"
"14298742","JK379420","2026-08-19T14:23:00.000","078XX S HOYNE AVE","1477","WEAPONS VIOLATION","RECKLESS FIREARM DISCHARGE","ALLEY","false","false","0611","006","18","71","15","1163724","1852715","2026","2026-08-27T15:41:58.000","41.751476448","-87.675602604","
,  
(41.751476448, -87.675602604)"
"14298740","JK379276","2026-08-19T14:22:00.000","015XX E 55TH ST","0860","THEFT","RETAIL THEFT","SMALL RETAIL STORE","true","false","0234","002","5","41","06","1187473","1868839","2026","2026-08-27T15:41:58.000","41.795190909","-87.588062657","
,  
(41.795190909, -87.588062657)"
"14298645","JK379223","2026-08-19T14:20:00.000","003XX S KOSTNER AVE","2024","NARCOTICS","POSSESS - HEROIN (WHITE)","STREET","true","false","1131","011","28","26","18","1147117","1897909","2026","2026-08-27T15:41:58.000","41.875827741","-87.735307529","
,  
(41.875827741, -87.735307529)"
"14298872","JK379577","2026-08-19T14:20:00.000","067XX S COTTAGE GROVE AVE","0430","BATTERY","AGGRAVATED - OTHER DANGEROUS WEAPON","GAS STATION","false","false","0321","003","6","42","04B","1182717","1860597","2026","2026-08-27T15:41:58.000","41.77268594","-87.605758495","
,  
(41.77268594, -87.605758495)"
"14298824","JK379358","2026-08-19T14:20:00.000","030XX N HALSTED ST","0860","THEFT","RETAIL THEFT","SMALL RETAIL STORE","false","false","1933","019","44","6","06","1170394","1920533","2026","2026-08-27T15:41:58.000","41.93743245","-87.649180491","
,  
(41.93743245, -87.649180491)"
"14298997","JK379343","2026-08-19T14:15:00.000","005XX N MICHIGAN AVE","051A","ASSAULT","AGGRAVATED - HANDGUN","APARTMENT","false","false","1834","018","42","8","04A","1177337","1904027","2026","2026-08-27T15:41:58.000","41.891984471","-87.62416567","
,  
(41.891984471, -87.62416567)"
"14299132","JK379396","2026-08-19T14:10:00.000","014XX E 67TH PL","2820","OTHER OFFENSE","TELEPHONE THREAT","APARTMENT","false","false","0332","003","5","43","08A","1186868","1860522","2026","2026-08-27T15:41:58.000","41.77238276","-87.590544632","
,  
(41.77238276, -87.590544632)"
"14298797","JK379485","2026-08-19T14:10:00.000","002XX W INSTITUTE PL","0810","THEFT","OVER $500","SIDEWALK","false","false","1823","018","27","8","06","1174454","1905982","2026","2026-08-27T15:41:58.000","41.897413995","-87.634695089","
,  
(41.897413995, -87.634695089)"
"14298710","JK379329","2026-08-19T14:10:00.000","002XX N DESPLAINES ST","0560","ASSAULT","SIMPLE","PARKING LOT / GARAGE (NON RESIDENTIAL)","false","false","1214","012","34","28","08A","1171881","1901955","2026","2026-08-27T15:41:58.000","41.886420767","-87.644264091","
,  
(41.886420767, -87.644264091)"
"14298727","JK379255","2026-08-19T14:10:00.000","012XX S CANAL ST","0820","THEFT","$500 AND UNDER","RESTAURANT","false","false","0124","001","28","28","06","1173314","1894678","2026","2026-08-27T15:41:58.000","41.866420504","-87.639217924","
,  
(41.866420504, -87.639217924)"
"14298749","JK379360","2026-08-19T14:00:00.000","003XX S KOSTNER AVE","0460","BATTERY","SIMPLE","STREET","false","false","1131","011","28","26","08B","1147108","1898152","2026","2026-08-27T15:41:58.000","41.876494734","-87.735334358","
,  
(41.876494734, -87.735334358)"
"14300666","JK381692","2026-08-19T14:00:00.000","015XX W AINSLIE ST","1242","DECEPTIVE PRACTICE","COMPUTER FRAUD","APARTMENT","false","false","2032","020","47","3","11","1165102","1933041","2026","2026-08-27T15:41:58.000","41.971869207","-87.668272662","
,  
(41.971869207, -87.668272662)"
"14298657","JK379248","2026-08-19T14:00:00.000","001XX N GREEN ST","0860","THEFT","RETAIL THEFT","SMALL RETAIL STORE","true","false","1224","012","27","28","06","1170698","1901446","2026","2026-08-27T15:41:58.000","41.885050022","-87.648623237","
,  
(41.885050022, -87.648623237)"
"14298783","JK379288","2026-08-19T14:00:00.000","008XX N ASHLAND AVE","0486","BATTERY","DOMESTIC BATTERY SIMPLE","STREET","true","true","1213","012","1","24","08B","1165581","1905500","2026","2026-08-27T15:41:58.000","41.896285","-87.667298068","
,  
(41.896285, -87.667298068)"
"14299046","JK379580","2026-08-19T14:00:00.000","048XX S KILDARE AVE","0440","BATTERY","AGGRAVATED - HANDS, FISTS, FEET, NO / MINOR INJURY","SIDEWALK","false","false","0815","008","14","57","08B","1148507","1872288","2026","2026-08-27T15:41:58.000","41.805493631","-87.73086377","
,  
(41.805493631, -87.73086377)"
"14300042","JK381050","2026-08-19T14:00:00.000","016XX N TALMAN AVE","1150","DECEPTIVE PRACTICE","CREDIT CARD FRAUD","APARTMENT","false","false","1421","014","26","24","11","1158449","1910839","2026","2026-08-27T15:41:58.000","41.9110846","-87.693346257","
,  
(41.9110846, -87.693346257)"
"14298893","JK379370","2026-08-19T14:00:00.000","042XX W GLADYS AVE","0484","BATTERY","PROTECTED EMPLOYEE - HANDS, FISTS, FEET, NO / MINOR INJURY","STREET","false","false","1132","011","28","26","08B","1148091","1898015","2026","2026-08-27T15:41:58.000","41.87609994","-87.731728594","
,  
(41.87609994, -87.731728594)"
"14298906","JK379616","2026-08-19T14:00:00.000","005XX E 51ST ST","1320","CRIMINAL DAMAGE","TO VEHICLE","STREET","false","false","0223","002","20","38","14","1180467","1871309","2026","2026-08-27T15:41:58.000","41.802132606","-87.613677631","
,  
(41.802132606, -87.613677631)"
"14298729","JK379227","2026-08-19T13:59:00.000","014XX N DAMEN AVE","1570","SEX OFFENSE","PUBLIC INDECENCY","STREET","true","false","1424","014","1","24","17","1162804","1909566","2026","2026-08-27T15:41:58.000","41.907501113","-87.677383251","
,  
(41.907501113, -87.677383251)"
"14298782","JK379476","2026-08-19T13:56:00.000","057XX W RACE AVE","1310","CRIMINAL DAMAGE","TO PROPERTY","APARTMENT","false","false","1512","015","29","25","14","1137909","1903039","2026","2026-08-27T15:41:58.000","41.890076211","-87.768992579","
,  
(41.890076211, -87.768992579)"
"14298895","JK379375","2026-08-19T13:50:00.000","012XX N ASHLAND AVE","4387","OTHER OFFENSE","VIOLATE ORDER OF PROTECTION","STREET","false","true","1433","014","1","24","26","1165497","1908438","2026","2026-08-27T15:41:58.000","41.904348868","-87.667522836","
,  
(41.904348868, -87.667522836)"
"14299358","JK380044","2026-08-19T13:30:00.000","025XX N CLARK ST","0820","THEFT","$500 AND UNDER","MEDICAL / DENTAL OFFICE","false","false","1935","019","43","7","06","1172209","1917535","2026","2026-08-27T15:41:58.000","41.929165877","-87.642598884","
,  
(41.929165877, -87.642598884)"
"14299176","JK379840","2026-08-19T13:30:00.000","005XX N PINE AVE","0910","MOTOR VEHICLE THEFT","AUTOMOBILE","STREET","false","false","1523","015","37","25","07","1139435","1903131","2026","2026-08-27T15:41:58.000","41.890300993","-87.763386087","
,  
(41.890300993, -87.763386087)"
"14299361","JK380046","2026-08-19T13:30:00.000","025XX N CLARK ST","1150","DECEPTIVE PRACTICE","CREDIT CARD FRAUD","DEPARTMENT STORE","false","false","1935","019","43","7","11","1172209","1917535","2026","2026-08-27T15:41:58.000","41.929165877","-87.642598884","
,  
(41.929165877, -87.642598884)"
"14298675","JK379122","2026-08-19T13:20:00.000","026XX S CALIFORNIA AVE","0430","BATTERY","AGGRAVATED - OTHER DANGEROUS WEAPON","SIDEWALK","true","false","1033","010","24","30","04B","1158126","1886449","2026","2026-08-27T15:41:58.000","41.844162699","-87.695199039","
,  
(41.844162699, -87.695199039)"
"14298595","JK379141","2026-08-19T13:20:00.000","003XX W OAK ST","1153","DECEPTIVE PRACTICE","FINANCIAL IDENTITY THEFT OVER $ 300","PARKING LOT / GARAGE (NON RESIDENTIAL)","false","false","1823","018","27","8","11","1173773","1907104","2026","2026-08-27T15:41:58.000","41.900508014","-87.637162851","
,  
(41.900508014, -87.637162851)"
"14298820","JK379372","2026-08-19T13:20:00.000","095XX S EWING AVE","0484","BATTERY","PROTECTED EMPLOYEE - HANDS, FISTS, FEET, NO / MINOR INJURY","CTA BUS","false","false","0432","004","10","52","08B","1201692","1842756","2026","2026-08-27T15:41:58.000","41.723267549","-87.536808254","
,  
(41.723267549, -87.536808254)"
"14298605","JK379128","2026-08-19T13:15:00.000","048XX W OHIO ST","2820","OTHER OFFENSE","TELEPHONE THREAT","SCHOOL - PUBLIC GROUNDS","false","false","1532","015","37","25","08A","1143956","1903552","2026","2026-08-27T15:41:58.000","41.891372662","-87.74677209","
,  
(41.891372662, -87.74677209)"
"14298580","JK379177","2026-08-19T13:15:00.000","046XX N WESTERN AVE","0460","BATTERY","SIMPLE","CTA PLATFORM","false","false","1911","019","47","4","08B","1159527","1930910","2026","2026-08-27T15:41:58.000","41.966138567","-87.688831703","
,  
(41.966138567, -87.688831703)"
"14298626","JK379160","2026-08-19T13:13:00.000","032XX S ARCHER AVE","0486","BATTERY","DOMESTIC BATTERY SIMPLE","RESIDENCE","true","true","0912","009","11","59","08B","1165107","1883265","2026","2026-08-27T15:41:58.000","41.835280287","-87.669670305","
,  
(41.835280287, -87.669670305)"
"14298774","JK379427","2026-08-19T13:13:00.000","008XX N NOBLE ST","1581","SEX OFFENSE","NON-CONSENSUAL DISSEMINATION OF PRIVATE SEXUAL IMAGES","APARTMENT","false","true","1213","012","27","24","17","1166907","1905715","2026","2026-08-27T15:41:58.000","41.896846625","-87.662421768","
,  
(41.896846625, -87.662421768)"
"14298666","JK379154","2026-08-19T13:03:00.000","001XX N KEELER AVE","1330","CRIMINAL TRESPASS","TO LAND","ALLEY","true","false","1114","011","28","26","26","1148374","1900370","2026","2026-08-27T15:41:58.000","41.88255688","-87.730628784","
,  
(41.88255688, -87.730628784)"
"14300809","JK381876","2026-08-19T13:00:00.000","077XX S CICERO AVE","1599","SEX OFFENSE","AGG CRIM SEX ABUSE - VIC 13-16 YOA - OFF 5 YR OLDER PENETRAT","HOTEL / MOTEL","false","false","0834","008","18","70","17","1145740","1853048","2026","2026-08-27T15:41:58.000","41.752748627","-87.741497836","
,  
(41.752748627, -87.741497836)"
"14301835","JK383035","2026-08-19T13:00:00.000","017XX N KEDZIE AVE","4387","OTHER OFFENSE","VIOLATE ORDER OF PROTECTION","RESIDENCE","false","true","1421","014","26","23","26","1154779","1911319","2026","2026-08-27T15:41:58.000","41.912476113","-87.706815747","
,  
(41.912476113, -87.706815747)"
"14299350","JK379181","2026-08-19T13:00:00.000","011XX W WILSON AVE","0320","ROBBERY","STRONG ARM - NO WEAPON","SIDEWALK","false","false","1913","019","46","3","03","1167916","1930703","2026","2026-08-27T15:41:58.000","41.965393249","-87.657992984","
,  
(41.965393249, -87.657992984)"
"14298822","JK379340","2026-08-19T13:00:00.000","037XX N KEDZIE AVE","2825","OTHER OFFENSE","HARASSMENT BY TELEPHONE","OTHER (SPECIFY)","false","true","1733","017","33","16","26","1154390","1924661","2026","2026-08-27T15:41:58.000","41.949095387","-87.707887282","
,  
(41.949095387, -87.707887282)"
"14298784","JK379484","2026-08-19T13:00:00.000","087XX S WOOD ST","1310","CRIMINAL DAMAGE","TO PROPERTY","RESIDENCE","false","false","2221","022","18","71","14","1165868","1846751","2026","2026-08-27T15:41:58.000","41.735065116","-87.667914848","
,  
(41.735065116, -87.667914848)"
"14299130","JK379450","2026-08-19T13:00:00.000","071XX S JEFFERY BLVD","0610","BURGLARY","FORCIBLE ENTRY","APARTMENT","false","false","0333","003","5","43","05","1190777","1858173","2026","2026-08-27T15:41:58.000","41.765843381","-87.576291395","
,  
(41.765843381, -87.576291395)"
"14308476","JK391817","2026-08-19T13:00:00.000","071XX S EMERALD AVE","5002","OTHER OFFENSE","OTHER VEHICLE OFFENSE","VEHICLE NON-COMMERCIAL","false","false","0732","007","6","68","26",,,"2026","2026-08-31T15:48:34.000",,,
"14298648","JK379159","2026-08-19T12:54:00.000","068XX S TRIPP AVE","1152","DECEPTIVE PRACTICE","ILLEGAL USE CASH CARD","RESIDENCE","false","false","0833","008","23","65","11","1149214","1858995","2026","2026-08-27T15:41:58.000","41.769001922","-87.728613645","
,  
(41.769001922, -87.728613645)"
"14298590","JK379114","2026-08-19T12:41:00.000","022XX N HAMILTON AVE","2825","OTHER OFFENSE","HARASSMENT BY TELEPHONE","SCHOOL - PUBLIC GROUNDS","false","true","1432","014","32","22","26","1161657","1914808","2026","2026-08-27T15:41:58.000","41.921909527","-87.681450335","
,  
(41.921909527, -87.681450335)"
"14298641","JK379104","2026-08-19T12:40:00.000","078XX S WESTERN AVE","0460","BATTERY","SIMPLE","SMALL RETAIL STORE","false","false","0835","008","18","70","08B","1161742","1852503","2026","2026-08-27T15:41:58.000","41.750936036","-87.682871596","
,  
(41.750936036, -87.682871596)"
"14298601","JK379123","2026-08-19T12:30:00.000","001XX E 114TH PL","0486","BATTERY","DOMESTIC BATTERY SIMPLE","RESIDENCE","false","true","0531","005","9","49","08B","1179126","1829074","2026","2026-08-27T15:41:58.000","41.686265513","-87.619879809","
,  
(41.686265513, -87.619879809)"
"14298576","JK379087","2026-08-19T12:30:00.000","025XX N CLARK ST","0860","THEFT","RETAIL THEFT","CONVENIENCE STORE","false","false","1935","019","43","7","06","1172399","1917109","2026","2026-08-27T15:41:58.000","41.927992712","-87.641913321","
,  
(41.927992712, -87.641913321)"
"14298698","JK379206","2026-08-19T12:30:00.000","055XX S KEDZIE AVE","0810","THEFT","OVER $500","STREET","false","false","0824","008","14","63","06","1155994","1867615","2026","2026-08-27T15:41:58.000","41.792522974","-87.703529737","
,  
(41.792522974, -87.703529737)"
"29297","JK379018","2026-08-19T12:26:00.000","002XX S PULASKI RD","0110","HOMICIDE","FIRST DEGREE MURDER","STREET","false","false","1115","011","28","26","01A","1149764","1898627","2026","2026-08-27T15:41:58.000","41.877746994","-87.725569956","
,  
(41.877746994, -87.725569956)"
"14298507","JK379048","2026-08-19T12:25:00.000","041XX W CULLERTON ST","2027","NARCOTICS","POSSESS - CRACK","ALLEY","true","false","1012","010","24","29","18","1149046","1890098","2026","2026-08-27T15:41:58.000","41.854356322","-87.728426959","
,  
(41.854356322, -87.728426959)"
"29296","JK379018","2026-08-19T12:24:00.000","002XX S PULASKI RD","0110","HOMICIDE","FIRST DEGREE MURDER","STREET","false","false","1115","011","28","26","01A","1149764","1898627","2026","2026-08-27T15:41:58.000","41.877746994","-87.725569956","
,  
(41.877746994, -87.725569956)"
"14298902","JK379065","2026-08-19T12:20:00.000","053XX N KENMORE AVE","1320","CRIMINAL DAMAGE","TO VEHICLE","STREET","false","false","2023","020","48","77","14","1168285","1935710","2026","2026-08-27T15:41:58.000","41.979124617","-87.656490815","
,  
(41.979124617, -87.656490815)"
"14300494","JK379016","2026-08-19T12:15:00.000","053XX S PRINCETON AVE","0486","BATTERY","DOMESTIC BATTERY SIMPLE","RESIDENCE","false","true","0935","009","20","37","08B","1175194","1869488","2026","2026-08-27T15:41:58.000","41.797255124","-87.633070154","
,  
(41.797255124, -87.633070154)"
"14298505","JK379031","2026-08-19T12:10:00.000","020XX W GARFIELD BLVD","0486","BATTERY","DOMESTIC BATTERY SIMPLE","STREET","false","true","0715","007","15","67","08B","1163498","1868039","2026","2026-08-27T15:41:58.000","41.793532334","-87.676001588","
,  
(41.793532334, -87.676001588)"
"14298865","JK379056","2026-08-19T12:05:00.000","040XX W HIRSCH ST","041A","BATTERY","AGGRAVATED - HANDGUN","SMALL RETAIL STORE","false","false","2534","025","36","23","04B","1149207","1909016","2026","2026-08-27T15:41:58.000","41.90626632","-87.72734573","
,  
(41.90626632, -87.72734573)"
"14298541","JK379073","2026-08-19T12:00:00.000","010XX N LAVERGNE AVE","1153","DECEPTIVE PRACTICE","FINANCIAL IDENTITY THEFT OVER $ 300","RESIDENCE","false","false","1531","015","37","25","11","1142833","1906658","2026","2026-08-27T15:41:58.000","41.899916879","-87.750818942","
,  
(41.899916879, -87.750818942)"
"14300447","JK381558","2026-08-19T12:00:00.000","078XX S RHODES AVE","0910","MOTOR VEHICLE THEFT","AUTOMOBILE","STREET","false","false","0624","006","6","69","07","1181263","1853117","2026","2026-08-27T15:41:58.000","41.752193674","-87.611318559","
,  
(41.752193674, -87.611318559)"
"14302839","JK384660","2026-08-19T12:00:00.000","024XX W 68TH ST","0710","THEFT","THEFT FROM MOTOR VEHICLE","STREET","false","false","0832","008","16","66","06","1161368","1859501","2026","2026-08-27T15:41:58.000","41.770147325","-87.684048566","
,  
(41.770147325, -87.684048566)"
"14298778","JK379366","2026-08-19T12:00:00.000","090XX S LOOMIS ST","0890","THEFT","FROM BUILDING","APARTMENT","false","false","2222","022","21","73","06","1168582","1844812","2026","2026-08-27T15:41:58.000","41.729686206","-87.658027594","
,  
(41.729686206, -87.658027594)"
"14298554","JK379113","2026-08-19T12:00:00.000","076XX S MERRILL AVE","1330","CRIMINAL TRESPASS","TO LAND","RESIDENCE","false","true","0414","004","8","43","26","1191860","1854778","2026","2026-08-27T15:41:58.000","41.756501004","-87.572431974","
,  
(41.756501004, -87.572431974)"
"14298575","JK379127","2026-08-19T12:00:00.000","012XX S MILLARD AVE","0810","THEFT","OVER $500","APARTMENT","false","false","1011","010","24","29","06","1152236","1894157","2026","2026-08-27T15:41:58.000","41.865432426","-87.716611258","
,  
(41.865432426, -87.716611258)"
"14299732","JK380681","2026-08-19T12:00:00.000","011XX W ARMITAGE AVE","0810","THEFT","OVER $500","RESIDENCE","false","false","1811","018","43","7","06","1168412","1913457","2026","2026-08-27T15:41:58.000","41.918058717","-87.656669859","
,  
(41.918058717, -87.656669859)"
"14299058","JK379776","2026-08-19T12:00:00.000","027XX W BALMORAL AVE","0486","BATTERY","DOMESTIC BATTERY SIMPLE","APARTMENT","false","true","2011","020","40","4","08B","1157083","1935753","2026","2026-08-27T15:41:58.000","41.979478108","-87.697685742","
,  
(41.979478108, -87.697685742)"
"14300359","JK381381","2026-08-19T12:00:00.000","015XX N MILWAUKEE AVE","0810","THEFT","OVER $500","COMMERCIAL / BUSINESS OFFICE","false","false","1424","014","1","24","06","1163022","1910404","2026","2026-08-27T15:41:58.000","41.909796068","-87.67655887","
,  
(41.909796068, -87.67655887)"
"14299360","JK380056","2026-08-19T12:00:00.000","047XX W MAYPOLE AVE","1320","CRIMINAL DAMAGE","TO VEHICLE","STREET","false","false","1113","011","28","25","14","1144842","1901044","2026","2026-08-27T15:41:58.000","41.884473752","-87.743581497","
,  
(41.884473752, -87.743581497)"
"14298631","JK379063","2026-08-19T12:00:00.000","003XX E 56TH ST","1320","CRIMINAL DAMAGE","TO VEHICLE","STREET","false","false","0231","002","20","40","14","1179645","1867970","2026","2026-08-27T15:41:58.000","41.792988935","-87.616794286","
,  
(41.792988935, -87.616794286)"
"14299431","JK380079","2026-08-19T12:00:00.000","053XX S MICHIGAN AVE","0910","MOTOR VEHICLE THEFT","AUTOMOBILE","STREET","false","false","0225","002","3","40","07","1178063","1869670","2026","2026-08-27T15:41:58.000","41.797689933","-87.622543713","
,  
(41.797689933, -87.622543713)"
"14305627","JK388108","2026-08-19T12:00:00.000","019XX W FOSTER AVE","0890","THEFT","FROM BUILDING","APARTMENT","false","false","2032","020","40","4","06","1162267","1934541","2026","2026-08-28T15:47:53.000","41.976045187","-87.678655206","
,  
(41.976045187, -87.678655206)"
"14309430","JK393156","2026-08-19T12:00:00.000","010XX W MONTROSE AVE","1156","DECEPTIVE PRACTICE","ATTEMPT - FINANCIAL IDENTITY THEFT","APARTMENT","false","false","1913","019","46","3","11",,,"2026","2026-08-31T15:53:00.000",,,
"14298611","JK379020","2026-08-19T11:50:00.000","046XX S ASHLAND AVE","0860","THEFT","RETAIL THEFT","SMALL RETAIL STORE","false","false","0924","009","15","61","06","1166449","1874039","2026","2026-08-27T15:41:58.000","41.809934604","-87.665009423","
,  
(41.809934604, -87.665009423)"
"14298643","JK379013","2026-08-19T11:50:00.000","049XX S KIMBARK AVE","031A","ROBBERY","ARMED - HANDGUN","SIDEWALK","false","false","0222","002","4","39","03","1185511","1872440","2026","2026-08-27T15:41:58.000","41.805118777","-87.595143832","
,  
(41.805118777, -87.595143832)"
"14298900","JK379050","2026-08-19T11:50:00.000","010XX W BALMORAL AVE","0560","ASSAULT","SIMPLE","APARTMENT","false","true","2023","020","48","77","08A","1168470","1936045","2026","2026-08-27T15:41:58.000","41.980039853","-87.655800725","
,  
(41.980039853, -87.655800725)"
"14298621","JK379038","2026-08-19T11:45:00.000","122XX S THROOP ST","0560","ASSAULT","SIMPLE","RESIDENCE","false","false","0524","005","21","53","08A","1169884","1823524","2026","2026-08-27T15:41:58.000","41.671240432","-87.653873238","
,  
(41.671240432, -87.653873238)"
"14298980","JK379025","2026-08-19T11:42:00.000","069XX S INDIANA AVE","2014","NARCOTICS","MANUFACTURE / DELIVER -  HEROIN (WHITE)","APARTMENT","true","false","0322","003","6","69","18","1178791","1859100","2026","2026-08-27T15:41:58.000","41.768668255","-87.620195524","
,  
(41.768668255, -87.620195524)"
"14298977","JK379039","2026-08-19T11:41:00.000","069XX S INDIANA AVE","143A","WEAPONS VIOLATION","UNLAWFUL POSSESSION - HANDGUN","APARTMENT","true","false","0322","003","6","69","15","1178791","1859089","2026","2026-08-27T15:41:58.000","41.768638069","-87.620195859","
,  
(41.768638069, -87.620195859)"
"14298530","JK379037","2026-08-19T11:40:00.000","047XX S MICHIGAN AVE","0810","THEFT","OVER $500","APARTMENT","false","false","0224","002","3","38","06","1177957","1873574","2026","2026-08-27T15:41:58.000","41.80840527","-87.622814081","
,  
(41.80840527, -87.622814081)"
"14298903","JK379098","2026-08-19T11:32:00.000","052XX N LINCOLN AVE","0820","THEFT","$500 AND UNDER","GROCERY FOOD STORE","false","false","2011","020","40","4","06","1158514","1934867","2026","2026-08-27T15:41:58.000","41.977017622","-87.692447486","
,  
(41.977017622, -87.692447486)"
"14298602","JK379103","2026-08-19T11:31:00.000","062XX S EMERALD DR","2820","OTHER OFFENSE","TELEPHONE THREAT","OTHER (SPECIFY)","false","false","0711","007","16","68","08A","1172179","1863746","2026","2026-08-27T15:41:58.000","41.781565307","-87.644295268","
,  
(41.781565307, -87.644295268)"
"14298522","JK379001","2026-08-19T11:30:00.000","010XX N MAYFIELD AVE","0486","BATTERY","DOMESTIC BATTERY SIMPLE","RESIDENCE","false","true","1511","015","29","25","08B","1136839","1906309","2026","2026-08-27T15:41:58.000","41.899068751","-87.772843718","
,  
(41.899068751, -87.772843718)"
"14299080","JK379635","2026-08-19T11:30:00.000","075XX S STONY ISLAND AVE","0760","BURGLARY","BURGLARY FROM MOTOR VEHICLE","PARKING LOT / GARAGE (NON RESIDENTIAL)","false","false","0411","004","8","43","06","1188123","1855151","2026","2026-08-27T15:41:58.000","41.757614433","-87.586115266","
,  
(41.757614433, -87.586115266)"
"14298848","JK379268","2026-08-19T11:28:00.000","061XX S LANGLEY AVE","0560","ASSAULT","SIMPLE","RESIDENCE","false","false","0313","003","20","42","08A","1181950","1864471","2026","2026-08-27T15:41:58.000","41.783334334","-87.608450373","
,  
(41.783334334, -87.608450373)"
"14298502","JK378995","2026-08-19T11:27:00.000","012XX S WABASH AVE","0520","ASSAULT","AGGRAVATED - KNIFE / CUTTING INSTRUMENT","GAS STATION","true","false","0131","001","34","33","04A","1176963","1894862","2026","2026-08-27T15:41:58.000","41.866843668","-87.625816668","
,  
(41.866843668, -87.625816668)"
"14298562","JK379012","2026-08-19T11:25:00.000","044XX W WASHINGTON BLVD","2024","NARCOTICS","POSSESS - HEROIN (WHITE)","STREET","false","false","1113","011","28","26","18","1146714","1900124","2026","2026-08-27T15:41:58.000","41.881913657","-87.73673068","
,  
(41.881913657, -87.73673068)"
"14298469","JK378996","2026-08-19T11:20:00.000","074XX S WESTERN AVE","0560","ASSAULT","SIMPLE","COMMERCIAL / BUSINESS OFFICE","false","false","0835","008","18","66","08A","1161665","1855272","2026","2026-08-27T15:41:58.000","41.758536181","-87.68307707","
,  
(41.758536181, -87.68307707)"
"14298640","JK379175","2026-08-19T11:15:00.000","033XX W FULLERTON AVE","0340","ROBBERY","ATTEMPT STRONG ARM - NO WEAPON","RESTAURANT","false","false","1413","014","35","22","03","1153571","1915755","2026","2026-08-27T15:41:58.000","41.924673004","-87.711135407","
,  
(41.924673004, -87.711135407)"
"14298642","JK379124","2026-08-19T11:15:00.000","070XX S MICHIGAN AVE","0910","MOTOR VEHICLE THEFT","AUTOMOBILE","STREET","false","false","0322","003","6","69","07","1178380","1858373","2026","2026-08-27T15:41:58.000","41.76668263","-87.621724081","
,  
(41.76668263, -87.621724081)"
"14298586","JK379047","2026-08-19T11:09:00.000","021XX S CALUMET AVE","1320","CRIMINAL DAMAGE","TO VEHICLE","STREET","false","false","0132","001","3","33","14","1178846","1889956","2026","2026-08-27T15:41:58.000","41.853338507","-87.619053871","
,  
(41.853338507, -87.619053871)"
"14299372","JK379074","2026-08-19T11:03:00.000","066XX N DAMEN AVE","0810","THEFT","OVER $500","GROCERY FOOD STORE","false","false","2412","024","40","2","06","1161753","1944078","2026","2026-08-27T15:41:58.000","42.002225812","-87.680277948","
,  
(42.002225812, -87.680277948)"
"14303828","JK385898","2026-08-19T11:00:00.000","037XX W 82ND ST","0486","BATTERY","DOMESTIC BATTERY SIMPLE","STREET","false","true","0834","008","18","70","08B","1152984","1849954","2026","2026-08-27T15:41:58.000","41.744118359","-87.715032647","
,  
(41.744118359, -87.715032647)"
"14298624","JK379093","2026-08-19T11:00:00.000","027XX E 76TH PL","0520","ASSAULT","AGGRAVATED - KNIFE / CUTTING INSTRUMENT","APARTMENT","true","false","0421","004","7","43","04A","1195778","1854716","2026","2026-08-27T15:41:58.000","41.756234882","-87.558075605","
,  
(41.756234882, -87.558075605)"
"14299866","JK380872","2026-08-19T11:00:00.000","046XX N ELSTON AVE","1365","CRIMINAL TRESPASS","TO RESIDENCE","APARTMENT","false","false","1722","017","39","14","26","1146584","1930605","2026","2026-08-27T15:41:58.000","41.965558922","-87.73642893","
,  
(41.965558922, -87.73642893)"
"14299472","JK380222","2026-08-19T11:00:00.000","053XX N MOBILE AVE","0917","MOTOR VEHICLE THEFT","CYCLE, SCOOTER, BIKE WITH VIN","STREET","false","false","1622","016","45","11","07","1133305","1935191","2026","2026-08-27T15:41:58.000","41.978386817","-87.785145849","
,  
(41.978386817, -87.785145849)"
"14303096","JK384709","2026-08-19T11:00:00.000","044XX S HONORE ST","1130","DECEPTIVE PRACTICE","FRAUD OR CONFIDENCE GAME","RESIDENCE","false","false","0924","009","15","61","11","1164761","1875215","2026","2026-08-27T15:41:58.000","41.813197539","-87.671167537","
,  
(41.813197539, -87.671167537)"
"14299290","JK379773","2026-08-19T11:00:00.000","038XX W MAYPOLE AVE","2825","OTHER OFFENSE","HARASSMENT BY TELEPHONE","APARTMENT","false","false","1122","011","28","26","26","1150711","1900939","2026","2026-08-27T15:41:58.000","41.884072919","-87.722032318","
,  
(41.884072919, -87.722032318)"
"14298439","JK378959","2026-08-19T10:57:00.000","064XX S LOWE AVE","0560","ASSAULT","SIMPLE","CHA APARTMENT","false","false","0723","007","20","68","08A","1173144","1862203","2026","2026-08-27T15:41:58.000","41.777309867","-87.640802922","
,  
(41.777309867, -87.640802922)"
"14298421","JK378948","2026-08-19T10:56:00.000","019XX S ST LOUIS AVE","1310","CRIMINAL DAMAGE","TO PROPERTY","RESIDENCE","false","false","1024","010","24","29","14","1153405","1890246","2026","2026-08-27T15:41:58.000","41.854677071","-87.712423617","
,  
(41.854677071, -87.712423617)"
"14298715","JK379010","2026-08-19T10:55:00.000","128XX S PEORIA ST","1320","CRIMINAL DAMAGE","TO VEHICLE","RESIDENCE","false","false","0523","005","9","53","14","1172681","1819492","2026","2026-08-27T15:41:58.000","41.660114966","-87.643754404","
,  
(41.660114966, -87.643754404)"
"14298622","JK379092","2026-08-19T10:55:00.000","005XX E 60TH ST","0560","ASSAULT","SIMPLE","APARTMENT","false","true","0313","003","20","42","08A","1180742","1865342","2026","2026-08-27T15:41:58.000","41.7857523","-87.612852505","
,  
(41.7857523, -87.612852505)"
"14299370","JK379002","2026-08-19T10:54:00.000","011XX W THORNDALE AVE","0460","BATTERY","SIMPLE","CTA TRAIN","false","false","2433","024","48","77","08B","1167594","1939683","2026","2026-08-27T15:41:58.000","41.990041584","-87.65891695","
,  
(41.990041584, -87.65891695)"
"14298510","JK378971","2026-08-19T10:53:00.000","080XX S NORMAL AVE","1477","WEAPONS VIOLATION","RECKLESS FIREARM DISCHARGE","RESIDENCE - PORCH / HALLWAY","false","false","0621","006","6","44","15","1174360","1851599","2026","2026-08-27T15:41:58.000","41.748184273","-87.636659935","
,  
(41.748184273, -87.636659935)"
"14298593","JK379110","2026-08-19T10:45:00.000","011XX N LA SALLE DR","0460","BATTERY","SIMPLE","SIDEWALK","false","false","1824","018","27","8","08B","1174932","1907912","2026","2026-08-27T15:41:58.000","41.902699319","-87.632881597","
,  
(41.902699319, -87.632881597)"
"14298497","JK378970","2026-08-19T10:40:00.000","080XX S NORMAL AVE","0620","BURGLARY","UNLAWFUL ENTRY","RESIDENCE","false","false","0621","006","6","44","05","1174360","1851599","2026","2026-08-27T15:41:58.000","41.748184273","-87.636659935","
,  
(41.748184273, -87.636659935)"
"14298463","JK378950","2026-08-19T10:30:00.000","069XX S WESTERN AVE","0460","BATTERY","SIMPLE","STREET","false","false","0832","008","16","66","08B","1161571","1858676","2026","2026-08-27T15:41:58.000","41.7678792","-87.683327303","
,  
(41.7678792, -87.683327303)"
"14298526","JK378989","2026-08-19T10:30:00.000","002XX N PARKSIDE AVE","2825","OTHER OFFENSE","HARASSMENT BY TELEPHONE","SCHOOL - PUBLIC BUILDING","false","false","1512","015","29","25","26","1138552","1901156","2026","2026-08-27T15:41:58.000","41.88489739","-87.766676821","
,  
(41.88489739, -87.766676821)"
"14299180","JK379853","2026-08-19T10:25:00.000","031XX W HARRISON ST","2027","NARCOTICS","POSSESS - CRACK","POLICE FACILITY / VEHICLE PARKING LOT","true","false","1134","011","24","27","18","1155457","1897193","2026","2026-08-27T15:41:58.000","41.873699424","-87.704705156","
,  
(41.873699424, -87.704705156)"
"14298596","JK378929","2026-08-19T10:20:00.000","001XX W CHICAGO AVE","1320","CRIMINAL DAMAGE","TO VEHICLE","CTA BUS","false","false","1832","018","2","8","14","1175285","1905703","2026","2026-08-27T15:41:58.000","41.896629795","-87.631651345","
,  
(41.896629795, -87.631651345)"
"14298720","JK378935","2026-08-19T10:15:00.000","002XX W 87TH ST","1330","CRIMINAL TRESPASS","TO LAND","PARKING LOT / GARAGE (NON RESIDENTIAL)","true","false","0634","006","21","44","26","1176454","1847227","2026","2026-08-27T15:41:58.000","41.73614018","-87.62911796","
,  
(41.73614018, -87.62911796)"
"14298534","JK378940","2026-08-19T10:15:00.000","134XX S BRANDON AVE","0486","BATTERY","DOMESTIC BATTERY SIMPLE","ALLEY","false","true","0433","004","10","55","08B","1199443","1816435","2026","2026-08-27T15:41:58.000","41.651096946","-87.545927172","
,  
(41.651096946, -87.545927172)"
"14298644","JK378960","2026-08-19T10:15:00.000","075XX S STONY ISLAND AVE","0312","ROBBERY","ARMED - KNIFE / CUTTING INSTRUMENT","COMMERCIAL / BUSINESS OFFICE","false","false","0411","004","8","43","03","1188125","1855118","2026","2026-08-27T15:41:58.000","41.75752383","-87.586108987","
,  
(41.75752383, -87.586108987)"
"14299896","JK380814","2026-08-19T10:00:00.000","024XX W CORTLAND ST","0710","THEFT","THEFT FROM MOTOR VEHICLE","STREET","false","false","1434","014","1","22","06","1159715","1912548","2026","2026-08-27T15:41:58.000","41.91574821","-87.68864821","
,  
(41.91574821, -87.68864821)"
"14298671","JK379277","2026-08-19T10:00:00.000","008XX W 129TH PL","0760","BURGLARY","BURGLARY FROM MOTOR VEHICLE","STREET","false","false","0523","005","9","53","06","1172910","1818895","2026","2026-08-27T15:41:58.000","41.658471665","-87.642933917","
,  
(41.658471665, -87.642933917)"
"14298373","JK378891","2026-08-19T10:00:00.000","031XX S SHIELDS AVE","0910","MOTOR VEHICLE THEFT","AUTOMOBILE","STREET","false","false","0915","009","11","34","07","1174467","1884111","2026","2026-08-27T15:41:58.000","41.837398201","-87.635300529","
,  
(41.837398201, -87.635300529)"
"14298448","JK378908","2026-08-19T10:00:00.000","039XX W 63RD ST","0486","BATTERY","DOMESTIC BATTERY SIMPLE","APARTMENT","false","true","0823","008","23","65","08B","1151151","1862534","2026","2026-08-27T15:41:58.000","41.778675913","-87.72142114","
,  
(41.778675913, -87.72142114)"
"14298462","JK378907","2026-08-19T10:00:00.000","099XX S VAN VLISSINGEN RD","0497","BATTERY","AGGRAVATED DOMESTIC BATTERY - OTHER DANGEROUS WEAPON","RESIDENCE","true","true","0431","004","7","51","04B","1191796","1839391","2026","2026-08-27T15:41:58.000","41.714279197","-87.573164579","
,  
(41.714279197, -87.573164579)"
"14305194","JK387552","2026-08-19T10:00:00.000","038XX W DIVERSEY AVE","4387","OTHER OFFENSE","VIOLATE ORDER OF PROTECTION","APARTMENT","false","true","2523","025","31","21","26","1150375","1918346","2026","2026-08-28T15:47:53.000","41.931845968","-87.722811197","
,  
(41.931845968, -87.722811197)"
"14305462","JK387977","2026-08-19T10:00:00.000","014XX S KOMENSKY AVE","1320","CRIMINAL DAMAGE","TO VEHICLE","STREET","false","false","1011","010","24","29","14","1149615","1892830","2026","2026-08-28T15:47:53.000","41.861842245","-87.72626758","
,  
(41.861842245, -87.72626758)"
"14298417","JK378930","2026-08-19T09:30:00.000","090XX S ESCANABA AVE","0620","BURGLARY","UNLAWFUL ENTRY","APARTMENT","false","false","0423","004","10","46","05","1196962","1845506","2026","2026-08-27T15:41:58.000","41.730932574","-87.554042253","
,  
(41.730932574, -87.554042253)"
"14298514","JK378869","2026-08-19T09:27:00.000","003XX E 95TH ST","051A","ASSAULT","AGGRAVATED - HANDGUN","APARTMENT","true","false","0633","006","6","49","04A","1180121","1842055","2026","2026-08-27T15:41:58.000","41.721864455","-87.615841406","
,  
(41.721864455, -87.615841406)"
"14305665","JK388098","2026-08-19T09:27:00.000","003XX W WOLF POINT PLZ","2826","OTHER OFFENSE","HARASSMENT BY ELECTRONIC MEANS","DEPARTMENT STORE","false","false","1831","018","42","8","26","1173827","1902510","2026","2026-08-28T15:47:53.000","41.887900618","-87.637101434","
,  
(41.887900618, -87.637101434)"
"14298374","JK378853","2026-08-19T09:20:00.000","069XX S ELIZABETH ST","0486","BATTERY","DOMESTIC BATTERY SIMPLE","RESIDENCE","true","true","0734","007","17","67","08B","1169188","1858744","2026","2026-08-27T15:41:58.000","41.767904447","-87.655405528","
,  
(41.767904447, -87.655405528)"
"14298517","JK378965","2026-08-19T09:20:00.000","073XX S ST LAWRENCE AVE","1310","CRIMINAL DAMAGE","TO PROPERTY","ALLEY","false","true","0323","003","6","69","14","1181504","1856532","2026","2026-08-27T15:41:58.000","41.761559243","-87.610330235","
,  
(41.761559243, -87.610330235)"
"14298420","JK378863","2026-08-19T09:18:00.000","027XX N PINE GROVE AVE","0560","ASSAULT","SIMPLE","STREET","false","false","1935","019","43","7","08A","1172652","1918576","2026","2026-08-27T15:41:58.000","41.932012618","-87.640940116","
,  
(41.932012618, -87.640940116)"
"14298529","JK378883","2026-08-19T09:07:00.000","047XX W ADDISON ST","0810","THEFT","OVER $500","APARTMENT","false","true","1731","017","30","15","06","1144037","1923511","2026","2026-08-27T15:41:58.000","41.946140692","-87.745972579","
,  
(41.946140692, -87.745972579)"
"14299685","JK380440","2026-08-19T09:00:00.000","009XX E 47TH ST","1320","CRIMINAL DAMAGE","TO VEHICLE","PARKING LOT / GARAGE (NON RESIDENTIAL)","false","false","0222","002","4","39","14","1183500","1874048","2026","2026-08-27T15:41:58.000","41.809578412","-87.602469089","
,  
(41.809578412, -87.602469089)"
"14298378","JK378917","2026-08-19T09:00:00.000","012XX S INDIANA AVE","0760","BURGLARY","BURGLARY FROM MOTOR VEHICLE","PARKING LOT / GARAGE (NON RESIDENTIAL)","false","false","0132","001","34","33","06","1177853","1894949","2026","2026-08-27T15:41:58.000","41.867062226","-87.622546765","
,  
(41.867062226, -87.622546765)"
"14298457","JK378928","2026-08-19T09:00:00.000","056XX S SACRAMENTO AVE","1242","DECEPTIVE PRACTICE","COMPUTER FRAUD","RESIDENCE","false","false","0824","008","14","63","11","1157343","1866994","2026","2026-08-27T15:41:58.000","41.790791637","-87.698599913","
,  
(41.790791637, -87.698599913)"
"14301825","JK383270","2026-08-19T09:00:00.000","020XX W ARTHUR AVE","1153","DECEPTIVE PRACTICE","FINANCIAL IDENTITY THEFT OVER $ 300","APARTMENT","false","false","2412","024","50","2","11","1161570","1943154","2026","2026-08-27T15:41:58.000","41.999694157","-87.680977084","
,  
(41.999694157, -87.680977084)"
"14298691","JK379345","2026-08-19T09:00:00.000","011XX N RIDGEWAY AVE","0910","MOTOR VEHICLE THEFT","AUTOMOBILE","STREET","false","false","1112","011","27","23","07","1151168","1907408","2026","2026-08-27T15:41:58.000","41.901815571","-87.720184397","
,  
(41.901815571, -87.720184397)"
"14298428","JK378856","2026-08-19T09:00:00.000","007XX S LAFLIN ST","1365","CRIMINAL TRESPASS","TO RESIDENCE","APARTMENT","true","false","1231","012","34","28","26","1166496","1896922","2026","2026-08-27T15:41:58.000","41.872726774","-87.664183124","
,  
(41.872726774, -87.664183124)"
"14299422","JK380175","2026-08-19T09:00:00.000","036XX N RECREATION DR","0810","THEFT","OVER $500","BOAT / WATERCRAFT","false","false","1925","019","46","6","06","1172031","1924865","2026","2026-08-27T15:41:58.000","41.949283608","-87.643036076","
,  
(41.949283608, -87.643036076)"
"14306458","JK389308","2026-08-19T09:00:00.000","044XX W WEST END AVE","1320","CRIMINAL DAMAGE","TO VEHICLE","STREET","false","false","1113","011","28","26","14","1146577","1900601","2026","2026-08-29T15:40:48.000","41.883225213","-87.737221581","
,  
(41.883225213, -87.737221581)"
"14306988","JK390047","2026-08-19T09:00:00.000","008XX W WELLINGTON AVE","0760","BURGLARY","BURGLARY FROM MOTOR VEHICLE","PARKING LOT / GARAGE (NON RESIDENTIAL)","false","false","1933","019","44","6","06","1169981","1920130","2026","2026-08-29T15:40:48.000","41.936335635","-87.650710119","
,  
(41.936335635, -87.650710119)"
"14306873","JK389650","2026-08-19T09:00:00.000","032XX N KILBOURN AVE","1130","DECEPTIVE PRACTICE","FRAUD OR CONFIDENCE GAME","APARTMENT","false","false","1731","017","30","16","11","1145810","1921108","2026","2026-08-29T15:40:48.000","41.939513124","-87.739516736","
,  
(41.939513124, -87.739516736)"
"14298739","JK379176","2026-08-19T08:59:00.000","033XX W BELMONT AVE","0820","THEFT","$500 AND UNDER","RESTAURANT","false","false","1412","014","35","21","06","1153383","1921084","2026","2026-08-27T15:41:58.000","41.939299943","-87.711684229","
,  
(41.939299943, -87.711684229)"
"14298346","JK378842","2026-08-19T08:57:00.000","046XX N BROADWAY","0460","BATTERY","SIMPLE","SIDEWALK","false","false","1913","019","46","3","08B","1167942","1930944","2026","2026-08-27T15:41:58.000","41.966053999","-87.657890403","
,  
(41.966053999, -87.657890403)"
"14298450","JK378864","2026-08-19T08:55:00.000","076XX S EMERALD AVE","0560","ASSAULT","SIMPLE","RESIDENCE","false","true","0621","006","17","71","08A","1172624","1854256","2026","2026-08-27T15:41:58.000","41.755513816","-87.642943074","
,  
(41.755513816, -87.642943074)"
"14298551","JK378911","2026-08-19T08:51:00.000","062XX S MICHIGAN AVE","0460","BATTERY","SIMPLE","RESIDENCE - YARD (FRONT / BACK)","true","false","0311","003","20","40","08B","1178263","1863570","2026","2026-08-27T15:41:58.000","41.780946398","-87.621995369","
,  
(41.780946398, -87.621995369)"
"14298757","JK379462","2026-08-19T08:25:00.000","021XX W NORTH AVE","0870","THEFT","POCKET-PICKING","CTA BUS","false","false","1424","014","1","24","06","1161743","1910619","2026","2026-08-27T15:41:58.000","41.910412821","-87.681251374","
,  
(41.910412821, -87.681251374)"
"14298399","JK378808","2026-08-19T08:20:00.000","012XX N LARRABEE ST","0860","THEFT","RETAIL THEFT","SMALL RETAIL STORE","true","false","1822","018","27","8","06","1172111","1908362","2026","2026-08-27T15:41:58.000","41.903996883","-87.643230238","
,  
(41.903996883, -87.643230238)"
"14298899","JK379602","2026-08-19T08:19:00.000","016XX W GRANVILLE AVE","5000","OTHER OFFENSE","OTHER CRIME AGAINST PERSON","APARTMENT","false","false","2433","024","40","77","26","1164391","1941258","2026","2026-08-27T15:41:58.000","41.994432038","-87.670653334","
,  
(41.994432038, -87.670653334)"
"14298415","JK378814","2026-08-19T08:15:00.000","017XX N NASHVILLE AVE","0520","ASSAULT","AGGRAVATED - KNIFE / CUTTING INSTRUMENT","RESIDENCE","false","true","2513","025","29","25","04A","1132148","1910789","2026","2026-08-27T15:41:58.000","41.91144526","-87.789969699","
,  
(41.91144526, -87.789969699)"
"14298345","JK378824","2026-08-19T08:15:00.000","013XX E 47TH ST","0860","THEFT","RETAIL THEFT","DRUG STORE","false","false","0222","002","4","39","06","1185766","1874101","2026","2026-08-27T15:41:58.000","41.809670667","-87.594156219","
,  
(41.809670667, -87.594156219)"
"14302380","JK384009","2026-08-19T08:12:00.000","014XX W ERIE ST","0910","MOTOR VEHICLE THEFT","AUTOMOBILE","STREET","false","false","1215","012","1","24","07","1166244","1904446","2026","2026-08-27T15:41:58.000","41.893378599","-87.664893164","
,  
(41.893378599, -87.664893164)"
"14298459","JK379030","2026-08-19T08:10:00.000","007XX E 132ND ST","1320","CRIMINAL DAMAGE","TO VEHICLE","STREET","false","false","0533","005","10","54","14","1183582","1818013","2026","2026-08-27T15:41:58.000","41.65581012","-87.603910114","
,  
(41.65581012, -87.603910114)"
"14298330","JK378816","2026-08-19T08:05:00.000","002XX W 87TH ST","1330","CRIMINAL TRESPASS","TO LAND","STREET","true","false","0622","006","21","44","26","1176442","1847223","2026","2026-08-27T15:41:58.000","41.736129473","-87.629162044","
,  
(41.736129473, -87.629162044)"
"14298770","JK379365","2026-08-19T08:00:00.000","074XX S YATES BLVD","0650","BURGLARY","HOME INVASION","APARTMENT","false","false","0334","003","7","43","05","1193495","1856121","2026","2026-08-27T15:41:58.000","41.760146462","-87.566396252","
,  
(41.760146462, -87.566396252)"
"14298429","JK378988","2026-08-19T08:00:00.000","066XX N ASHLAND AVE","0760","BURGLARY","BURGLARY FROM MOTOR VEHICLE","STREET","false","false","2432","024","49","1","06","1164412","1944012","2026","2026-08-27T15:41:58.000","42.001988638","-87.670497667","
,  
(42.001988638, -87.670497667)"
"14304704","JK386993","2026-08-19T08:00:00.000","061XX S COTTAGE GROVE AVE","1130","DECEPTIVE PRACTICE","FRAUD OR CONFIDENCE GAME","OTHER (SPECIFY)","false","false","0313","003","20","42","11","1182622","1864411","2026","2026-08-27T15:41:58.000","41.783154116","-87.605988483","
,  
(41.783154116, -87.605988483)"
"14298461","JK378860","2026-08-19T08:00:00.000","068XX N WAYNE AVE","1320","CRIMINAL DAMAGE","TO VEHICLE","APARTMENT","false","false","2431","024","49","1","14","1165904","1945449","2026","2026-08-27T15:41:58.000","42.005899968","-87.664967527","
,  
(42.005899968, -87.664967527)"
"14298398","JK378794","2026-08-19T07:53:00.000","075XX S CARPENTER ST","051A","ASSAULT","AGGRAVATED - HANDGUN","APARTMENT","false","false","0612","006","17","71","04A","1170622","1854722","2026","2026-08-27T15:41:58.000","41.756836432","-87.650266335","
,  
(41.756836432, -87.650266335)"
"14298703","JK379311","2026-08-19T07:50:00.000","004XX S FINANCIAL PL","0810","THEFT","OVER $500","STREET","false","false","0122","001","34","32","06","1174950","1898324","2026","2026-08-27T15:41:58.000","41.876388908","-87.63310288","
,  
(41.876388908, -87.63310288)"
"14298512","JK378784","2026-08-19T07:50:00.000","001XX W 71ST ST","0497","BATTERY","AGGRAVATED DOMESTIC BATTERY - OTHER DANGEROUS WEAPON","RESIDENCE","false","true","0731","007","6","69","04B","1176471","1857909","2026","2026-08-27T15:41:58.000","41.765452488","-87.628735193","
,  
(41.765452488, -87.628735193)"
"14298561","JK378825","2026-08-19T07:45:00.000","029XX W BELMONT AVE","0920","MOTOR VEHICLE THEFT","ATTEMPT - AUTOMOBILE","ALLEY","false","false","1733","017","33","21","07","1156379","1921132","2026","2026-08-27T15:41:58.000","41.939371512","-87.700671758","
,  
(41.939371512, -87.700671758)"
"14298306","JK378766","2026-08-19T07:35:00.000","001XX S KILDARE AVE","2024","NARCOTICS","POSSESS - HEROIN (WHITE)","SIDEWALK","true","false","1115","011","28","26","18","1147752","1898876","2026","2026-08-27T15:41:58.000","41.878469137","-87.732951182","
,  
(41.878469137, -87.732951182)"
"14298312","JK378776","2026-08-19T07:30:00.000","007XX W GARFIELD BLVD","0486","BATTERY","DOMESTIC BATTERY SIMPLE","APARTMENT","false","true","0711","007","16","68","08B","1172144","1868263","2026","2026-08-27T15:41:58.000","41.793961228","-87.644290868","
,  
(41.793961228, -87.644290868)"
"14299048","JK379729","2026-08-19T07:30:00.000","084XX S ADA ST","0760","BURGLARY","BURGLARY FROM MOTOR VEHICLE","STREET","false","false","0613","006","17","71","06","1168801","1848733","2026","2026-08-27T15:41:58.000","41.740441277","-87.657112479","
,  
(41.740441277, -87.657112479)"
"14298423","JK378764","2026-08-19T07:30:00.000","080XX S RICHMOND ST","0760","BURGLARY","BURGLARY FROM MOTOR VEHICLE","STREET","false","false","0835","008","18","70","06","1158110","1851152","2026","2026-08-27T15:41:58.000","41.747303256","-87.696217782","
,  
(41.747303256, -87.696217782)"
"14298455","JK378855","2026-08-19T07:30:00.000","029XX W 59TH ST","0820","THEFT","$500 AND UNDER","STREET","false","false","0824","008","15","63","06","1157587","1865373","2026","2026-08-27T15:41:58.000","41.786338439","-87.697749157","
,  
(41.786338439, -87.697749157)"
"14298425","JK378939","2026-08-19T07:30:00.000","042XX S RACINE AVE","0560","ASSAULT","SIMPLE","COMMERCIAL / BUSINESS OFFICE","false","false","0924","009","11","61","08A","1169059","1876568","2026","2026-08-27T15:41:58.000","41.816818351","-87.655363145","
,  
(41.816818351, -87.655363145)"
"14298407","JK378942","2026-08-19T07:30:00.000","011XX W FARWELL AVE","1330","CRIMINAL TRESPASS","TO LAND","ALLEY","false","false","2431","024","49","1","26","1167330","1945785","2026","2026-08-27T15:41:58.000","42.006791289","-87.659711418","
,  
(42.006791289, -87.659711418)"
"14301190","JK382544","2026-08-19T07:12:00.000","026XX W SEIPP ST","4387","OTHER OFFENSE","VIOLATE ORDER OF PROTECTION","APARTMENT","false","true","0835","008","18","70","26","1160218","1847708","2026","2026-08-27T15:41:58.000","41.737809286","-87.68858797","
,  
(41.737809286, -87.68858797)"
"14300153","JK381119","2026-08-19T07:00:00.000","049XX W HUBBARD ST","0281","CRIMINAL SEXUAL ASSAULT","NON-AGGRAVATED","RESIDENCE","false","true","1532","015","37","25","02","1143453","1902561","2026","2026-08-27T15:41:58.000","41.888662662","-87.748644193","
,  
(41.888662662, -87.748644193)"
"14298557","JK378775","2026-08-19T07:00:00.000","029XX W HARRISON ST","0910","MOTOR VEHICLE THEFT","AUTOMOBILE","STREET","false","false","1135","011","27","27","07","1156930","1897228","2026","2026-08-27T15:41:58.000","41.873765737","-87.699296047","
,  
(41.873765737, -87.699296047)"
"14298680","JK379224","2026-08-19T07:00:00.000","082XX S MARYLAND AVE","0910","MOTOR VEHICLE THEFT","AUTOMOBILE","STREET","false","false","0631","006","8","44","07","1183337","1850595","2026","2026-08-27T15:41:58.000","41.745225027","-87.603796699","
,  
(41.745225027, -87.603796699)"
"14299021","JK379303","2026-08-19T07:00:00.000","121XX S INDIANA AVE","0281","CRIMINAL SEXUAL ASSAULT","NON-AGGRAVATED","APARTMENT","false","false","0532","005","9","53","02","1179768","1824321","2026","2026-08-27T15:41:58.000","41.673207966","-87.617674109","
,  
(41.673207966, -87.617674109)"
"14303339","JK385261","2026-08-19T07:00:00.000","012XX S CENTRAL PARK AVE","1320","CRIMINAL DAMAGE","TO VEHICLE","STREET","false","false","1011","010","24","29","14","1152572","1893987","2026","2026-08-27T15:41:58.000","41.864959296","-87.715382272","
,  
(41.864959296, -87.715382272)"
"14299831","JK380843","2026-08-19T07:00:00.000","048XX N SHERIDAN RD","0820","THEFT","$500 AND UNDER","APARTMENT","false","false","2024","020","46","3","06","1168755","1932522","2026","2026-08-27T15:41:58.000","41.970366453","-87.654855225","
,  
(41.970366453, -87.654855225)"
"14298290","JK378754","2026-08-19T06:53:00.000","017XX W GREENLEAF AVE","0760","BURGLARY","BURGLARY FROM MOTOR VEHICLE","STREET","false","false","2424","024","49","1","06","1163176","1946992","2026","2026-08-27T15:41:58.000","42.010191995","-87.674960448","
,  
(42.010191995, -87.674960448)"
"14298285","JK378737","2026-08-19T06:50:00.000","005XX W 129TH PL","0760","BURGLARY","BURGLARY FROM MOTOR VEHICLE","STREET","false","false","0523","005","9","53","06","1175119","1818800","2026","2026-08-27T15:41:58.000","41.65816213","-87.634853495","
,  
(41.65816213, -87.634853495)"
"14298304","JK378769","2026-08-19T06:45:00.000","071XX S ARTESIAN AVE","0760","BURGLARY","BURGLARY FROM MOTOR VEHICLE","STREET","false","false","0832","008","17","66","06","1161279","1857158","2026","2026-08-27T15:41:58.000","41.76371964","-87.684439598","
,  
(41.76371964, -87.684439598)"
"14298317","JK378741","2026-08-19T06:32:00.000","046XX N PULASKI RD","141A","WEAPONS VIOLATION","UNLAWFUL USE - HANDGUN","STREET","false","false","1722","017","39","14","15","1148894","1930426","2026","2026-08-27T15:41:58.000","41.96502326","-87.727940133","
,  
(41.96502326, -87.727940133)"
"14298410","JK378742","2026-08-19T06:30:00.000","023XX N HARDING AVE","0430","BATTERY","AGGRAVATED - OTHER DANGEROUS WEAPON","APARTMENT","false","false","2525","025","35","22","04B","1149664","1915164","2026","2026-08-27T15:41:58.000","41.923128142","-87.725506927","
,  
(41.923128142, -87.725506927)"
"14298500","JK378755","2026-08-19T06:30:00.000","080XX S PRINCETON AVE","0580","STALKING","SIMPLE","RESIDENCE","false","true","0623","006","6","44","08A","1175684","1851553","2026","2026-08-27T15:41:58.000","41.748028524","-87.631809754","
,  
(41.748028524, -87.631809754)"
"14298355","JK378750","2026-08-19T06:04:00.000","023XX S MARSHALL BLVD","0560","ASSAULT","SIMPLE","APARTMENT","false","false","1033","010","24","30","08A","1157070","1888367","2026","2026-08-27T15:41:58.000","41.849447374","-87.699022397","
,  
(41.849447374, -87.699022397)"
"14299448","JK380064","2026-08-19T06:02:00.000","050XX W GLADYS AVE","0760","BURGLARY","BURGLARY FROM MOTOR VEHICLE","VEHICLE NON-COMMERCIAL","false","false","1533","015","28","25","06","1142717","1897868","2026","2026-08-27T15:41:58.000","41.875798222","-87.751463945","
,  
(41.875798222, -87.751463945)"
"14300781","JK382035","2026-08-19T06:00:00.000","014XX S STATE ST","0910","MOTOR VEHICLE THEFT","AUTOMOBILE","STREET","false","false","0131","001","3","33","07","1176560","1893692","2026","2026-08-27T15:41:58.000","41.863642218","-87.627331436","
,  
(41.863642218, -87.627331436)"
"14299494","JK380042","2026-08-19T06:00:00.000","077XX S MORGAN ST","0810","THEFT","OVER $500","STREET","false","false","0621","006","17","71","06","1170987","1853453","2026","2026-08-27T15:41:58.000","41.753346171","-87.64896567","
,  
(41.753346171, -87.64896567)"
"14298358","JK378772","2026-08-19T06:00:00.000","090XX S BISHOP ST","0281","CRIMINAL SEXUAL ASSAULT","NON-AGGRAVATED","APARTMENT","false","false","2222","022","21","73","02","1168249","1844898","2026","2026-08-27T15:41:58.000","41.729929366","-87.659245","
,  
(41.729929366, -87.659245)"
"14298281","JK378717","2026-08-19T05:50:00.000","057XX S PEORIA ST","0486","BATTERY","DOMESTIC BATTERY SIMPLE","APARTMENT","false","true","0712","007","16","68","08B","1171285","1866870","2026","2026-08-27T15:41:58.000","41.790157531","-87.647481514","
,  
(41.790157531, -87.647481514)"
"14298343","JK378706","2026-08-19T05:45:00.000","016XX E 50TH ST","0920","MOTOR VEHICLE THEFT","ATTEMPT - AUTOMOBILE","APARTMENT","false","false","0222","002","5","39","07","1188339","1872195","2026","2026-08-27T15:41:58.000","41.804379361","-87.584779905","
,  
(41.804379361, -87.584779905)"
"14298280","JK378721","2026-08-19T05:40:00.000","004XX S RACINE AVE","0484","BATTERY","PROTECTED EMPLOYEE - HANDS, FISTS, FEET, NO / MINOR INJURY","CTA PLATFORM","false","false","1231","012","34","28","08B","1168451","1897951","2026","2026-08-27T15:41:58.000","41.875508384","-87.656975687","
,  
(41.875508384, -87.656975687)"
"14299173","JK379630","2026-08-19T05:30:00.000","100XX S WENTWORTH AVE","5002","OTHER OFFENSE","OTHER VEHICLE OFFENSE","RESIDENCE","false","true","0511","005","9","49","26","1176711","1838473","2026","2026-08-27T15:41:58.000","41.712112271","-87.628439022","
,  
(41.712112271, -87.628439022)"
"14299790","JK380014","2026-08-19T05:20:00.000","083XX S DR MARTIN LUTHER KING JR DR","1310","CRIMINAL DAMAGE","TO PROPERTY","COIN OPERATED MACHINE","false","false","0632","006","6","44","14","1180364","1849875","2026","2026-08-27T15:41:58.000","41.743317915","-87.614712194","
,  
(41.743317915, -87.614712194)"
"14298271","JK378697","2026-08-19T05:20:00.000","016XX N MANGO AVE","0910","MOTOR VEHICLE THEFT","AUTOMOBILE","STREET","false","false","2531","025","29","25","07","1137827","1910283","2026","2026-08-27T15:41:58.000","41.909956118","-87.769118762","
,  
(41.909956118, -87.769118762)"
"14298647","JK379059","2026-08-19T05:10:00.000","029XX N ELSTON AVE","0910","MOTOR VEHICLE THEFT","AUTOMOBILE","STREET","true","false","1411","014","35","21","07","1158816","1919516","2026","2026-08-27T15:41:58.000","41.934887398","-87.691759531","
,  
(41.934887398, -87.691759531)"
"14298331","JK378724","2026-08-19T05:00:00.000","052XX W JACKSON BLVD","1320","CRIMINAL DAMAGE","TO VEHICLE","VEHICLE NON-COMMERCIAL","false","true","1522","015","29","25","14","1141519","1898170","2026","2026-08-27T15:41:58.000","41.876649151","-87.755855162","
,  
(41.876649151, -87.755855162)"
"14298320","JK378723","2026-08-19T05:00:00.000","013XX W 73RD ST","1320","CRIMINAL DAMAGE","TO VEHICLE","STREET","false","false","0734","007","17","67","14","1168592","1856356","2026","2026-08-27T15:41:58.000","41.761364334","-87.657658897","
,  
(41.761364334, -87.657658897)"
"14298513","JK378788","2026-08-19T05:00:00.000","015XX E MARQUETTE RD","1320","CRIMINAL DAMAGE","TO VEHICLE","ALLEY","false","false","0321","003","5","42","14","1187555","1861540","2026","2026-08-27T15:41:58.000","41.775159929","-87.587993984","
,  
(41.775159929, -87.587993984)"
"14298337","JK378821","2026-08-19T05:00:00.000","018XX N KEELER AVE","1477","WEAPONS VIOLATION","RECKLESS FIREARM DISCHARGE","ALLEY","false","false","2534","025","26","20","15","1148100","1911822","2026","2026-08-27T15:41:58.000","41.913987651","-87.731339855","
,  
(41.913987651, -87.731339855)"
"14298350","JK378733","2026-08-19T04:30:00.000","025XX N PARKSIDE AVE","0560","ASSAULT","SIMPLE","SIDEWALK","false","false","2515","025","30","19","08A","1138284","1916303","2026","2026-08-27T15:41:58.000","41.926467419","-87.767293938","
,  
(41.926467419, -87.767293938)"
"14299452","JK378874","2026-08-19T04:30:00.000","066XX S COTTAGE GROVE AVE","0331","ROBBERY","ATTEMPT AGGRAVATED","SIDEWALK","false","false","0321","003","20","42","03","1182701","1861260","2026","2026-08-27T15:41:58.000","41.774505646","-87.605796586","
,  
(41.774505646, -87.605796586)"
"14299749","JK380674","2026-08-19T04:30:00.000","018XX W BERENICE AVE","0610","BURGLARY","FORCIBLE ENTRY","APARTMENT","false","false","1922","019","47","5","05","1163371","1925595","2026","2026-08-27T15:41:58.000","41.951473745","-87.674848199","
,  
(41.951473745, -87.674848199)"
"14298260","JK378694","2026-08-19T04:25:00.000","018XX S RACINE AVE","0486","BATTERY","DOMESTIC BATTERY SIMPLE","SIDEWALK","false","true","1233","012","25","31","08B","1168668","1891001","2026","2026-08-27T15:41:58.000","41.856432328","-87.656380172","
,  
(41.856432328, -87.656380172)"
"14298464","JK378979","2026-08-19T04:22:00.000","107XX S MORGAN ST","0610","BURGLARY","FORCIBLE ENTRY","RESIDENCE - GARAGE","false","false","2234","022","21","75","05","1171556","1833641","2026","2026-08-27T15:41:58.000","41.698966782","-87.647458989","
,  
(41.698966782, -87.647458989)"
"14298308","JK378686","2026-08-19T04:20:00.000","046XX W 59TH ST","0460","BATTERY","SIMPLE","CTA TRAIN","true","false","0813","008","13","62","08B","1146457","1864995","2026","2026-08-27T15:41:58.000","41.785519673","-87.738567526","
,  
(41.785519673, -87.738567526)"
"14298270","JK378691","2026-08-19T04:16:00.000","077XX S COLFAX AVE","0496","BATTERY","AGGRAVATED DOMESTIC BATTERY - KNIFE / CUTTING INSTRUMENT","RESIDENCE","true","true","0421","004","7","43","04B","1194864","1854186","2026","2026-08-27T15:41:58.000","41.754803074","-87.561442581","
,  
(41.754803074, -87.561442581)"
"14301269","JK378683","2026-08-19T04:10:00.000","072XX S ALBANY AVE","051B","ASSAULT","AGGRAVATED - OTHER FIREARM","STREET","false","false","0831","008","18","66","04A","1156956","1856516","2026","2026-08-27T15:41:58.000","41.76204629","-87.700301779","
,  
(41.76204629, -87.700301779)"
"14298394","JK378892","2026-08-19T03:59:00.000","007XX E 101ST ST","0760","BURGLARY","BURGLARY FROM MOTOR VEHICLE","PARKING LOT / GARAGE (NON RESIDENTIAL)","false","false","0511","005","8","50","06","1183026","1838082","2026","2026-08-27T15:41:58.000","41.710895125","-87.605324018","
,  
(41.710895125, -87.605324018)"
"14298248","JK378692","2026-08-19T03:55:00.000","043XX S WENTWORTH AVE","5002","OTHER OFFENSE","OTHER VEHICLE OFFENSE","STREET","false","false","0925","009","20","37","26","1175655","1876265","2026","2026-08-27T15:41:58.000","41.815841535","-87.631176582","
,  
(41.815841535, -87.631176582)"
"14298348","JK378806","2026-08-19T03:53:00.000","083XX S KINGSTON AVE","1310","CRIMINAL DAMAGE","TO PROPERTY","APARTMENT","false","false","0423","004","7","46","14","1194622","1850132","2026","2026-08-27T15:41:58.000","41.74368453","-87.562462526","
,  
(41.74368453, -87.562462526)"
"14298256","JK378684","2026-08-19T03:39:00.000","005XX N STATE ST","0930","MOTOR VEHICLE THEFT","THEFT / RECOVERY - AUTOMOBILE","PARKING LOT / GARAGE (NON RESIDENTIAL)","false","false","1831","018","42","8","07","1176273","1904005","2026","2026-08-27T15:41:58.000","41.891948167","-87.628073894","
,  
(41.891948167, -87.628073894)"
"14298236","JK378666","2026-08-19T03:30:00.000","004XX S CLARK ST","0560","ASSAULT","SIMPLE","HOTEL / MOTEL","false","false","0122","001","34","32","08A","1175595","1898332","2026","2026-08-27T15:41:58.000","41.876396396","-87.630734438","
,  
(41.876396396, -87.630734438)"
"14298239","JK378659","2026-08-19T03:30:00.000","023XX E 69TH ST","1320","CRIMINAL DAMAGE","TO VEHICLE","STREET","false","false","0331","003","5","43","14","1192720","1859661","2026","2026-08-27T15:41:58.000","41.769879417","-87.569121315","
,  
(41.769879417, -87.569121315)"
"14298211","JK378662","2026-08-19T03:25:00.000","018XX N KILDARE AVE","1477","WEAPONS VIOLATION","RECKLESS FIREARM DISCHARGE","STREET","false","false","2534","025","26","20","15","1147436","1911799","2026","2026-08-27T15:41:58.000","41.9139373","-87.733779887","
,  
(41.9139373, -87.733779887)"
"14298548","JK378672","2026-08-19T03:20:00.000","066XX S KENWOOD AVE","1320","CRIMINAL DAMAGE","TO VEHICLE","PARKING LOT / GARAGE (NON RESIDENTIAL)","false","false","0321","003","20","42","14","1186208","1861320","2026","2026-08-27T15:41:58.000","41.774588159","-87.592938785","
,  
(41.774588159, -87.592938785)"
"14298342","JK378850","2026-08-19T03:15:00.000","005XX S FINANCIAL PL","0760","BURGLARY","BURGLARY FROM MOTOR VEHICLE","STREET","false","false","0123","001","34","32","06","1174962","1897904","2026","2026-08-27T15:41:58.000","41.875236133","-87.633071401","
,  
(41.875236133, -87.633071401)"
"14298389","JK378657","2026-08-19T03:15:00.000","050XX S EAST END AVE","0486","BATTERY","DOMESTIC BATTERY SIMPLE","APARTMENT","false","true","0222","002","5","39","08B","1188165","1871757","2026","2026-08-27T15:41:58.000","41.803181616","-87.585432024","
,  
(41.803181616, -87.585432024)"
"14298240","JK378682","2026-08-19T03:03:00.000","007XX W 73RD ST","0760","BURGLARY","BURGLARY FROM MOTOR VEHICLE","STREET","false","false","0732","007","6","68","06","1172412","1856462","2026","2026-08-27T15:41:58.000","41.761572021","-87.643655186","
,  
(41.761572021, -87.643655186)"
"14298278","JK378698","2026-08-19T03:00:00.000","068XX W ADDISON ST","5002","OTHER OFFENSE","OTHER VEHICLE OFFENSE","STREET","false","true","1632","016","38","17","26","1130005","1923167","2026","2026-08-27T15:41:58.000","41.945448992","-87.797558403","
,  
(41.945448992, -87.797558403)"
"14299477","JK380207","2026-08-19T03:00:00.000","074XX N ASHLAND BLVD","0760","BURGLARY","BURGLARY FROM MOTOR VEHICLE","STREET","false","false","2422","024","49","1","06","1164415","1949349","2026","2026-08-27T15:41:58.000","42.016633408","-87.670334572","
,  
(42.016633408, -87.670334572)"
"14298233","JK378681","2026-08-19T03:00:00.000","007XX W 73RD ST","0760","BURGLARY","BURGLARY FROM MOTOR VEHICLE","STREET","false","false","0732","007","6","68","06","1172412","1856462","2026","2026-08-27T15:41:58.000","41.761572021","-87.643655186","
,  
(41.761572021, -87.643655186)"
"14299178","JK379861","2026-08-19T03:00:00.000","009XX N AVERS AVE","0710","THEFT","THEFT FROM MOTOR VEHICLE","STREET","false","false","1112","011","37","23","06","1150550","1905965","2026","2026-08-27T15:41:58.000","41.897867933","-87.722492145","
,  
(41.897867933, -87.722492145)"
"14299712","JK380505","2026-08-19T03:00:00.000","056XX S LAFLIN ST","0820","THEFT","$500 AND UNDER","APARTMENT","false","false","0713","007","16","67","06","1167298","1867406","2026","2026-08-27T15:41:58.000","41.791714729","-87.662085403","
,  
(41.791714729, -87.662085403)"
"14298316","JK378690","2026-08-19T02:55:00.000","005XX S CALIFORNIA AVE","0460","BATTERY","SIMPLE","STREET","true","false","1135","011","27","27","08B","1157797","1897345","2026","2026-08-27T15:41:58.000","41.874069178","-87.696109643","
,  
(41.874069178, -87.696109643)"
"14298277","JK378665","2026-08-19T02:55:00.000","007XX N ELIZABETH ST","1320","CRIMINAL DAMAGE","TO VEHICLE","STREET","false","false","1215","012","27","24","14","1167723","1905086","2026","2026-08-27T15:41:58.000","41.895103057","-87.65944289","
,  
(41.895103057, -87.65944289)"
"14298276","JK378667","2026-08-19T02:55:00.000","016XX W 51ST ST","0630","BURGLARY","ATTEMPT FORCIBLE ENTRY","CHURCH / SYNAGOGUE / PLACE OF WORSHIP","true","false","0931","009","20","61","05","1166299","1870895","2026","2026-08-27T15:41:58.000","41.801310307","-87.665649186","
,  
(41.801310307, -87.665649186)"
"14298237","JK378660","2026-08-19T02:50:00.000","052XX W OHIO ST","0486","BATTERY","DOMESTIC BATTERY SIMPLE","RESIDENCE","false","true","1523","015","37","25","08B","1141164","1903464","2026","2026-08-27T15:41:58.000","41.891183096","-87.757028091","
,  
(41.891183096, -87.757028091)"
"14298228","JK378651","2026-08-19T02:50:00.000","086XX S UNION AVE","0920","MOTOR VEHICLE THEFT","ATTEMPT - AUTOMOBILE","STREET","false","false","0622","006","21","71","07","1173150","1847562","2026","2026-08-27T15:41:58.000","41.737133015","-87.641212743","
,  
(41.737133015, -87.641212743)"
"14298707","JK379328","2026-08-19T02:45:00.000","017XX W 86TH ST","1320","CRIMINAL DAMAGE","TO VEHICLE","STREET","false","false","0614","006","18","71","14","1166094","1847662","2026","2026-08-27T15:41:58.000","41.737560238","-87.667061037","
,  
(41.737560238, -87.667061037)"
"14298344","JK378790","2026-08-19T02:42:00.000","078XX S CICERO AVE","0610","BURGLARY","FORCIBLE ENTRY","RESTAURANT","false","false","0834","008","18","70","05","1145769","1852218","2026","2026-08-27T15:41:58.000","41.75047041","-87.741412487","
,  
(41.75047041, -87.741412487)"
"14298198","JK378654","2026-08-19T02:40:00.000","087XX S EGGLESTON AVE","0710","THEFT","THEFT FROM MOTOR VEHICLE","STREET","false","false","2223","022","21","71","06","1174828","1846933","2026","2026-08-27T15:41:58.000","41.735369761","-87.635083765","
,  
(41.735369761, -87.635083765)"
"14298525","JK378673","2026-08-19T02:30:00.000","025XX W 110TH ST","0810","THEFT","OVER $500","STREET","false","false","2212","022","19","75","06","1161435","1831604","2026","2026-08-27T15:41:58.000","41.693592094","-87.684573743","
,  
(41.693592094, -87.684573743)"
"14299086","JK378671","2026-08-19T02:30:00.000","025XX W 110TH ST","0810","THEFT","OVER $500","STREET","false","false","2212","022","19","75","06","1161447","1831605","2026","2026-08-27T15:41:58.000","41.69359459","-87.68452978","
,  
(41.69359459, -87.68452978)"
"14299084","JK378689","2026-08-19T02:30:00.000","110XX S CAMPBELL AVE","1320","CRIMINAL DAMAGE","TO VEHICLE","STREET","false","false","2212","022","19","75","14","1161679","1831384","2026","2026-08-27T15:41:58.000","41.692983328","-87.683686472","
,  
(41.692983328, -87.683686472)"
"14309076","JK392586","2026-08-19T02:30:00.000","066XX S STONY ISLAND AVE","1130","DECEPTIVE PRACTICE","FRAUD OR CONFIDENCE GAME","STREET","false","false","0321","003","5","42","11",,,"2026","2026-08-30T15:48:44.000",,,
"14298286","JK378645","2026-08-19T02:25:00.000","021XX W MAYPOLE AVE","1710","OFFENSE INVOLVING CHILDREN","ENDANGERING LIFE / HEALTH OF CHILD","APARTMENT","false","true","1223","012","27","28","20","1162181","1900973","2026","2026-08-27T15:41:58.000","41.883934289","-87.679912212","
,  
(41.883934289, -87.679912212)"
"14298231","JK378646","2026-08-19T02:24:00.000","044XX S ASHLAND AVE","0910","MOTOR VEHICLE THEFT","AUTOMOBILE","STREET","true","false","0924","009","11","61","07","1166418","1875231","2026","2026-08-27T15:41:58.000","41.813206247","-87.665089129","
,  
(41.813206247, -87.665089129)"
"14298209","JK378591","2026-08-19T02:24:00.000","053XX S MAPLEWOOD AVE","0560","ASSAULT","SIMPLE","APARTMENT","false","true","0923","009","14","63","08A","1160281","1869022","2026","2026-08-27T15:41:58.000","41.79629671","-87.687771056","
,  
(41.79629671, -87.687771056)"
"14299322","JK378688","2026-08-19T02:20:00.000","111XX S MAPLEWOOD AVE","0760","BURGLARY","BURGLARY FROM MOTOR VEHICLE","STREET","false","false","2212","022","19","75","06","1161373","1830532","2026","2026-08-27T15:41:58.000","41.690651615","-87.684830289","
,  
(41.690651615, -87.684830289)"
"14298504","JK378669","2026-08-19T02:20:00.000","025XX W 110TH ST","1320","CRIMINAL DAMAGE","TO VEHICLE","STREET","false","false","2212","022","19","75","14","1161479","1831605","2026","2026-08-27T15:41:58.000","41.693593929","-87.68441262","
,  
(41.693593929, -87.68441262)"
"14298212","JK378641","2026-08-19T02:15:00.000","073XX S YALE AVE","0498","BATTERY","AGG. DOMESTIC BATTERY - HANDS, FISTS, FEET, SERIOUS INJURY","APARTMENT","true","true","0731","007","6","69","04B","1175895","1856236","2026","2026-08-27T15:41:58.000","41.760874512","-87.630896479","
,  
(41.760874512, -87.630896479)"
"14298376","JK378785","2026-08-19T02:13:00.000","111XX S CAMPBELL AVE","0710","THEFT","THEFT FROM MOTOR VEHICLE","DRIVEWAY - RESIDENTIAL","false","false","2212","022","19","75","06","1161706","1830525","2026","2026-08-27T15:41:58.000","41.69062552","-87.68361134","
,  
(41.69062552, -87.68361134)"
"14298225","JK378644","2026-08-19T02:12:00.000","017XX W 81ST ST","0486","BATTERY","DOMESTIC BATTERY SIMPLE","APARTMENT","false","true","0611","006","17","71","08B","1166313","1850986","2026","2026-08-27T15:41:58.000","41.746677122","-87.666164262","
,  
(41.746677122, -87.666164262)"
"14298219","JK378634","2026-08-19T02:09:00.000","081XX S LUELLA AVE","0486","BATTERY","DOMESTIC BATTERY SIMPLE","SIDEWALK","false","true","0414","004","8","46","08B","1192603","1851417","2026","2026-08-27T15:41:58.000","41.747260075","-87.56981838","
,  
(41.747260075, -87.56981838)"
