id,language,text,crime_type,threat_level,location,date,suspect_id,mo_cluster,incident_index
SYN-00379,en,Baiju Loyal was confronted by an armed suspect with a sickle near Bhopal and had a mobile phone taken.,robbery,high,Bhopal,2025-04-04T17:00:00,,,0
SYN-00609,en,Officers seized a consignment of narcotics near Delhi under the NDPS Act; investigation involves Neysa Sagar.,drug_trafficking,high,Delhi,2025-07-20T13:00:00,,,0
SYN-00712,ta,"Kanpur அருகே ஒரு நாட்டு துப்பாக்கி ஏந்திய ஆயுதம் தாங்கிய சந்தேக நபரை மணி வண்ணக்கதிர் சந்தித்தார், ஒரு லேப்டாப் பறிக்கப்பட்டது.",robbery,high,Kanpur,2024-11-17T11:00:00,,,0
SYN-01054,bn,কেয়া আলি জানিয়েছেন যে Bengaluru এর কাছে অরক্ষিত অবস্থায় একটি মোবাইল ফোন চুরি হয়ে গেছে।,theft,low,Bengaluru,2024-11-04T21:00:00,,,0
SYN-00696,hi,विआन महावीर को Chandigarh के पास एक विक्रेता बनकर धोखेबाज ने धन हस्तांतरित करने के लिए धोखा दिया।,cheating_fraud,medium,Chandigarh,2025-03-21T02:00:00,,,0
SYN-00382,ta,"Indore அருகே ஒரு இரும்பு கம்பி ஏந்திய ஆயுதம் தாங்கிய சந்தேக நபரை பகுகுனன் உபாஸனா சந்தித்தார், ஒரு இருசக்கர வாகனம் பறிக்கப்பட்டது.",robbery,high,Indore,2024-06-22T04:00:00,,,0
SYN-00358,en,"Urvi Seshadri reported unauthorised access to their online banking account, traced to an IP linked to Kolkata.",cybercrime,medium,Kolkata,2024-08-24T02:00:00,,,0
SYN-00217,te,"Surat సమీపంలో ఒక దేశీ తుపాకీ పట్టుకున్న అనుమానితుడిని Padma Chowdary ఎదుర్కొన్నారు, ఒక ల్యాప్‌టాప్ లాక్కున్నారు.",robbery,high,Surat,2024-08-25T00:00:00,SUSP-0053,property,3
SYN-00082,te,"Hyderabad సమీపంలో వేధింపులు మరియు వెంబడించడంపై Srinivas Sharma ఫిర్యాదు చేశారు, దర్యాప్తు ప్రారంభమైంది.",crime_against_women,high,Hyderabad,2025-04-09T00:00:00,SUSP-0021,women_safety,1
SYN-00912,mr,Vikram Shinde Kolkata जवळ बेपत्ता झाल्याची तक्रार करण्यात आली; कुटुंबाला खंडणीसाठी अपहरणाची शंका आहे.,kidnapping,high,Kolkata,2024-10-22T21:00:00,,,0
SYN-00820,hi,अधिकारियों ने एनडीपीएस अधिनियम के तहत Lucknow के पास मादक पदार्थों की एक खेप जब्त की; जांच में अली काले शामिल है।,drug_trafficking,high,Lucknow,2024-12-07T15:00:00,,,0
SYN-00958,ta,Lucknow அருகே பணம் கோரி மீண்டும் மீண்டும் மிரட்டல் வந்ததாக வள்ளுவர் தெரிவித்தார்.,extortion,medium,Lucknow,2025-05-26T17:00:00,,,0
SYN-00472,te,"Chennai సమీపంలో రెండు గುంపుల మధ్య హింసాత్మక ఘర్షణ జరిగింది, ఫిర్యాదు చేసిన వారిలో Ravi Kumar ఒకరు.",rioting,medium,Chennai,2024-07-29T16:00:00,,,0
SYN-00965,mr,Vikram Shinde Surat जवळ बेपत्ता झाल्याची तक्रार करण्यात आली; कुटुंबाला खंडणीसाठी अपहरणाची शंका आहे.,kidnapping,high,Surat,2024-05-03T21:00:00,,,0
SYN-01014,bn,আশ্বিনী সিনহা জানিয়েছেন যে Kolkata এর কাছে অরক্ষিত অবস্থায় সোনার গহনা চুরি হয়ে গেছে।,theft,low,Kolkata,2024-12-27T09:00:00,,,0
SYN-01062,mr,"संशयिताने Kolkata जवळील घरात जबरदस्तीने प्रवेश करून एक लॅपटॉप नेले, Nikhil Jadhav यांनी तक्रार नोंदवली.",burglary,medium,Kolkata,2025-05-22T11:00:00,,,0
SYN-01007,mr,Sanjay More यांची Bengaluru जवळ एक लोखंडी रॉड घेतलेल्या सशस्त्र संशयिताशी गाठ पडली आणि एक मोबाईल फोन हिसकावले गेले.,robbery,high,Bengaluru,2024-04-21T05:00:00,,,0
SYN-00374,en,Hiran Wable reported receiving repeated threats demanding money near Jaipur.,extortion,medium,Jaipur,2025-04-06T15:00:00,,,0
SYN-01030,hi,"निखिल मजूमदार ने Chandigarh के पास उत्पीड़न और पीछा किए जाने की शिकायत दर्ज कराई, जांच शुरू कर दी गई है।",crime_against_women,high,Chandigarh,2024-03-29T04:00:00,,,0
SYN-00247,bn,"রিনা তালুকদার তার অনলাইন ব্যাংকিং অ্যাকাউন্টে অননুমোদিত প্রবেশের অভিযোগ করেছেন, যা Chennai এর সাথে যুক্ত একটি আইপি থেকে হয়েছে।",cybercrime,medium,Chennai,2025-01-15T00:00:00,SUSP-0060,financial,1
SYN-00930,mr,"Priya Patil यांनी त्यांच्या ऑनलाइन बँकिंग खात्यात अनधिकृत प्रवेश झाल्याची तक्रार केली, जी Patna शी संबंधित आयपीवरून झाली.",cybercrime,medium,Patna,2024-06-20T06:00:00,,,0
SYN-00295,hi,"Chandigarh के पास दो गुटों के बीच हिंसक झड़प हुई, शिकायत दर्ज कराने वालों में कुलकर्णी, प्रेम भी शामिल थे।",rioting,medium,Chandigarh,2024-01-17T00:00:00,SUSP-0070,public_order,1
SYN-00491,hi,"यश मणि ने अपने ऑनलाइन बैंकिंग खाते में अनधिकृत पहुँच की सूचना दी, जो Pune से जुड़े एक आईपी से जुड़ी थी।",cybercrime,medium,Pune,2025-06-22T07:00:00,,,0
SYN-00277,hi,"रिया गांगुली ने अपने ऑनलाइन बैंकिंग खाते में अनधिकृत पहुँच की सूचना दी, जो Chandigarh से जुड़े एक आईपी से जुड़ी थी।",cybercrime,medium,Chandigarh,2025-02-21T00:00:00,SUSP-0066,financial,2
SYN-00575,te,"Kiran Babu Chandigarh సమీపంలో మృతదేహంగా కనిపించారు, గాయాలు ఒక కత్తితో సరిపోలుతున్నాయి; హత్య కేసు నమోదైంది.",murder,critical,Chandigarh,2024-02-19T19:00:00,,,0
SYN-00164,te,"అనుమానితుడు Ahmedabad సమీపంలోని ఇంట్లోకి బలవంతంగా ప్రవేశించి ఒక ల్యాప్‌టాప్ తీసుకెళ్లాడు, Padma Chowdary ఫిర్యాదు చేశారు.",burglary,medium,Ahmedabad,2025-07-11T00:00:00,SUSP-0040,property,4
SYN-00507,te,"Guwahati సమీపంలో వేధింపులు మరియు వెంబడించడంపై Srinivas Sharma ఫిర్యాదు చేశారు, దర్యాప్తు ప్రారంభమైంది.",crime_against_women,high,Guwahati,2024-02-03T05:00:00,,,0
SYN-00461,mr,अधिकाऱ्यांनी एनडीपीएस कायद्यांतर्गत Delhi जवळ अमली पदार्थांचा साठा जप्त केला; तपासात Anita Bhosale यांचा समावेश आहे.,drug_trafficking,high,Delhi,2025-05-26T18:00:00,,,0
SYN-00540,bn,আরিয়া আলম জানিয়েছেন যে Coimbatore এর কাছে অরক্ষিত অবস্থায় একটি ল্যাপটপ চুরি হয়ে গেছে।,theft,low,Coimbatore,2024-06-11T02:00:00,,,0
SYN-00187,mr,Priya Patil यांची Nagpur जवळ एक कट्टा घेतलेल्या सशस्त्र संशयिताशी गाठ पडली आणि एक दुचाकी हिसकावले गेले.,robbery,high,Nagpur,2025-05-10T00:00:00,SUSP-0046,property,3
SYN-01033,hi,"हथियारबंद लोगों के एक गिरोह ने Hyderabad के पास एक दुकान लूट ली, घटनास्थल पर मौजूद गवाह श्यामा कृष्णमूर्ति ने बताया।",dacoity,high,Hyderabad,2025-01-25T09:00:00,,,0
SYN-00745,te,Lucknow సమీపంలో డబ్బు కోరుతూ పదేపదే బెదిరింపులు వచ్చాయని Kiran Babu తెలిపారు.,extortion,medium,Lucknow,2024-12-21T15:00:00,,,0
SYN-00414,te,ఎన్‌డిపిఎస్ చట్టం కింద అధికారులు Kochi సమీపంలో మాదక ద్రవ్యాల సరుకును స్వాధీనం చేసుకున్నారు; దర్యాప్తులో Suresh Rao ప్రమేయం ఉంది.,drug_trafficking,high,Kochi,2024-06-19T15:00:00,,,0
SYN-00503,bn,"Indore এর কাছে দুটি দলের মধ্যে সহিংস সংঘর্ষ হয়েছে, অভিযোগকারীদের মধ্যে চয়ন মোড়ল ছিলেন।",rioting,medium,Indore,2025-08-23T03:00:00,,,0
SYN-00638,te,Mumbai సమీపంలో డబ్బు కోరుతూ పదేపదే బెదిరింపులు వచ్చాయని Suresh Rao తెలిపారు.,extortion,medium,Mumbai,2025-04-15T22:00:00,,,0
SYN-00527,te,Guwahati సమీపంలో ఎవరూ లేనప్పుడు ఒక మొబైల్ ఫోన్ దొంగిలించబడిందని Kiran Babu తెలిపారు.,theft,low,Guwahati,2025-06-13T18:00:00,,,0
SYN-00650,te,"Kochi సమీపంలో వేధింపులు మరియు వెంబడించడంపై Venkatesh Reddy ఫిర్యాదు చేశారు, దర్యాప్తు ప్రారంభమైంది.",crime_against_women,high,Kochi,2025-04-17T20:00:00,,,0
SYN-00954,mr,"Priya Patil Hyderabad जवळ मृतावस्थेत आढळले, जखमा एक विळा शी सुसंगत होत्या; खुनाचा गुन्हा दाखल करण्यात आला.",murder,critical,Hyderabad,2025-07-21T01:00:00,,,0
SYN-00878,en,Chirag Konda was reported missing near Delhi; family suspects kidnapping for ransom.,kidnapping,high,Delhi,2024-07-25T02:00:00,,,0
SYN-00213,ta,"Pune அருகே தொந்தரவு மற்றும் பின்தொடர்தல் குறித்து ஸ்ரீபிரசாத் புகார் அளித்தார், விசாரணை தொடங்கப்பட்டுள்ளது.",crime_against_women,high,Pune,2025-07-18T00:00:00,SUSP-0052,women_safety,3
SYN-01165,hi,"सरस्वती चौहान ने अपने ऑनलाइन बैंकिंग खाते में अनधिकृत पहुँच की सूचना दी, जो Delhi से जुड़े एक आईपी से जुड़ी थी।",cybercrime,medium,Delhi,2024-03-26T13:00:00,,,0
SYN-00619,te,"Suresh Rao Delhi సమీపంలో మృతదేహంగా కనిపించారు, గాయాలు ఒక కత్తితో సరిపోలుతున్నాయి; హత్య కేసు నమోదైంది.",murder,critical,Delhi,2024-10-29T06:00:00,,,0
SYN-00984,mr,Vikram Shinde यांची Nagpur जवळ एक कट्टा घेतलेल्या सशस्त्र संशयिताशी गाठ पडली आणि एक दुचाकी हिसकावले गेले.,robbery,high,Nagpur,2024-05-19T14:00:00,,,0
SYN-00977,en,Oorja Chawla reported receiving repeated threats demanding money near Nagpur.,extortion,medium,Nagpur,2024-10-18T06:00:00,,,0
SYN-01077,en,Aayush Halder reported that gold jewellery was stolen near Hyderabad while unattended.,theft,low,Hyderabad,2025-07-24T21:00:00,,,0
SYN-00109,en,"Tanya Kanda filed a complaint of harassment and stalking near Kochi, an investigation has been opened.",crime_against_women,high,Kochi,2025-06-30T00:00:00,SUSP-0027,women_safety,3
SYN-00487,en,Manikya Karpe reported that cash was stolen near Patna while unattended.,theft,low,Patna,2024-02-21T05:00:00,,,0
SYN-00807,mr,Pooja Kale Bengaluru जवळ बेपत्ता झाल्याची तक्रार करण्यात आली; कुटुंबाला खंडणीसाठी अपहरणाची शंका आहे.,kidnapping,high,Bengaluru,2024-04-25T21:00:00,,,0
SYN-01143,bn,তামিম চৌধুরী Patna এর কাছে একটি কাস্তে নিয়ে একজন সশস্ত্র সন্দেহভাজনের মুখোমুখি হন এবং তার একটি মোবাইল ফোন ছিনতাই হয়।,robbery,high,Patna,2025-03-22T03:00:00,,,0
SYN-00966,hi,"महाराज, जयन्ती ने बताया कि Guwahati के पास एक मोबाइल फोन लावारिस हालत में चोरी हो गया।",theft,low,Guwahati,2024-06-26T10:00:00,,,0
SYN-00153,ta,"Delhi அருகே தொந்தரவு மற்றும் பின்தொடர்தல் குறித்து வருண்குமாH பகுமித்ரன் புகார் அளித்தார், விசாரணை தொடங்கப்பட்டுள்ளது.",crime_against_women,high,Delhi,2024-11-06T00:00:00,SUSP-0038,women_safety,1
SYN-01189,en,"Aayush Rama filed a complaint of harassment and stalking near Ahmedabad, an investigation has been opened.",crime_against_women,high,Ahmedabad,2024-05-03T17:00:00,,,0
SYN-00940,ta,"சந்தேக நபர் Delhi அருகே ஒரு வீட்டில் நுழைந்து ஒரு லேப்டாப் எடுத்துச் சென்றார், ஏழிசைக்கோமகள் புகார் அளித்தார்.",burglary,medium,Delhi,2025-08-31T21:00:00,,,0
SYN-00359,hi,"अधिकारियों ने एनडीपीएस अधिनियम के तहत Patna के पास मादक पदार्थों की एक खेप जब्त की; जांच में लाला, अमायरा शामिल है।",drug_trafficking,high,Patna,2025-01-17T01:00:00,,,0
SYN-00737,ta,Bhopal அருகே விற்பனையாளர் போல் நடித்த மோசடி செய்பவரால் ஹர்ஷிதா பணத்தை மாற்ற ஏமாற்றப்பட்டார்.,cheating_fraud,medium,Bhopal,2024-06-20T05:00:00,,,0
SYN-00269,mr,"Nikhil Jadhav यांनी त्यांच्या ऑनलाइन बँकिंग खात्यात अनधिकृत प्रवेश झाल्याची तक्रार केली, जी Kolkata शी संबंधित आयपीवरून झाली.",cybercrime,medium,Kolkata,2024-09-20T00:00:00,SUSP-0064,financial,3
SYN-00897,en,"Yuvaan Tata reported unauthorised access to their online banking account, traced to an IP linked to Chennai.",cybercrime,medium,Chennai,2024-11-29T17:00:00,,,0
SYN-00143,te,ఎన్‌డిపిఎస్ చట్టం కింద అధికారులు Chennai సమీపంలో మాదక ద్రవ్యాల సరుకును స్వాధీనం చేసుకున్నారు; దర్యాప్తులో Lakshmi Naidu ప్రమేయం ఉంది.,drug_trafficking,high,Chennai,2024-12-21T00:00:00,SUSP-0036,narcotics,1
SYN-00987,hi,"लाला, विवान Chandigarh के पास मृत पाया गया, चोटें एक कट्टा से मेल खाती थीं; हत्या का मामला दर्ज किया गया।",murder,critical,Chandigarh,2024-06-09T20:00:00,,,0
SYN-00681,mr,"Amit Kulkarni यांनी त्यांच्या ऑनलाइन बँकिंग खात्यात अनधिकृत प्रवेश झाल्याची तक्रार केली, जी Chennai शी संबंधित आयपीवरून झाली.",cybercrime,medium,Chennai,2024-01-17T06:00:00,,,0
SYN-00741,te,"Ravi Kumar తన ఆన్‌లైన్ బ్యాంకింగ్ ఖాతాలో అనధికార ప్రవేశం జరిగిందని ఫిర్యాదు చేశారు, ఇది Ahmedabadకు సంబంధించిన ఐపీ నుండి వచ్చింది.",cybercrime,medium,Ahmedabad,2024-09-10T23:00:00,,,0
SYN-00768,en,Ojas Bhardwaj was reported missing near Kolkata; family suspects kidnapping for ransom.,kidnapping,high,Kolkata,2025-07-03T03:00:00,,,0
SYN-00565,bn,তুষার বিশ্বাস Delhi এর কাছে বারবার অর্থ দাবি করে হুমকি পাওয়ার কথা জানিয়েছেন।,extortion,medium,Delhi,2024-01-05T14:00:00,,,0
SYN-00303,bn,মাধুরী চৌধুরী Lucknow এর কাছে একটি ছুরি নিয়ে একজন সশস্ত্র সন্দেহভাজনের মুখোমুখি হন এবং তার একটি দুই চাকার গাড়ি ছিনতাই হয়।,robbery,high,Lucknow,2024-02-13T09:00:00,,,0
SYN-00179,bn,"Kolkata এর কাছে দুটি দলের মধ্যে সহিংস সংঘর্ষ হয়েছে, অভিযোগকারীদের মধ্যে অলোকা চৌধুরী ছিলেন।",rioting,medium,Kolkata,2025-02-21T00:00:00,SUSP-0044,public_order,3
SYN-01176,bn,নন্দিতা কাদের জানিয়েছেন যে Chennai এর কাছে অরক্ষিত অবস্থায় একটি ল্যাপটপ চুরি হয়ে গেছে।,theft,low,Chennai,2025-03-18T13:00:00,,,0
SYN-00687,hi,"संदिग्ध ने Lucknow के पास एक घर में जबरन प्रवेश किया और एक दोपहिया वाहन ले गया, ईवा शिरोळे ने रिपोर्ट दर्ज कराई।",burglary,medium,Lucknow,2025-09-04T17:00:00,,,0
SYN-00597,bn,"সশস্ত্র ব্যক্তিদের একটি দল Surat এর কাছে একটি দোকান লুট করেছে, ঘটনাস্থলের সাক্ষী বাকের হক জানিয়েছেন।",dacoity,high,Surat,2024-10-11T01:00:00,,,0
SYN-00863,ta,"Kanpur அருகே தொந்தரவு மற்றும் பின்தொடர்தல் குறித்து கதிரேசன் வடிவழகி புகார் அளித்தார், விசாரணை தொடங்கப்பட்டுள்ளது.",crime_against_women,high,Kanpur,2025-06-16T23:00:00,,,0
SYN-00525,mr,"Priya Patil यांनी Kochi जवळ छळ आणि पाठलाग केल्याची तक्रार नोंदवली, तपास सुरू करण्यात आला आहे.",crime_against_women,high,Kochi,2024-03-03T12:00:00,,,0
SYN-01064,mr,"Sanjay More यांनी Patna जवळ छळ आणि पाठलाग केल्याची तक्रार नोंदवली, तपास सुरू करण्यात आला आहे.",crime_against_women,high,Patna,2024-08-19T17:00:00,,,0
SYN-00040,mr,अधिकाऱ्यांनी एनडीपीएस कायद्यांतर्गत Kanpur जवळ अमली पदार्थांचा साठा जप्त केला; तपासात Sanjay More यांचा समावेश आहे.,drug_trafficking,high,Kanpur,2024-07-19T00:00:00,SUSP-0009,narcotics,3
SYN-00050,bn,"সন্দেহভাজন Bengaluru এর কাছে একটি বাড়িতে জোর করে ঢুকে একটি ল্যাপটপ নিয়ে গেছে, আরাধ্যা দেব অভিযোগ করেছেন।",burglary,medium,Bengaluru,2024-02-25T00:00:00,SUSP-0012,property,2
SYN-00014,mr,"Vikram Shinde यांनी Patna जवळ छळ आणि पाठलाग केल्याची तक्रार नोंदवली, तपास सुरू करण्यात आला आहे.",crime_against_women,high,Patna,2024-05-06T00:00:00,SUSP-0004,women_safety,1
SYN-00462,hi,"चन्दना सिंह Chennai के पास मृत पाया गया, चोटें एक चाकू से मेल खाती थीं; हत्या का मामला दर्ज किया गया।",murder,critical,Chennai,2025-08-10T21:00:00,,,0
SYN-00748,en,"A violent clash broke out near Kanpur between two groups, Riaan Deol among those who filed a complaint.",rioting,medium,Kanpur,2025-05-03T09:00:00,,,0
SYN-00682,ta,"சந்தேக நபர் Hyderabad அருகே ஒரு வீட்டில் நுழைந்து ஒரு லேப்டாப் எடுத்துச் சென்றார், வகேஷ்வரி புகார் அளித்தார்.",burglary,medium,Hyderabad,2025-05-02T19:00:00,,,0
SYN-00381,en,Pranay Badal was found deceased near Bhopal with injuries consistent with a country-made pistol; a murder case was registered.,murder,critical,Bhopal,2025-02-01T02:00:00,,,0
SYN-00355,ta,Surat அருகே பணம் கோரி மீண்டும் மீண்டும் மிரட்டல் வந்ததாக நம்பிகுட்டுவன் அகலிகை தெரிவித்தார்.,extortion,medium,Surat,2024-09-20T15:00:00,,,0
SYN-00205,hi,"संदिग्ध ने Coimbatore के पास एक घर में जबरन प्रवेश किया और एक मोबाइल फोन ले गया, अंकुर लूथरा ने रिपोर्ट दर्ज कराई।",burglary,medium,Coimbatore,2025-04-24T00:00:00,SUSP-0050,property,2
SYN-00437,en,"Navya Raju reported unauthorised access to their online banking account, traced to an IP linked to Lucknow.",cybercrime,medium,Lucknow,2024-08-27T13:00:00,,,0
SYN-00732,ta,Kochi அருகே பணம் கோரி மீண்டும் மீண்டும் மிரட்டல் வந்ததாக கணேஷ் சசிரேகா தெரிவித்தார்.,extortion,medium,Kochi,2024-06-27T09:00:00,,,0
SYN-00892,ta,"Bengaluru அருகே ஒரு அரிவாள் ஏந்திய ஆயுதம் தாங்கிய சந்தேக நபரை ஹஸினா வனிதா சந்தித்தார், ஒரு இருசக்கர வாகனம் பறிக்கப்பட்டது.",robbery,high,Bengaluru,2025-04-24T03:00:00,,,0
SYN-01092,en,"Zain Chhabra filed a complaint of harassment and stalking near Surat, an investigation has been opened.",crime_against_women,high,Surat,2024-10-06T02:00:00,,,0
SYN-01019,bn,"সন্দেহভাজন Mumbai এর কাছে একটি বাড়িতে জোর করে ঢুকে নগদ টাকা নিয়ে গেছে, এনামুল মোড়ল অভিযোগ করেছেন।",burglary,medium,Mumbai,2025-02-18T15:00:00,,,0
SYN-01193,en,Nehmat Subramanian was confronted by an armed suspect with a country-made pistol near Chennai and had a two-wheeler taken.,robbery,high,Chennai,2024-07-29T11:00:00,,,0
SYN-00388,te,"సాయుధులైన వ్యక్తుల ముఠా Surat సమీపంలోని దుకాణాన్ని దోచుకుంది, సాక్షి Divya Reddy తెలిపారు.",dacoity,high,Surat,2024-06-30T12:00:00,,,0
SYN-00537,bn,"ঈশানি বোস Lucknow এর কাছে মৃত অবস্থায় পাওয়া যায়, আঘাত একটি ছুরি এর সাথে সামঞ্জস্যপূর্ণ; হত্যা মামলা রুজু হয়েছে।",murder,critical,Lucknow,2024-10-14T15:00:00,,,0
SYN-00770,te,"Padma Chowdary తన ఆన్‌లైన్ బ్యాంకింగ్ ఖాతాలో అనధికార ప్రవేశం జరిగిందని ఫిర్యాదు చేశారు, ఇది Kolkataకు సంబంధించిన ఐపీ నుండి వచ్చింది.",cybercrime,medium,Kolkata,2024-09-13T01:00:00,,,0
SYN-00162,te,"అనుమానితుడు Ahmedabad సమీపంలోని ఇంట్లోకి బలవంతంగా ప్రవేశించి ఒక మొబైల్ ఫోన్ తీసుకెళ్లాడు, Padma Chowdary ఫిర్యాదు చేశారు.",burglary,medium,Ahmedabad,2025-05-31T00:00:00,SUSP-0040,property,2
SYN-00816,mr,Rohan Deshmukh यांनी Bengaluru जवळ वारंवार पैशांची मागणी करणाऱ्या धमक्या मिळाल्याची तक्रार केली.,extortion,medium,Bengaluru,2025-02-01T21:00:00,,,0
SYN-00376,ta,"ஐயப்பன் அஜய் Ahmedabad அருகே இறந்த நிலையில் காணப்பட்டார், காயங்கள் ஒரு இரும்பு கம்பி உடன் பொருந்துகின்றன; கொலை வழக்கு பதிவு செய்யப்பட்டது.",murder,critical,Ahmedabad,2024-03-16T02:00:00,,,0
SYN-00835,bn,"ইকবাল বিশ্বাস তার অনলাইন ব্যাংকিং অ্যাকাউন্টে অননুমোদিত প্রবেশের অভিযোগ করেছেন, যা Ahmedabad এর সাথে যুক্ত একটি আইপি থেকে হয়েছে।",cybercrime,medium,Ahmedabad,2024-07-26T06:00:00,,,0
SYN-00752,ta,"Jaipur அருகே இரு குழுக்களுக்கிடையே வன்முறை மோதல் வெடித்தது, புகார் அளித்தவர்களில் சத்யவாணன் தணிகைமுருகன் ஒருவர்.",rioting,medium,Jaipur,2024-10-18T20:00:00,,,0
SYN-00023,en,Piya Cheema was confronted by an armed suspect with a sickle near Bengaluru and had a laptop taken.,robbery,high,Bengaluru,2025-02-21T00:00:00,SUSP-0006,violent,1
SYN-00560,bn,"আয়ুষ প্রধান Lucknow এর কাছে হয়রানি ও অনুসরণ করার অভিযোগ দায়ের করেছেন, তদন্ত শুরু হয়েছে।",crime_against_women,high,Lucknow,2025-04-19T03:00:00,,,0
SYN-00078,ta,என்டிபிஎஸ் சட்டத்தின் கீழ் Ahmedabad அருகே போதைப்பொருள் கொள்முதலை அதிகாரிகள் பறிமுதல் செய்தனர்; விசாரணையில் ஆதியரசி ஈடுபட்டுள்ளார்.,drug_trafficking,high,Ahmedabad,2025-03-05T00:00:00,SUSP-0019,narcotics,3
SYN-00999,bn,"Delhi এর কাছে দুটি দলের মধ্যে সহিংস সংঘর্ষ হয়েছে, অভিযোগকারীদের মধ্যে জনা ইসলাম ছিলেন।",rioting,medium,Delhi,2025-06-11T21:00:00,,,0
SYN-00368,hi,"Guwahati के पास दो गुटों के बीच हिंसक झड़प हुई, शिकायत दर्ज कराने वालों में इन्द्रजित मजूमदार भी शामिल थे।",rioting,medium,Guwahati,2025-05-01T08:00:00,,,0
SYN-01076,mr,"संशयिताने Patna जवळील घरात जबरदस्तीने प्रवेश करून रोख रक्कम नेले, Vikram Shinde यांनी तक्रार नोंदवली.",burglary,medium,Patna,2024-11-18T12:00:00,,,0
SYN-00036,mr,अधिकाऱ्यांनी एनडीपीएस कायद्यांतर्गत Delhi जवळ अमली पदार्थांचा साठा जप्त केला; तपासात Vikram Shinde यांचा समावेश आहे.,drug_trafficking,high,Delhi,2025-05-25T00:00:00,SUSP-0008,narcotics,5
SYN-00335,te,"అనుమానితుడు Bhopal సమీపంలోని ఇంట్లోకి బలవంతంగా ప్రవేశించి బంగారు నగలు తీసుకెళ్లాడు, Venkatesh Reddy ఫిర్యాదు చేశారు.",burglary,medium,Bhopal,2025-09-21T00:00:00,,,0
SYN-00815,hi,शर्मिला मगर ने बताया कि Lucknow के पास एक मोबाइल फोन लावारिस हालत में चोरी हो गया।,theft,low,Lucknow,2024-07-24T22:00:00,,,0
SYN-00886,ta,என்டிபிஎஸ் சட்டத்தின் கீழ் Coimbatore அருகே போதைப்பொருள் கொள்முதலை அதிகாரிகள் பறிமுதல் செய்தனர்; விசாரணையில் ஷம்பு ஈடுபட்டுள்ளார்.,drug_trafficking,high,Coimbatore,2024-04-14T06:00:00,,,0
SYN-00571,en,Tanya Sandal reported that cash was stolen near Lucknow while unattended.,theft,low,Lucknow,2024-10-24T14:00:00,,,0
SYN-01111,te,"సాయుధులైన వ్యక్తుల ముఠా Kolkata సమీపంలోని దుకాణాన్ని దోచుకుంది, సాక్షి Ravi Kumar తెలిపారు.",dacoity,high,Kolkata,2025-01-06T15:00:00,,,0
SYN-00840,mr,"Sanjay More Patna जवळ मृतावस्थेत आढळले, जखमा एक लोखंडी रॉड शी सुसंगत होत्या; खुनाचा गुन्हा दाखल करण्यात आला.",murder,critical,Patna,2024-06-19T13:00:00,,,0
SYN-00274,hi,"Guwahati के पास दो गुटों के बीच हिंसक झड़प हुई, शिकायत दर्ज कराने वालों में आन्वी साया भी शामिल थे।",rioting,medium,Guwahati,2025-07-10T00:00:00,SUSP-0065,public_order,4
SYN-00422,te,Lucknow సమీపంలో డబ్బు కోరుతూ పదేపదే బెదిరింపులు వచ్చాయని Anitha Prasad తెలిపారు.,extortion,medium,Lucknow,2024-02-03T14:00:00,,,0
SYN-00733,te,ఎన్‌డిపిఎస్ చట్టం కింద అధికారులు Patna సమీపంలో మాదక ద్రవ్యాల సరుకును స్వాధీనం చేసుకున్నారు; దర్యాప్తులో Divya Reddy ప్రమేయం ఉంది.,drug_trafficking,high,Patna,2024-03-21T12:00:00,,,0
SYN-01046,bn,অদৃতা সিনহা Chennai এর কাছে একটি দেশি পিস্তল নিয়ে একজন সশস্ত্র সন্দেহভাজনের মুখোমুখি হন এবং তার সোনার গহনা ছিনতাই হয়।,robbery,high,Chennai,2024-08-11T04:00:00,,,0
SYN-00887,bn,"জগদীশ ঠাকুর Kolkata এর কাছে মৃত অবস্থায় পাওয়া যায়, আঘাত একটি দেশি পিস্তল এর সাথে সামঞ্জস্যপূর্ণ; হত্যা মামলা রুজু হয়েছে।",murder,critical,Kolkata,2024-10-17T18:00:00,,,0
SYN-00538,hi,"बजाज, कान्ती Patna के पास मृत पाया गया, चोटें एक हंसिया से मेल खाती थीं; हत्या का मामला दर्ज किया गया।",murder,critical,Patna,2024-11-24T08:00:00,,,0
SYN-00735,en,Shray Kala was confronted by an armed suspect with an iron rod near Surat and had a two-wheeler taken.,robbery,high,Surat,2024-08-21T10:00:00,,,0
SYN-00420,ta,"சந்தேக நபர் Guwahati அருகே ஒரு வீட்டில் நுழைந்து ஒரு லேப்டாப் எடுத்துச் சென்றார், நக்கீரர் புகார் அளித்தார்.",burglary,medium,Guwahati,2024-04-26T08:00:00,,,0
SYN-00427,mr,Sanjay More ने सांगितले की Kolkata जवळ एक दुचाकी विनाकारण चोरीला गेले.,theft,low,Kolkata,2024-05-15T07:00:00,,,0
SYN-00518,bn,"সশস্ত্র ব্যক্তিদের একটি দল Chennai এর কাছে একটি দোকান লুট করেছে, ঘটনাস্থলের সাক্ষী অর্না সিনহা জানিয়েছেন।",dacoity,high,Chennai,2024-02-20T12:00:00,,,0
SYN-00498,ta,"Guwahati அருகே ஒரு இரும்பு கம்பி ஏந்திய ஆயுதம் தாங்கிய சந்தேக நபரை பகுப்ரியன் அங்கயர்க்கண்ணி சந்தித்தார், தங்க நகைகள் பறிக்கப்பட்டது.",robbery,high,Guwahati,2024-07-11T15:00:00,,,0
SYN-00956,en,Miraya Char reported receiving repeated threats demanding money near Patna.,extortion,medium,Patna,2024-07-13T04:00:00,,,0
SYN-00627,en,Eshani Balan was confronted by an armed suspect with an iron rod near Surat and had cash taken.,robbery,high,Surat,2025-09-03T01:00:00,,,0
SYN-00751,hi,"आरुष शिरोळे Bengaluru के पास मृत पाया गया, चोटें एक कट्टा से मेल खाती थीं; हत्या का मामला दर्ज किया गया।",murder,critical,Bengaluru,2025-03-08T20:00:00,,,0
SYN-00874,en,Aaryahi Dar was confronted by an armed suspect with a sickle near Jaipur and had a laptop taken.,robbery,high,Jaipur,2024-02-01T10:00:00,,,0
SYN-01085,bn,"সন্দেহভাজন Surat এর কাছে একটি বাড়িতে জোর করে ঢুকে একটি মোবাইল ফোন নিয়ে গেছে, প্রদীপ মৃধা অভিযোগ করেছেন।",burglary,medium,Surat,2024-06-22T00:00:00,,,0
SYN-00435,mr,Vikram Shinde ने सांगितले की Pune जवळ सोन्याचे दागिने विनाकारण चोरीला गेले.,theft,low,Pune,2024-05-15T20:00:00,,,0
SYN-00110,en,"Suspect forced entry into a house near Coimbatore and took a mobile phone, reported by Abram Sampath.",burglary,medium,Coimbatore,2024-03-18T00:00:00,SUSP-0028,property,1
SYN-00193,te,"Lakshmi Naidu తన ఆన్‌లైన్ బ్యాంకింగ్ ఖాతాలో అనధికార ప్రవేశం జరిగిందని ఫిర్యాదు చేశారు, ఇది Patnaకు సంబంధించిన ఐపీ నుండి వచ్చింది.",cybercrime,medium,Patna,2024-08-14T00:00:00,SUSP-0048,financial,2
SYN-00096,bn,লিটন হুরাইরা Coimbatore এর কাছে একটি লোহার রড নিয়ে একজন সশস্ত্র সন্দেহভাজনের মুখোমুখি হন এবং তার নগদ টাকা ছিনতাই হয়।,robbery,high,Coimbatore,2025-08-14T00:00:00,SUSP-0024,property,4
SYN-01132,en,Rhea Guha was deceived into transferring funds by a scammer posing as a vendor near Kolkata.,cheating_fraud,medium,Kolkata,2024-11-27T22:00:00,,,0
SYN-01089,mr,अधिकाऱ्यांनी एनडीपीएस कायद्यांतर्गत Hyderabad जवळ अमली पदार्थांचा साठा जप्त केला; तपासात Anita Bhosale यांचा समावेश आहे.,drug_trafficking,high,Hyderabad,2025-09-21T09:00:00,,,0
SYN-00428,hi,यश दयाल ने Indore के पास बार-बार पैसे की मांग करने वाली धमकियां मिलने की सूचना दी।,extortion,medium,Indore,2025-05-16T04:00:00,,,0
SYN-00393,te,"Srinivas Sharma తన ఆన్‌లైన్ బ్యాంకింగ్ ఖాతాలో అనధికార ప్రవేశం జరిగిందని ఫిర్యాదు చేశారు, ఇది Bengaluruకు సంబంధించిన ఐపీ నుండి వచ్చింది.",cybercrime,medium,Bengaluru,2025-04-04T19:00:00,,,0
SYN-00260,en,"Suspect forced entry into a house near Hyderabad and took a mobile phone, reported by Uthkarsh Kale.",burglary,medium,Hyderabad,2025-05-22T00:00:00,SUSP-0062,property,3
SYN-01151,mr,Pooja Kale Kolkata जवळ बेपत्ता झाल्याची तक्रार करण्यात आली; कुटुंबाला खंडणीसाठी अपहरणाची शंका आहे.,kidnapping,high,Kolkata,2024-08-04T01:00:00,,,0
SYN-01171,hi,मायरा वाल ने बताया कि Pune के पास एक मोबाइल फोन लावारिस हालत में चोरी हो गया।,theft,low,Pune,2024-04-24T00:00:00,,,0
SYN-00147,hi,अधिकारियों ने एनडीपीएस अधिनियम के तहत Guwahati के पास मादक पदार्थों की एक खेप जब्त की; जांच में जया विकावि शामिल है।,drug_trafficking,high,Guwahati,2024-11-22T00:00:00,SUSP-0037,narcotics,1
SYN-00620,mr,"संशयिताने Kochi जवळील घरात जबरदस्तीने प्रवेश करून सोन्याचे दागिने नेले, Pooja Kale यांनी तक्रार नोंदवली.",burglary,medium,Kochi,2024-08-17T23:00:00,,,0
SYN-00561,te,"Chandigarh సమీపంలో వేధింపులు మరియు వెంబడించడంపై Sowmya Rani ఫిర్యాదు చేశారు, దర్యాప్తు ప్రారంభమైంది.",crime_against_women,high,Chandigarh,2024-03-13T15:00:00,,,0
SYN-00345,hi,"साई गावित Pune के पास मृत पाया गया, चोटें एक चाकू से मेल खाती थीं; हत्या का मामला दर्ज किया गया।",murder,critical,Pune,2024-12-04T20:00:00,,,0
SYN-00278,hi,"रिया गांगुली ने अपने ऑनलाइन बैंकिंग खाते में अनधिकृत पहुँच की सूचना दी, जो Chandigarh से जुड़े एक आईपी से जुड़ी थी।",cybercrime,medium,Chandigarh,2025-03-17T00:00:00,SUSP-0066,financial,3
SYN-00446,ta,"Chandigarh அருகே தொந்தரவு மற்றும் பின்தொடர்தல் குறித்து கதிர்மாமணி உத்பல் புகார் அளித்தார், விசாரணை தொடங்கப்பட்டுள்ளது.",crime_against_women,high,Chandigarh,2025-09-14T09:00:00,,,0
SYN-00290,mr,"Surat जवळ दोन गटांमध्ये हिंसक चकमक झाली, तक्रार करणाऱ्यांमध्ये Amit Kulkarni यांचा समावेश होता.",rioting,medium,Surat,2024-03-24T00:00:00,SUSP-0069,public_order,1
SYN-00989,ta,Patna அருகே விற்பனையாளர் போல் நடித்த மோசடி செய்பவரால் தனித்தமிழ் பணத்தை மாற்ற ஏமாற்றப்பட்டார்.,cheating_fraud,medium,Patna,2024-10-12T00:00:00,,,0
SYN-00898,ta,Indore அருகே விற்பனையாளர் போல் நடித்த மோசடி செய்பவரால் மணவழகன் பணத்தை மாற்ற ஏமாற்றப்பட்டார்.,cheating_fraud,medium,Indore,2025-08-27T13:00:00,,,0
SYN-00935,ta,Jaipur அருகே பணம் கோரி மீண்டும் மீண்டும் மிரட்டல் வந்ததாக அகவன் ராஜலட்சுமி தெரிவித்தார்.,extortion,medium,Jaipur,2024-12-09T08:00:00,,,0
SYN-00539,te,"అనుమానితుడు Patna సమీపంలోని ఇంట్లోకి బలవంతంగా ప్రవేశించి ఒక ల్యాప్‌టాప్ తీసుకెళ్లాడు, Anitha Prasad ఫిర్యాదు చేశారు.",burglary,medium,Patna,2024-08-04T13:00:00,,,0
SYN-00788,ta,"Patna அருகே தொந்தரவு மற்றும் பின்தொடர்தல் குறித்து ரகுவரன் தணிகைமுருகன் புகார் அளித்தார், விசாரணை தொடங்கப்பட்டுள்ளது.",crime_against_women,high,Patna,2024-12-26T10:00:00,,,0
SYN-00430,mr,Anita Bhosale यांना Guwahati जवळ विक्रेता असल्याचे भासवून फसवणूक करणाऱ्याने पैसे हस्तांतरित करण्यास फसवले.,cheating_fraud,medium,Guwahati,2024-01-03T23:00:00,,,0
SYN-00469,ta,"தன்சி Chandigarh அருகே இறந்த நிலையில் காணப்பட்டார், காயங்கள் ஒரு இரும்பு கம்பி உடன் பொருந்துகின்றன; கொலை வழக்கு பதிவு செய்யப்பட்டது.",murder,critical,Chandigarh,2024-09-05T14:00:00,,,0
SYN-00444,en,"Suspect forced entry into a house near Kolkata and took a two-wheeler, reported by Prisha Gole.",burglary,medium,Kolkata,2024-05-06T18:00:00,,,0
SYN-00811,te,Chandigarh సమీపంలో ఎవరూ లేనప్పుడు ఒక ద్విచక్ర వాహనం దొంగిలించబడిందని Anitha Prasad తెలిపారు.,theft,low,Chandigarh,2024-05-31T09:00:00,,,0
SYN-01166,ta,"Patna அருகே இரு குழுக்களுக்கிடையே வன்முறை மோதல் வெடித்தது, புகார் அளித்தவர்களில் எழிலழகன் ஒருவர்.",rioting,medium,Patna,2025-04-05T19:00:00,,,0
SYN-00235,te,"Bhopal సమీపంలో రెండు గುంపుల మధ్య హింసాత్మక ఘర్షణ జరిగింది, ఫిర్యాదు చేసిన వారిలో Sowmya Rani ఒకరు.",rioting,medium,Bhopal,2024-06-03T00:00:00,SUSP-0057,public_order,1
SYN-00903,bn,"আব্বাস হোসাইন তার অনলাইন ব্যাংকিং অ্যাকাউন্টে অননুমোদিত প্রবেশের অভিযোগ করেছেন, যা Bengaluru এর সাথে যুক্ত একটি আইপি থেকে হয়েছে।",cybercrime,medium,Bengaluru,2025-09-04T03:00:00,,,0
SYN-01087,te,Mumbai సమీపంలో విక్రేతగా నటించిన మోసగాడు Sowmya Raniను నగదు బదిలీ చేయమని మోసం చేశాడు.,cheating_fraud,medium,Mumbai,2024-11-20T12:00:00,,,0
SYN-00760,mr,Priya Patil यांची Jaipur जवळ एक चाकू घेतलेल्या सशस्त्र संशयिताशी गाठ पडली आणि सोन्याचे दागिने हिसकावले गेले.,robbery,high,Jaipur,2025-01-25T00:00:00,,,0
SYN-00739,en,"Suspect forced entry into a house near Kanpur and took cash, reported by Anika Ray.",burglary,medium,Kanpur,2025-07-15T01:00:00,,,0
SYN-01045,en,Rasha Ray was confronted by an armed suspect with a sickle near Coimbatore and had cash taken.,robbery,high,Coimbatore,2024-10-15T11:00:00,,,0
SYN-00779,en,Dishani Karpe reported that a laptop was stolen near Guwahati while unattended.,theft,low,Guwahati,2025-02-01T21:00:00,,,0
SYN-00659,en,Officers seized a consignment of narcotics near Mumbai under the NDPS Act; investigation involves Zeeshan Biswas.,drug_trafficking,high,Mumbai,2025-08-18T18:00:00,,,0
SYN-01037,en,Shaan Acharya was found deceased near Kanpur with injuries consistent with an iron rod; a murder case was registered.,murder,critical,Kanpur,2024-03-09T19:00:00,,,0
SYN-00849,hi,"हथियारबंद लोगों के एक गिरोह ने Mumbai के पास एक दुकान लूट ली, घटनास्थल पर मौजूद गवाह मालती शिरोळे ने बताया।",dacoity,high,Mumbai,2025-09-29T08:00:00,,,0
SYN-00661,bn,"জনা খান তার অনলাইন ব্যাংকিং অ্যাকাউন্টে অননুমোদিত প্রবেশের অভিযোগ করেছেন, যা Ahmedabad এর সাথে যুক্ত একটি আইপি থেকে হয়েছে।",cybercrime,medium,Ahmedabad,2025-08-26T23:00:00,,,0
SYN-00691,bn,"তুষার আচার্য্য Jaipur এর কাছে হয়রানি ও অনুসরণ করার অভিযোগ দায়ের করেছেন, তদন্ত শুরু হয়েছে।",crime_against_women,high,Jaipur,2025-02-10T06:00:00,,,0
SYN-00313,mr,"Priya Patil Chennai जवळ मृतावस्थेत आढळले, जखमा एक विळा शी सुसंगत होत्या; खुनाचा गुन्हा दाखल करण्यात आला.",murder,critical,Chennai,2024-12-04T05:00:00,,,0
SYN-00159,ta,"ரஃபி தனது ஆன்லைன் வங்கிக் கணக்கில் அங்கீகரிக்கப்படாத அணுகல் இருந்ததாக புகார் அளித்தார், அது Kochi உடன் தொடர்புடைய ஐபியிலிருந்து வந்தது.",cybercrime,medium,Kochi,2024-06-21T00:00:00,SUSP-0039,financial,3
SYN-00250,bn,"রিনা তালুকদার তার অনলাইন ব্যাংকিং অ্যাকাউন্টে অননুমোদিত প্রবেশের অভিযোগ করেছেন, যা Chennai এর সাথে যুক্ত একটি আইপি থেকে হয়েছে।",cybercrime,medium,Chennai,2025-05-24T00:00:00,SUSP-0060,financial,4
SYN-00946,mr,Swati Gaikwad यांची Chennai जवळ एक विळा घेतलेल्या सशस्त्र संशयिताशी गाठ पडली आणि सोन्याचे दागिने हिसकावले गेले.,robbery,high,Chennai,2024-05-27T17:00:00,,,0
SYN-00967,bn,জয়দীপ মজুমদার Bhopal এর কাছে একটি লোহার রড নিয়ে একজন সশস্ত্র সন্দেহভাজনের মুখোমুখি হন এবং তার একটি ল্যাপটপ ছিনতাই হয়।,robbery,high,Bhopal,2024-06-21T22:00:00,,,0
SYN-00516,mr,Amit Kulkarni यांनी Chandigarh जवळ वारंवार पैशांची मागणी करणाऱ्या धमक्या मिळाल्याची तक्रार केली.,extortion,medium,Chandigarh,2025-03-20T05:00:00,,,0
SYN-00685,te,ఎన్‌డిపిఎస్ చట్టం కింద అధికారులు Ahmedabad సమీపంలో మాదక ద్రవ్యాల సరుకును స్వాధీనం చేసుకున్నారు; దర్యాప్తులో Srinivas Sharma ప్రమేయం ఉంది.,drug_trafficking,high,Ahmedabad,2025-05-08T12:00:00,,,0
SYN-00855,en,Hiran Bajaj reported that a two-wheeler was stolen near Chennai while unattended.,theft,low,Chennai,2025-03-02T05:00:00,,,0
SYN-00843,mr,Swati Gaikwad Mumbai जवळ बेपत्ता झाल्याची तक्रार करण्यात आली; कुटुंबाला खंडणीसाठी अपहरणाची शंका आहे.,kidnapping,high,Mumbai,2024-07-02T14:00:00,,,0
SYN-00089,te,"Lucknow సమీపంలో రెండు గುంపుల మధ్య హింసాత్మక ఘర్షణ జరిగింది, ఫిర్యాదు చేసిన వారిలో Lakshmi Naidu ఒకరు.",rioting,medium,Lucknow,2024-05-08T00:00:00,SUSP-0023,public_order,2
SYN-01103,bn,কুনাল মিশ্র Kochi এর কাছে বারবার অর্থ দাবি করে হুমকি পাওয়ার কথা জানিয়েছেন।,extortion,medium,Kochi,2024-06-29T20:00:00,,,0
SYN-00932,bn,কাফি সিনহা কে Kochi এর কাছে একজন বিক্রেতা সেজে থাকা প্রতারক অর্থ স্থানান্তর করতে প্রতারিত করেছে।,cheating_fraud,medium,Kochi,2024-08-27T12:00:00,,,0
SYN-00830,mr,"Kolkata जवळ दोन गटांमध्ये हिंसक चकमक झाली, तक्रार करणाऱ्यांमध्ये Sanjay More यांचा समावेश होता.",rioting,medium,Kolkata,2024-07-11T03:00:00,,,0
SYN-00357,ta,Delhi அருகே பணம் கோரி மீண்டும் மீண்டும் மிரட்டல் வந்ததாக ஷபீர் மணிக்கோவன் தெரிவித்தார்.,extortion,medium,Delhi,2025-06-20T01:00:00,,,0
SYN-00534,mr,Swati Gaikwad यांनी Guwahati जवळ वारंवार पैशांची मागणी करणाऱ्या धमक्या मिळाल्याची तक्रार केली.,extortion,medium,Guwahati,2025-09-15T15:00:00,,,0
SYN-00670,ta,"அகலறிவன் தனது ஆன்லைன் வங்கிக் கணக்கில் அங்கீகரிக்கப்படாத அணுகல் இருந்ததாக புகார் அளித்தார், அது Nagpur உடன் தொடர்புடைய ஐபியிலிருந்து வந்தது.",cybercrime,medium,Nagpur,2024-12-19T15:00:00,,,0
SYN-01200,mr,Vikram Shinde यांची Delhi जवळ एक कट्टा घेतलेल्या सशस्त्र संशयिताशी गाठ पडली आणि एक लॅपटॉप हिसकावले गेले.,robbery,high,Delhi,2025-02-06T01:00:00,,,0
SYN-00489,bn,"ইশতিয়াক মোড়ল Patna এর কাছে মৃত অবস্থায় পাওয়া যায়, আঘাত একটি দেশি পিস্তল এর সাথে সামঞ্জস্যপূর্ণ; হত্যা মামলা রুজু হয়েছে।",murder,critical,Patna,2024-06-01T01:00:00,,,0
SYN-01011,ta,Surat அருகே பணம் கோரி மீண்டும் மீண்டும் மிரட்டல் வந்ததாக அங்கதன் தணிகைமுருகு தெரிவித்தார்.,extortion,medium,Surat,2025-02-25T18:00:00,,,0
SYN-00921,ta,"தங்கதுரை மணவழகி Chandigarh அருகே இறந்த நிலையில் காணப்பட்டார், காயங்கள் ஒரு கத்தி உடன் பொருந்துகின்றன; கொலை வழக்கு பதிவு செய்யப்பட்டது.",murder,critical,Chandigarh,2024-02-24T10:00:00,,,0
SYN-00085,bn,এনডিপিএস আইনের অধীনে কর্মকর্তারা Jaipur এর কাছে মাদকদ্রব্যের একটি চালান জব্দ করেছেন; তদন্তে অদৃতা সিনহা জড়িত।,drug_trafficking,high,Jaipur,2024-08-28T00:00:00,SUSP-0022,narcotics,1
SYN-00233,hi,"अनन्या गर्ग ने अपने ऑनलाइन बैंकिंग खाते में अनधिकृत पहुँच की सूचना दी, जो Kolkata से जुड़े एक आईपी से जुड़ी थी।",cybercrime,medium,Kolkata,2024-08-04T00:00:00,SUSP-0056,financial,5
SYN-00713,bn,আকাশ সিং Pune এর কাছে একটি দেশি পিস্তল নিয়ে একজন সশস্ত্র সন্দেহভাজনের মুখোমুখি হন এবং তার সোনার গহনা ছিনতাই হয়।,robbery,high,Pune,2025-05-25T23:00:00,,,0
SYN-01018,bn,প্রদীপ মৃধা Nagpur এর কাছে একটি দেশি পিস্তল নিয়ে একজন সশস্ত্র সন্দেহভাজনের মুখোমুখি হন এবং তার একটি ল্যাপটপ ছিনতাই হয়।,robbery,high,Nagpur,2025-04-04T17:00:00,,,0
SYN-00937,hi,अधिकारियों ने एनडीपीएस अधिनियम के तहत Surat के पास मादक पदार्थों की एक खेप जब्त की; जांच में अदिती कृष्णा शामिल है।,drug_trafficking,high,Surat,2024-07-03T10:00:00,,,0
SYN-00271,hi,"Guwahati के पास दो गुटों के बीच हिंसक झड़प हुई, शिकायत दर्ज कराने वालों में आन्वी साया भी शामिल थे।",rioting,medium,Guwahati,2025-03-07T00:00:00,SUSP-0065,public_order,1
SYN-00115,ta,Chandigarh அருகே கண்காணிப்பு இல்லாத நேரத்தில் பணம் திருடப்பட்டதாக மங்கை தசரதன் தெரிவித்தார்.,theft,low,Chandigarh,2024-05-31T00:00:00,SUSP-0029,property,3
SYN-00947,ta,Chennai அருகே பணம் கோரி மீண்டும் மீண்டும் மிரட்டல் வந்ததாக பதிரன் தெரிவித்தார்.,extortion,medium,Chennai,2025-03-28T22:00:00,,,0
SYN-01116,te,Srinivas Sharma Delhi సమీపంలో కనిపించకుండా పోయారని ఫిర్యాదు; విమోచన కోసం అపహరణ జరిగిందని కుటుంబం అనుమానిస్తోంది.,kidnapping,high,Delhi,2024-10-07T02:00:00,,,0
SYN-00907,te,Lakshmi Naidu Guwahati సమీపంలో కనిపించకుండా పోయారని ఫిర్యాదు; విమోచన కోసం అపహరణ జరిగిందని కుటుంబం అనుమానిస్తోంది.,kidnapping,high,Guwahati,2024-01-09T19:00:00,,,0
SYN-01025,hi,यश जमानत ने बताया कि Bengaluru के पास एक लैपटॉप लावारिस हालत में चोरी हो गया।,theft,low,Bengaluru,2025-07-05T14:00:00,,,0
SYN-00370,hi,"ईवा वाल ने Kolkata के पास उत्पीड़न और पीछा किए जाने की शिकायत दर्ज कराई, जांच शुरू कर दी गई है।",crime_against_women,high,Kolkata,2025-02-11T02:00:00,,,0
SYN-00176,te,ఎన్‌డిపిఎస్ చట్టం కింద అధికారులు Patna సమీపంలో మాదక ద్రవ్యాల సరుకును స్వాధీనం చేసుకున్నారు; దర్యాప్తులో Lakshmi Naidu ప్రమేయం ఉంది.,drug_trafficking,high,Patna,2024-11-09T00:00:00,SUSP-0043,narcotics,3
SYN-00346,bn,"সন্দেহভাজন Kochi এর কাছে একটি বাড়িতে জোর করে ঢুকে নগদ টাকা নিয়ে গেছে, আশা বিশ্বাস অভিযোগ করেছেন।",burglary,medium,Kochi,2024-07-14T01:00:00,,,0
SYN-00519,en,Indranil Kamdar was reported missing near Mumbai; family suspects kidnapping for ransom.,kidnapping,high,Mumbai,2025-03-13T02:00:00,,,0
SYN-00861,te,Bengaluru సమీపంలో డబ్బు కోరుతూ పదేపదే బెదిరింపులు వచ్చాయని Kiran Babu తెలిపారు.,extortion,medium,Bengaluru,2025-05-10T23:00:00,,,0
SYN-00550,bn,"সশস্ত্র ব্যক্তিদের একটি দল Patna এর কাছে একটি দোকান লুট করেছে, ঘটনাস্থলের সাক্ষী মনোজ বিশ্বাস জানিয়েছেন।",dacoity,high,Patna,2024-11-05T21:00:00,,,0
SYN-00884,bn,"সশস্ত্র ব্যক্তিদের একটি দল Pune এর কাছে একটি দোকান লুট করেছে, ঘটনাস্থলের সাক্ষী এনামুল প্রামানিক জানিয়েছেন।",dacoity,high,Pune,2024-10-20T08:00:00,,,0
SYN-01127,te,ఎన్‌డిపిఎస్ చట్టం కింద అధికారులు Patna సమీపంలో మాదక ద్రవ్యాల సరుకును స్వాధీనం చేసుకున్నారు; దర్యాప్తులో Srinivas Sharma ప్రమేయం ఉంది.,drug_trafficking,high,Patna,2025-05-21T03:00:00,,,0
SYN-01049,te,Suresh Rao Patna సమీపంలో కనిపించకుండా పోయారని ఫిర్యాదు; విమోచన కోసం అపహరణ జరిగిందని కుటుంబం అనుమానిస్తోంది.,kidnapping,high,Patna,2025-09-03T16:00:00,,,0
SYN-00224,bn,এনডিপিএস আইনের অধীনে কর্মকর্তারা Pune এর কাছে মাদকদ্রব্যের একটি চালান জব্দ করেছেন; তদন্তে অর্ঘ্য মন্ডল জড়িত।,drug_trafficking,high,Pune,2024-05-25T00:00:00,SUSP-0054,narcotics,4
SYN-00122,mr,"Jaipur जवळ दोन गटांमध्ये हिंसक चकमक झाली, तक्रार करणाऱ्यांमध्ये Anita Bhosale यांचा समावेश होता.",rioting,medium,Jaipur,2025-06-16T00:00:00,SUSP-0031,public_order,2
SYN-00983,mr,"Swati Gaikwad यांनी Delhi जवळ छळ आणि पाठलाग केल्याची तक्रार नोंदवली, तपास सुरू करण्यात आला आहे.",crime_against_women,high,Delhi,2025-03-22T04:00:00,,,0
SYN-00658,hi,"अधिकारियों ने एनडीपीएस अधिनियम के तहत Pune के पास मादक पदार्थों की एक खेप जब्त की; जांच में लता, निशा शामिल है।",drug_trafficking,high,Pune,2024-09-26T23:00:00,,,0
SYN-00852,ta,"Mumbai அருகே தொந்தரவு மற்றும் பின்தொடர்தல் குறித்து இசைத்தேவி மணிமகள் புகார் அளித்தார், விசாரணை தொடங்கப்பட்டுள்ளது.",crime_against_women,high,Mumbai,2024-09-07T17:00:00,,,0
SYN-00790,ta,"Jaipur அருகே இரு குழுக்களுக்கிடையே வன்முறை மோதல் வெடித்தது, புகார் அளித்தவர்களில் ஷ்யாம் ஒருவர்.",rioting,medium,Jaipur,2025-01-03T14:00:00,,,0
SYN-00795,ta,"ஆயுதம் தாங்கிய நபர்கள் குழு Ahmedabad அருகே ஒரு கடையை கொள்ளையடித்தனர், சாட்சி ஏந்தல் தெரிவித்தார்.",dacoity,high,Ahmedabad,2024-09-19T09:00:00,,,0
SYN-00363,hi,"धालीवाल, रिज़वान ने Coimbatore के पास उत्पीड़न और पीछा किए जाने की शिकायत दर्ज कराई, जांच शुरू कर दी गई है।",crime_against_women,high,Coimbatore,2024-09-15T11:00:00,,,0
SYN-00398,bn,"নিশিতা আলম তার অনলাইন ব্যাংকিং অ্যাকাউন্টে অননুমোদিত প্রবেশের অভিযোগ করেছেন, যা Patna এর সাথে যুক্ত একটি আইপি থেকে হয়েছে।",cybercrime,medium,Patna,2025-08-25T22:00:00,,,0
SYN-00663,ta,Hyderabad அருகே பணம் கோரி மீண்டும் மீண்டும் மிரட்டல் வந்ததாக ராமசாமி தெரிவித்தார்.,extortion,medium,Hyderabad,2025-06-10T04:00:00,,,0
SYN-00656,bn,আরিয়া শুক্লা Surat এর কাছে একটি কাস্তে নিয়ে একজন সশস্ত্র সন্দেহভাজনের মুখোমুখি হন এবং তার একটি দুই চাকার গাড়ি ছিনতাই হয়।,robbery,high,Surat,2025-05-06T14:00:00,,,0
SYN-00610,hi,"Guwahati के पास दो गुटों के बीच हिंसक झड़प हुई, शिकायत दर्ज कराने वालों में ललित बसु भी शामिल थे।",rioting,medium,Guwahati,2024-06-26T23:00:00,,,0
SYN-00789,mr,Vikram Shinde यांनी Surat जवळ वारंवार पैशांची मागणी करणाऱ्या धमक्या मिळाल्याची तक्रार केली.,extortion,medium,Surat,2025-09-15T07:00:00,,,0
SYN-00512,hi,"भंडारी, यश ने अपने ऑनलाइन बैंकिंग खाते में अनधिकृत पहुँच की सूचना दी, जो Kanpur से जुड़े एक आईपी से जुड़ी थी।",cybercrime,medium,Kanpur,2025-01-22T11:00:00,,,0
SYN-00399,en,Mahika Sethi was deceived into transferring funds by a scammer posing as a vendor near Chennai.,cheating_fraud,medium,Chennai,2024-10-29T13:00:00,,,0
SYN-00644,mr,"Vikram Shinde यांनी त्यांच्या ऑनलाइन बँकिंग खात्यात अनधिकृत प्रवेश झाल्याची तक्रार केली, जी Mumbai शी संबंधित आयपीवरून झाली.",cybercrime,medium,Mumbai,2025-04-30T05:00:00,,,0
SYN-01159,bn,ইমতিয়াজ প্রামানিক কে Ahmedabad এর কাছে একজন বিক্রেতা সেজে থাকা প্রতারক অর্থ স্থানান্তর করতে প্রতারিত করেছে।,cheating_fraud,medium,Ahmedabad,2024-06-07T15:00:00,,,0
SYN-00475,hi,कम्बोज अली ने Indore के पास बार-बार पैसे की मांग करने वाली धमकियां मिलने की सूचना दी।,extortion,medium,Indore,2024-03-17T18:00:00,,,0
SYN-00939,bn,"সশস্ত্র ব্যক্তিদের একটি দল Lucknow এর কাছে একটি দোকান লুট করেছে, ঘটনাস্থলের সাক্ষী বাকের আবদুল্লাহ জানিয়েছেন।",dacoity,high,Lucknow,2024-09-14T06:00:00,,,0
SYN-00599,mr,"संशयिताने Patna जवळील घरात जबरदस्तीने प्रवेश करून एक मोबाईल फोन नेले, Swati Gaikwad यांनी तक्रार नोंदवली.",burglary,medium,Patna,2024-11-19T03:00:00,,,0
SYN-00221,bn,এনডিপিএস আইনের অধীনে কর্মকর্তারা Pune এর কাছে মাদকদ্রব্যের একটি চালান জব্দ করেছেন; তদন্তে অর্ঘ্য মন্ডল জড়িত।,drug_trafficking,high,Pune,2024-02-09T00:00:00,SUSP-0054,narcotics,1
SYN-00677,hi,"अधिकारियों ने एनडीपीएस अधिनियम के तहत Indore के पास मादक पदार्थों की एक खेप जब्त की; जांच में कुमार, आरव शामिल है।",drug_trafficking,high,Indore,2025-09-05T18:00:00,,,0
SYN-00401,mr,Swati Gaikwad Chennai जवळ बेपत्ता झाल्याची तक्रार करण्यात आली; कुटुंबाला खंडणीसाठी अपहरणाची शंका आहे.,kidnapping,high,Chennai,2025-03-24T23:00:00,,,0
SYN-01192,en,"Aayush Contractor filed a complaint of harassment and stalking near Chandigarh, an investigation has been opened.",crime_against_women,high,Chandigarh,2024-04-14T17:00:00,,,0
SYN-00133,mr,"Bengaluru जवळ दोन गटांमध्ये हिंसक चकमक झाली, तक्रार करणाऱ्यांमध्ये Priya Patil यांचा समावेश होता.",rioting,medium,Bengaluru,2025-01-30T00:00:00,SUSP-0034,public_order,1
SYN-00095,bn,লিটন হুরাইরা Chennai এর কাছে একটি কাস্তে নিয়ে একজন সশস্ত্র সন্দেহভাজনের মুখোমুখি হন এবং তার একটি ল্যাপটপ ছিনতাই হয়।,robbery,high,Chennai,2025-07-21T00:00:00,SUSP-0024,property,3
SYN-00015,mr,"Vikram Shinde यांनी Patna जवळ छळ आणि पाठलाग केल्याची तक्रार नोंदवली, तपास सुरू करण्यात आला आहे.",crime_against_women,high,Patna,2024-05-27T00:00:00,SUSP-0004,women_safety,2
SYN-00305,te,"Suresh Rao Chennai సమీపంలో మృతదేహంగా కనిపించారు, గాయాలు ఒక దేశీ తుపాకీతో సరిపోలుతున్నాయి; హత్య కేసు నమోదైంది.",murder,critical,Chennai,2025-09-22T23:00:00,,,0
SYN-00972,hi,रेयांश शिरोळे का सामना Chandigarh के पास एक कट्टा लिए एक सशस्त्र संदिग्ध से हुआ और नकदी छीन लिया गया।,robbery,high,Chandigarh,2024-02-08T19:00:00,,,0
SYN-00990,hi,सरला पाटिल Bhopal के पास लापता बताया गया; परिवार को फिरौती के लिए अपहरण की आशंका है।,kidnapping,high,Bhopal,2025-08-16T07:00:00,,,0
SYN-00258,en,Uthkarsh Kale reported that a laptop was stolen near Kochi while unattended.,theft,low,Kochi,2025-04-12T00:00:00,SUSP-0062,property,1
SYN-00645,te,"Kiran Babu తన ఆన్‌లైన్ బ్యాంకింగ్ ఖాతాలో అనధికార ప్రవేశం జరిగిందని ఫిర్యాదు చేశారు, ఇది Lucknowకు సంబంధించిన ఐపీ నుండి వచ్చింది.",cybercrime,medium,Lucknow,2024-05-27T09:00:00,,,0
SYN-00943,te,Bhopal సమీపంలో విక్రేతగా నటించిన మోసగాడు Ravi Kumarను నగదు బదిలీ చేయమని మోసం చేశాడు.,cheating_fraud,medium,Bhopal,2024-11-27T08:00:00,,,0
SYN-00053,bn,"Kochi এর কাছে দুটি দলের মধ্যে সহিংস সংঘর্ষ হয়েছে, অভিযোগকারীদের মধ্যে কেয়া পাল ছিলেন।",rioting,medium,Kochi,2024-03-12T00:00:00,SUSP-0013,public_order,2
SYN-00073,mr,Priya Patil यांची Coimbatore जवळ एक विळा घेतलेल्या सशस्त्र संशयिताशी गाठ पडली आणि एक लॅपटॉप हिसकावले गेले.,robbery,high,Coimbatore,2025-05-26T00:00:00,SUSP-0018,violent,2
SYN-00459,bn,আয়ুষ রায় Jaipur এর কাছে একটি লোহার রড নিয়ে একজন সশস্ত্র সন্দেহভাজনের মুখোমুখি হন এবং তার নগদ টাকা ছিনতাই হয়।,robbery,high,Jaipur,2024-04-30T00:00:00,,,0
SYN-00483,hi,"लता, अद्वैत ने बताया कि Indore के पास एक मोबाइल फोन लावारिस हालत में चोरी हो गया।",theft,low,Indore,2025-04-08T17:00:00,,,0
SYN-00018,ta,"சந்தேக நபர் Chennai அருகே ஒரு வீட்டில் நுழைந்து ஒரு இருசக்கர வாகனம் எடுத்துச் சென்றார், நாதவேணி புகார் அளித்தார்.",burglary,medium,Chennai,2024-02-27T00:00:00,SUSP-0005,property,1
SYN-00553,bn,আশ্বিনী মোড়ল Lucknow এর কাছে বারবার অর্থ দাবি করে হুমকি পাওয়ার কথা জানিয়েছেন।,extortion,medium,Lucknow,2024-07-11T04:00:00,,,0
SYN-01161,hi,"अधिकारियों ने एनडीपीएस अधिनियम के तहत Bhopal के पास मादक पदार्थों की एक खेप जब्त की; जांच में साया, दिव्या शामिल है।",drug_trafficking,high,Bhopal,2024-10-29T18:00:00,,,0
SYN-00758,bn,মিলন ঠাকুর কে Nagpur এর কাছে একজন বিক্রেতা সেজে থাকা প্রতারক অর্থ স্থানান্তর করতে প্রতারিত করেছে।,cheating_fraud,medium,Nagpur,2025-04-19T22:00:00,,,0
SYN-00468,en,Officers seized a consignment of narcotics near Patna under the NDPS Act; investigation involves Miraan Lalla.,drug_trafficking,high,Patna,2024-01-09T11:00:00,,,0
SYN-00968,hi,रजनी मंगत को Ahmedabad के पास एक विक्रेता बनकर धोखेबाज ने धन हस्तांतरित करने के लिए धोखा दिया।,cheating_fraud,medium,Ahmedabad,2025-08-18T01:00:00,,,0
SYN-00177,bn,"Hyderabad এর কাছে দুটি দলের মধ্যে সহিংস সংঘর্ষ হয়েছে, অভিযোগকারীদের মধ্যে অলোকা চৌধুরী ছিলেন।",rioting,medium,Hyderabad,2024-11-15T00:00:00,SUSP-0044,public_order,1
SYN-00212,ta,"Pune அருகே தொந்தரவு மற்றும் பின்தொடர்தல் குறித்து ஸ்ரீபிரசாத் புகார் அளித்தார், விசாரணை தொடங்கப்பட்டுள்ளது.",crime_against_women,high,Pune,2025-06-13T00:00:00,SUSP-0052,women_safety,2
SYN-01102,te,Hyderabad సమీపంలో ఎవరూ లేనప్పుడు ఒక ద్విచక్ర వాహనం దొంగిలించబడిందని Anitha Prasad తెలిపారు.,theft,low,Hyderabad,2024-10-06T04:00:00,,,0
SYN-00720,en,"A violent clash broke out near Coimbatore between two groups, Seher Rege among those who filed a complaint.",rioting,medium,Coimbatore,2025-04-16T10:00:00,,,0
SYN-00895,mr,Rohan Deshmukh यांना Bengaluru जवळ विक्रेता असल्याचे भासवून फसवणूक करणाऱ्याने पैसे हस्तांतरित करण्यास फसवले.,cheating_fraud,medium,Bengaluru,2025-05-01T03:00:00,,,0
SYN-01016,hi,"हथियारबंद लोगों के एक गिरोह ने Chennai के पास एक दुकान लूट ली, घटनास्थल पर मौजूद गवाह दूबे, चेतना ने बताया।",dacoity,high,Chennai,2024-02-12T10:00:00,,,0
SYN-01198,hi,"प्रदीप श्रीविमल ने अपने ऑनलाइन बैंकिंग खाते में अनधिकृत पहुँच की सूचना दी, जो Bhopal से जुड़े एक आईपी से जुड़ी थी।",cybercrime,medium,Bhopal,2025-02-23T14:00:00,,,0
SYN-01098,hi,जया शिरोळे का सामना Lucknow के पास एक लोहे की रॉड लिए एक सशस्त्र संदिग्ध से हुआ और एक मोबाइल फोन छीन लिया गया।,robbery,high,Lucknow,2025-03-21T13:00:00,,,0
SYN-00449,te,"Coimbatore సమీపంలో వేధింపులు మరియు వెంబడించడంపై Lakshmi Naidu ఫిర్యాదు చేశారు, దర్యాప్తు ప్రారంభమైంది.",crime_against_women,high,Coimbatore,2024-01-13T11:00:00,,,0
SYN-00156,ta,"Coimbatore அருகே தொந்தரவு மற்றும் பின்தொடர்தல் குறித்து வருண்குமாH பகுமித்ரன் புகார் அளித்தார், விசாரணை தொடங்கப்பட்டுள்ளது.",crime_against_women,high,Coimbatore,2025-01-26T00:00:00,SUSP-0038,women_safety,4
SYN-00389,te,"Guwahati సమీపంలో రెండు గುంపుల మధ్య హింసాత్మక ఘర్షణ జరిగింది, ఫిర్యాదు చేసిన వారిలో Divya Reddy ఒకరు.",rioting,medium,Guwahati,2024-09-05T10:00:00,,,0
SYN-00396,te,"Guwahati సమీపంలో వేధింపులు మరియు వెంబడించడంపై Venkatesh Reddy ఫిర్యాదు చేశారు, దర్యాప్తు ప్రారంభమైంది.",crime_against_women,high,Guwahati,2025-02-13T10:00:00,,,0
SYN-00562,en,Kabir Boase reported receiving repeated threats demanding money near Indore.,extortion,medium,Indore,2025-06-26T09:00:00,,,0
SYN-00564,bn,"Hyderabad এর কাছে দুটি দলের মধ্যে সহিংস সংঘর্ষ হয়েছে, অভিযোগকারীদের মধ্যে অর্ণব মজুমদার ছিলেন।",rioting,medium,Hyderabad,2024-03-23T15:00:00,,,0
SYN-00294,mr,"Coimbatore जवळ दोन गटांमध्ये हिंसक चकमक झाली, तक्रार करणाऱ्यांमध्ये Amit Kulkarni यांचा समावेश होता.",rioting,medium,Coimbatore,2024-10-21T00:00:00,SUSP-0069,public_order,5
SYN-00901,te,"సాయుధులైన వ్యక్తుల ముఠా Bengaluru సమీపంలోని దుకాణాన్ని దోచుకుంది, సాక్షి Suresh Rao తెలిపారు.",dacoity,high,Bengaluru,2025-08-10T15:00:00,,,0
SYN-00033,mr,अधिकाऱ्यांनी एनडीपीएस कायद्यांतर्गत Delhi जवळ अमली पदार्थांचा साठा जप्त केला; तपासात Vikram Shinde यांचा समावेश आहे.,drug_trafficking,high,Delhi,2025-02-11T00:00:00,SUSP-0008,narcotics,2
SYN-01184,te,Kanpur సమీపంలో డబ్బు కోరుతూ పదేపదే బెదిరింపులు వచ్చాయని Padma Chowdary తెలిపారు.,extortion,medium,Kanpur,2024-06-14T19:00:00,,,0
SYN-01156,te,"అనుమానితుడు Coimbatore సమీపంలోని ఇంట్లోకి బలవంతంగా ప్రవేశించి నగదు తీసుకెళ్లాడు, Padma Chowdary ఫిర్యాదు చేశారు.",burglary,medium,Coimbatore,2024-07-23T15:00:00,,,0
SYN-00354,hi,"हथियारबंद लोगों के एक गिरोह ने Surat के पास एक दुकान लूट ली, घटनास्थल पर मौजूद गवाह आदित्य मान ने बताया।",dacoity,high,Surat,2024-08-23T12:00:00,,,0
SYN-00559,hi,अद्विका दारा Ahmedabad के पास लापता बताया गया; परिवार को फिरौती के लिए अपहरण की आशंका है।,kidnapping,high,Ahmedabad,2024-11-10T13:00:00,,,0
SYN-00170,en,"A violent clash broke out near Pune between two groups, Vanya Bora among those who filed a complaint.",rioting,medium,Pune,2024-06-17T00:00:00,SUSP-0042,public_order,1
SYN-00079,mr,"संशयिताने Pune जवळील घरात जबरदस्तीने प्रवेश करून एक दुचाकी नेले, Vikram Shinde यांनी तक्रार नोंदवली.",burglary,medium,Pune,2025-03-14T00:00:00,SUSP-0020,property,1
SYN-01175,ta,"ஆயுதம் தாங்கிய நபர்கள் குழு Pune அருகே ஒரு கடையை கொள்ளையடித்தனர், சாட்சி ஸஹிரா எழிலரசி தெரிவித்தார்.",dacoity,high,Pune,2024-10-28T18:00:00,,,0
SYN-00812,te,"అనుమానితుడు Patna సమీపంలోని ఇంట్లోకి బలవంతంగా ప్రవేశించి బంగారు నగలు తీసుకెళ్లాడు, Ravi Kumar ఫిర్యాదు చేశారు.",burglary,medium,Patna,2025-04-27T00:00:00,,,0
SYN-00499,mr,Sneha Joshi ने सांगितले की Delhi जवळ एक मोबाईल फोन विनाकारण चोरीला गेले.,theft,low,Delhi,2024-08-26T19:00:00,,,0
SYN-00684,ta,Bhopal அருகே கண்காணிப்பு இல்லாத நேரத்தில் ஒரு மொபைல் போன் திருடப்பட்டதாக பவளக்கொடி நடேஷ் தெரிவித்தார்.,theft,low,Bhopal,2025-06-18T13:00:00,,,0
SYN-00572,te,"Kanpur సమీపంలో ఒక దేశీ తుపాకీ పట్టుకున్న అనుమానితుడిని Padma Chowdary ఎదుర్కొన్నారు, నగదు లాక్కున్నారు.",robbery,high,Kanpur,2025-01-02T06:00:00,,,0
SYN-01075,ta,"ஏகசந்திரா Kochi அருகே இறந்த நிலையில் காணப்பட்டார், காயங்கள் ஒரு கத்தி உடன் பொருந்துகின்றன; கொலை வழக்கு பதிவு செய்யப்பட்டது.",murder,critical,Kochi,2024-12-17T17:00:00,,,0
SYN-00384,mr,"Swati Gaikwad Bengaluru जवळ मृतावस्थेत आढळले, जखमा एक कट्टा शी सुसंगत होत्या; खुनाचा गुन्हा दाखल करण्यात आला.",murder,critical,Bengaluru,2025-01-04T08:00:00,,,0
SYN-00746,mr,"Anita Bhosale Bhopal जवळ मृतावस्थेत आढळले, जखमा एक लोखंडी रॉड शी सुसंगत होत्या; खुनाचा गुन्हा दाखल करण्यात आला.",murder,critical,Bhopal,2024-09-23T04:00:00,,,0
SYN-00116,ta,"சந்தேக நபர் Chandigarh அருகே ஒரு வீட்டில் நுழைந்து ஒரு லேப்டாப் எடுத்துச் சென்றார், மங்கை தசரதன் புகார் அளித்தார்.",burglary,medium,Chandigarh,2024-06-11T00:00:00,SUSP-0029,property,4
SYN-01139,bn,দূর্গা মজুমদার জানিয়েছেন যে Kolkata এর কাছে অরক্ষিত অবস্থায় নগদ টাকা চুরি হয়ে গেছে।,theft,low,Kolkata,2025-05-26T08:00:00,,,0
SYN-00778,hi,सावित्री लूथरा का सामना Delhi के पास एक हंसिया लिए एक सशस्त्र संदिग्ध से हुआ और सोने के गहने छीन लिया गया।,robbery,high,Delhi,2024-07-25T03:00:00,,,0
SYN-00617,bn,"মনোজ চন্দ্র তার অনলাইন ব্যাংকিং অ্যাকাউন্টে অননুমোদিত প্রবেশের অভিযোগ করেছেন, যা Mumbai এর সাথে যুক্ত একটি আইপি থেকে হয়েছে।",cybercrime,medium,Mumbai,2025-06-19T03:00:00,,,0
SYN-00318,bn,"আতাহার মোড়ল Guwahati এর কাছে হয়রানি ও অনুসরণ করার অভিযোগ দায়ের করেছেন, তদন্ত শুরু হয়েছে।",crime_against_women,high,Guwahati,2024-01-12T08:00:00,,,0
SYN-01043,en,"Riya Konda filed a complaint of harassment and stalking near Hyderabad, an investigation has been opened.",crime_against_women,high,Hyderabad,2025-07-10T10:00:00,,,0
SYN-00066,en,"Kaira Loyal filed a complaint of harassment and stalking near Surat, an investigation has been opened.",crime_against_women,high,Surat,2025-01-07T00:00:00,SUSP-0016,women_safety,4
SYN-01120,mr,"सशस्त्र लोकांच्या टोळीने Surat जवळील एका दुकानाची लूट केली, साक्षीदार Sanjay More यांनी सांगितले.",dacoity,high,Surat,2025-08-12T02:00:00,,,0
SYN-01047,ta,"Coimbatore அருகே தொந்தரவு மற்றும் பின்தொடர்தல் குறித்து கதிர் புகார் அளித்தார், விசாரணை தொடங்கப்பட்டுள்ளது.",crime_against_women,high,Coimbatore,2025-06-28T22:00:00,,,0
SYN-00016,mr,"Vikram Shinde यांनी Patna जवळ छळ आणि पाठलाग केल्याची तक्रार नोंदवली, तपास सुरू करण्यात आला आहे.",crime_against_women,high,Patna,2024-06-10T00:00:00,SUSP-0004,women_safety,3
SYN-00286,en,Officers seized a consignment of narcotics near Kolkata under the NDPS Act; investigation involves Oorja Bhat.,drug_trafficking,high,Kolkata,2024-09-10T00:00:00,SUSP-0068,narcotics,3
SYN-00783,te,Jaipur సమీపంలో ఎవరూ లేనప్పుడు ఒక ద్విచక్ర వాహనం దొంగిలించబడిందని Sowmya Rani తెలిపారు.,theft,low,Jaipur,2025-06-25T01:00:00,,,0
SYN-00969,te,"Hyderabad సమీపంలో వేధింపులు మరియు వెంబడించడంపై Srinivas Sharma ఫిర్యాదు చేశారు, దర్యాప్తు ప్రారంభమైంది.",crime_against_women,high,Hyderabad,2024-01-17T15:00:00,,,0
SYN-00304,mr,Sanjay More यांनी Kanpur जवळ वारंवार पैशांची मागणी करणाऱ्या धमक्या मिळाल्याची तक्रार केली.,extortion,medium,Kanpur,2024-08-07T06:00:00,,,0
SYN-00214,ta,"Pune அருகே தொந்தரவு மற்றும் பின்தொடர்தல் குறித்து ஸ்ரீபிரசாத் புகார் அளித்தார், விசாரணை தொடங்கப்பட்டுள்ளது.",crime_against_women,high,Pune,2025-08-17T00:00:00,SUSP-0052,women_safety,4
SYN-00873,ta,Pune அருகே கண்காணிப்பு இல்லாத நேரத்தில் ஒரு இருசக்கர வாகனம் திருடப்பட்டதாக ஆக்னேயா தெரிவித்தார்.,theft,low,Pune,2025-08-14T21:00:00,,,0
SYN-00445,mr,Amit Kulkarni Ahmedabad जवळ बेपत्ता झाल्याची तक्रार करण्यात आली; कुटुंबाला खंडणीसाठी अपहरणाची शंका आहे.,kidnapping,high,Ahmedabad,2024-10-10T20:00:00,,,0
SYN-00161,te,"అనుమానితుడు Ahmedabad సమీపంలోని ఇంట్లోకి బలవంతంగా ప్రవేశించి ఒక ద్విచక్ర వాహనం తీసుకెళ్లాడు, Padma Chowdary ఫిర్యాదు చేశారు.",burglary,medium,Ahmedabad,2025-04-13T00:00:00,SUSP-0040,property,1
SYN-01059,hi,अधिकारियों ने एनडीपीएस अधिनियम के तहत Mumbai के पास मादक पदार्थों की एक खेप जब्त की; जांच में भरत महादेव शामिल है।,drug_trafficking,high,Mumbai,2024-04-11T06:00:00,,,0
SYN-00847,bn,"এনামুল মৃধা Kolkata এর কাছে হয়রানি ও অনুসরণ করার অভিযোগ দায়ের করেছেন, তদন্ত শুরু হয়েছে।",crime_against_women,high,Kolkata,2024-06-15T04:00:00,,,0
SYN-00237,te,"Lucknow సమీపంలో రెండు గುంపుల మధ్య హింసాత్మక ఘర్షణ జరిగింది, ఫిర్యాదు చేసిన వారిలో Sowmya Rani ఒకరు.",rioting,medium,Lucknow,2024-07-30T00:00:00,SUSP-0057,public_order,3
SYN-00361,ta,"Jaipur அருகே இரு குழுக்களுக்கிடையே வன்முறை மோதல் வெடித்தது, புகார் அளித்தவர்களில் சங்கீதா தங்கேஷ்வரன் ஒருவர்.",rioting,medium,Jaipur,2025-07-02T09:00:00,,,0
SYN-00283,ta,என்டிபிஎஸ் சட்டத்தின் கீழ் Kanpur அருகே போதைப்பொருள் கொள்முதலை அதிகாரிகள் பறிமுதல் செய்தனர்; விசாரணையில் ஏழிசைப்பாவை ஸுமா ஈடுபட்டுள்ளார்.,drug_trafficking,high,Kanpur,2024-05-15T00:00:00,SUSP-0067,narcotics,3
SYN-00934,mr,Anita Bhosale यांनी Coimbatore जवळ वारंवार पैशांची मागणी करणाऱ्या धमक्या मिळाल्याची तक्रार केली.,extortion,medium,Coimbatore,2024-02-12T03:00:00,,,0
SYN-00576,te,Chennai సమీపంలో ఎవరూ లేనప్పుడు ఒక మొబైల్ ఫోన్ దొంగిలించబడిందని Venkatesh Reddy తెలిపారు.,theft,low,Chennai,2025-03-02T14:00:00,,,0
SYN-00941,te,"అనుమానితుడు Bengaluru సమీపంలోని ఇంట్లోకి బలవంతంగా ప్రవేశించి ఒక ల్యాప్‌టాప్ తీసుకెళ్లాడు, Lakshmi Naidu ఫిర్యాదు చేశారు.",burglary,medium,Bengaluru,2025-09-11T04:00:00,,,0
SYN-00548,mr,Amit Kulkarni यांची Chandigarh जवळ एक लोखंडी रॉड घेतलेल्या सशस्त्र संशयिताशी गाठ पडली आणि एक लॅपटॉप हिसकावले गेले.,robbery,high,Chandigarh,2024-01-09T07:00:00,,,0
SYN-00942,hi,"संदिग्ध ने Hyderabad के पास एक घर में जबरन प्रवेश किया और एक मोबाइल फोन ले गया, लता मदन ने रिपोर्ट दर्ज कराई।",burglary,medium,Hyderabad,2024-09-16T09:00:00,,,0
SYN-00846,ta,"Indore அருகே ஒரு கத்தி ஏந்திய ஆயுதம் தாங்கிய சந்தேக நபரை வர்ணவதி கதிரொளி சந்தித்தார், தங்க நகைகள் பறிக்கப்பட்டது.",robbery,high,Indore,2025-07-17T12:00:00,,,0
SYN-00514,en,Pranay Jhaveri was reported missing near Jaipur; family suspects kidnapping for ransom.,kidnapping,high,Jaipur,2024-04-17T02:00:00,,,0
SYN-01113,bn,এনডিপিএস আইনের অধীনে কর্মকর্তারা Indore এর কাছে মাদকদ্রব্যের একটি চালান জব্দ করেছেন; তদন্তে করিম সরকার জড়িত।,drug_trafficking,high,Indore,2024-11-12T20:00:00,,,0
SYN-01100,te,"Indore సమీపంలో వేధింపులు మరియు వెంబడించడంపై Anitha Prasad ఫిర్యాదు చేశారు, దర్యాప్తు ప్రారంభమైంది.",crime_against_women,high,Indore,2024-09-01T03:00:00,,,0
SYN-01074,te,ఎన్‌డిపిఎస్ చట్టం కింద అధికారులు Patna సమీపంలో మాదక ద్రవ్యాల సరుకును స్వాధీనం చేసుకున్నారు; దర్యాప్తులో Divya Reddy ప్రమేయం ఉంది.,drug_trafficking,high,Patna,2024-07-25T09:00:00,,,0
SYN-00528,mr,Amit Kulkarni यांची Pune जवळ एक चाकू घेतलेल्या सशस्त्र संशयिताशी गाठ पडली आणि रोख रक्कम हिसकावले गेले.,robbery,high,Pune,2024-07-16T04:00:00,,,0
SYN-01155,bn,প্রদীপ বিশ্বাস কে Bhopal এর কাছে একজন বিক্রেতা সেজে থাকা প্রতারক অর্থ স্থানান্তর করতে প্রতারিত করেছে।,cheating_fraud,medium,Bhopal,2024-11-13T21:00:00,,,0
SYN-00928,bn,একরামুল চৌধুরী Jaipur এর কাছে একটি দেশি পিস্তল নিয়ে একজন সশস্ত্র সন্দেহভাজনের মুখোমুখি হন এবং তার একটি ল্যাপটপ ছিনতাই হয়।,robbery,high,Jaipur,2024-08-29T15:00:00,,,0
SYN-00557,ta,"ராஜதுரை Hyderabad அருகே இறந்த நிலையில் காணப்பட்டார், காயங்கள் ஒரு இரும்பு கம்பி உடன் பொருந்துகின்றன; கொலை வழக்கு பதிவு செய்யப்பட்டது.",murder,critical,Hyderabad,2025-07-25T05:00:00,,,0
SYN-00978,bn,"আকাশ মন্ডল Patna এর কাছে হয়রানি ও অনুসরণ করার অভিযোগ দায়ের করেছেন, তদন্ত শুরু হয়েছে।",crime_against_women,high,Patna,2024-02-14T03:00:00,,,0
SYN-00145,te,ఎన్‌డిపిఎస్ చట్టం కింద అధికారులు Chennai సమీపంలో మాదక ద్రవ్యాల సరుకును స్వాధీనం చేసుకున్నారు; దర్యాప్తులో Lakshmi Naidu ప్రమేయం ఉంది.,drug_trafficking,high,Chennai,2025-02-21T00:00:00,SUSP-0036,narcotics,3
SYN-00154,ta,"Coimbatore அருகே தொந்தரவு மற்றும் பின்தொடர்தல் குறித்து வருண்குமாH பகுமித்ரன் புகார் அளித்தார், விசாரணை தொடங்கப்பட்டுள்ளது.",crime_against_women,high,Coimbatore,2024-12-23T00:00:00,SUSP-0038,women_safety,2
SYN-00894,bn,একরামুল সরকার Indore এর কাছে নিখোঁজ বলে জানানো হয়েছে; পরিবার মুক্তিপণের জন্য অপহরণের সন্দেহ করছে।,kidnapping,high,Indore,2024-07-06T22:00:00,,,0
SYN-00134,mr,"Bengaluru जवळ दोन गटांमध्ये हिंसक चकमक झाली, तक्रार करणाऱ्यांमध्ये Priya Patil यांचा समावेश होता.",rioting,medium,Bengaluru,2025-03-24T00:00:00,SUSP-0034,public_order,2
SYN-00279,hi,"रिया गांगुली ने अपने ऑनलाइन बैंकिंग खाते में अनधिकृत पहुँच की सूचना दी, जो Surat से जुड़े एक आईपी से जुड़ी थी।",cybercrime,medium,Surat,2025-04-11T00:00:00,SUSP-0066,financial,4
SYN-00490,mr,"Nikhil Jadhav यांनी त्यांच्या ऑनलाइन बँकिंग खात्यात अनधिकृत प्रवेश झाल्याची तक्रार केली, जी Kanpur शी संबंधित आयपीवरून झाली.",cybercrime,medium,Kanpur,2024-03-03T02:00:00,,,0
SYN-00310,te,"Hyderabad సమీపంలో రెండు గುంపుల మధ్య హింసాత్మక ఘర్షణ జరిగింది, ఫిర్యాదు చేసిన వారిలో Venkatesh Reddy ఒకరు.",rioting,medium,Hyderabad,2025-03-03T05:00:00,,,0
SYN-00683,ta,"சந்தேக நபர் Bengaluru அருகே ஒரு வீட்டில் நுழைந்து ஒரு லேப்டாப் எடுத்துச் சென்றார், இசை புகார் அளித்தார்.",burglary,medium,Bengaluru,2025-05-08T21:00:00,,,0
SYN-00585,en,"Suspect forced entry into a house near Hyderabad and took a two-wheeler, reported by Romil Shan.",burglary,medium,Hyderabad,2024-02-10T09:00:00,,,0
SYN-00155,ta,"Delhi அருகே தொந்தரவு மற்றும் பின்தொடர்தல் குறித்து வருண்குமாH பகுமித்ரன் புகார் அளித்தார், விசாரணை தொடங்கப்பட்டுள்ளது.",crime_against_women,high,Delhi,2025-01-01T00:00:00,SUSP-0038,women_safety,3
SYN-00893,te,Kanpur సమీపంలో డబ్బు కోరుతూ పదేపదే బెదిరింపులు వచ్చాయని Divya Reddy తెలిపారు.,extortion,medium,Kanpur,2024-08-25T07:00:00,,,0
SYN-00865,en,Saksham Dugar was deceived into transferring funds by a scammer posing as a vendor near Chennai.,cheating_fraud,medium,Chennai,2024-07-31T19:00:00,,,0
SYN-00500,ta,Mumbai அருகே விற்பனையாளர் போல் நடித்த மோசடி செய்பவரால் ரமணி பணத்தை மாற்ற ஏமாற்றப்பட்டார்.,cheating_fraud,medium,Mumbai,2024-12-05T19:00:00,,,0
SYN-00171,en,"A violent clash broke out near Chandigarh between two groups, Vanya Bora among those who filed a complaint.",rioting,medium,Chandigarh,2024-07-28T00:00:00,SUSP-0042,public_order,2
SYN-00103,hi,"अनाया बक्षी ने अपने ऑनलाइन बैंकिंग खाते में अनधिकृत पहुँच की सूचना दी, जो Kanpur से जुड़े एक आईपी से जुड़ी थी।",cybercrime,medium,Kanpur,2024-08-26T00:00:00,SUSP-0026,financial,2
SYN-00341,ta,Delhi அருகே விற்பனையாளர் போல் நடித்த மோசடி செய்பவரால் ஷாலினி எழில்மலை பணத்தை மாற்ற ஏமாற்றப்பட்டார்.,cheating_fraud,medium,Delhi,2024-12-18T20:00:00,,,0
SYN-00904,mr,Rohan Deshmukh यांनी Bengaluru जवळ वारंवार पैशांची मागणी करणाऱ्या धमक्या मिळाल्याची तक्रार केली.,extortion,medium,Bengaluru,2024-08-10T04:00:00,,,0
SYN-00973,ta,"சந்தேக நபர் Lucknow அருகே ஒரு வீட்டில் நுழைந்து ஒரு லேப்டாப் எடுத்துச் சென்றார், இசையரசி அங்கம்மாள் புகார் அளித்தார்.",burglary,medium,Lucknow,2024-12-22T13:00:00,,,0
SYN-00037,mr,अधिकाऱ्यांनी एनडीपीएस कायद्यांतर्गत Delhi जवळ अमली पदार्थांचा साठा जप्त केला; तपासात Vikram Shinde यांचा समावेश आहे.,drug_trafficking,high,Delhi,2025-06-11T00:00:00,SUSP-0008,narcotics,6
SYN-00605,ta,என்டிபிஎஸ் சட்டத்தின் கீழ் Nagpur அருகே போதைப்பொருள் கொள்முதலை அதிகாரிகள் பறிமுதல் செய்தனர்; விசாரணையில் மங்கை தணிகைமணி ஈடுபட்டுள்ளார்.,drug_trafficking,high,Nagpur,2024-04-18T01:00:00,,,0
SYN-01026,mr,"सशस्त्र लोकांच्या टोळीने Surat जवळील एका दुकानाची लूट केली, साक्षीदार Swati Gaikwad यांनी सांगितले.",dacoity,high,Surat,2025-09-09T19:00:00,,,0
SYN-00117,hi,"अधिकारियों ने एनडीपीएस अधिनियम के तहत Chennai के पास मादक पदार्थों की एक खेप जब्त की; जांच में लाल, रचना शामिल है।",drug_trafficking,high,Chennai,2025-04-10T00:00:00,SUSP-0030,narcotics,1
SYN-00142,te,ఎన్‌డిపిఎస్ చట్టం కింద అధికారులు Delhi సమీపంలో మాదక ద్రవ్యాల సరుకును స్వాధీనం చేసుకున్నారు; దర్యాప్తులో Suresh Rao ప్రమేయం ఉంది.,drug_trafficking,high,Delhi,2025-08-27T00:00:00,SUSP-0035,narcotics,5
SYN-00041,mr,अधिकाऱ्यांनी एनडीपीएस कायद्यांतर्गत Kanpur जवळ अमली पदार्थांचा साठा जप्त केला; तपासात Sanjay More यांचा समावेश आहे.,drug_trafficking,high,Kanpur,2024-08-20T00:00:00,SUSP-0009,narcotics,4
SYN-00818,te,"అనుమానితుడు Kanpur సమీపంలోని ఇంట్లోకి బలవంతంగా ప్రవేశించి బంగారు నగలు తీసుకెళ్లాడు, Padma Chowdary ఫిర్యాదు చేశారు.",burglary,medium,Kanpur,2025-09-03T17:00:00,,,0
SYN-00821,en,Ishita Chatterjee was reported missing near Nagpur; family suspects kidnapping for ransom.,kidnapping,high,Nagpur,2024-12-29T20:00:00,,,0
SYN-00366,mr,अधिकाऱ्यांनी एनडीपीएस कायद्यांतर्गत Delhi जवळ अमली पदार्थांचा साठा जप्त केला; तपासात Swati Gaikwad यांचा समावेश आहे.,drug_trafficking,high,Delhi,2024-01-10T22:00:00,,,0
SYN-00655,en,Hiran Sant was reported missing near Ahmedabad; family suspects kidnapping for ransom.,kidnapping,high,Ahmedabad,2024-08-14T22:00:00,,,0
SYN-01060,te,"Patna సమీపంలో వేధింపులు మరియు వెంబడించడంపై Suresh Rao ఫిర్యాదు చేశారు, దర్యాప్తు ప్రారంభమైంది.",crime_against_women,high,Patna,2024-04-19T05:00:00,,,0
SYN-01121,hi,अधिकारियों ने एनडीपीएस अधिनियम के तहत Kolkata के पास मादक पदार्थों की एक खेप जब्त की; जांच में अदिती मंडल शामिल है।,drug_trafficking,high,Kolkata,2025-08-31T21:00:00,,,0
SYN-00184,mr,"संशयिताने Bengaluru जवळील घरात जबरदस्तीने प्रवेश करून सोन्याचे दागिने नेले, Sneha Joshi यांनी तक्रार नोंदवली.",burglary,medium,Bengaluru,2025-04-04T00:00:00,SUSP-0045,property,3
SYN-00039,mr,अधिकाऱ्यांनी एनडीपीएस कायद्यांतर्गत Kochi जवळ अमली पदार्थांचा साठा जप्त केला; तपासात Sanjay More यांचा समावेश आहे.,drug_trafficking,high,Kochi,2024-06-10T00:00:00,SUSP-0009,narcotics,2
SYN-00416,mr,Priya Patil यांची Indore जवळ एक विळा घेतलेल्या सशस्त्र संशयिताशी गाठ पडली आणि रोख रक्कम हिसकावले गेले.,robbery,high,Indore,2025-07-29T16:00:00,,,0
SYN-00136,mr,"Kolkata जवळ दोन गटांमध्ये हिंसक चकमक झाली, तक्रार करणाऱ्यांमध्ये Priya Patil यांचा समावेश होता.",rioting,medium,Kolkata,2025-05-31T00:00:00,SUSP-0034,public_order,4
SYN-00120,hi,"अधिकारियों ने एनडीपीएस अधिनियम के तहत Chennai के पास मादक पदार्थों की एक खेप जब्त की; जांच में लाल, रचना शामिल है।",drug_trafficking,high,Chennai,2025-08-08T00:00:00,SUSP-0030,narcotics,4
SYN-00756,bn,"সৌম্য ঘোষ Kolkata এর কাছে মৃত অবস্থায় পাওয়া যায়, আঘাত একটি ছুরি এর সাথে সামঞ্জস্যপূর্ণ; হত্যা মামলা রুজু হয়েছে।",murder,critical,Kolkata,2025-03-24T23:00:00,,,0
SYN-00409,te,Sowmya Rani Indore సమీపంలో కనిపించకుండా పోయారని ఫిర్యాదు; విమోచన కోసం అపహరణ జరిగిందని కుటుంబం అనుమానిస్తోంది.,kidnapping,high,Indore,2025-09-17T12:00:00,,,0
SYN-00598,te,"Srinivas Sharma తన ఆన్‌లైన్ బ్యాంకింగ్ ఖాతాలో అనధికార ప్రవేశం జరిగిందని ఫిర్యాదు చేశారు, ఇది Ahmedabadకు సంబంధించిన ఐపీ నుండి వచ్చింది.",cybercrime,medium,Ahmedabad,2024-03-21T14:00:00,,,0
SYN-00196,te,"Lakshmi Naidu తన ఆన్‌లైన్ బ్యాంకింగ్ ఖాతాలో అనధికార ప్రవేశం జరిగిందని ఫిర్యాదు చేశారు, ఇది Patnaకు సంబంధించిన ఐపీ నుండి వచ్చింది.",cybercrime,medium,Patna,2024-12-06T00:00:00,SUSP-0048,financial,5
SYN-00140,te,ఎన్‌డిపిఎస్ చట్టం కింద అధికారులు Delhi సమీపంలో మాదక ద్రవ్యాల సరుకును స్వాధీనం చేసుకున్నారు; దర్యాప్తులో Suresh Rao ప్రమేయం ఉంది.,drug_trafficking,high,Delhi,2025-06-19T00:00:00,SUSP-0035,narcotics,3
SYN-00486,en,"Suspect forced entry into a house near Pune and took a two-wheeler, reported by Tushar Mand.",burglary,medium,Pune,2025-03-30T04:00:00,,,0
SYN-00255,mr,"Sanjay More यांनी Delhi जवळ छळ आणि पाठलाग केल्याची तक्रार नोंदवली, तपास सुरू करण्यात आला आहे.",crime_against_women,high,Delhi,2024-11-04T00:00:00,SUSP-0061,women_safety,3
SYN-00529,en,Farhan Chadha reported receiving repeated threats demanding money near Bhopal.,extortion,medium,Bhopal,2024-07-25T20:00:00,,,0
SYN-00210,en,Officers seized a consignment of narcotics near Patna under the NDPS Act; investigation involves Nehmat Sethi.,drug_trafficking,high,Patna,2024-09-12T00:00:00,SUSP-0051,narcotics,3
SYN-00222,bn,এনডিপিএস আইনের অধীনে কর্মকর্তারা Pune এর কাছে মাদকদ্রব্যের একটি চালান জব্দ করেছেন; তদন্তে অর্ঘ্য মন্ডল জড়িত।,drug_trafficking,high,Pune,2024-04-05T00:00:00,SUSP-0054,narcotics,2
SYN-00755,en,Uthkarsh Kashyap was confronted by an armed suspect with a country-made pistol near Delhi and had a mobile phone taken.,robbery,high,Delhi,2025-07-01T00:00:00,,,0
SYN-00231,hi,"अनन्या गर्ग ने अपने ऑनलाइन बैंकिंग खाते में अनधिकृत पहुँच की सूचना दी, जो Patna से जुड़े एक आईपी से जुड़ी थी।",cybercrime,medium,Patna,2024-04-18T00:00:00,SUSP-0056,financial,3
SYN-01136,mr,Anita Bhosale यांनी Kolkata जवळ वारंवार पैशांची मागणी करणाऱ्या धमक्या मिळाल्याची तक्रार केली.,extortion,medium,Kolkata,2025-07-26T01:00:00,,,0
SYN-00879,en,Abram Seth was deceived into transferring funds by a scammer posing as a vendor near Coimbatore.,cheating_fraud,medium,Coimbatore,2024-06-06T06:00:00,,,0
SYN-00845,en,"A violent clash broke out near Patna between two groups, Aarav Badami among those who filed a complaint.",rioting,medium,Patna,2025-01-06T02:00:00,,,0
SYN-00592,mr,"संशयिताने Patna जवळील घरात जबरदस्तीने प्रवेश करून एक दुचाकी नेले, Vikram Shinde यांनी तक्रार नोंदवली.",burglary,medium,Patna,2024-02-17T02:00:00,,,0
SYN-00814,mr,"Amit Kulkarni यांनी Mumbai जवळ छळ आणि पाठलाग केल्याची तक्रार नोंदवली, तपास सुरू करण्यात आला आहे.",crime_against_women,high,Mumbai,2025-01-20T18:00:00,,,0
SYN-00022,ta,"Chennai அருகே ஒரு இரும்பு கம்பி ஏந்திய ஆயுதம் தாங்கிய சந்தேக நபரை நாதவேணி சந்தித்தார், ஒரு இருசக்கர வாகனம் பறிக்கப்பட்டது.",robbery,high,Chennai,2024-08-01T00:00:00,SUSP-0005,property,5
SYN-00918,en,"Ritvik Choudhury filed a complaint of harassment and stalking near Kanpur, an investigation has been opened.",crime_against_women,high,Kanpur,2025-01-12T03:00:00,,,0
SYN-00639,en,"Suspect forced entry into a house near Delhi and took a laptop, reported by Kismat Hari.",burglary,medium,Delhi,2024-07-01T08:00:00,,,0
SYN-00181,bn,"Kolkata এর কাছে দুটি দলের মধ্যে সহিংস সংঘর্ষ হয়েছে, অভিযোগকারীদের মধ্যে অলোকা চৌধুরী ছিলেন।",rioting,medium,Kolkata,2025-04-24T00:00:00,SUSP-0044,public_order,5
SYN-00411,ta,"சந்தேக நபர் Kolkata அருகே ஒரு வீட்டில் நுழைந்து ஒரு இருசக்கர வாகனம் எடுத்துச் சென்றார், உதயகுமார்; புகார் அளித்தார்.",burglary,medium,Kolkata,2024-11-16T03:00:00,,,0
SYN-00228,bn,"নন্দিতা মজুমদার Ahmedabad এর কাছে হয়রানি ও অনুসরণ করার অভিযোগ দায়ের করেছেন, তদন্ত শুরু হয়েছে।",crime_against_women,high,Ahmedabad,2024-11-16T00:00:00,SUSP-0055,women_safety,4
SYN-00152,hi,अधिकारियों ने एनडीपीएस अधिनियम के तहत Guwahati के पास मादक पदार्थों की एक खेप जब्त की; जांच में जया विकावि शामिल है।,drug_trafficking,high,Guwahati,2025-03-30T00:00:00,SUSP-0037,narcotics,6
SYN-00377,mr,"Indore जवळ दोन गटांमध्ये हिंसक चकमक झाली, तक्रार करणाऱ्यांमध्ये Amit Kulkarni यांचा समावेश होता.",rioting,medium,Indore,2024-11-20T11:00:00,,,0
SYN-00069,en,"Mohanlal Ganesh reported unauthorised access to their online banking account, traced to an IP linked to Coimbatore.",cybercrime,medium,Coimbatore,2025-01-01T00:00:00,SUSP-0017,financial,2
SYN-00543,bn,আরাধ্যা পোদ্দার Patna এর কাছে নিখোঁজ বলে জানানো হয়েছে; পরিবার মুক্তিপণের জন্য অপহরণের সন্দেহ করছে।,kidnapping,high,Patna,2025-06-01T12:00:00,,,0
SYN-00997,mr,"Coimbatore जवळ दोन गटांमध्ये हिंसक चकमक झाली, तक्रार करणाऱ्यांमध्ये Anita Bhosale यांचा समावेश होता.",rioting,medium,Coimbatore,2024-02-03T09:00:00,,,0
SYN-00891,bn,"ইশিতা মৃধা Surat এর কাছে মৃত অবস্থায় পাওয়া যায়, আঘাত একটি ছুরি এর সাথে সামঞ্জস্যপূর্ণ; হত্যা মামলা রুজু হয়েছে।",murder,critical,Surat,2024-07-21T22:00:00,,,0
SYN-00742,te,"Coimbatore సమీపంలో ఒక కత్తి పట్టుకున్న అనుమానితుడిని Suresh Rao ఎదుర్కొన్నారు, ఒక ద్విచక్ర వాహనం లాక్కున్నారు.",robbery,high,Coimbatore,2024-06-23T00:00:00,,,0
SYN-00081,mr,"संशयिताने Pune जवळील घरात जबरदस्तीने प्रवेश करून रोख रक्कम नेले, Vikram Shinde यांनी तक्रार नोंदवली.",burglary,medium,Pune,2025-05-29T00:00:00,SUSP-0020,property,3
SYN-00960,en,"A gang of armed men robbed a shop near Coimbatore, reported by Emir Keer, a witness at the scene.",dacoity,high,Coimbatore,2025-04-14T21:00:00,,,0
SYN-00889,hi,रजनी महाराज ने बताया कि Kanpur के पास एक मोबाइल फोन लावारिस हालत में चोरी हो गया।,theft,low,Kanpur,2024-02-21T03:00:00,,,0
SYN-00853,te,ఎన్‌డిపిఎస్ చట్టం కింద అధికారులు Delhi సమీపంలో మాదక ద్రవ్యాల సరుకును స్వాధీనం చేసుకున్నారు; దర్యాప్తులో Anitha Prasad ప్రమేయం ఉంది.,drug_trafficking,high,Delhi,2024-07-08T04:00:00,,,0
SYN-00747,en,Officers seized a consignment of narcotics near Kolkata under the NDPS Act; investigation involves Rania Ghose.,drug_trafficking,high,Kolkata,2024-12-18T09:00:00,,,0
SYN-00112,en,"Suspect forced entry into a house near Bengaluru and took a two-wheeler, reported by Abram Sampath.",burglary,medium,Bengaluru,2024-05-30T00:00:00,SUSP-0028,property,3
SYN-00738,te,"సాయుధులైన వ్యక్తుల ముఠా Bengaluru సమీపంలోని దుకాణాన్ని దోచుకుంది, సాక్షి Ravi Kumar తెలిపారు.",dacoity,high,Bengaluru,2024-08-03T05:00:00,,,0
SYN-00121,mr,"Mumbai जवळ दोन गटांमध्ये हिंसक चकमक झाली, तक्रार करणाऱ्यांमध्ये Anita Bhosale यांचा समावेश होता.",rioting,medium,Mumbai,2025-05-07T00:00:00,SUSP-0031,public_order,1
SYN-00674,mr,Swati Gaikwad यांनी Kanpur जवळ वारंवार पैशांची मागणी करणाऱ्या धमक्या मिळाल्याची तक्रार केली.,extortion,medium,Kanpur,2024-08-03T18:00:00,,,0
SYN-00608,mr,Pooja Kale ने सांगितले की Chennai जवळ रोख रक्कम विनाकारण चोरीला गेले.,theft,low,Chennai,2025-04-06T14:00:00,,,0
SYN-00510,mr,Sanjay More ने सांगितले की Pune जवळ एक दुचाकी विनाकारण चोरीला गेले.,theft,low,Pune,2024-09-12T22:00:00,,,0
SYN-00107,en,"Tanya Kanda filed a complaint of harassment and stalking near Kochi, an investigation has been opened.",crime_against_women,high,Kochi,2025-05-13T00:00:00,SUSP-0027,women_safety,1
SYN-00019,ta,"சந்தேக நபர் Chennai அருகே ஒரு வீட்டில் நுழைந்து ஒரு இருசக்கர வாகனம் எடுத்துச் சென்றார், நாதவேணி புகார் அளித்தார்.",burglary,medium,Chennai,2024-04-06T00:00:00,SUSP-0005,property,2
SYN-00333,en,Adira Sibal reported that a laptop was stolen near Lucknow while unattended.,theft,low,Lucknow,2025-04-19T21:00:00,,,0
SYN-00800,bn,এনডিপিএস আইনের অধীনে কর্মকর্তারা Delhi এর কাছে মাদকদ্রব্যের একটি চালান জব্দ করেছেন; তদন্তে শ্রাবনী হুরাইরা জড়িত।,drug_trafficking,high,Delhi,2024-11-22T17:00:00,,,0
SYN-00327,ta,"Kochi அருகே கண்காணிப்பு இல்லாத நேரத்தில் ஒரு மொபைல் போன் திருடப்பட்டதாக அகுல், உஜேஷ் தெரிவித்தார்.",theft,low,Kochi,2025-04-18T21:00:00,,,0
SYN-00558,mr,Sanjay More यांची Kochi जवळ एक लोखंडी रॉड घेतलेल्या सशस्त्र संशयिताशी गाठ पडली आणि एक मोबाईल फोन हिसकावले गेले.,robbery,high,Kochi,2024-07-06T21:00:00,,,0
SYN-00563,hi,आद्विक दूबे का सामना Pune के पास एक हंसिया लिए एक सशस्त्र संदिग्ध से हुआ और सोने के गहने छीन लिया गया।,robbery,high,Pune,2024-12-16T13:00:00,,,0
SYN-00138,te,ఎన్‌డిపిఎస్ చట్టం కింద అధికారులు Delhi సమీపంలో మాదక ద్రవ్యాల సరుకును స్వాధీనం చేసుకున్నారు; దర్యాప్తులో Suresh Rao ప్రమేయం ఉంది.,drug_trafficking,high,Delhi,2025-03-21T00:00:00,SUSP-0035,narcotics,1
SYN-00646,ta,என்டிபிஎஸ் சட்டத்தின் கீழ் Kolkata அருகே போதைப்பொருள் கொள்முதலை அதிகாரிகள் பறிமுதல் செய்தனர்; விசாரணையில் சந்தானலட்சுமி ஈடுபட்டுள்ளார்.,drug_trafficking,high,Kolkata,2024-05-06T01:00:00,,,0
SYN-01082,en,Sumer Tella was confronted by an armed suspect with a knife near Nagpur and had a two-wheeler taken.,robbery,high,Nagpur,2024-12-23T23:00:00,,,0
SYN-00524,ta,Kolkata அருகே கண்காணிப்பு இல்லாத நேரத்தில் ஒரு லேப்டாப் திருடப்பட்டதாக மகஷேவரி தெரிவித்தார்.,theft,low,Kolkata,2024-04-09T02:00:00,,,0
SYN-01080,hi,"अधिकारियों ने एनडीपीएस अधिनियम के तहत Delhi के पास मादक पदार्थों की एक खेप जब्त की; जांच में लाला, स्वरा शामिल है।",drug_trafficking,high,Delhi,2025-02-04T08:00:00,,,0
SYN-00588,bn,বিরাট পাল Chennai এর কাছে একটি কাস্তে নিয়ে একজন সশস্ত্র সন্দেহভাজনের মুখোমুখি হন এবং তার একটি দুই চাকার গাড়ি ছিনতাই হয়।,robbery,high,Chennai,2025-02-14T12:00:00,,,0
SYN-00473,mr,Amit Kulkarni ने सांगितले की Jaipur जवळ एक लॅपटॉप विनाकारण चोरीला गेले.,theft,low,Jaipur,2024-04-05T01:00:00,,,0
SYN-00413,ta,"Guwahati அருகே ஒரு நாட்டு துப்பாக்கி ஏந்திய ஆயுதம் தாங்கிய சந்தேக நபரை பரிமளம் வடிவேல் சந்தித்தார், பணம் பறிக்கப்பட்டது.",robbery,high,Guwahati,2025-01-27T13:00:00,,,0
SYN-01157,mr,"Pooja Kale Chandigarh जवळ मृतावस्थेत आढळले, जखमा एक विळा शी सुसंगत होत्या; खुनाचा गुन्हा दाखल करण्यात आला.",murder,critical,Chandigarh,2025-03-09T02:00:00,,,0
SYN-00165,te,"Ahmedabad సమీపంలో ఒక కొడవలి పట్టుకున్న అనుమానితుడిని Padma Chowdary ఎదుర్కొన్నారు, ఒక మొబైల్ ఫోన్ లాక్కున్నారు.",robbery,high,Ahmedabad,2025-09-03T00:00:00,SUSP-0040,property,5
SYN-00797,te,"Chennai సమీపంలో రెండు గುంపుల మధ్య హింసాత్మక ఘర్షణ జరిగింది, ఫిర్యాదు చేసిన వారిలో Sowmya Rani ఒకరు.",rioting,medium,Chennai,2025-09-01T20:00:00,,,0
SYN-00238,te,"Bhopal సమీపంలో రెండు గುంపుల మధ్య హింసాత్మక ఘర్షణ జరిగింది, ఫిర్యాదు చేసిన వారిలో Sowmya Rani ఒకరు.",rioting,medium,Bhopal,2024-09-14T00:00:00,SUSP-0057,public_order,4
SYN-00749,bn,"আমায়া দাশগুপ্তা Ahmedabad এর কাছে হয়রানি ও অনুসরণ করার অভিযোগ দায়ের করেছেন, তদন্ত শুরু হয়েছে।",crime_against_women,high,Ahmedabad,2024-01-08T17:00:00,,,0
SYN-00671,en,Officers seized a consignment of narcotics near Kolkata under the NDPS Act; investigation involves Shamik Ramaswamy.,drug_trafficking,high,Kolkata,2025-03-26T05:00:00,,,0
SYN-00988,ta,"ஆயுதம் தாங்கிய நபர்கள் குழு Bengaluru அருகே ஒரு கடையை கொள்ளையடித்தனர், சாட்சி ரகுராம் தெரிவித்தார்.",dacoity,high,Bengaluru,2025-02-25T16:00:00,,,0
SYN-00419,bn,আরিয়া মিশ্র Patna এর কাছে একটি কাস্তে নিয়ে একজন সশস্ত্র সন্দেহভাজনের মুখোমুখি হন এবং তার একটি ল্যাপটপ ছিনতাই হয়।,robbery,high,Patna,2025-08-02T23:00:00,,,0
SYN-00765,en,Aarush Shankar was confronted by an armed suspect with a sickle near Jaipur and had gold jewellery taken.,robbery,high,Jaipur,2025-08-21T03:00:00,,,0
SYN-00730,te,Ravi Kumar Nagpur సమీపంలో కనిపించకుండా పోయారని ఫిర్యాదు; విమోచన కోసం అపహరణ జరిగిందని కుటుంబం అనుమానిస్తోంది.,kidnapping,high,Nagpur,2025-01-03T17:00:00,,,0
SYN-01150,mr,Sanjay More यांनी Chandigarh जवळ वारंवार पैशांची मागणी करणाऱ्या धमक्या मिळाल्याची तक्रार केली.,extortion,medium,Chandigarh,2024-01-06T10:00:00,,,0
SYN-00596,te,"Kanpur సమీపంలో ఒక కత్తి పట్టుకున్న అనుమానితుడిని Kiran Babu ఎదుర్కొన్నారు, నగదు లాక్కున్నారు.",robbery,high,Kanpur,2025-05-22T05:00:00,,,0
SYN-00497,bn,"Nagpur এর কাছে দুটি দলের মধ্যে সহিংস সংঘর্ষ হয়েছে, অভিযোগকারীদের মধ্যে আয়ুশি প্রধান ছিলেন।",rioting,medium,Nagpur,2025-08-28T00:00:00,,,0
SYN-00888,en,Ritvik Bora was found deceased near Chandigarh with injuries consistent with a sickle; a murder case was registered.,murder,critical,Chandigarh,2024-12-12T17:00:00,,,0
SYN-00544,hi,"महादेव, रचना Kanpur के पास लापता बताया गया; परिवार को फिरौती के लिए अपहरण की आशंका है।",kidnapping,high,Kanpur,2025-08-31T14:00:00,,,0
SYN-00953,te,"Srinivas Sharma Delhi సమీపంలో మృతదేహంగా కనిపించారు, గాయాలు ఒక ఇనుప రాడ్తో సరిపోలుతున్నాయి; హత్య కేసు నమోదైంది.",murder,critical,Delhi,2024-04-02T11:00:00,,,0
SYN-00647,ta,"உதயன் உமையம்மை தனது ஆன்லைன் வங்கிக் கணக்கில் அங்கீகரிக்கப்படாத அணுகல் இருந்ததாக புகார் அளித்தார், அது Kochi உடன் தொடர்புடைய ஐபியிலிருந்து வந்தது.",cybercrime,medium,Kochi,2025-07-14T02:00:00,,,0
SYN-00441,bn,অদৃতা মুখার্জি Lucknow এর কাছে নিখোঁজ বলে জানানো হয়েছে; পরিবার মুক্তিপণের জন্য অপহরণের সন্দেহ করছে।,kidnapping,high,Lucknow,2024-05-20T12:00:00,,,0
SYN-00241,te,"Nagpur సమీపంలో రెండు గುంపుల మధ్య హింసాత్మక ఘర్షణ జరిగింది, ఫిర్యాదు చేసిన వారిలో Lakshmi Naidu ఒకరు.",rioting,medium,Nagpur,2024-10-02T00:00:00,SUSP-0058,public_order,3
SYN-00680,te,ఎన్‌డిపిఎస్ చట్టం కింద అధికారులు Hyderabad సమీపంలో మాదక ద్రవ్యాల సరుకును స్వాధీనం చేసుకున్నారు; దర్యాప్తులో Ravi Kumar ప్రమేయం ఉంది.,drug_trafficking,high,Hyderabad,2024-12-16T14:00:00,,,0
SYN-00042,mr,"Coimbatore जवळ दोन गटांमध्ये हिंसक चकमक झाली, तक्रार करणाऱ्यांमध्ये Pooja Kale यांचा समावेश होता.",rioting,medium,Coimbatore,2024-12-08T00:00:00,SUSP-0010,public_order,1
SYN-00373,hi,"संदिग्ध ने Surat के पास एक घर में जबरन प्रवेश किया और एक दोपहिया वाहन ले गया, मायरा गांगुली ने रिपोर्ट दर्ज कराई।",burglary,medium,Surat,2025-09-11T19:00:00,,,0
SYN-00482,te,"సాయుధులైన వ్యక్తుల ముఠా Indore సమీపంలోని దుకాణాన్ని దోచుకుంది, సాక్షి Padma Chowdary తెలిపారు.",dacoity,high,Indore,2025-06-09T01:00:00,,,0
SYN-01056,en,"Suspect forced entry into a house near Kolkata and took a two-wheeler, reported by Pari De.",burglary,medium,Kolkata,2024-10-11T18:00:00,,,0
SYN-00300,ta,Pune அருகே விற்பனையாளர் போல் நடித்த மோசடி செய்பவரால் கனகா பணத்தை மாற்ற ஏமாற்றப்பட்டார்.,cheating_fraud,medium,Pune,2024-09-09T08:00:00,,,0
SYN-01096,mr,"सशस्त्र लोकांच्या टोळीने Jaipur जवळील एका दुकानाची लूट केली, साक्षीदार Swati Gaikwad यांनी सांगितले.",dacoity,high,Jaipur,2025-06-29T19:00:00,,,0
SYN-00701,hi,जगन्नाथ भंडारी ने Delhi के पास बार-बार पैसे की मांग करने वाली धमकियां मिलने की सूचना दी।,extortion,medium,Delhi,2025-01-03T07:00:00,,,0
SYN-00838,en,Zeeshan Balakrishnan was deceived into transferring funds by a scammer posing as a vendor near Patna.,cheating_fraud,medium,Patna,2024-02-13T07:00:00,,,0
SYN-00408,bn,"সশস্ত্র ব্যক্তিদের একটি দল Patna এর কাছে একটি দোকান লুট করেছে, ঘটনাস্থলের সাক্ষী ঋষিতা সরকার জানিয়েছেন।",dacoity,high,Patna,2024-04-26T08:00:00,,,0
SYN-00323,mr,अधिकाऱ्यांनी एनडीपीएस कायद्यांतर्गत Bengaluru जवळ अमली पदार्थांचा साठा जप्त केला; तपासात Anita Bhosale यांचा समावेश आहे.,drug_trafficking,high,Bengaluru,2025-07-31T03:00:00,,,0
SYN-00945,bn,কাফি বিশ্বাস Patna এর কাছে একটি দেশি পিস্তল নিয়ে একজন সশস্ত্র সন্দেহভাজনের মুখোমুখি হন এবং তার একটি ল্যাপটপ ছিনতাই হয়।,robbery,high,Patna,2024-03-12T15:00:00,,,0
SYN-00784,en,"A gang of armed men robbed a shop near Coimbatore, reported by Shaan Seth, a witness at the scene.",dacoity,high,Coimbatore,2024-04-09T03:00:00,,,0
SYN-01119,te,Hyderabad సమీపంలో ఎవరూ లేనప్పుడు ఒక మొబైల్ ఫోన్ దొంగిలించబడిందని Venkatesh Reddy తెలిపారు.,theft,low,Hyderabad,2025-03-30T20:00:00,,,0
SYN-01128,hi,"कम्बोज चौधरी Lucknow के पास मृत पाया गया, चोटें एक कट्टा से मेल खाती थीं; हत्या का मामला दर्ज किया गया।",murder,critical,Lucknow,2025-05-21T12:00:00,,,0
SYN-00841,en,"A violent clash broke out near Coimbatore between two groups, Ivana Edwin among those who filed a complaint.",rioting,medium,Coimbatore,2024-05-25T14:00:00,,,0
SYN-00707,bn,নিশিতা সরকার Chennai এর কাছে নিখোঁজ বলে জানানো হয়েছে; পরিবার মুক্তিপণের জন্য অপহরণের সন্দেহ করছে।,kidnapping,high,Chennai,2025-06-09T08:00:00,,,0
SYN-00275,hi,"Guwahati के पास दो गुटों के बीच हिंसक झड़प हुई, शिकायत दर्ज कराने वालों में आन्वी साया भी शामिल थे।",rioting,medium,Guwahati,2025-08-30T00:00:00,SUSP-0065,public_order,5
SYN-00704,ta,"மகஷேவரி நன்னன் Kochi அருகே இறந்த நிலையில் காணப்பட்டார், காயங்கள் ஒரு இரும்பு கம்பி உடன் பொருந்துகின்றன; கொலை வழக்கு பதிவு செய்யப்பட்டது.",murder,critical,Kochi,2025-08-19T11:00:00,,,0
SYN-00097,bn,লিটন হুরাইরা Bhopal এর কাছে একটি কাস্তে নিয়ে একজন সশস্ত্র সন্দেহভাজনের মুখোমুখি হন এবং তার একটি দুই চাকার গাড়ি ছিনতাই হয়।,robbery,high,Bhopal,2025-09-05T00:00:00,SUSP-0024,property,5
SYN-01122,mr,Amit Kulkarni यांना Jaipur जवळ विक्रेता असल्याचे भासवून फसवणूक करणाऱ्याने पैसे हस्तांतरित करण्यास फसवले.,cheating_fraud,medium,Jaipur,2024-06-26T21:00:00,,,0
SYN-00316,mr,Sneha Joshi यांनी Hyderabad जवळ वारंवार पैशांची मागणी करणाऱ्या धमक्या मिळाल्याची तक्रार केली.,extortion,medium,Hyderabad,2024-05-23T15:00:00,,,0
SYN-00729,te,"Pune సమీపంలో ఒక కత్తి పట్టుకున్న అనుమానితుడిని Venkatesh Reddy ఎదుర్కొన్నారు, నగదు లాక్కున్నారు.",robbery,high,Pune,2024-09-17T15:00:00,,,0
SYN-00777,mr,Anita Bhosale यांनी Chennai जवळ वारंवार पैशांची मागणी करणाऱ्या धमक्या मिळाल्याची तक्रार केली.,extortion,medium,Chennai,2024-04-08T16:00:00,,,0
SYN-00502,ta,"Kolkata அருகே இரு குழுக்களுக்கிடையே வன்முறை மோதல் வெடித்தது, புகார் அளித்தவர்களில் அகலிகை இசை ஒருவர்.",rioting,medium,Kolkata,2024-04-23T16:00:00,,,0
SYN-01181,te,"Venkatesh Reddy తన ఆన్‌లైన్ బ్యాంకింగ్ ఖాతాలో అనధికార ప్రవేశం జరిగిందని ఫిర్యాదు చేశారు, ఇది Hyderabadకు సంబంధించిన ఐపీ నుండి వచ్చింది.",cybercrime,medium,Hyderabad,2024-10-21T23:00:00,,,0
SYN-00220,te,"Surat సమీపంలో ఒక ఇనుప రాడ్ పట్టుకున్న అనుమానితుడిని Padma Chowdary ఎదుర్కొన్నారు, బంగారు నగలు లాక్కున్నారు.",robbery,high,Surat,2025-01-22T00:00:00,SUSP-0053,property,6
SYN-00549,bn,"Jaipur এর কাছে দুটি দলের মধ্যে সহিংস সংঘর্ষ হয়েছে, অভিযোগকারীদের মধ্যে ডলি ঘোষ ছিলেন।",rioting,medium,Jaipur,2025-03-09T12:00:00,,,0
SYN-00163,te,"అనుమానితుడు Ahmedabad సమీపంలోని ఇంట్లోకి బలవంతంగా ప్రవేశించి ఒక ల్యాప్‌టాప్ తీసుకెళ్లాడు, Padma Chowdary ఫిర్యాదు చేశారు.",burglary,medium,Ahmedabad,2025-06-26T00:00:00,SUSP-0040,property,3
SYN-00192,te,"Lakshmi Naidu తన ఆన్‌లైన్ బ్యాంకింగ్ ఖాతాలో అనధికార ప్రవేశం జరిగిందని ఫిర్యాదు చేశారు, ఇది Bhopalకు సంబంధించిన ఐపీ నుండి వచ్చింది.",cybercrime,medium,Bhopal,2024-07-31T00:00:00,SUSP-0048,financial,1
SYN-00356,hi,"Nagpur के पास दो गुटों के बीच हिंसक झड़प हुई, शिकायत दर्ज कराने वालों में प्रभाकर कुलकर्णी भी शामिल थे।",rioting,medium,Nagpur,2024-06-22T04:00:00,,,0
SYN-00880,te,ఎన్‌డిపిఎస్ చట్టం కింద అధికారులు Surat సమీపంలో మాదక ద్రవ్యాల సరుకును స్వాధీనం చేసుకున్నారు; దర్యాప్తులో Ravi Kumar ప్రమేయం ఉంది.,drug_trafficking,high,Surat,2024-05-26T03:00:00,,,0
SYN-00273,hi,"Guwahati के पास दो गुटों के बीच हिंसक झड़प हुई, शिकायत दर्ज कराने वालों में आन्वी साया भी शामिल थे।",rioting,medium,Guwahati,2025-06-18T00:00:00,SUSP-0065,public_order,3
SYN-00796,mr,"Priya Patil यांनी Bengaluru जवळ छळ आणि पाठलाग केल्याची तक्रार नोंदवली, तपास सुरू करण्यात आला आहे.",crime_against_women,high,Bengaluru,2024-11-28T15:00:00,,,0
SYN-00664,hi,"कुमारी लाल ने Guwahati के पास उत्पीड़न और पीछा किए जाने की शिकायत दर्ज कराई, जांच शुरू कर दी गई है।",crime_against_women,high,Guwahati,2024-05-29T23:00:00,,,0
SYN-00407,bn,"Bengaluru এর কাছে দুটি দলের মধ্যে সহিংস সংঘর্ষ হয়েছে, অভিযোগকারীদের মধ্যে বাকের সুলতানা ছিলেন।",rioting,medium,Bengaluru,2025-08-14T03:00:00,,,0
SYN-00632,te,Nagpur సమీపంలో ఎవరూ లేనప్పుడు ఒక మొబైల్ ఫోన్ దొంగిలించబడిందని Lakshmi Naidu తెలిపారు.,theft,low,Nagpur,2025-04-01T07:00:00,,,0
SYN-00470,mr,"सशस्त्र लोकांच्या टोळीने Ahmedabad जवळील एका दुकानाची लूट केली, साक्षीदार Nikhil Jadhav यांनी सांगितले.",dacoity,high,Ahmedabad,2024-06-03T00:00:00,,,0
SYN-00074,mr,Priya Patil यांची Delhi जवळ एक विळा घेतलेल्या सशस्त्र संशयिताशी गाठ पडली आणि सोन्याचे दागिने हिसकावले गेले.,robbery,high,Delhi,2025-07-24T00:00:00,SUSP-0018,violent,3
SYN-00949,en,Jayan Vig was deceived into transferring funds by a scammer posing as a vendor near Kolkata.,cheating_fraud,medium,Kolkata,2024-01-01T01:00:00,,,0
SYN-00034,mr,अधिकाऱ्यांनी एनडीपीएस कायद्यांतर्गत Delhi जवळ अमली पदार्थांचा साठा जप्त केला; तपासात Vikram Shinde यांचा समावेश आहे.,drug_trafficking,high,Delhi,2025-03-05T00:00:00,SUSP-0008,narcotics,3
SYN-00365,bn,রিনা মোড়ল Bengaluru এর কাছে বারবার অর্থ দাবি করে হুমকি পাওয়ার কথা জানিয়েছেন।,extortion,medium,Bengaluru,2024-02-02T02:00:00,,,0
SYN-00703,ta,"ஆயுதம் தாங்கிய நபர்கள் குழு Coimbatore அருகே ஒரு கடையை கொள்ளையடித்தனர், சாட்சி வண்டமிழ் தெரிவித்தார்.",dacoity,high,Coimbatore,2024-01-16T23:00:00,,,0
SYN-00223,bn,এনডিপিএস আইনের অধীনে কর্মকর্তারা Jaipur এর কাছে মাদকদ্রব্যের একটি চালান জব্দ করেছেন; তদন্তে অর্ঘ্য মন্ডল জড়িত।,drug_trafficking,high,Jaipur,2024-04-22T00:00:00,SUSP-0054,narcotics,3
SYN-00452,en,Ishita Dey reported that cash was stolen near Indore while unattended.,theft,low,Indore,2025-06-02T09:00:00,,,0
SYN-01061,mr,"सशस्त्र लोकांच्या टोळीने Ahmedabad जवळील एका दुकानाची लूट केली, साक्षीदार Nikhil Jadhav यांनी सांगितले.",dacoity,high,Ahmedabad,2025-02-21T03:00:00,,,0
SYN-01013,hi,"गायकवाड, निखिल Hyderabad के पास मृत पाया गया, चोटें एक हंसिया से मेल खाती थीं; हत्या का मामला दर्ज किया गया।",murder,critical,Hyderabad,2024-09-23T07:00:00,,,0
SYN-00270,mr,"Nikhil Jadhav यांनी त्यांच्या ऑनलाइन बँकिंग खात्यात अनधिकृत प्रवेश झाल्याची तक्रार केली, जी Kolkata शी संबंधित आयपीवरून झाली.",cybercrime,medium,Kolkata,2024-11-06T00:00:00,SUSP-0064,financial,4
SYN-00637,te,Bhopal సమీపంలో డబ్బు కోరుతూ పదేపదే బెదిరింపులు వచ్చాయని Anitha Prasad తెలిపారు.,extortion,medium,Bhopal,2024-04-16T06:00:00,,,0
SYN-00339,ta,Surat அருகே பணம் கோரி மீண்டும் மீண்டும் மிரட்டல் வந்ததாக ஒளிவேந்தன் தெரிவித்தார்.,extortion,medium,Surat,2024-08-30T09:00:00,,,0
SYN-00595,bn,আশুতোষ ব্যানার্জি Indore এর কাছে বারবার অর্থ দাবি করে হুমকি পাওয়ার কথা জানিয়েছেন।,extortion,medium,Indore,2024-06-01T17:00:00,,,0
SYN-00415,hi,अभय मंगल Patna के पास लापता बताया गया; परिवार को फिरौती के लिए अपहरण की आशंका है।,kidnapping,high,Patna,2025-09-26T01:00:00,,,0
SYN-00190,bn,"মিলন হক তার অনলাইন ব্যাংকিং অ্যাকাউন্টে অননুমোদিত প্রবেশের অভিযোগ করেছেন, যা Nagpur এর সাথে যুক্ত একটি আইপি থেকে হয়েছে।",cybercrime,medium,Nagpur,2025-01-06T00:00:00,SUSP-0047,financial,3
SYN-01152,en,"A violent clash broke out near Bengaluru between two groups, Raghav Chada among those who filed a complaint.",rioting,medium,Bengaluru,2025-07-14T19:00:00,,,0
SYN-00719,ta,Coimbatore அருகே கண்காணிப்பு இல்லாத நேரத்தில் பணம் திருடப்பட்டதாக ஏழிசைமதி தெரிவித்தார்.,theft,low,Coimbatore,2024-12-21T12:00:00,,,0
SYN-00157,ta,"ரஃபி தனது ஆன்லைன் வங்கிக் கணக்கில் அங்கீகரிக்கப்படாத அணுகல் இருந்ததாக புகார் அளித்தார், அது Jaipur உடன் தொடர்புடைய ஐபியிலிருந்து வந்தது.",cybercrime,medium,Jaipur,2024-05-11T00:00:00,SUSP-0039,financial,1
SYN-01001,bn,আশ্বিনী ব্যানার্জি Kochi এর কাছে একটি দেশি পিস্তল নিয়ে একজন সশস্ত্র সন্দেহভাজনের মুখোমুখি হন এবং তার সোনার গহনা ছিনতাই হয়।,robbery,high,Kochi,2024-03-09T17:00:00,,,0
SYN-00480,bn,মিনা হক কে Jaipur এর কাছে একজন বিক্রেতা সেজে থাকা প্রতারক অর্থ স্থানান্তর করতে প্রতারিত করেছে।,cheating_fraud,medium,Jaipur,2024-05-02T02:00:00,,,0
SYN-00750,mr,अधिकाऱ्यांनी एनडीपीएस कायद्यांतर्गत Indore जवळ अमली पदार्थांचा साठा जप्त केला; तपासात Vikram Shinde यांचा समावेश आहे.,drug_trafficking,high,Indore,2024-09-12T05:00:00,,,0
SYN-00628,ta,என்டிபிஎஸ் சட்டத்தின் கீழ் Nagpur அருகே போதைப்பொருள் கொள்முதலை அதிகாரிகள் பறிமுதல் செய்தனர்; விசாரணையில் ஏந்திழை ஈடுபட்டுள்ளார்.,drug_trafficking,high,Nagpur,2024-03-15T22:00:00,,,0
SYN-00509,te,"అనుమానితుడు Nagpur సమీపంలోని ఇంట్లోకి బలవంతంగా ప్రవేశించి ఒక ద్విచక్ర వాహనం తీసుకెళ్లాడు, Anitha Prasad ఫిర్యాదు చేశారు.",burglary,medium,Nagpur,2024-11-23T05:00:00,,,0
SYN-00404,ta,"ரம்யா தனது ஆன்லைன் வங்கிக் கணக்கில் அங்கீகரிக்கப்படாத அணுகல் இருந்ததாக புகார் அளித்தார், அது Patna உடன் தொடர்புடைய ஐபியிலிருந்து வந்தது.",cybercrime,medium,Patna,2024-08-25T12:00:00,,,0
SYN-00336,en,"Suspect forced entry into a house near Chandigarh and took gold jewellery, reported by Armaan Joshi.",burglary,medium,Chandigarh,2024-02-04T14:00:00,,,0
SYN-00195,te,"Lakshmi Naidu తన ఆన్‌లైన్ బ్యాంకింగ్ ఖాతాలో అనధికార ప్రవేశం జరిగిందని ఫిర్యాదు చేశారు, ఇది Patnaకు సంబంధించిన ఐపీ నుండి వచ్చింది.",cybercrime,medium,Patna,2024-10-12T00:00:00,SUSP-0048,financial,4
SYN-00556,te,"Surat సమీపంలో వేధింపులు మరియు వెంబడించడంపై Anitha Prasad ఫిర్యాదు చేశారు, దర్యాప్తు ప్రారంభమైంది.",crime_against_women,high,Surat,2024-08-15T21:00:00,,,0
SYN-00347,te,"Delhi సమీపంలో వేధింపులు మరియు వెంబడించడంపై Sowmya Rani ఫిర్యాదు చేశారు, దర్యాప్తు ప్రారంభమైంది.",crime_against_women,high,Delhi,2024-03-15T06:00:00,,,0
SYN-00426,te,"Ravi Kumar Guwahati సమీపంలో మృతదేహంగా కనిపించారు, గాయాలు ఒక కత్తితో సరిపోలుతున్నాయి; హత్య కేసు నమోదైంది.",murder,critical,Guwahati,2024-09-30T16:00:00,,,0
SYN-00728,bn,"কাবেরি ঘোষ Kochi এর কাছে মৃত অবস্থায় পাওয়া যায়, আঘাত একটি কাস্তে এর সাথে সামঞ্জস্যপূর্ণ; হত্যা মামলা রুজু হয়েছে।",murder,critical,Kochi,2025-08-04T01:00:00,,,0
SYN-00052,bn,"Kolkata এর কাছে দুটি দলের মধ্যে সহিংস সংঘর্ষ হয়েছে, অভিযোগকারীদের মধ্যে কেয়া পাল ছিলেন।",rioting,medium,Kolkata,2024-01-22T00:00:00,SUSP-0013,public_order,1
SYN-00467,en,"Alia Chatterjee reported unauthorised access to their online banking account, traced to an IP linked to Bengaluru.",cybercrime,medium,Bengaluru,2025-04-21T09:00:00,,,0
SYN-00542,en,"A gang of armed men robbed a shop near Delhi, reported by Dhruv Ramakrishnan, a witness at the scene.",dacoity,high,Delhi,2025-04-12T01:00:00,,,0
SYN-00590,hi,"संदिग्ध ने Bhopal के पास एक घर में जबरन प्रवेश किया और सोने के गहने ले गया, जितेन्द्र साया ने रिपोर्ट दर्ज कराई।",burglary,medium,Bhopal,2025-08-27T15:00:00,,,0
SYN-00091,te,"Kanpur సమీపంలో రెండు గುంపుల మధ్య హింసాత్మక ఘర్షణ జరిగింది, ఫిర్యాదు చేసిన వారిలో Lakshmi Naidu ఒకరు.",rioting,medium,Kanpur,2024-07-09T00:00:00,SUSP-0023,public_order,4
SYN-00012,te,"Anitha Prasad తన ఆన్‌లైన్ బ్యాంకింగ్ ఖాతాలో అనధికార ప్రవేశం జరిగిందని ఫిర్యాదు చేశారు, ఇది Bengaluruకు సంబంధించిన ఐపీ నుండి వచ్చింది.",cybercrime,medium,Bengaluru,2024-11-01T00:00:00,SUSP-0003,financial,5
SYN-00101,bn,"একরামুল আওয়াল তার অনলাইন ব্যাংকিং অ্যাকাউন্টে অননুমোদিত প্রবেশের অভিযোগ করেছেন, যা Jaipur এর সাথে যুক্ত একটি আইপি থেকে হয়েছে।",cybercrime,medium,Jaipur,2024-12-29T00:00:00,SUSP-0025,financial,3
SYN-00842,te,ఎన్‌డిపిఎస్ చట్టం కింద అధికారులు Hyderabad సమీపంలో మాదక ద్రవ్యాల సరుకును స్వాధీనం చేసుకున్నారు; దర్యాప్తులో Lakshmi Naidu ప్రమేయం ఉంది.,drug_trafficking,high,Hyderabad,2025-08-22T22:00:00,,,0
SYN-01097,te,Coimbatore సమీపంలో డబ్బు కోరుతూ పదేపదే బెదిరింపులు వచ్చాయని Venkatesh Reddy తెలిపారు.,extortion,medium,Coimbatore,2024-07-24T11:00:00,,,0
SYN-01044,bn,জনা সিনহা Nagpur এর কাছে বারবার অর্থ দাবি করে হুমকি পাওয়ার কথা জানিয়েছেন।,extortion,medium,Nagpur,2024-04-08T17:00:00,,,0
SYN-00673,bn,"দূর্গা সরকার Chennai এর কাছে হয়রানি ও অনুসরণ করার অভিযোগ দায়ের করেছেন, তদন্ত শুরু হয়েছে।",crime_against_women,high,Chennai,2024-08-23T13:00:00,,,0
SYN-00950,hi,"Surat के पास दो गुटों के बीच हिंसक झड़प हुई, शिकायत दर्ज कराने वालों में कृष्णन, जगन्नाथ भी शामिल थे।",rioting,medium,Surat,2025-02-04T18:00:00,,,0
SYN-00511,bn,"সন্দেহভাজন Mumbai এর কাছে একটি বাড়িতে জোর করে ঢুকে নগদ টাকা নিয়ে গেছে, রুদ্র সরকার অভিযোগ করেছেন।",burglary,medium,Mumbai,2024-02-19T12:00:00,,,0
SYN-00831,en,"Kismat Bora filed a complaint of harassment and stalking near Chandigarh, an investigation has been opened.",crime_against_women,high,Chandigarh,2024-09-30T19:00:00,,,0
SYN-00135,mr,"Coimbatore जवळ दोन गटांमध्ये हिंसक चकमक झाली, तक्रार करणाऱ्यांमध्ये Priya Patil यांचा समावेश होता.",rioting,medium,Coimbatore,2025-05-04T00:00:00,SUSP-0034,public_order,3
SYN-00454,en,Anahi Gour was found deceased near Bengaluru with injuries consistent with a country-made pistol; a murder case was registered.,murder,critical,Bengaluru,2025-06-07T06:00:00,,,0
SYN-00113,ta,Chandigarh அருகே கண்காணிப்பு இல்லாத நேரத்தில் தங்க நகைகள் திருடப்பட்டதாக மங்கை தசரதன் தெரிவித்தார்.,theft,low,Chandigarh,2024-05-15T00:00:00,SUSP-0029,property,1
SYN-00090,te,"Pune సమీపంలో రెండు గುంపుల మధ్య హింసాత్మక ఘర్షణ జరిగింది, ఫిర్యాదు చేసిన వారిలో Lakshmi Naidu ఒకరు.",rioting,medium,Pune,2024-05-19T00:00:00,SUSP-0023,public_order,3
SYN-00291,mr,"Coimbatore जवळ दोन गटांमध्ये हिंसक चकमक झाली, तक्रार करणाऱ्यांमध्ये Amit Kulkarni यांचा समावेश होता.",rioting,medium,Coimbatore,2024-05-23T00:00:00,SUSP-0069,public_order,2
SYN-00203,te,"Bengaluru సమీపంలో రెండు గುంపుల మధ్య హింసాత్మక ఘర్షణ జరిగింది, ఫిర్యాదు చేసిన వారిలో Anitha Prasad ఒకరు.",rioting,medium,Bengaluru,2025-08-25T00:00:00,SUSP-0049,public_order,6
SYN-00204,hi,"संदिग्ध ने Chennai के पास एक घर में जबरन प्रवेश किया और एक मोबाइल फोन ले गया, अंकुर लूथरा ने रिपोर्ट दर्ज कराई।",burglary,medium,Chennai,2025-04-08T00:00:00,SUSP-0050,property,1
SYN-00851,ta,Kanpur அருகே பணம் கோரி மீண்டும் மீண்டும் மிரட்டல் வந்ததாக ஏழிசைக்கனி தெரிவித்தார்.,extortion,medium,Kanpur,2025-04-09T13:00:00,,,0
SYN-01042,bn,"মিম মজুমদার Coimbatore এর কাছে মৃত অবস্থায় পাওয়া যায়, আঘাত একটি দেশি পিস্তল এর সাথে সামঞ্জস্যপূর্ণ; হত্যা মামলা রুজু হয়েছে।",murder,critical,Coimbatore,2024-03-19T16:00:00,,,0
SYN-00369,te,"Kiran Babu Guwahati సమీపంలో మృతదేహంగా కనిపించారు, గాయాలు ఒక ఇనుప రాడ్తో సరిపోలుతున్నాయి; హత్య కేసు నమోదైంది.",murder,critical,Guwahati,2024-02-03T05:00:00,,,0
SYN-00819,hi,"अधिकारियों ने एनडीपीएस अधिनियम के तहत Patna के पास मादक पदार्थों की एक खेप जब्त की; जांच में दादा, जयन्ती शामिल है।",drug_trafficking,high,Patna,2025-07-28T22:00:00,,,0
SYN-00451,en,Anya Ghose reported that gold jewellery was stolen near Guwahati while unattended.,theft,low,Guwahati,2024-03-10T00:00:00,,,0
SYN-00298,hi,"Chandigarh के पास दो गुटों के बीच हिंसक झड़प हुई, शिकायत दर्ज कराने वालों में कुलकर्णी, प्रेम भी शामिल थे।",rioting,medium,Chandigarh,2024-04-18T00:00:00,SUSP-0070,public_order,4
SYN-00882,en,Fateh Swaminathan reported receiving repeated threats demanding money near Chandigarh.,extortion,medium,Chandigarh,2024-03-30T10:00:00,,,0
SYN-00917,mr,"Coimbatore जवळ दोन गटांमध्ये हिंसक चकमक झाली, तक्रार करणाऱ्यांमध्ये Priya Patil यांचा समावेश होता.",rioting,medium,Coimbatore,2024-10-02T13:00:00,,,0
SYN-00031,te,"Bengaluru సమీపంలో ఒక కత్తి పట్టుకున్న అనుమానితుడిని Venkatesh Reddy ఎదుర్కొన్నారు, నగదు లాక్కున్నారు.",robbery,high,Bengaluru,2024-12-02T00:00:00,SUSP-0007,violent,3
SYN-00578,mr,Sneha Joshi यांनी Coimbatore जवळ वारंवार पैशांची मागणी करणाऱ्या धमक्या मिळाल्याची तक्रार केली.,extortion,medium,Coimbatore,2024-10-03T19:00:00,,,0
SYN-01177,ta,"Kochi அருகே இரு குழுக்களுக்கிடையே வன்முறை மோதல் வெடித்தது, புகார் அளித்தவர்களில் எழிலரசன் ஒருவர்.",rioting,medium,Kochi,2024-10-24T01:00:00,,,0
SYN-01197,te,"Padma Chowdary తన ఆన్‌లైన్ బ్యాంకింగ్ ఖాతాలో అనధికార ప్రవేశం జరిగిందని ఫిర్యాదు చేశారు, ఇది Ahmedabadకు సంబంధించిన ఐపీ నుండి వచ్చింది.",cybercrime,medium,Ahmedabad,2024-06-04T16:00:00,,,0
SYN-00753,hi,"संदिग्ध ने Hyderabad के पास एक घर में जबरन प्रवेश किया और नकदी ले गया, साई दुआ ने रिपोर्ट दर्ज कराई।",burglary,medium,Hyderabad,2024-05-19T09:00:00,,,0
SYN-00007,mr,"Anita Bhosale यांनी त्यांच्या ऑनलाइन बँकिंग खात्यात अनधिकृत प्रवेश झाल्याची तक्रार केली, जी Nagpur शी संबंधित आयपीवरून झाली.",cybercrime,medium,Nagpur,2024-04-22T00:00:00,SUSP-0002,financial,3
SYN-01118,en,Shalv Arora was reported missing near Bhopal; family suspects kidnapping for ransom.,kidnapping,high,Bhopal,2025-09-08T23:00:00,,,0
SYN-00410,bn,শাহজাহান আওয়াল কে Chandigarh এর কাছে একজন বিক্রেতা সেজে থাকা প্রতারক অর্থ স্থানান্তর করতে প্রতারিত করেছে।,cheating_fraud,medium,Chandigarh,2024-06-25T21:00:00,,,0
SYN-00995,te,Guwahati సమీపంలో విక్రేతగా నటించిన మోసగాడు Sowmya Raniను నగదు బదిలీ చేయమని మోసం చేశాడు.,cheating_fraud,medium,Guwahati,2024-01-25T14:00:00,,,0
SYN-01088,ta,"சந்தேக நபர் Kanpur அருகே ஒரு வீட்டில் நுழைந்து ஒரு இருசக்கர வாகனம் எடுத்துச் சென்றார், ராகவன் தங்கமுத்து புகார் அளித்தார்.",burglary,medium,Kanpur,2024-04-12T22:00:00,,,0
SYN-00876,te,Venkatesh Reddy Jaipur సమీపంలో కనిపించకుండా పోయారని ఫిర్యాదు; విమోచన కోసం అపహరణ జరిగిందని కుటుంబం అనుమానిస్తోంది.,kidnapping,high,Jaipur,2025-02-27T02:00:00,,,0
SYN-00589,mr,"Bhopal जवळ दोन गटांमध्ये हिंसक चकमक झाली, तक्रार करणाऱ्यांमध्ये Swati Gaikwad यांचा समावेश होता.",rioting,medium,Bhopal,2024-06-19T03:00:00,,,0
SYN-00826,ta,"Pune அருகே ஒரு நாட்டு துப்பாக்கி ஏந்திய ஆயுதம் தாங்கிய சந்தேக நபரை சங்காரம் சந்தித்தார், தங்க நகைகள் பறிக்கப்பட்டது.",robbery,high,Pune,2024-05-21T18:00:00,,,0
SYN-00219,te,"Surat సమీపంలో ఒక కత్తి పట్టుకున్న అనుమానితుడిని Padma Chowdary ఎదుర్కొన్నారు, నగదు లాక్కున్నారు.",robbery,high,Surat,2024-12-14T00:00:00,SUSP-0053,property,5
SYN-00693,bn,"ইশিতা বাগচী Nagpur এর কাছে হয়রানি ও অনুসরণ করার অভিযোগ দায়ের করেছেন, তদন্ত শুরু হয়েছে।",crime_against_women,high,Nagpur,2025-02-11T23:00:00,,,0
SYN-00236,te,"Bhopal సమీపంలో రెండు గುంపుల మధ్య హింసాత్మక ఘర్షణ జరిగింది, ఫిర్యాదు చేసిన వారిలో Sowmya Rani ఒకరు.",rioting,medium,Bhopal,2024-06-17T00:00:00,SUSP-0057,public_order,2
SYN-00229,hi,"अनन्या गर्ग ने अपने ऑनलाइन बैंकिंग खाते में अनधिकृत पहुँच की सूचना दी, जो Kochi से जुड़े एक आईपी से जुड़ी थी।",cybercrime,medium,Kochi,2024-02-16T00:00:00,SUSP-0056,financial,1
SYN-00004,te,"Jaipur సమీపంలో ఒక కత్తి పట్టుకున్న అనుమానితుడిని Lakshmi Naidu ఎదుర్కొన్నారు, బంగారు నగలు లాక్కున్నారు.",robbery,high,Jaipur,2025-03-15T00:00:00,SUSP-0001,property,4
SYN-00225,bn,"নন্দিতা মজুমদার Patna এর কাছে হয়রানি ও অনুসরণ করার অভিযোগ দায়ের করেছেন, তদন্ত শুরু হয়েছে।",crime_against_women,high,Patna,2024-06-07T00:00:00,SUSP-0055,women_safety,1
SYN-00900,hi,"Guwahati के पास दो गुटों के बीच हिंसक झड़प हुई, शिकायत दर्ज कराने वालों में अनिका दुआ भी शामिल थे।",rioting,medium,Guwahati,2025-03-17T13:00:00,,,0
SYN-00044,mr,"Surat जवळ दोन गटांमध्ये हिंसक चकमक झाली, तक्रार करणाऱ्यांमध्ये Pooja Kale यांचा समावेश होता.",rioting,medium,Surat,2025-02-28T00:00:00,SUSP-0010,public_order,3
SYN-00466,bn,"সন্দেহভাজন Coimbatore এর কাছে একটি বাড়িতে জোর করে ঢুকে একটি ল্যাপটপ নিয়ে গেছে, ইউসুফ খাতুন অভিযোগ করেছেন।",burglary,medium,Coimbatore,2024-02-23T05:00:00,,,0
SYN-00108,en,"Tanya Kanda filed a complaint of harassment and stalking near Kochi, an investigation has been opened.",crime_against_women,high,Kochi,2025-05-26T00:00:00,SUSP-0027,women_safety,2
SYN-00167,mr,अधिकाऱ्यांनी एनडीपीएस कायद्यांतर्गत Jaipur जवळ अमली पदार्थांचा साठा जप्त केला; तपासात Pooja Kale यांचा समावेश आहे.,drug_trafficking,high,Jaipur,2024-10-02T00:00:00,SUSP-0041,narcotics,2
SYN-00823,ta,"மணிக்கொடி அகில் Ahmedabad அருகே இறந்த நிலையில் காணப்பட்டார், காயங்கள் ஒரு அரிவாள் உடன் பொருந்துகின்றன; கொலை வழக்கு பதிவு செய்யப்பட்டது.",murder,critical,Ahmedabad,2024-06-04T10:00:00,,,0
SYN-00429,mr,Sneha Joshi यांना Bengaluru जवळ विक्रेता असल्याचे भासवून फसवणूक करणाऱ्याने पैसे हस्तांतरित करण्यास फसवले.,cheating_fraud,medium,Bengaluru,2025-02-16T16:00:00,,,0
SYN-00307,en,"Anvi Anand reported unauthorised access to their online banking account, traced to an IP linked to Surat.",cybercrime,medium,Surat,2025-04-28T03:00:00,,,0
SYN-00344,mr,Nikhil Jadhav ने सांगितले की Bhopal जवळ रोख रक्कम विनाकारण चोरीला गेले.,theft,low,Bhopal,2025-03-02T17:00:00,,,0
SYN-01027,mr,Vikram Shinde यांची Nagpur जवळ एक चाकू घेतलेल्या सशस्त्र संशयिताशी गाठ पडली आणि एक दुचाकी हिसकावले गेले.,robbery,high,Nagpur,2025-01-30T11:00:00,,,0
SYN-01137,hi,"अधिकारियों ने एनडीपीएस अधिनियम के तहत Kanpur के पास मादक पदार्थों की एक खेप जब्त की; जांच में बापट, विआन शामिल है।",drug_trafficking,high,Kanpur,2024-12-13T14:00:00,,,0
SYN-01164,en,Officers seized a consignment of narcotics near Mumbai under the NDPS Act; investigation involves Sana Jani.,drug_trafficking,high,Mumbai,2024-04-26T23:00:00,,,0
SYN-01010,te,Lucknow సమీపంలో డబ్బు కోరుతూ పదేపదే బెదిరింపులు వచ్చాయని Venkatesh Reddy తెలిపారు.,extortion,medium,Lucknow,2024-07-12T02:00:00,,,0
SYN-00817,en,Nishith Buch reported that a laptop was stolen near Lucknow while unattended.,theft,low,Lucknow,2025-01-30T07:00:00,,,0
SYN-00071,en,"Mohanlal Ganesh reported unauthorised access to their online banking account, traced to an IP linked to Coimbatore.",cybercrime,medium,Coimbatore,2025-03-07T00:00:00,SUSP-0017,financial,4
SYN-00207,hi,अंकुर लूथरा का सामना Kochi के पास एक लोहे की रॉड लिए एक सशस्त्र संदिग्ध से हुआ और सोने के गहने छीन लिया गया।,robbery,high,Kochi,2025-06-29T00:00:00,SUSP-0050,property,4
SYN-00206,hi,अंकुर लूथरा का सामना Coimbatore के पास एक हंसिया लिए एक सशस्त्र संदिग्ध से हुआ और एक लैपटॉप छीन लिया गया।,robbery,high,Coimbatore,2025-05-12T00:00:00,SUSP-0050,property,3
SYN-00744,te,ఎన్‌డిపిఎస్ చట్టం కింద అధికారులు Guwahati సమీపంలో మాదక ద్రవ్యాల సరుకును స్వాధీనం చేసుకున్నారు; దర్యాప్తులో Suresh Rao ప్రమేయం ఉంది.,drug_trafficking,high,Guwahati,2025-09-03T14:00:00,,,0
SYN-00353,hi,"Kolkata के पास दो गुटों के बीच हिंसक झड़प हुई, शिकायत दर्ज कराने वालों में अग्रवाल, अखिल भी शामिल थे।",rioting,medium,Kolkata,2024-01-17T08:00:00,,,0
SYN-00433,ta,"Guwahati அருகே ஒரு கத்தி ஏந்திய ஆயுதம் தாங்கிய சந்தேக நபரை இசைமணி சந்தித்தார், ஒரு மொபைல் போன் பறிக்கப்பட்டது.",robbery,high,Guwahati,2025-05-11T10:00:00,,,0
SYN-01183,te,Kolkata సమీపంలో డబ్బు కోరుతూ పదేపదే బెదిరింపులు వచ్చాయని Divya Reddy తెలిపారు.,extortion,medium,Kolkata,2024-10-27T23:00:00,,,0
SYN-00520,mr,"सशस्त्र लोकांच्या टोळीने Mumbai जवळील एका दुकानाची लूट केली, साक्षीदार Sneha Joshi यांनी सांगितले.",dacoity,high,Mumbai,2024-07-30T05:00:00,,,0
SYN-01083,mr,"संशयिताने Nagpur जवळील घरात जबरदस्तीने प्रवेश करून एक मोबाईल फोन नेले, Vikram Shinde यांनी तक्रार नोंदवली.",burglary,medium,Nagpur,2024-12-31T13:00:00,,,0
SYN-00059,te,"Kiran Babu తన ఆన్‌లైన్ బ్యాంకింగ్ ఖాతాలో అనధికార ప్రవేశం జరిగిందని ఫిర్యాదు చేశారు, ఇది Mumbaiకు సంబంధించిన ఐపీ నుండి వచ్చింది.",cybercrime,medium,Mumbai,2024-10-24T00:00:00,SUSP-0015,financial,1
SYN-00149,hi,अधिकारियों ने एनडीपीएस अधिनियम के तहत Guwahati के पास मादक पदार्थों की एक खेप जब्त की; जांच में जया विकावि शामिल है।,drug_trafficking,high,Guwahati,2025-01-15T00:00:00,SUSP-0037,narcotics,3
SYN-00694,te,"సాయుధులైన వ్యక్తుల ముఠా Hyderabad సమీపంలోని దుకాణాన్ని దోచుకుంది, సాక్షి Divya Reddy తెలిపారు.",dacoity,high,Hyderabad,2024-04-12T06:00:00,,,0
SYN-01015,ta,"Kochi அருகே ஒரு நாட்டு துப்பாக்கி ஏந்திய ஆயுதம் தாங்கிய சந்தேக நபரை இடைக்காடன் பச்சையம்மாள் சந்தித்தார், தங்க நகைகள் பறிக்கப்பட்டது.",robbery,high,Kochi,2024-10-19T05:00:00,,,0
SYN-00378,en,Hazel Kashyap was found deceased near Patna with injuries consistent with a knife; a murder case was registered.,murder,critical,Patna,2025-01-03T08:00:00,,,0
SYN-00299,bn,হৈমন্তী তালুকদার Patna এর কাছে একটি লোহার রড নিয়ে একজন সশস্ত্র সন্দেহভাজনের মুখোমুখি হন এবং তার একটি দুই চাকার গাড়ি ছিনতাই হয়।,robbery,high,Patna,2025-06-29T10:00:00,,,0
SYN-00352,bn,"সশস্ত্র ব্যক্তিদের একটি দল Nagpur এর কাছে একটি দোকান লুট করেছে, ঘটনাস্থলের সাক্ষী ইশিতা হক জানিয়েছেন।",dacoity,high,Nagpur,2024-11-16T13:00:00,,,0
SYN-00317,en,Pranay Sahota was found deceased near Indore with injuries consistent with an iron rod; a murder case was registered.,murder,critical,Indore,2024-08-29T14:00:00,,,0
SYN-00481,te,"Delhi సమీపంలో రెండు గುంపుల మధ్య హింసాత్మక ఘర్షణ జరిగింది, ఫిర్యాదు చేసిన వారిలో Sowmya Rani ఒకరు.",rioting,medium,Delhi,2024-08-08T10:00:00,,,0
SYN-00151,hi,अधिकारियों ने एनडीपीएस अधिनियम के तहत Guwahati के पास मादक पदार्थों की एक खेप जब्त की; जांच में जया विकावि शामिल है।,drug_trafficking,high,Guwahati,2025-03-05T00:00:00,SUSP-0037,narcotics,5
SYN-00150,hi,अधिकारियों ने एनडीपीएस अधिनियम के तहत Guwahati के पास मादक पदार्थों की एक खेप जब्त की; जांच में जया विकावि शामिल है।,drug_trafficking,high,Guwahati,2025-02-20T00:00:00,SUSP-0037,narcotics,4
SYN-00962,ta,Ahmedabad அருகே கண்காணிப்பு இல்லாத நேரத்தில் ஒரு மொபைல் போன் திருடப்பட்டதாக கண்ணதாசன் தெரிவித்தார்.,theft,low,Ahmedabad,2024-05-13T00:00:00,,,0
SYN-00791,en,"A violent clash broke out near Delhi between two groups, Kartik Venkataraman among those who filed a complaint.",rioting,medium,Delhi,2024-10-18T19:00:00,,,0
SYN-00763,te,ఎన్‌డిపిఎస్ చట్టం కింద అధికారులు Chennai సమీపంలో మాదక ద్రవ్యాల సరుకును స్వాధీనం చేసుకున్నారు; దర్యాప్తులో Kiran Babu ప్రమేయం ఉంది.,drug_trafficking,high,Chennai,2024-09-16T15:00:00,,,0
SYN-00526,te,Ahmedabad సమీపంలో విక్రేతగా నటించిన మోసగాడు Sowmya Raniను నగదు బదిలీ చేయమని మోసం చేశాడు.,cheating_fraud,medium,Ahmedabad,2025-05-02T09:00:00,,,0
SYN-00447,hi,"अधिकारियों ने एनडीपीएस अधिनियम के तहत Chandigarh के पास मादक पदार्थों की एक खेप जब्त की; जांच में सेनाधीश, अशोक शामिल है।",drug_trafficking,high,Chandigarh,2025-06-05T06:00:00,,,0
SYN-00320,te,ఎన్‌డిపిఎస్ చట్టం కింద అధికారులు Chennai సమీపంలో మాదక ద్రవ్యాల సరుకును స్వాధీనం చేసుకున్నారు; దర్యాప్తులో Ravi Kumar ప్రమేయం ఉంది.,drug_trafficking,high,Chennai,2024-10-29T11:00:00,,,0
SYN-00631,te,Padma Chowdary Nagpur సమీపంలో కనిపించకుండా పోయారని ఫిర్యాదు; విమోచన కోసం అపహరణ జరిగిందని కుటుంబం అనుమానిస్తోంది.,kidnapping,high,Nagpur,2024-10-27T06:00:00,,,0
SYN-00862,ta,கடம்பன் Jaipur அருகே காணாமல் போனதாக தெரிவிக்கப்பட்டது; மீட்கும் தொகைக்காக கடத்தப்பட்டதாக குடும்பத்தினர் சந்தேகிக்கின்றனர்.,kidnapping,high,Jaipur,2025-06-22T18:00:00,,,0
SYN-00046,hi,"अधिकारियों ने एनडीपीएस अधिनियम के तहत Kochi के पास मादक पदार्थों की एक खेप जब्त की; जांच में लता, हनुमान् शामिल है।",drug_trafficking,high,Kochi,2024-12-07T00:00:00,SUSP-0011,narcotics,1
SYN-00141,te,ఎన్‌డిపిఎస్ చట్టం కింద అధికారులు Kochi సమీపంలో మాదక ద్రవ్యాల సరుకును స్వాధీనం చేసుకున్నారు; దర్యాప్తులో Suresh Rao ప్రమేయం ఉంది.,drug_trafficking,high,Kochi,2025-07-17T00:00:00,SUSP-0035,narcotics,4
SYN-00249,bn,"রিনা তালুকদার তার অনলাইন ব্যাংকিং অ্যাকাউন্টে অননুমোদিত প্রবেশের অভিযোগ করেছেন, যা Chennai এর সাথে যুক্ত একটি আইপি থেকে হয়েছে।",cybercrime,medium,Chennai,2025-04-29T00:00:00,SUSP-0060,financial,3
SYN-01168,mr,अधिकाऱ्यांनी एनडीपीएस कायद्यांतर्गत Mumbai जवळ अमली पदार्थांचा साठा जप्त केला; तपासात Rohan Deshmukh यांचा समावेश आहे.,drug_trafficking,high,Mumbai,2025-02-08T03:00:00,,,0
SYN-01196,mr,Sanjay More Coimbatore जवळ बेपत्ता झाल्याची तक्रार करण्यात आली; कुटुंबाला खंडणीसाठी अपहरणाची शंका आहे.,kidnapping,high,Coimbatore,2024-06-24T02:00:00,,,0
SYN-00493,bn,আয়ুশি মোড়ল Mumbai এর কাছে একটি দেশি পিস্তল নিয়ে একজন সশস্ত্র সন্দেহভাজনের মুখোমুখি হন এবং তার একটি মোবাইল ফোন ছিনতাই হয়।,robbery,high,Mumbai,2024-11-22T19:00:00,,,0
SYN-00432,hi,"पुष्कर, रिज़वान को Jaipur के पास एक विक्रेता बनकर धोखेबाज ने धन हस्तांतरित करने के लिए धोखा दिया।",cheating_fraud,medium,Jaipur,2024-11-26T09:00:00,,,0
SYN-00364,en,Jayant Bhattacharyya was reported missing near Indore; family suspects kidnapping for ransom.,kidnapping,high,Indore,2025-04-15T18:00:00,,,0
SYN-00263,en,Uthkarsh Kale was confronted by an armed suspect with an iron rod near Coimbatore and had a laptop taken.,robbery,high,Coimbatore,2025-10-21T00:00:00,SUSP-0062,property,6
SYN-00522,te,ఎన్‌డిపిఎస్ చట్టం కింద అధికారులు Hyderabad సమీపంలో మాదక ద్రవ్యాల సరుకును స్వాధీనం చేసుకున్నారు; దర్యాప్తులో Srinivas Sharma ప్రమేయం ఉంది.,drug_trafficking,high,Hyderabad,2025-01-14T12:00:00,,,0
SYN-00130,en,Charvi Devan was confronted by an armed suspect with a knife near Jaipur and had gold jewellery taken.,robbery,high,Jaipur,2024-09-28T00:00:00,SUSP-0033,violent,3
SYN-00587,bn,জয়ন্ত মোড়ল Patna এর কাছে নিখোঁজ বলে জানানো হয়েছে; পরিবার মুক্তিপণের জন্য অপহরণের সন্দেহ করছে।,kidnapping,high,Patna,2025-09-28T08:00:00,,,0
SYN-00734,te,"Surat సమీపంలో ఒక కొడవలి పట్టుకున్న అనుమానితుడిని Suresh Rao ఎదుర్కొన్నారు, ఒక మొబైల్ ఫోన్ లాక్కున్నారు.",robbery,high,Surat,2025-03-07T20:00:00,,,0
SYN-00070,en,"Mohanlal Ganesh reported unauthorised access to their online banking account, traced to an IP linked to Coimbatore.",cybercrime,medium,Coimbatore,2025-02-03T00:00:00,SUSP-0017,financial,3
SYN-00013,te,"Anitha Prasad తన ఆన్‌లైన్ బ్యాంకింగ్ ఖాతాలో అనధికార ప్రవేశం జరిగిందని ఫిర్యాదు చేశారు, ఇది Bengaluruకు సంబంధించిన ఐపీ నుండి వచ్చింది.",cybercrime,medium,Bengaluru,2024-12-03T00:00:00,SUSP-0003,financial,6
SYN-00106,hi,"अनाया बक्षी ने अपने ऑनलाइन बैंकिंग खाते में अनधिकृत पहुँच की सूचना दी, जो Guwahati से जुड़े एक आईपी से जुड़ी थी।",cybercrime,medium,Guwahati,2025-01-12T00:00:00,SUSP-0026,financial,5
SYN-00653,bn,আজম হুরাইরা কে Patna এর কাছে একজন বিক্রেতা সেজে থাকা প্রতারক অর্থ স্থানান্তর করতে প্রতারিত করেছে।,cheating_fraud,medium,Patna,2024-12-02T19:00:00,,,0
SYN-00772,bn,জগদীশ দেব Patna এর কাছে নিখোঁজ বলে জানানো হয়েছে; পরিবার মুক্তিপণের জন্য অপহরণের সন্দেহ করছে।,kidnapping,high,Patna,2024-10-08T19:00:00,,,0
SYN-00602,bn,ঋষিতা সরকার Delhi এর কাছে নিখোঁজ বলে জানানো হয়েছে; পরিবার মুক্তিপণের জন্য অপহরণের সন্দেহ করছে।,kidnapping,high,Delhi,2024-08-16T14:00:00,,,0
SYN-00813,te,ఎన్‌డిపిఎస్ చట్టం కింద అధికారులు Pune సమీపంలో మాదక ద్రవ్యాల సరుకును స్వాధీనం చేసుకున్నారు; దర్యాప్తులో Anitha Prasad ప్రమేయం ఉంది.,drug_trafficking,high,Pune,2025-07-13T16:00:00,,,0
SYN-00702,en,Aaryahi Dasgupta was found deceased near Indore with injuries consistent with a sickle; a murder case was registered.,murder,critical,Indore,2024-12-27T21:00:00,,,0
SYN-00925,te,"Lucknow సమీపంలో వేధింపులు మరియు వెంబడించడంపై Venkatesh Reddy ఫిర్యాదు చేశారు, దర్యాప్తు ప్రారంభమైంది.",crime_against_women,high,Lucknow,2025-05-11T02:00:00,,,0
SYN-00027,en,Piya Cheema was found deceased near Guwahati with injuries consistent with a knife; a murder case was registered.,murder,critical,Guwahati,2025-06-30T00:00:00,SUSP-0006,violent,5
SYN-00348,hi,विवेक नाम Lucknow के पास लापता बताया गया; परिवार को फिरौती के लिए अपहरण की आशंका है।,kidnapping,high,Lucknow,2024-01-16T06:00:00,,,0
SYN-00899,hi,अधिकारियों ने एनडीपीएस अधिनियम के तहत Hyderabad के पास मादक पदार्थों की एक खेप जब्त की; जांच में मायरा दादा शामिल है।,drug_trafficking,high,Hyderabad,2025-05-08T12:00:00,,,0
SYN-00439,te,Mumbai సమీపంలో విక్రేతగా నటించిన మోసగాడు Venkatesh Reddyను నగదు బదిలీ చేయమని మోసం చేశాడు.,cheating_fraud,medium,Mumbai,2024-12-17T03:00:00,,,0
SYN-00869,mr,"Chandigarh जवळ दोन गटांमध्ये हिंसक चकमक झाली, तक्रार करणाऱ्यांमध्ये Pooja Kale यांचा समावेश होता.",rioting,medium,Chandigarh,2024-01-30T05:00:00,,,0
SYN-00394,mr,अधिकाऱ्यांनी एनडीपीएस कायद्यांतर्गत Bhopal जवळ अमली पदार्थांचा साठा जप्त केला; तपासात Nikhil Jadhav यांचा समावेश आहे.,drug_trafficking,high,Bhopal,2025-07-10T01:00:00,,,0
SYN-00706,hi,"सेनाधीश, प्रभाकर ने अपने ऑनलाइन बैंकिंग खाते में अनधिकृत पहुँच की सूचना दी, जो Coimbatore से जुड़े एक आईपी से जुड़ी थी।",cybercrime,medium,Coimbatore,2024-04-19T17:00:00,,,0
SYN-01142,hi,लीला बादामी का सामना Delhi के पास एक चाकू लिए एक सशस्त्र संदिग्ध से हुआ और नकदी छीन लिया गया।,robbery,high,Delhi,2024-08-23T05:00:00,,,0
SYN-00239,te,"Nagpur సమీపంలో రెండు గುంపుల మధ్య హింసాత్మక ఘర్షణ జరిగింది, ఫిర్యాదు చేసిన వారిలో Lakshmi Naidu ఒకరు.",rioting,medium,Nagpur,2024-07-18T00:00:00,SUSP-0058,public_order,1
SYN-01185,te,"Kanpur సమీపంలో రెండు గುంపుల మధ్య హింసాత్మక ఘర్షణ జరిగింది, ఫిర్యాదు చేసిన వారిలో Lakshmi Naidu ఒకరు.",rioting,medium,Kanpur,2024-05-12T05:00:00,,,0
SYN-00099,bn,"একরামুল আওয়াল তার অনলাইন ব্যাংকিং অ্যাকাউন্টে অননুমোদিত প্রবেশের অভিযোগ করেছেন, যা Jaipur এর সাথে যুক্ত একটি আইপি থেকে হয়েছে।",cybercrime,medium,Jaipur,2024-09-21T00:00:00,SUSP-0025,financial,1
SYN-00982,en,"A gang of armed men robbed a shop near Bhopal, reported by Nitya Chad, a witness at the scene.",dacoity,high,Bhopal,2024-07-23T12:00:00,,,0
SYN-00391,en,"A violent clash broke out near Patna between two groups, Faiyaz Mani among those who filed a complaint.",rioting,medium,Patna,2024-08-02T14:00:00,,,0
SYN-00302,ta,"Jaipur அருகே இரு குழுக்களுக்கிடையே வன்முறை மோதல் வெடித்தது, புகார் அளித்தவர்களில் கண்ணன் இந்திராக்ஷி ஒருவர்.",rioting,medium,Jaipur,2024-10-21T03:00:00,,,0
SYN-00700,en,"Darshit Devan filed a complaint of harassment and stalking near Coimbatore, an investigation has been opened.",crime_against_women,high,Coimbatore,2025-06-12T22:00:00,,,0
SYN-01104,en,Stuvan Ravi reported that a mobile phone was stolen near Bengaluru while unattended.,theft,low,Bengaluru,2024-11-17T19:00:00,,,0
SYN-01067,hi,"मंगत, आद्विक ने अपने ऑनलाइन बैंकिंग खाते में अनधिकृत पहुँच की सूचना दी, जो Indore से जुड़े एक आईपी से जुड़ी थी।",cybercrime,medium,Indore,2025-08-27T03:00:00,,,0
SYN-00105,hi,"अनाया बक्षी ने अपने ऑनलाइन बैंकिंग खाते में अनधिकृत पहुँच की सूचना दी, जो Guwahati से जुड़े एक आईपी से जुड़ी थी।",cybercrime,medium,Guwahati,2024-11-13T00:00:00,SUSP-0026,financial,4
SYN-00910,mr,Anita Bhosale यांनी Indore जवळ वारंवार पैशांची मागणी करणाऱ्या धमक्या मिळाल्याची तक्रार केली.,extortion,medium,Indore,2025-02-19T12:00:00,,,0
SYN-01023,en,"Manikya Som reported unauthorised access to their online banking account, traced to an IP linked to Chandigarh.",cybercrime,medium,Chandigarh,2024-08-13T14:00:00,,,0
SYN-00832,hi,"हथियारबंद लोगों के एक गिरोह ने Mumbai के पास एक दुकान लूट ली, घटनास्थल पर मौजूद गवाह रिज़वान बजाज ने बताया।",dacoity,high,Mumbai,2025-01-02T02:00:00,,,0
SYN-00309,bn,"শাহজাহান মন্ডল Delhi এর কাছে মৃত অবস্থায় পাওয়া যায়, আঘাত একটি দেশি পিস্তল এর সাথে সামঞ্জস্যপূর্ণ; হত্যা মামলা রুজু হয়েছে।",murder,critical,Delhi,2024-04-01T20:00:00,,,0
SYN-00057,te,"Anitha Prasad తన ఆన్‌లైన్ బ్యాంకింగ్ ఖాతాలో అనధికార ప్రవేశం జరిగిందని ఫిర్యాదు చేశారు, ఇది Hyderabadకు సంబంధించిన ఐపీ నుండి వచ్చింది.",cybercrime,medium,Hyderabad,2025-04-10T00:00:00,SUSP-0014,financial,2
SYN-00453,te,"Lakshmi Naidu తన ఆన్‌లైన్ బ్యాంకింగ్ ఖాతాలో అనధికార ప్రవేశం జరిగిందని ఫిర్యాదు చేశారు, ఇది Kochiకు సంబంధించిన ఐపీ నుండి వచ్చింది.",cybercrime,medium,Kochi,2025-07-04T19:00:00,,,0
SYN-00064,en,"Kaira Loyal filed a complaint of harassment and stalking near Surat, an investigation has been opened.",crime_against_women,high,Surat,2024-10-28T00:00:00,SUSP-0016,women_safety,2
SYN-00722,bn,অঞ্জনা তালুকদার Kochi এর কাছে একটি লোহার রড নিয়ে একজন সশস্ত্র সন্দেহভাজনের মুখোমুখি হন এবং তার নগদ টাকা ছিনতাই হয়।,robbery,high,Kochi,2024-09-26T07:00:00,,,0
SYN-00992,ta,"ஸ்வப்நில் தனது ஆன்லைன் வங்கிக் கணக்கில் அங்கீகரிக்கப்படாத அணுகல் இருந்ததாக புகார் அளித்தார், அது Kanpur உடன் தொடர்புடைய ஐபியிலிருந்து வந்தது.",cybercrime,medium,Kanpur,2024-04-10T14:00:00,,,0
SYN-00321,hi,"अली, आद्या को Kolkata के पास एक विक्रेता बनकर धोखेबाज ने धन हस्तांतरित करने के लिए धोखा दिया।",cheating_fraud,medium,Kolkata,2025-04-10T23:00:00,,,0
SYN-00387,bn,"নাইম খানম তার অনলাইন ব্যাংকিং অ্যাকাউন্টে অননুমোদিত প্রবেশের অভিযোগ করেছেন, যা Chandigarh এর সাথে যুক্ত একটি আইপি থেকে হয়েছে।",cybercrime,medium,Chandigarh,2024-05-19T09:00:00,,,0
SYN-00035,mr,अधिकाऱ्यांनी एनडीपीएस कायद्यांतर्गत Kolkata जवळ अमली पदार्थांचा साठा जप्त केला; तपासात Vikram Shinde यांचा समावेश आहे.,drug_trafficking,high,Kolkata,2025-04-22T00:00:00,SUSP-0008,narcotics,4
SYN-00936,bn,মাধু সিং Guwahati এর কাছে বারবার অর্থ দাবি করে হুমকি পাওয়ার কথা জানিয়েছেন।,extortion,medium,Guwahati,2025-02-04T14:00:00,,,0
SYN-01021,mr,"Pooja Kale Kolkata जवळ मृतावस्थेत आढळले, जखमा एक विळा शी सुसंगत होत्या; खुनाचा गुन्हा दाखल करण्यात आला.",murder,critical,Kolkata,2025-08-01T23:00:00,,,0
SYN-00775,ta,சஞ்சய் Chandigarh அருகே காணாமல் போனதாக தெரிவிக்கப்பட்டது; மீட்கும் தொகைக்காக கடத்தப்பட்டதாக குடும்பத்தினர் சந்தேகிக்கின்றனர்.,kidnapping,high,Chandigarh,2024-09-01T10:00:00,,,0
SYN-00593,en,"A violent clash broke out near Coimbatore between two groups, Alisha Dave among those who filed a complaint.",rioting,medium,Coimbatore,2025-08-13T23:00:00,,,0
SYN-00458,te,Kanpur సమీపంలో ఎవరూ లేనప్పుడు బంగారు నగలు దొంగిలించబడిందని Suresh Rao తెలిపారు.,theft,low,Kanpur,2024-12-21T16:00:00,,,0
SYN-01146,te,ఎన్‌డిపిఎస్ చట్టం కింద అధికారులు Guwahati సమీపంలో మాదక ద్రవ్యాల సరుకును స్వాధీనం చేసుకున్నారు; దర్యాప్తులో Ravi Kumar ప్రమేయం ఉంది.,drug_trafficking,high,Guwahati,2025-08-22T06:00:00,,,0
SYN-00450,mr,"Vikram Shinde यांनी Nagpur जवळ छळ आणि पाठलाग केल्याची तक्रार नोंदवली, तपास सुरू करण्यात आला आहे.",crime_against_women,high,Nagpur,2025-07-13T21:00:00,,,0
SYN-01050,te,"Venkatesh Reddy Chennai సమీపంలో మృతదేహంగా కనిపించారు, గాయాలు ఒక దేశీ తుపాకీతో సరిపోలుతున్నాయి; హత్య కేసు నమోదైంది.",murder,critical,Chennai,2024-08-15T04:00:00,,,0
SYN-00615,te,"Padma Chowdary Kolkata సమీపంలో మృతదేహంగా కనిపించారు, గాయాలు ఒక ఇనుప రాడ్తో సరిపోలుతున్నాయి; హత్య కేసు నమోదైంది.",murder,critical,Kolkata,2024-07-01T16:00:00,,,0
SYN-00075,mr,Priya Patil यांची Coimbatore जवळ एक कट्टा घेतलेल्या सशस्त्र संशयिताशी गाठ पडली आणि एक दुचाकी हिसकावले गेले.,robbery,high,Coimbatore,2025-09-16T00:00:00,SUSP-0018,violent,4
SYN-00923,bn,সাব্বির বিশ্বাস Delhi এর কাছে একটি লোহার রড নিয়ে একজন সশস্ত্র সন্দেহভাজনের মুখোমুখি হন এবং তার একটি ল্যাপটপ ছিনতাই হয়।,robbery,high,Delhi,2025-09-03T23:00:00,,,0
SYN-00533,ta,"சந்தேக நபர் Lucknow அருகே ஒரு வீட்டில் நுழைந்து ஒரு இருசக்கர வாகனம் எடுத்துச் சென்றார், வசுமதி புகார் அளித்தார்.",burglary,medium,Lucknow,2025-07-02T11:00:00,,,0
SYN-00342,bn,"Bhopal এর কাছে দুটি দলের মধ্যে সহিংস সংঘর্ষ হয়েছে, অভিযোগকারীদের মধ্যে কুনাল মজুমদার ছিলেন।",rioting,medium,Bhopal,2025-02-22T04:00:00,,,0
SYN-00056,te,"Anitha Prasad తన ఆన్‌లైన్ బ్యాంకింగ్ ఖాతాలో అనధికార ప్రవేశం జరిగిందని ఫిర్యాదు చేశారు, ఇది Hyderabadకు సంబంధించిన ఐపీ నుండి వచ్చింది.",cybercrime,medium,Hyderabad,2025-03-15T00:00:00,SUSP-0014,financial,1
SYN-00975,ta,"ஆயுதம் தாங்கிய நபர்கள் குழு Patna அருகே ஒரு கடையை கொள்ளையடித்தனர், சாட்சி தனலட்சுமி ஆண்டர்ஸன் தெரிவித்தார்.",dacoity,high,Patna,2024-08-01T08:00:00,,,0
SYN-00245,bn,লতা হক Delhi এর কাছে একটি কাস্তে নিয়ে একজন সশস্ত্র সন্দেহভাজনের মুখোমুখি হন এবং তার একটি দুই চাকার গাড়ি ছিনতাই হয়।,robbery,high,Delhi,2025-06-10T00:00:00,SUSP-0059,violent,4
SYN-00485,hi,"महाराज, श्यामा ने अपने ऑनलाइन बैंकिंग खाते में अनधिकृत पहुँच की सूचना दी, जो Nagpur से जुड़े एक आईपी से जुड़ी थी।",cybercrime,medium,Nagpur,2024-03-27T18:00:00,,,0
SYN-00111,en,"Suspect forced entry into a house near Indore and took a laptop, reported by Abram Sampath.",burglary,medium,Indore,2024-04-29T00:00:00,SUSP-0028,property,2
SYN-01024,bn,সৌম্য সরকার জানিয়েছেন যে Chandigarh এর কাছে অরক্ষিত অবস্থায় একটি দুই চাকার গাড়ি চুরি হয়ে গেছে।,theft,low,Chandigarh,2024-07-18T18:00:00,,,0
SYN-00858,mr,"संशयिताने Kochi जवळील घरात जबरदस्तीने प्रवेश करून सोन्याचे दागिने नेले, Vikram Shinde यांनी तक्रार नोंदवली.",burglary,medium,Kochi,2024-03-07T09:00:00,,,0
SYN-00678,en,"A gang of armed men robbed a shop near Patna, reported by Vivaan Sachdeva, a witness at the scene.",dacoity,high,Patna,2025-09-13T15:00:00,,,0
SYN-00792,hi,"मोहन दयाल Mumbai के पास मृत पाया गया, चोटें एक कट्टा से मेल खाती थीं; हत्या का मामला दर्ज किया गया।",murder,critical,Mumbai,2024-11-03T07:00:00,,,0
SYN-00607,en,"Hazel Thaman reported unauthorised access to their online banking account, traced to an IP linked to Pune.",cybercrime,medium,Pune,2025-04-13T06:00:00,,,0
SYN-00971,te,"Kolkata సమీపంలో ఒక కొడవలి పట్టుకున్న అనుమానితుడిని Anitha Prasad ఎదుర్కొన్నారు, నగదు లాక్కున్నారు.",robbery,high,Kolkata,2024-10-04T16:00:00,,,0
SYN-01182,bn,জয়ন্ত চট্টোপাধ্যায় কে Ahmedabad এর কাছে একজন বিক্রেতা সেজে থাকা প্রতারক অর্থ স্থানান্তর করতে প্রতারিত করেছে।,cheating_fraud,medium,Ahmedabad,2025-06-03T07:00:00,,,0
SYN-00492,te,Divya Reddy Kochi సమీపంలో కనిపించకుండా పోయారని ఫిర్యాదు; విమోచన కోసం అపహరణ జరిగిందని కుటుంబం అనుమానిస్తోంది.,kidnapping,high,Kochi,2025-05-11T11:00:00,,,0
SYN-00029,te,"Bengaluru సమీపంలో ఒక దేశీ తుపాకీ పట్టుకున్న అనుమానితుడిని Venkatesh Reddy ఎదుర్కొన్నారు, ఒక ల్యాప్‌టాప్ లాక్కున్నారు.",robbery,high,Bengaluru,2024-09-20T00:00:00,SUSP-0007,violent,1
SYN-01107,en,"A gang of armed men robbed a shop near Chandigarh, reported by Anaya Bal, a witness at the scene.",dacoity,high,Chandigarh,2024-05-05T10:00:00,,,0
SYN-00759,en,Samiha Karan was confronted by an armed suspect with a knife near Delhi and had a laptop taken.,robbery,high,Delhi,2024-09-29T12:00:00,,,0
SYN-00642,en,"A violent clash broke out near Guwahati between two groups, Zara Varughese among those who filed a complaint.",rioting,medium,Guwahati,2024-02-16T22:00:00,,,0
SYN-00065,en,"Kaira Loyal filed a complaint of harassment and stalking near Surat, an investigation has been opened.",crime_against_women,high,Surat,2024-12-13T00:00:00,SUSP-0016,women_safety,3
SYN-00319,en,Nitya Chadha reported receiving repeated threats demanding money near Chennai.,extortion,medium,Chennai,2025-04-21T09:00:00,,,0
SYN-00338,hi,अधिकारियों ने एनडीपीएस अधिनियम के तहत Lucknow के पास मादक पदार्थों की एक खेप जब्त की; जांच में मरियम धालीवाल शामिल है।,drug_trafficking,high,Lucknow,2024-08-27T23:00:00,,,0
SYN-00169,mr,अधिकाऱ्यांनी एनडीपीएस कायद्यांतर्गत Delhi जवळ अमली पदार्थांचा साठा जप्त केला; तपासात Pooja Kale यांचा समावेश आहे.,drug_trafficking,high,Delhi,2024-10-24T00:00:00,SUSP-0041,narcotics,4
SYN-00202,te,"Kochi సమీపంలో రెండు గುంపుల మధ్య హింసాత్మక ఘర్షణ జరిగింది, ఫిర్యాదు చేసిన వారిలో Anitha Prasad ఒకరు.",rioting,medium,Kochi,2025-08-13T00:00:00,SUSP-0049,public_order,5
SYN-01145,en,Uthkarsh Deep was reported missing near Bengaluru; family suspects kidnapping for ransom.,kidnapping,high,Bengaluru,2024-07-27T09:00:00,,,0
SYN-00077,ta,என்டிபிஎஸ் சட்டத்தின் கீழ் Ahmedabad அருகே போதைப்பொருள் கொள்முதலை அதிகாரிகள் பறிமுதல் செய்தனர்; விசாரணையில் ஆதியரசி ஈடுபட்டுள்ளார்.,drug_trafficking,high,Ahmedabad,2025-01-12T00:00:00,SUSP-0019,narcotics,2
SYN-00875,hi,"आनन्द दीक्षित ने Chandigarh के पास उत्पीड़न और पीछा किए जाने की शिकायत दर्ज कराई, जांच शुरू कर दी गई है।",crime_against_women,high,Chandigarh,2025-02-02T05:00:00,,,0
SYN-00232,hi,"अनन्या गर्ग ने अपने ऑनलाइन बैंकिंग खाते में अनधिकृत पहुँच की सूचना दी, जो Patna से जुड़े एक आईपी से जुड़ी थी।",cybercrime,medium,Patna,2024-06-14T00:00:00,SUSP-0056,financial,4
SYN-00026,en,Piya Cheema was found deceased near Guwahati with injuries consistent with a sickle; a murder case was registered.,murder,critical,Guwahati,2025-06-08T00:00:00,SUSP-0006,violent,4
SYN-00586,mr,"Chennai जवळ दोन गटांमध्ये हिंसक चकमक झाली, तक्रार करणाऱ्यांमध्ये Sneha Joshi यांचा समावेश होता.",rioting,medium,Chennai,2024-02-16T00:00:00,,,0
SYN-00793,en,"A violent clash broke out near Jaipur between two groups, Zaina Lata among those who filed a complaint.",rioting,medium,Jaipur,2025-07-20T16:00:00,,,0
SYN-00343,hi,अधिकारियों ने एनडीपीएस अधिनियम के तहत Kanpur के पास मादक पदार्थों की एक खेप जब्त की; जांच में अमायरा महाजन शामिल है।,drug_trafficking,high,Kanpur,2024-09-03T07:00:00,,,0
SYN-00200,te,"Kochi సమీపంలో రెండు గುంపుల మధ్య హింసాత్మక ఘర్షణ జరిగింది, ఫిర్యాదు చేసిన వారిలో Anitha Prasad ఒకరు.",rioting,medium,Kochi,2025-05-13T00:00:00,SUSP-0049,public_order,3
SYN-00402,en,Pari Bala was found deceased near Delhi with injuries consistent with an iron rod; a murder case was registered.,murder,critical,Delhi,2024-04-27T00:00:00,,,0
SYN-00006,mr,"Anita Bhosale यांनी त्यांच्या ऑनलाइन बँकिंग खात्यात अनधिकृत प्रवेश झाल्याची तक्रार केली, जी Ahmedabad शी संबंधित आयपीवरून झाली.",cybercrime,medium,Ahmedabad,2024-03-11T00:00:00,SUSP-0002,financial,2
SYN-00324,ta,"ஆயுதம் தாங்கிய நபர்கள் குழு Guwahati அருகே ஒரு கடையை கொள்ளையடித்தனர், சாட்சி மணிக்கொடி ஏழிசைப்பாமகள் தெரிவித்தார்.",dacoity,high,Guwahati,2025-07-03T04:00:00,,,0
SYN-00460,bn,এনডিপিএস আইনের অধীনে কর্মকর্তারা Bengaluru এর কাছে মাদকদ্রব্যের একটি চালান জব্দ করেছেন; তদন্তে আশালতা তালুকদার জড়িত।,drug_trafficking,high,Bengaluru,2024-09-26T22:00:00,,,0
SYN-00711,hi,"प्रबोध अब्बासी Bengaluru के पास मृत पाया गया, चोटें एक लोहे की रॉड से मेल खाती थीं; हत्या का मामला दर्ज किया गया।",murder,critical,Bengaluru,2025-02-12T21:00:00,,,0
SYN-00431,te,Bengaluru సమీపంలో డబ్బు కోరుతూ పదేపదే బెదిరింపులు వచ్చాయని Padma Chowdary తెలిపారు.,extortion,medium,Bengaluru,2025-07-01T12:00:00,,,0
SYN-01125,mr,"सशस्त्र लोकांच्या टोळीने Hyderabad जवळील एका दुकानाची लूट केली, साक्षीदार Sanjay More यांनी सांगितले.",dacoity,high,Hyderabad,2024-02-20T12:00:00,,,0
SYN-00049,bn,"সন্দেহভাজন Bengaluru এর কাছে একটি বাড়িতে জোর করে ঢুকে সোনার গহনা নিয়ে গেছে, আরাধ্যা দেব অভিযোগ করেছেন।",burglary,medium,Bengaluru,2024-01-02T00:00:00,SUSP-0012,property,1
SYN-00230,hi,"अनन्या गर्ग ने अपने ऑनलाइन बैंकिंग खाते में अनधिकृत पहुँच की सूचना दी, जो Patna से जुड़े एक आईपी से जुड़ी थी।",cybercrime,medium,Patna,2024-03-19T00:00:00,SUSP-0056,financial,2
SYN-00045,mr,"Surat जवळ दोन गटांमध्ये हिंसक चकमक झाली, तक्रार करणाऱ्यांमध्ये Pooja Kale यांचा समावेश होता.",rioting,medium,Surat,2025-03-23T00:00:00,SUSP-0010,public_order,4
SYN-01158,ta,"Bhopal அருகே ஒரு கத்தி ஏந்திய ஆயுதம் தாங்கிய சந்தேக நபரை யோகராணி சந்தித்தார், ஒரு லேப்டாப் பறிக்கப்பட்டது.",robbery,high,Bhopal,2025-03-12T02:00:00,,,0
SYN-00371,ta,"ஆயுதம் தாங்கிய நபர்கள் குழு Guwahati அருகே ஒரு கடையை கொள்ளையடித்தனர், சாட்சி கங்கைகொண்டான் தெரிவித்தார்.",dacoity,high,Guwahati,2025-02-02T21:00:00,,,0
SYN-01130,hi,"गायकवाड, नारायण ने अपने ऑनलाइन बैंकिंग खाते में अनधिकृत पहुँच की सूचना दी, जो Kolkata से जुड़े एक आईपी से जुड़ी थी।",cybercrime,medium,Kolkata,2024-01-30T09:00:00,,,0
SYN-00478,ta,"சந்தேக நபர் Kolkata அருகே ஒரு வீட்டில் நுழைந்து பணம் எடுத்துச் சென்றார், சக்கரவர்த்தி புகார் அளித்தார்.",burglary,medium,Kolkata,2024-04-18T05:00:00,,,0
SYN-00531,bn,"আরাধ্যা পাল Coimbatore এর কাছে মৃত অবস্থায় পাওয়া যায়, আঘাত একটি কাস্তে এর সাথে সামঞ্জস্যপূর্ণ; হত্যা মামলা রুজু হয়েছে।",murder,critical,Coimbatore,2025-04-14T00:00:00,,,0
SYN-00125,bn,এনডিপিএস আইনের অধীনে কর্মকর্তারা Kanpur এর কাছে মাদকদ্রব্যের একটি চালান জব্দ করেছেন; তদন্তে আদি রায় জড়িত।,drug_trafficking,high,Kanpur,2024-08-20T00:00:00,SUSP-0032,narcotics,1
SYN-00717,ta,"ரக்ஷிகா Kanpur அருகே இறந்த நிலையில் காணப்பட்டார், காயங்கள் ஒரு இரும்பு கம்பி உடன் பொருந்துகின்றன; கொலை வழக்கு பதிவு செய்யப்பட்டது.",murder,critical,Kanpur,2024-07-06T16:00:00,,,0
SYN-00890,en,"Kiara Gera reported unauthorised access to their online banking account, traced to an IP linked to Indore.",cybercrime,medium,Indore,2024-07-02T22:00:00,,,0
SYN-00834,mr,Amit Kulkarni यांची Pune जवळ एक विळा घेतलेल्या सशस्त्र संशयिताशी गाठ पडली आणि एक मोबाईल फोन हिसकावले गेले.,robbery,high,Pune,2024-08-19T01:00:00,,,0
SYN-00331,mr,Vikram Shinde यांना Indore जवळ विक्रेता असल्याचे भासवून फसवणूक करणाऱ्याने पैसे हस्तांतरित करण्यास फसवले.,cheating_fraud,medium,Indore,2024-03-23T21:00:00,,,0
SYN-01141,hi,ऐश्वर्या मल्लिक Kanpur के पास लापता बताया गया; परिवार को फिरौती के लिए अपहरण की आशंका है।,kidnapping,high,Kanpur,2024-06-03T17:00:00,,,0
SYN-00666,hi,इन्दु कुमार ने बताया कि Pune के पास नकदी लावारिस हालत में चोरी हो गया।,theft,low,Pune,2025-06-14T11:00:00,,,0
SYN-00690,hi,"अभिलाषा दादा ने अपने ऑनलाइन बैंकिंग खाते में अनधिकृत पहुँच की सूचना दी, जो Guwahati से जुड़े एक आईपी से जुड़ी थी।",cybercrime,medium,Guwahati,2024-09-16T08:00:00,,,0
SYN-00657,bn,নন্দিতা চৌধুরী কে Kochi এর কাছে একজন বিক্রেতা সেজে থাকা প্রতারক অর্থ স্থানান্তর করতে প্রতারিত করেছে।,cheating_fraud,medium,Kochi,2024-04-21T05:00:00,,,0
SYN-01169,te,Indore సమీపంలో విక్రేతగా నటించిన మోసగాడు Divya Reddyను నగదు బదిలీ చేయమని మోసం చేశాడు.,cheating_fraud,medium,Indore,2025-09-08T23:00:00,,,0
SYN-00808,bn,মিনা আচার্য্য Pune এর কাছে নিখোঁজ বলে জানানো হয়েছে; পরিবার মুক্তিপণের জন্য অপহরণের সন্দেহ করছে।,kidnapping,high,Pune,2024-11-24T11:00:00,,,0
SYN-00465,bn,"সশস্ত্র ব্যক্তিদের একটি দল Bhopal এর কাছে একটি দোকান লুট করেছে, ঘটনাস্থলের সাক্ষী অর্পিতা আক্তার জানিয়েছেন।",dacoity,high,Bhopal,2024-11-23T08:00:00,,,0
SYN-00574,ta,"Chennai அருகே ஒரு கத்தி ஏந்திய ஆயுதம் தாங்கிய சந்தேக நபரை ராஜா சந்தித்தார், பணம் பறிக்கப்பட்டது.",robbery,high,Chennai,2025-01-10T22:00:00,,,0
SYN-01163,en,Anvi Rajan was deceived into transferring funds by a scammer posing as a vendor near Guwahati.,cheating_fraud,medium,Guwahati,2024-09-16T11:00:00,,,0
SYN-01173,bn,অন্তরা বিশ্বাস কে Kolkata এর কাছে একজন বিক্রেতা সেজে থাকা প্রতারক অর্থ স্থানান্তর করতে প্রতারিত করেছে।,cheating_fraud,medium,Kolkata,2025-04-30T13:00:00,,,0
SYN-00948,en,"Suspect forced entry into a house near Bengaluru and took cash, reported by Zaina Ram.",burglary,medium,Bengaluru,2025-08-08T23:00:00,,,0
SYN-00546,bn,সজীব তালুকদার জানিয়েছেন যে Indore এর কাছে অরক্ষিত অবস্থায় সোনার গহনা চুরি হয়ে গেছে।,theft,low,Indore,2024-02-20T05:00:00,,,0
SYN-01055,en,"Ryan Chopra filed a complaint of harassment and stalking near Pune, an investigation has been opened.",crime_against_women,high,Pune,2025-08-24T06:00:00,,,0
SYN-00710,te,"Surat సమీపంలో రెండు గುంపుల మధ్య హింసాత్మక ఘర్షణ జరిగింది, ఫిర్యాదు చేసిన వారిలో Anitha Prasad ఒకరు.",rioting,medium,Surat,2025-02-26T11:00:00,,,0
SYN-01114,ta,"ஆயுதம் தாங்கிய நபர்கள் குழு Patna அருகே ஒரு கடையை கொள்ளையடித்தனர், சாட்சி மணிமுகில் கதிரோன் தெரிவித்தார்.",dacoity,high,Patna,2025-02-01T00:00:00,,,0
SYN-00951,te,Bhopal సమీపంలో విక్రేతగా నటించిన మోసగాడు Divya Reddyను నగదు బదిలీ చేయమని మోసం చేశాడు.,cheating_fraud,medium,Bhopal,2025-02-17T23:00:00,,,0
SYN-00762,te,"సాయుధులైన వ్యక్తుల ముఠా Indore సమీపంలోని దుకాణాన్ని దోచుకుంది, సాక్షి Divya Reddy తెలిపారు.",dacoity,high,Indore,2024-11-15T10:00:00,,,0
SYN-00281,ta,என்டிபிஎஸ் சட்டத்தின் கீழ் Kanpur அருகே போதைப்பொருள் கொள்முதலை அதிகாரிகள் பறிமுதல் செய்தனர்; விசாரணையில் ஏழிசைப்பாவை ஸுமா ஈடுபட்டுள்ளார்.,drug_trafficking,high,Kanpur,2024-02-16T00:00:00,SUSP-0067,narcotics,1
SYN-00536,mr,Priya Patil Delhi जवळ बेपत्ता झाल्याची तक्रार करण्यात आली; कुटुंबाला खंडणीसाठी अपहरणाची शंका आहे.,kidnapping,high,Delhi,2025-05-01T08:00:00,,,0
SYN-00234,hi,"अनन्या गर्ग ने अपने ऑनलाइन बैंकिंग खाते में अनधिकृत पहुँच की सूचना दी, जो Patna से जुड़े एक आईपी से जुड़ी थी।",cybercrime,medium,Patna,2024-08-11T00:00:00,SUSP-0056,financial,6
SYN-01012,mr,"Nikhil Jadhav यांनी Kochi जवळ छळ आणि पाठलाग केल्याची तक्रार नोंदवली, तपास सुरू करण्यात आला आहे.",crime_against_women,high,Kochi,2025-03-31T14:00:00,,,0
SYN-00266,en,Arnav Devi was confronted by an armed suspect with an iron rod near Kolkata and had a mobile phone taken.,robbery,high,Kolkata,2024-09-26T00:00:00,SUSP-0063,violent,3
SYN-00131,en,Charvi Devan was found deceased near Jaipur with injuries consistent with an iron rod; a murder case was registered.,murder,critical,Jaipur,2024-11-05T00:00:00,SUSP-0033,violent,4
SYN-01148,bn,বাসির মৃধা জানিয়েছেন যে Lucknow এর কাছে অরক্ষিত অবস্থায় একটি ল্যাপটপ চুরি হয়ে গেছে।,theft,low,Lucknow,2024-05-04T12:00:00,,,0
SYN-00132,en,Charvi Devan was found deceased near Guwahati with injuries consistent with a sickle; a murder case was registered.,murder,critical,Guwahati,2025-01-04T00:00:00,SUSP-0033,violent,5
SYN-01069,hi,"यश अब्बासी ने अपने ऑनलाइन बैंकिंग खाते में अनधिकृत पहुँच की सूचना दी, जो Kanpur से जुड़े एक आईपी से जुड़ी थी।",cybercrime,medium,Kanpur,2024-10-12T22:00:00,,,0
SYN-01086,mr,Vikram Shinde यांनी Guwahati जवळ वारंवार पैशांची मागणी करणाऱ्या धमक्या मिळाल्याची तक्रार केली.,extortion,medium,Guwahati,2025-06-11T13:00:00,,,0
SYN-00180,bn,"Kolkata এর কাছে দুটি দলের মধ্যে সহিংস সংঘর্ষ হয়েছে, অভিযোগকারীদের মধ্যে অলোকা চৌধুরী ছিলেন।",rioting,medium,Kolkata,2025-03-21T00:00:00,SUSP-0044,public_order,4
SYN-00579,en,Officers seized a consignment of narcotics near Chandigarh under the NDPS Act; investigation involves Azad Swaminathan.,drug_trafficking,high,Chandigarh,2024-04-30T09:00:00,,,0
SYN-01179,en,"Tara Borah reported unauthorised access to their online banking account, traced to an IP linked to Guwahati.",cybercrime,medium,Guwahati,2024-11-19T17:00:00,,,0
SYN-01187,hi,अधिकारियों ने एनडीपीएस अधिनियम के तहत Delhi के पास मादक पदार्थों की एक खेप जब्त की; जांच में रिया दीक्षित शामिल है।,drug_trafficking,high,Delhi,2024-01-19T11:00:00,,,0
SYN-00785,mr,"सशस्त्र लोकांच्या टोळीने Coimbatore जवळील एका दुकानाची लूट केली, साक्षीदार Priya Patil यांनी सांगितले.",dacoity,high,Coimbatore,2024-09-11T18:00:00,,,0
SYN-00580,mr,"सशस्त्र लोकांच्या टोळीने Pune जवळील एका दुकानाची लूट केली, साक्षीदार Pooja Kale यांनी सांगितले.",dacoity,high,Pune,2024-09-26T16:00:00,,,0
SYN-00676,te,ఎన్‌డిపిఎస్ చట్టం కింద అధికారులు Guwahati సమీపంలో మాదక ద్రవ్యాల సరుకును స్వాధీనం చేసుకున్నారు; దర్యాప్తులో Venkatesh Reddy ప్రమేయం ఉంది.,drug_trafficking,high,Guwahati,2024-05-30T01:00:00,,,0
SYN-00199,te,"Kochi సమీపంలో రెండు గುంపుల మధ్య హింసాత్మక ఘర్షణ జరిగింది, ఫిర్యాదు చేసిన వారిలో Anitha Prasad ఒకరు.",rioting,medium,Kochi,2025-04-29T00:00:00,SUSP-0049,public_order,2
SYN-00566,hi,"जगदीश बादामी ने Hyderabad के पास उत्पीड़न और पीछा किए जाने की शिकायत दर्ज कराई, जांच शुरू कर दी गई है।",crime_against_women,high,Hyderabad,2025-05-16T02:00:00,,,0
SYN-00175,te,ఎన్‌డిపిఎస్ చట్టం కింద అధికారులు Patna సమీపంలో మాదక ద్రవ్యాల సరుకును స్వాధీనం చేసుకున్నారు; దర్యాప్తులో Lakshmi Naidu ప్రమేయం ఉంది.,drug_trafficking,high,Patna,2024-10-06T00:00:00,SUSP-0043,narcotics,2
SYN-00754,ta,Jaipur அருகே விற்பனையாளர் போல் நடித்த மோசடி செய்பவரால் தணிகைவேல் பணத்தை மாற்ற ஏமாற்றப்பட்டார்.,cheating_fraud,medium,Jaipur,2025-09-29T15:00:00,,,0
SYN-00885,te,"అనుమానితుడు Kolkata సమీపంలోని ఇంట్లోకి బలవంతంగా ప్రవేశించి ఒక మొబైల్ ఫోన్ తీసుకెళ్లాడు, Ravi Kumar ఫిర్యాదు చేశారు.",burglary,medium,Kolkata,2024-06-10T08:00:00,,,0
SYN-01195,hi,"संदिग्ध ने Pune के पास एक घर में जबरन प्रवेश किया और सोने के गहने ले गया, ललित खान ने रिपोर्ट दर्ज कराई।",burglary,medium,Pune,2025-03-25T13:00:00,,,0
SYN-00285,en,Officers seized a consignment of narcotics near Kolkata under the NDPS Act; investigation involves Oorja Bhat.,drug_trafficking,high,Kolkata,2024-08-17T00:00:00,SUSP-0068,narcotics,2
SYN-00114,ta,Chandigarh அருகே கண்காணிப்பு இல்லாத நேரத்தில் ஒரு இருசக்கர வாகனம் திருடப்பட்டதாக மங்கை தசரதன் தெரிவித்தார்.,theft,low,Chandigarh,2024-05-22T00:00:00,SUSP-0029,property,2
SYN-00406,ta,"இந்துஜா தனது ஆன்லைன் வங்கிக் கணக்கில் அங்கீகரிக்கப்படாத அணுகல் இருந்ததாக புகார் அளித்தார், அது Indore உடன் தொடர்புடைய ஐபியிலிருந்து வந்தது.",cybercrime,medium,Indore,2024-01-05T22:00:00,,,0
SYN-00654,hi,"नारायण बाबू ने Guwahati के पास उत्पीड़न और पीछा किए जाने की शिकायत दर्ज कराई, जांच शुरू कर दी गई है।",crime_against_women,high,Guwahati,2025-01-08T10:00:00,,,0
SYN-01123,hi,"संदिग्ध ने Bhopal के पास एक घर में जबरन प्रवेश किया और नकदी ले गया, अग्रवाल, प्रणव ने रिपोर्ट दर्ज कराई।",burglary,medium,Bhopal,2025-01-11T05:00:00,,,0
SYN-00008,te,"Anitha Prasad తన ఆన్‌లైన్ బ్యాంకింగ్ ఖాతాలో అనధికార ప్రవేశం జరిగిందని ఫిర్యాదు చేశారు, ఇది Jaipurకు సంబంధించిన ఐపీ నుండి వచ్చింది.",cybercrime,medium,Jaipur,2024-05-22T00:00:00,SUSP-0003,financial,1
SYN-00215,te,"Chennai సమీపంలో ఒక ఇనుప రాడ్ పట్టుకున్న అనుమానితుడిని Padma Chowdary ఎదుర్కొన్నారు, ఒక మొబైల్ ఫోన్ లాక్కున్నారు.",robbery,high,Chennai,2024-05-25T00:00:00,SUSP-0053,property,1
SYN-00621,ta,"Lucknow அருகே இரு குழுக்களுக்கிடையே வன்முறை மோதல் வெடித்தது, புகார் அளித்தவர்களில் ஐராவதி ஷஸ்வத் ஒருவர்.",rioting,medium,Lucknow,2024-02-18T12:00:00,,,0
SYN-00724,mr,"Nagpur जवळ दोन गटांमध्ये हिंसक चकमक झाली, तक्रार करणाऱ्यांमध्ये Anita Bhosale यांचा समावेश होता.",rioting,medium,Nagpur,2025-02-14T08:00:00,,,0
SYN-00798,te,"Bengaluru సమీపంలో వేధింపులు మరియు వెంబడించడంపై Srinivas Sharma ఫిర్యాదు చేశారు, దర్యాప్తు ప్రారంభమైంది.",crime_against_women,high,Bengaluru,2024-02-27T10:00:00,,,0
SYN-01124,ta,"ஆயுதம் தாங்கிய நபர்கள் குழு Mumbai அருகே ஒரு கடையை கொள்ளையடித்தனர், சாட்சி உத்சவ் நன்மாறன் தெரிவித்தார்.",dacoity,high,Mumbai,2024-01-24T17:00:00,,,0
SYN-00766,en,Zaina Magar reported that a two-wheeler was stolen near Guwahati while unattended.,theft,low,Guwahati,2025-05-01T22:00:00,,,0
SYN-00038,mr,अधिकाऱ्यांनी एनडीपीएस कायद्यांतर्गत Kochi जवळ अमली पदार्थांचा साठा जप्त केला; तपासात Sanjay More यांचा समावेश आहे.,drug_trafficking,high,Kochi,2024-05-31T00:00:00,SUSP-0009,narcotics,1
SYN-00372,te,"Coimbatore సమీపంలో ఒక కత్తి పట్టుకున్న అనుమానితుడిని Lakshmi Naidu ఎదుర్కొన్నారు, నగదు లాక్కున్నారు.",robbery,high,Coimbatore,2024-12-20T01:00:00,,,0
SYN-00506,hi,"अमर मान ने अपने ऑनलाइन बैंकिंग खाते में अनधिकृत पहुँच की सूचना दी, जो Lucknow से जुड़े एक आईपी से जुड़ी थी।",cybercrime,medium,Lucknow,2024-10-28T04:00:00,,,0
SYN-00905,te,"Kochi సమీపంలో ఒక కొడవలి పట్టుకున్న అనుమానితుడిని Divya Reddy ఎదుర్కొన్నారు, బంగారు నగలు లాక్కున్నారు.",robbery,high,Kochi,2024-10-25T12:00:00,,,0
SYN-01009,mr,Nikhil Jadhav यांनी Kolkata जवळ वारंवार पैशांची मागणी करणाऱ्या धमक्या मिळाल्याची तक्रार केली.,extortion,medium,Kolkata,2025-04-30T11:00:00,,,0
SYN-00736,te,"Sowmya Rani Indore సమీపంలో మృతదేహంగా కనిపించారు, గాయాలు ఒక ఇనుప రాడ్తో సరిపోలుతున్నాయి; హత్య కేసు నమోదైంది.",murder,critical,Indore,2024-10-04T14:00:00,,,0
SYN-00311,mr,Sanjay More यांची Delhi जवळ एक चाकू घेतलेल्या सशस्त्र संशयिताशी गाठ पडली आणि एक दुचाकी हिसकावले गेले.,robbery,high,Delhi,2024-01-10T09:00:00,,,0
SYN-00641,bn,মৃনাল গঙ্গোপাধ্যায় জানিয়েছেন যে Indore এর কাছে অরক্ষিত অবস্থায় একটি ল্যাপটপ চুরি হয়ে গেছে।,theft,low,Indore,2024-05-01T17:00:00,,,0
SYN-00629,hi,आरव हेगडे का सामना Coimbatore के पास एक कट्टा लिए एक सशस्त्र संदिग्ध से हुआ और नकदी छीन लिया गया।,robbery,high,Coimbatore,2024-03-10T16:00:00,,,0
SYN-00093,bn,লিটন হুরাইরা Chennai এর কাছে একটি দেশি পিস্তল নিয়ে একজন সশস্ত্র সন্দেহভাজনের মুখোমুখি হন এবং তার নগদ টাকা ছিনতাই হয়।,robbery,high,Chennai,2025-05-06T00:00:00,SUSP-0024,property,1
SYN-00197,te,"Lakshmi Naidu తన ఆన్‌లైన్ బ్యాంకింగ్ ఖాతాలో అనధికార ప్రవేశం జరిగిందని ఫిర్యాదు చేశారు, ఇది Patnaకు సంబంధించిన ఐపీ నుండి వచ్చింది.",cybercrime,medium,Patna,2025-01-13T00:00:00,SUSP-0048,financial,6
SYN-00780,ta,"Guwahati அருகே இரு குழுக்களுக்கிடையே வன்முறை மோதல் வெடித்தது, புகார் அளித்தவர்களில் அகிலாண்டம் ஒருவர்.",rioting,medium,Guwahati,2024-09-19T01:00:00,,,0
SYN-00727,en,Sana Saini was confronted by an armed suspect with an iron rod near Bhopal and had cash taken.,robbery,high,Bhopal,2025-05-26T04:00:00,,,0
SYN-00857,te,"Delhi సమీపంలో వేధింపులు మరియు వెంబడించడంపై Padma Chowdary ఫిర్యాదు చేశారు, దర్యాప్తు ప్రారంభమైంది.",crime_against_women,high,Delhi,2024-04-05T09:00:00,,,0
SYN-00288,en,Officers seized a consignment of narcotics near Kolkata under the NDPS Act; investigation involves Oorja Bhat.,drug_trafficking,high,Kolkata,2024-10-23T00:00:00,SUSP-0068,narcotics,5
SYN-00021,ta,"Chennai அருகே ஒரு கத்தி ஏந்திய ஆயுதம் தாங்கிய சந்தேக நபரை நாதவேணி சந்தித்தார், ஒரு லேப்டாப் பறிக்கப்பட்டது.",robbery,high,Chennai,2024-07-05T00:00:00,SUSP-0005,property,4
SYN-01073,mr,"Anita Bhosale यांनी Kolkata जवळ छळ आणि पाठलाग केल्याची तक्रार नोंदवली, तपास सुरू करण्यात आला आहे.",crime_against_women,high,Kolkata,2024-11-06T19:00:00,,,0
SYN-01153,mr,"Amit Kulkarni Ahmedabad जवळ मृतावस्थेत आढळले, जखमा एक चाकू शी सुसंगत होत्या; खुनाचा गुन्हा दाखल करण्यात आला.",murder,critical,Ahmedabad,2025-02-12T02:00:00,,,0
SYN-00804,mr,"Sneha Joshi Indore जवळ मृतावस्थेत आढळले, जखमा एक कट्टा शी सुसंगत होत्या; खुनाचा गुन्हा दाखल करण्यात आला.",murder,critical,Indore,2025-05-28T13:00:00,,,0
SYN-00786,te,ఎన్‌డిపిఎస్ చట్టం కింద అధికారులు Chennai సమీపంలో మాదక ద్రవ్యాల సరుకును స్వాధీనం చేసుకున్నారు; దర్యాప్తులో Srinivas Sharma ప్రమేయం ఉంది.,drug_trafficking,high,Chennai,2025-08-13T11:00:00,,,0
SYN-01020,bn,অমল দত্ত Mumbai এর কাছে একটি লোহার রড নিয়ে একজন সশস্ত্র সন্দেহভাজনের মুখোমুখি হন এবং তার একটি দুই চাকার গাড়ি ছিনতাই হয়।,robbery,high,Mumbai,2025-07-13T16:00:00,,,0
SYN-00380,en,"Suspect forced entry into a house near Nagpur and took cash, reported by Baiju Kuruvilla.",burglary,medium,Nagpur,2025-07-21T02:00:00,,,0
SYN-00474,mr,"Patna जवळ दोन गटांमध्ये हिंसक चकमक झाली, तक्रार करणाऱ्यांमध्ये Anita Bhosale यांचा समावेश होता.",rioting,medium,Patna,2024-03-27T18:00:00,,,0
SYN-01117,te,"Padma Chowdary తన ఆన్‌లైన్ బ్యాంకింగ్ ఖాతాలో అనధికార ప్రవేశం జరిగిందని ఫిర్యాదు చేశారు, ఇది Bhopalకు సంబంధించిన ఐపీ నుండి వచ్చింది.",cybercrime,medium,Bhopal,2024-04-12T05:00:00,,,0
SYN-00009,te,"Anitha Prasad తన ఆన్‌లైన్ బ్యాంకింగ్ ఖాతాలో అనధికార ప్రవేశం జరిగిందని ఫిర్యాదు చేశారు, ఇది Bengaluruకు సంబంధించిన ఐపీ నుండి వచ్చింది.",cybercrime,medium,Bengaluru,2024-06-11T00:00:00,SUSP-0003,financial,2
SYN-01174,hi,"मगर, तन्वी का सामना Patna के पास एक चाकू लिए एक सशस्त्र संदिग्ध से हुआ और नकदी छीन लिया गया।",robbery,high,Patna,2025-05-11T15:00:00,,,0
SYN-01028,bn,আশা তাবাসসুম Lucknow এর কাছে নিখোঁজ বলে জানানো হয়েছে; পরিবার মুক্তিপণের জন্য অপহরণের সন্দেহ করছে।,kidnapping,high,Lucknow,2025-04-01T17:00:00,,,0
SYN-00397,en,"Suspect forced entry into a house near Jaipur and took cash, reported by Manikya Swaminathan.",burglary,medium,Jaipur,2024-08-15T16:00:00,,,0
SYN-00367,mr,"Anita Bhosale यांनी त्यांच्या ऑनलाइन बँकिंग खात्यात अनधिकृत प्रवेश झाल्याची तक्रार केली, जी Guwahati शी संबंधित आयपीवरून झाली.",cybercrime,medium,Guwahati,2024-04-07T16:00:00,,,0
SYN-00616,bn,এনডিপিএস আইনের অধীনে কর্মকর্তারা Kanpur এর কাছে মাদকদ্রব্যের একটি চালান জব্দ করেছেন; তদন্তে রাশেদ খান জড়িত।,drug_trafficking,high,Kanpur,2025-08-19T18:00:00,,,0
SYN-00386,en,"Eva Mahal reported unauthorised access to their online banking account, traced to an IP linked to Surat.",cybercrime,medium,Surat,2025-09-27T12:00:00,,,0
SYN-00362,te,Hyderabad సమీపంలో డబ్బు కోరుతూ పదేపదే బెదిరింపులు వచ్చాయని Srinivas Sharma తెలిపారు.,extortion,medium,Hyderabad,2024-04-19T03:00:00,,,0
SYN-00127,bn,এনডিপিএস আইনের অধীনে কর্মকর্তারা Kanpur এর কাছে মাদকদ্রব্যের একটি চালান জব্দ করেছেন; তদন্তে আদি রায় জড়িত।,drug_trafficking,high,Kanpur,2024-10-08T00:00:00,SUSP-0032,narcotics,3
SYN-00803,mr,Amit Kulkarni यांची Surat जवळ एक चाकू घेतलेल्या सशस्त्र संशयिताशी गाठ पडली आणि एक लॅपटॉप हिसकावले गेले.,robbery,high,Surat,2024-03-25T15:00:00,,,0
SYN-00456,en,"A gang of armed men robbed a shop near Bengaluru, reported by Yuvraj  Baria, a witness at the scene.",dacoity,high,Bengaluru,2025-03-20T03:00:00,,,0
SYN-00688,hi,"कुण्डा, आन्वी ने बताया कि Mumbai के पास एक लैपटॉप लावारिस हालत में चोरी हो गया।",theft,low,Mumbai,2025-08-14T16:00:00,,,0
SYN-00032,mr,अधिकाऱ्यांनी एनडीपीएस कायद्यांतर्गत Delhi जवळ अमली पदार्थांचा साठा जप्त केला; तपासात Vikram Shinde यांचा समावेश आहे.,drug_trafficking,high,Delhi,2025-01-07T00:00:00,SUSP-0008,narcotics,1
SYN-01154,hi,"हासन बक्षी ने अपने ऑनलाइन बैंकिंग खाते में अनधिकृत पहुँच की सूचना दी, जो Indore से जुड़े एक आईपी से जुड़ी थी।",cybercrime,medium,Indore,2024-10-18T20:00:00,,,0
SYN-00080,mr,"संशयिताने Bhopal जवळील घरात जबरदस्तीने प्रवेश करून रोख रक्कम नेले, Vikram Shinde यांनी तक्रार नोंदवली.",burglary,medium,Bhopal,2025-05-08T00:00:00,SUSP-0020,property,2
SYN-01038,mr,"Vikram Shinde यांनी Jaipur जवळ छळ आणि पाठलाग केल्याची तक्रार नोंदवली, तपास सुरू करण्यात आला आहे.",crime_against_women,high,Jaipur,2025-05-02T22:00:00,,,0
SYN-00665,en,"A gang of armed men robbed a shop near Kanpur, reported by Elakshi Trivedi, a witness at the scene.",dacoity,high,Kanpur,2024-08-25T02:00:00,,,0
SYN-00084,te,"Hyderabad సమీపంలో వేధింపులు మరియు వెంబడించడంపై Srinivas Sharma ఫిర్యాదు చేశారు, దర్యాప్తు ప్రారంభమైంది.",crime_against_women,high,Hyderabad,2025-06-06T00:00:00,SUSP-0021,women_safety,3
SYN-00552,te,"అనుమానితుడు Bengaluru సమీపంలోని ఇంట్లోకి బలవంతంగా ప్రవేశించి ఒక ద్విచక్ర వాహనం తీసుకెళ్లాడు, Divya Reddy ఫిర్యాదు చేశారు.",burglary,medium,Bengaluru,2024-12-10T08:00:00,,,0
SYN-00403,te,"Coimbatore సమీపంలో ఒక దేశీ తుపాకీ పట్టుకున్న అనుమానితుడిని Anitha Prasad ఎదుర్కొన్నారు, ఒక ద్విచక్ర వాహనం లాక్కున్నారు.",robbery,high,Coimbatore,2024-06-27T17:00:00,,,0
SYN-00781,ta,"Bengaluru அருகே இரு குழுக்களுக்கிடையே வன்முறை மோதல் வெடித்தது, புகார் அளித்தவர்களில் கதிரோன் ஒருவர்.",rioting,medium,Bengaluru,2024-01-14T06:00:00,,,0
SYN-00501,bn,"Hyderabad এর কাছে দুটি দলের মধ্যে সহিংস সংঘর্ষ হয়েছে, অভিযোগকারীদের মধ্যে প্রিয়া প্রামানিক ছিলেন।",rioting,medium,Hyderabad,2024-11-27T01:00:00,,,0
SYN-00721,te,"సాయుధులైన వ్యక్తుల ముఠా Guwahati సమీపంలోని దుకాణాన్ని దోచుకుంది, సాక్షి Srinivas Sharma తెలిపారు.",dacoity,high,Guwahati,2024-04-13T10:00:00,,,0
SYN-00714,te,"సాయుధులైన వ్యక్తుల ముఠా Pune సమీపంలోని దుకాణాన్ని దోచుకుంది, సాక్షి Ravi Kumar తెలిపారు.",dacoity,high,Pune,2024-08-22T06:00:00,,,0
SYN-00836,mr,"Swati Gaikwad यांनी Surat जवळ छळ आणि पाठलाग केल्याची तक्रार नोंदवली, तपास सुरू करण्यात आला आहे.",crime_against_women,high,Surat,2025-04-13T07:00:00,,,0
SYN-00424,te,"Suresh Rao తన ఆన్‌లైన్ బ్యాంకింగ్ ఖాతాలో అనధికార ప్రవేశం జరిగిందని ఫిర్యాదు చేశారు, ఇది Chandigarhకు సంబంధించిన ఐపీ నుండి వచ్చింది.",cybercrime,medium,Chandigarh,2024-05-22T06:00:00,,,0
SYN-00178,bn,"Kolkata এর কাছে দুটি দলের মধ্যে সহিংস সংঘর্ষ হয়েছে, অভিযোগকারীদের মধ্যে অলোকা চৌধুরী ছিলেন।",rioting,medium,Kolkata,2024-12-30T00:00:00,SUSP-0044,public_order,2
SYN-00689,en,"Hunar Kaur reported unauthorised access to their online banking account, traced to an IP linked to Pune.",cybercrime,medium,Pune,2024-11-19T13:00:00,,,0
SYN-00010,te,"Anitha Prasad తన ఆన్‌లైన్ బ్యాంకింగ్ ఖాతాలో అనధికార ప్రవేశం జరిగిందని ఫిర్యాదు చేశారు, ఇది Bengaluruకు సంబంధించిన ఐపీ నుండి వచ్చింది.",cybercrime,medium,Bengaluru,2024-07-28T00:00:00,SUSP-0003,financial,3
SYN-01057,hi,अधिकारियों ने एनडीपीएस अधिनियम के तहत Chandigarh के पास मादक पदार्थों की एक खेप जब्त की; जांच में विष्णु बजाज शामिल है।,drug_trafficking,high,Chandigarh,2024-09-04T16:00:00,,,0
SYN-01008,te,"Kolkata సమీపంలో ఒక కత్తి పట్టుకున్న అనుమానితుడిని Divya Reddy ఎదుర్కొన్నారు, ఒక ద్విచక్ర వాహనం లాక్కున్నారు.",robbery,high,Kolkata,2024-07-28T16:00:00,,,0
SYN-01194,te,Kanpur సమీపంలో విక్రేతగా నటించిన మోసగాడు Kiran Babuను నగదు బదిలీ చేయమని మోసం చేశాడు.,cheating_fraud,medium,Kanpur,2024-04-11T04:00:00,,,0
SYN-00003,te,"Jaipur సమీపంలో ఒక కొడవలి పట్టుకున్న అనుమానితుడిని Lakshmi Naidu ఎదుర్కొన్నారు, బంగారు నగలు లాక్కున్నారు.",robbery,high,Jaipur,2025-02-08T00:00:00,SUSP-0001,property,3
SYN-00662,mr,अधिकाऱ्यांनी एनडीपीएस कायद्यांतर्गत Bengaluru जवळ अमली पदार्थांचा साठा जप्त केला; तपासात Nikhil Jadhav यांचा समावेश आहे.,drug_trafficking,high,Bengaluru,2025-02-10T11:00:00,,,0
SYN-00137,mr,"Coimbatore जवळ दोन गटांमध्ये हिंसक चकमक झाली, तक्रार करणाऱ्यांमध्ये Priya Patil यांचा समावेश होता.",rioting,medium,Coimbatore,2025-07-26T00:00:00,SUSP-0034,public_order,5
SYN-00709,en,Kismat Khare was deceived into transferring funds by a scammer posing as a vendor near Chennai.,cheating_fraud,medium,Chennai,2024-09-21T02:00:00,,,0
SYN-01191,te,ఎన్‌డిపిఎస్ చట్టం కింద అధికారులు Chennai సమీపంలో మాదక ద్రవ్యాల సరుకును స్వాధీనం చేసుకున్నారు; దర్యాప్తులో Sowmya Rani ప్రమేయం ఉంది.,drug_trafficking,high,Chennai,2024-02-21T14:00:00,,,0
SYN-00337,te,Patna సమీపంలో ఎవరూ లేనప్పుడు ఒక మొబైల్ ఫోన్ దొంగిలించబడిందని Srinivas Sharma తెలిపారు.,theft,low,Patna,2024-08-27T17:00:00,,,0
SYN-00614,bn,"Kochi এর কাছে দুটি দলের মধ্যে সহিংস সংঘর্ষ হয়েছে, অভিযোগকারীদের মধ্যে আকাশ মন্ডল ছিলেন।",rioting,medium,Kochi,2024-08-10T06:00:00,,,0
SYN-00471,hi,"अधिकारियों ने एनडीपीएस अधिनियम के तहत Nagpur के पास मादक पदार्थों की एक खेप जब्त की; जांच में दवे, आराध्या शामिल है।",drug_trafficking,high,Nagpur,2024-01-10T10:00:00,,,0
SYN-00870,bn,প্রীতি দে Kanpur এর কাছে বারবার অর্থ দাবি করে হুমকি পাওয়ার কথা জানিয়েছেন।,extortion,medium,Kanpur,2025-04-30T01:00:00,,,0
SYN-00350,bn,"প্রত্যয় বন্দোপাধ্যায় Indore এর কাছে মৃত অবস্থায় পাওয়া যায়, আঘাত একটি লোহার রড এর সাথে সামঞ্জস্যপূর্ণ; হত্যা মামলা রুজু হয়েছে।",murder,critical,Indore,2025-04-22T17:00:00,,,0
SYN-00330,en,Hansh Bhavsar was found deceased near Bhopal with injuries consistent with a sickle; a murder case was registered.,murder,critical,Bhopal,2024-07-03T04:00:00,,,0
SYN-00679,hi,"रायन बापट ने अपने ऑनलाइन बैंकिंग खाते में अनधिकृत पहुँच की सूचना दी, जो Chandigarh से जुड़े एक आईपी से जुड़ी थी।",cybercrime,medium,Chandigarh,2024-05-26T18:00:00,,,0
SYN-00877,bn,নয়ন আওয়াল কে Lucknow এর কাছে একজন বিক্রেতা সেজে থাকা প্রতারক অর্থ স্থানান্তর করতে প্রতারিত করেছে।,cheating_fraud,medium,Lucknow,2024-08-09T16:00:00,,,0
SYN-00991,en,"Prerak Babu reported unauthorised access to their online banking account, traced to an IP linked to Delhi.",cybercrime,medium,Delhi,2024-02-11T15:00:00,,,0
SYN-00464,bn,"আশীষ তালুকদার তার অনলাইন ব্যাংকিং অ্যাকাউন্টে অননুমোদিত প্রবেশের অভিযোগ করেছেন, যা Kolkata এর সাথে যুক্ত একটি আইপি থেকে হয়েছে।",cybercrime,medium,Kolkata,2024-07-02T01:00:00,,,0
SYN-00725,ta,"Guwahati அருகே ஒரு இரும்பு கம்பி ஏந்திய ஆயுதம் தாங்கிய சந்தேக நபரை வகேஷ்வரி சந்தித்தார், தங்க நகைகள் பறிக்கப்பட்டது.",robbery,high,Guwahati,2024-08-22T03:00:00,,,0
SYN-01149,en,Armaan Lalla was reported missing near Kolkata; family suspects kidnapping for ransom.,kidnapping,high,Kolkata,2024-01-30T02:00:00,,,0
SYN-00268,mr,"Nikhil Jadhav यांनी त्यांच्या ऑनलाइन बँकिंग खात्यात अनधिकृत प्रवेश झाल्याची तक्रार केली, जी Guwahati शी संबंधित आयपीवरून झाली.",cybercrime,medium,Guwahati,2024-08-26T00:00:00,SUSP-0064,financial,2
SYN-00651,te,"అనుమానితుడు Chennai సమీపంలోని ఇంట్లోకి బలవంతంగా ప్రవేశించి ఒక ద్విచక్ర వాహనం తీసుకెళ్లాడు, Ravi Kumar ఫిర్యాదు చేశారు.",burglary,medium,Chennai,2024-07-21T23:00:00,,,0
SYN-00351,bn,কুনাল তালুকদার Coimbatore এর কাছে নিখোঁজ বলে জানানো হয়েছে; পরিবার মুক্তিপণের জন্য অপহরণের সন্দেহ করছে।,kidnapping,high,Coimbatore,2025-05-24T14:00:00,,,0
SYN-00699,te,Mumbai సమీపంలో విక్రేతగా నటించిన మోసగాడు Divya Reddyను నగదు బదిలీ చేయమని మోసం చేశాడు.,cheating_fraud,medium,Mumbai,2024-07-25T21:00:00,,,0
SYN-01112,en,Eshani Ganesh reported receiving repeated threats demanding money near Chandigarh.,extortion,medium,Chandigarh,2024-02-05T23:00:00,,,0
SYN-00822,ta,"பதிரன் உதாங்கன் Delhi அருகே இறந்த நிலையில் காணப்பட்டார், காயங்கள் ஒரு அரிவாள் உடன் பொருந்துகின்றன; கொலை வழக்கு பதிவு செய்யப்பட்டது.",murder,critical,Delhi,2025-10-02T08:00:00,,,0
SYN-01006,ta,ஷைலேந்திரா Bengaluru அருகே காணாமல் போனதாக தெரிவிக்கப்பட்டது; மீட்கும் தொகைக்காக கடத்தப்பட்டதாக குடும்பத்தினர் சந்தேகிக்கின்றனர்.,kidnapping,high,Bengaluru,2024-07-11T14:00:00,,,0
SYN-00626,hi,"अशोक बना ने Jaipur के पास उत्पीड़न और पीछा किए जाने की शिकायत दर्ज कराई, जांच शुरू कर दी गई है।",crime_against_women,high,Jaipur,2024-01-06T10:00:00,,,0
SYN-01129,hi,"दयाल, शर्मिला ने Pune के पास उत्पीड़न और पीछा किए जाने की शिकायत दर्ज कराई, जांच शुरू कर दी गई है।",crime_against_women,high,Pune,2024-10-16T23:00:00,,,0
SYN-00443,bn,"Pune এর কাছে দুটি দলের মধ্যে সহিংস সংঘর্ষ হয়েছে, অভিযোগকারীদের মধ্যে এনামুল তালুকদার ছিলেন।",rioting,medium,Pune,2024-06-04T13:00:00,,,0
SYN-01133,te,"Srinivas Sharma తన ఆన్‌లైన్ బ్యాంకింగ్ ఖాతాలో అనధికార ప్రవేశం జరిగిందని ఫిర్యాదు చేశారు, ఇది Chandigarhకు సంబంధించిన ఐపీ నుండి వచ్చింది.",cybercrime,medium,Chandigarh,2024-09-19T02:00:00,,,0
SYN-00570,hi,"संदिग्ध ने Indore के पास एक घर में जबरन प्रवेश किया और सोने के गहने ले गया, मगर, लीला ने रिपोर्ट दर्ज कराई।",burglary,medium,Indore,2025-05-30T18:00:00,,,0
SYN-00743,bn,অর্ঘ্য চৌধুরী কে Patna এর কাছে একজন বিক্রেতা সেজে থাকা প্রতারক অর্থ স্থানান্তর করতে প্রতারিত করেছে।,cheating_fraud,medium,Patna,2025-07-07T08:00:00,,,0
SYN-00144,te,ఎన్‌డిపిఎస్ చట్టం కింద అధికారులు Chennai సమీపంలో మాదక ద్రవ్యాల సరుకును స్వాధీనం చేసుకున్నారు; దర్యాప్తులో Lakshmi Naidu ప్రమేయం ఉంది.,drug_trafficking,high,Chennai,2025-01-19T00:00:00,SUSP-0036,narcotics,2
SYN-00126,bn,এনডিপিএস আইনের অধীনে কর্মকর্তারা Kanpur এর কাছে মাদকদ্রব্যের একটি চালান জব্দ করেছেন; তদন্তে আদি রায় জড়িত।,drug_trafficking,high,Kanpur,2024-09-28T00:00:00,SUSP-0032,narcotics,2
SYN-00716,en,Officers seized a consignment of narcotics near Delhi under the NDPS Act; investigation involves Abram Samra.,drug_trafficking,high,Delhi,2025-05-08T11:00:00,,,0
SYN-01180,te,"Divya Reddy తన ఆన్‌లైన్ బ్యాంకింగ్ ఖాతాలో అనధికార ప్రవేశం జరిగిందని ఫిర్యాదు చేశారు, ఇది Chennaiకు సంబంధించిన ఐపీ నుండి వచ్చింది.",cybercrime,medium,Chennai,2025-05-21T19:00:00,,,0
SYN-00955,bn,"Indore এর কাছে দুটি দলের মধ্যে সহিংস সংঘর্ষ হয়েছে, অভিযোগকারীদের মধ্যে সাব্বির বিশ্বাস ছিলেন।",rioting,medium,Indore,2024-04-19T20:00:00,,,0
SYN-00308,ta,"Bhopal அருகே ஒரு நாட்டு துப்பாக்கி ஏந்திய ஆயுதம் தாங்கிய சந்தேக நபரை இசைச்செல்வம் சந்தித்தார், ஒரு இருசக்கர வாகனம் பறிக்கப்பட்டது.",robbery,high,Bhopal,2025-05-02T15:00:00,,,0
SYN-00072,mr,Priya Patil यांची Coimbatore जवळ एक विळा घेतलेल्या सशस्त्र संशयिताशी गाठ पडली आणि एक लॅपटॉप हिसकावले गेले.,robbery,high,Coimbatore,2025-04-14T00:00:00,SUSP-0018,violent,1
SYN-00577,ta,"மங்களா மணிவண்ணன் Kanpur அருகே இறந்த நிலையில் காணப்பட்டார், காயங்கள் ஒரு கத்தி உடன் பொருந்துகின்றன; கொலை வழக்கு பதிவு செய்யப்பட்டது.",murder,critical,Kanpur,2024-06-05T06:00:00,,,0
SYN-00985,bn,"সশস্ত্র ব্যক্তিদের একটি দল Surat এর কাছে একটি দোকান লুট করেছে, ঘটনাস্থলের সাক্ষী আব্বাস হাকিম জানিয়েছেন।",dacoity,high,Surat,2024-05-10T01:00:00,,,0
SYN-01079,te,Kochi సమీపంలో విక్రేతగా నటించిన మోసగాడు Kiran Babuను నగదు బదిలీ చేయమని మోసం చేశాడు.,cheating_fraud,medium,Kochi,2025-08-08T15:00:00,,,0
SYN-00166,mr,अधिकाऱ्यांनी एनडीपीएस कायद्यांतर्गत Delhi जवळ अमली पदार्थांचा साठा जप्त केला; तपासात Pooja Kale यांचा समावेश आहे.,drug_trafficking,high,Delhi,2024-08-15T00:00:00,SUSP-0041,narcotics,1
SYN-00980,hi,"Patna के पास दो गुटों के बीच हिंसक झड़प हुई, शिकायत दर्ज कराने वालों में आचार्य, हनुमान् भी शामिल थे।",rioting,medium,Patna,2025-08-29T18:00:00,,,0
SYN-00289,en,Officers seized a consignment of narcotics near Kolkata under the NDPS Act; investigation involves Oorja Bhat.,drug_trafficking,high,Kolkata,2024-11-01T00:00:00,SUSP-0068,narcotics,6
SYN-00523,mr,Sanjay More ने सांगितले की Patna जवळ एक दुचाकी विनाकारण चोरीला गेले.,theft,low,Patna,2025-04-21T08:00:00,,,0
SYN-00600,en,"Aaryahi Bail reported unauthorised access to their online banking account, traced to an IP linked to Bhopal.",cybercrime,medium,Bhopal,2024-02-06T17:00:00,,,0
SYN-00218,te,"Surat సమీపంలో ఒక కొడవలి పట్టుకున్న అనుమానితుడిని Padma Chowdary ఎదుర్కొన్నారు, ఒక ద్విచక్ర వాహనం లాక్కున్నారు.",robbery,high,Surat,2024-10-16T00:00:00,SUSP-0053,property,4
SYN-00648,te,"Pune సమీపంలో రెండు గುంపుల మధ్య హింసాత్మక ఘర్షణ జరిగింది, ఫిర్యాదు చేసిన వారిలో Padma Chowdary ఒకరు.",rioting,medium,Pune,2025-02-26T20:00:00,,,0
SYN-00360,en,Damini Bhattacharyya reported that a mobile phone was stolen near Kochi while unattended.,theft,low,Kochi,2025-07-18T13:00:00,,,0
SYN-00390,mr,Sneha Joshi Guwahati जवळ बेपत्ता झाल्याची तक्रार करण्यात आली; कुटुंबाला खंडणीसाठी अपहरणाची शंका आहे.,kidnapping,high,Guwahati,2024-07-23T18:00:00,,,0
SYN-00697,hi,विक्रम चौधरी Bengaluru के पास लापता बताया गया; परिवार को फिरौती के लिए अपहरण की आशंका है।,kidnapping,high,Bengaluru,2025-09-15T01:00:00,,,0
SYN-00257,mr,"Sanjay More यांनी Delhi जवळ छळ आणि पाठलाग केल्याची तक्रार नोंदवली, तपास सुरू करण्यात आला आहे.",crime_against_women,high,Delhi,2024-12-19T00:00:00,SUSP-0061,women_safety,5
SYN-01135,te,"Mumbai సమీపంలో వేధింపులు మరియు వెంబడించడంపై Venkatesh Reddy ఫిర్యాదు చేశారు, దర్యాప్తు ప్రారంభమైంది.",crime_against_women,high,Mumbai,2024-09-16T16:00:00,,,0
SYN-00280,hi,"रिया गांगुली ने अपने ऑनलाइन बैंकिंग खाते में अनधिकृत पहुँच की सूचना दी, जो Surat से जुड़े एक आईपी से जुड़ी थी।",cybercrime,medium,Surat,2025-06-09T00:00:00,SUSP-0066,financial,5
SYN-00494,bn,আনিস হুরাইরা জানিয়েছেন যে Kanpur এর কাছে অরক্ষিত অবস্থায় সোনার গহনা চুরি হয়ে গেছে।,theft,low,Kanpur,2025-06-26T11:00:00,,,0
SYN-00062,te,"Kiran Babu తన ఆన్‌లైన్ బ్యాంకింగ్ ఖాతాలో అనధికార ప్రవేశం జరిగిందని ఫిర్యాదు చేశారు, ఇది Mumbaiకు సంబంధించిన ఐపీ నుండి వచ్చింది.",cybercrime,medium,Mumbai,2025-03-09T00:00:00,SUSP-0015,financial,4
SYN-00001,te,"అనుమానితుడు Ahmedabad సమీపంలోని ఇంట్లోకి బలవంతంగా ప్రవేశించి ఒక మొబైల్ ఫోన్ తీసుకెళ్లాడు, Lakshmi Naidu ఫిర్యాదు చేశారు.",burglary,medium,Ahmedabad,2025-01-12T00:00:00,SUSP-0001,property,1
SYN-00172,en,"A violent clash broke out near Chandigarh between two groups, Vanya Bora among those who filed a complaint.",rioting,medium,Chandigarh,2024-08-04T00:00:00,SUSP-0042,public_order,3
SYN-00669,ta,Bengaluru அருகே பணம் கோரி மீண்டும் மீண்டும் மிரட்டல் வந்ததாக தங்கச்சுடர் தெரிவித்தார்.,extortion,medium,Bengaluru,2025-06-13T08:00:00,,,0
SYN-00297,hi,"Indore के पास दो गुटों के बीच हिंसक झड़प हुई, शिकायत दर्ज कराने वालों में कुलकर्णी, प्रेम भी शामिल थे।",rioting,medium,Indore,2024-03-29T00:00:00,SUSP-0070,public_order,3
SYN-00636,hi,अधिकारियों ने एनडीपीएस अधिनियम के तहत Kochi के पास मादक पदार्थों की एक खेप जब्त की; जांच में निशा ड़ाल शामिल है।,drug_trafficking,high,Kochi,2024-01-08T20:00:00,,,0
SYN-01095,ta,Kochi அருகே விற்பனையாளர் போல் நடித்த மோசடி செய்பவரால் பஞ்சாமிர்தம் பணத்தை மாற்ற ஏமாற்றப்பட்டார்.,cheating_fraud,medium,Kochi,2024-07-03T00:00:00,,,0
SYN-00913,en,"Suspect forced entry into a house near Mumbai and took cash, reported by Riya Devan.",burglary,medium,Mumbai,2024-05-27T23:00:00,,,0
SYN-00833,ta,"Kanpur அருகே தொந்தரவு மற்றும் பின்தொடர்தல் குறித்து இசைக்கதிர் புகார் அளித்தார், விசாரணை தொடங்கப்பட்டுள்ளது.",crime_against_women,high,Kanpur,2025-01-17T05:00:00,,,0
SYN-00002,te,"అనుమానితుడు Jaipur సమీపంలోని ఇంట్లోకి బలవంతంగా ప్రవేశించి ఒక ల్యాప్‌టాప్ తీసుకెళ్లాడు, Lakshmi Naidu ఫిర్యాదు చేశారు.",burglary,medium,Jaipur,2025-01-20T00:00:00,SUSP-0001,property,2
SYN-00043,mr,"Surat जवळ दोन गटांमध्ये हिंसक चकमक झाली, तक्रार करणाऱ्यांमध्ये Pooja Kale यांचा समावेश होता.",rioting,medium,Surat,2025-01-13T00:00:00,SUSP-0010,public_order,2
SYN-00463,te,ఎన్‌డిపిఎస్ చట్టం కింద అధికారులు Delhi సమీపంలో మాదక ద్రవ్యాల సరుకును స్వాధీనం చేసుకున్నారు; దర్యాప్తులో Venkatesh Reddy ప్రమేయం ఉంది.,drug_trafficking,high,Delhi,2024-01-13T07:00:00,,,0
SYN-00896,mr,Sanjay More यांची Nagpur जवळ एक कट्टा घेतलेल्या सशस्त्र संशयिताशी गाठ पडली आणि एक लॅपटॉप हिसकावले गेले.,robbery,high,Nagpur,2025-09-10T18:00:00,,,0
SYN-00434,en,Aarna Bala reported receiving repeated threats demanding money near Patna.,extortion,medium,Patna,2024-01-17T03:00:00,,,0
SYN-00551,en,Misha Swaminathan reported that a two-wheeler was stolen near Coimbatore while unattended.,theft,low,Coimbatore,2025-01-18T17:00:00,,,0
SYN-00994,bn,"সশস্ত্র ব্যক্তিদের একটি দল Bengaluru এর কাছে একটি দোকান লুট করেছে, ঘটনাস্থলের সাক্ষী ইউসুফ আবদুল্লাহ জানিয়েছেন।",dacoity,high,Bengaluru,2024-01-17T15:00:00,,,0
SYN-00801,ta,"Ahmedabad அருகே இரு குழுக்களுக்கிடையே வன்முறை மோதல் வெடித்தது, புகார் அளித்தவர்களில் கதிரவன் ஒருவர்.",rioting,medium,Ahmedabad,2024-06-05T01:00:00,,,0
SYN-00961,hi,"संदिग्ध ने Delhi के पास एक घर में जबरन प्रवेश किया और नकदी ले गया, रतन लता ने रिपोर्ट दर्ज कराई।",burglary,medium,Delhi,2024-05-24T15:00:00,,,0
SYN-00554,ta,"மணிமன்றவாணன் சத்யவாணன் தனது ஆன்லைன் வங்கிக் கணக்கில் அங்கீகரிக்கப்படாத அணுகல் இருந்ததாக புகார் அளித்தார், அது Surat உடன் தொடர்புடைய ஐபியிலிருந்து வந்தது.",cybercrime,medium,Surat,2024-05-23T23:00:00,,,0
SYN-00383,bn,বাকের হোসাইন কে Kolkata এর কাছে একজন বিক্রেতা সেজে থাকা প্রতারক অর্থ স্থানান্তর করতে প্রতারিত করেছে।,cheating_fraud,medium,Kolkata,2024-03-05T05:00:00,,,0
SYN-01094,te,ఎన్‌డిపిఎస్ చట్టం కింద అధికారులు Pune సమీపంలో మాదక ద్రవ్యాల సరుకును స్వాధీనం చేసుకున్నారు; దర్యాప్తులో Padma Chowdary ప్రమేయం ఉంది.,drug_trafficking,high,Pune,2025-02-28T12:00:00,,,0
SYN-00802,ta,"Coimbatore அருகே தொந்தரவு மற்றும் பின்தொடர்தல் குறித்து எழிற்செல்வி புகார் அளித்தார், விசாரணை தொடங்கப்பட்டுள்ளது.",crime_against_women,high,Coimbatore,2024-04-02T07:00:00,,,0
SYN-00209,en,Officers seized a consignment of narcotics near Patna under the NDPS Act; investigation involves Nehmat Sethi.,drug_trafficking,high,Patna,2024-07-29T00:00:00,SUSP-0051,narcotics,2
SYN-00513,mr,"Priya Patil यांनी Hyderabad जवळ छळ आणि पाठलाग केल्याची तक्रार नोंदवली, तपास सुरू करण्यात आला आहे.",crime_against_women,high,Hyderabad,2025-04-07T02:00:00,,,0
SYN-00652,bn,জনা মিঞা Ahmedabad এর কাছে একটি ছুরি নিয়ে একজন সশস্ত্র সন্দেহভাজনের মুখোমুখি হন এবং তার সোনার গহনা ছিনতাই হয়।,robbery,high,Ahmedabad,2024-04-12T09:00:00,,,0
SYN-00867,te,"సాయుధులైన వ్యక్తుల ముఠా Jaipur సమీపంలోని దుకాణాన్ని దోచుకుంది, సాక్షి Ravi Kumar తెలిపారు.",dacoity,high,Jaipur,2024-03-10T09:00:00,,,0
SYN-00086,bn,এনডিপিএস আইনের অধীনে কর্মকর্তারা Patna এর কাছে মাদকদ্রব্যের একটি চালান জব্দ করেছেন; তদন্তে অদৃতা সিনহা জড়িত।,drug_trafficking,high,Patna,2024-10-15T00:00:00,SUSP-0022,narcotics,2
SYN-00457,ta,Lucknow அருகே கண்காணிப்பு இல்லாத நேரத்தில் தங்க நகைகள் திருடப்பட்டதாக அஜந்தா தெரிவித்தார்.,theft,low,Lucknow,2024-06-28T03:00:00,,,0
SYN-00911,hi,आव्या वफादार ने Hyderabad के पास बार-बार पैसे की मांग करने वाली धमकियां मिलने की सूचना दी।,extortion,medium,Hyderabad,2025-05-01T04:00:00,,,0
SYN-01170,ta,"Nagpur அருகே தொந்தரவு மற்றும் பின்தொடர்தல் குறித்து கண்மணி புகார் அளித்தார், விசாரணை தொடங்கப்பட்டுள்ளது.",crime_against_women,high,Nagpur,2025-02-08T09:00:00,,,0
SYN-00312,bn,আশ্বিনী বিশ্বাস কে Kochi এর কাছে একজন বিক্রেতা সেজে থাকা প্রতারক অর্থ স্থানান্তর করতে প্রতারিত করেছে।,cheating_fraud,medium,Kochi,2025-06-20T15:00:00,,,0
SYN-00129,en,Charvi Devan was confronted by an armed suspect with a sickle near Jaipur and had a mobile phone taken.,robbery,high,Jaipur,2024-09-07T00:00:00,SUSP-0033,violent,2
SYN-00805,mr,अधिकाऱ्यांनी एनडीपीएस कायद्यांतर्गत Kanpur जवळ अमली पदार्थांचा साठा जप्त केला; तपासात Priya Patil यांचा समावेश आहे.,drug_trafficking,high,Kanpur,2025-02-08T20:00:00,,,0
SYN-00668,ta,என்டிபிஎஸ் சட்டத்தின் கீழ் Guwahati அருகே போதைப்பொருள் கொள்முதலை அதிகாரிகள் பறிமுதல் செய்தனர்; விசாரணையில் தண்மதி ஈடுபட்டுள்ளார்.,drug_trafficking,high,Guwahati,2024-06-27T12:00:00,,,0
SYN-01029,te,Patna సమీపంలో విక్రేతగా నటించిన మోసగాడు Srinivas Sharmaను నగదు బదిలీ చేయమని మోసం చేశాడు.,cheating_fraud,medium,Patna,2024-10-22T05:00:00,,,0
SYN-00782,mr,Rohan Deshmukh यांनी Nagpur जवळ वारंवार पैशांची मागणी करणाऱ्या धमक्या मिळाल्याची तक्रार केली.,extortion,medium,Nagpur,2025-07-25T23:00:00,,,0
SYN-00253,mr,"Sanjay More यांनी Delhi जवळ छळ आणि पाठलाग केल्याची तक्रार नोंदवली, तपास सुरू करण्यात आला आहे.",crime_against_women,high,Delhi,2024-09-19T00:00:00,SUSP-0061,women_safety,1
SYN-00104,hi,"अनाया बक्षी ने अपने ऑनलाइन बैंकिंग खाते में अनधिकृत पहुँच की सूचना दी, जो Guwahati से जुड़े एक आईपी से जुड़ी थी।",cybercrime,medium,Guwahati,2024-10-20T00:00:00,SUSP-0026,financial,3
SYN-01167,hi,"हथियारबंद लोगों के एक गिरोह ने Hyderabad के पास एक दुकान लूट ली, घटनास्थल पर मौजूद गवाह रिज़वान लता ने बताया।",dacoity,high,Hyderabad,2024-03-21T23:00:00,,,0
SYN-00924,bn,আলিয়া আলম জানিয়েছেন যে Kanpur এর কাছে অরক্ষিত অবস্থায় একটি দুই চাকার গাড়ি চুরি হয়ে গেছে।,theft,low,Kanpur,2025-08-15T05:00:00,,,0
SYN-00568,en,Officers seized a consignment of narcotics near Pune under the NDPS Act; investigation involves Nehmat D’Alia.,drug_trafficking,high,Pune,2025-01-17T00:00:00,,,0
SYN-00916,bn,"সশস্ত্র ব্যক্তিদের একটি দল Hyderabad এর কাছে একটি দোকান লুট করেছে, ঘটনাস্থলের সাক্ষী তামিম সরকার জানিয়েছেন।",dacoity,high,Hyderabad,2025-03-10T19:00:00,,,0
SYN-00998,te,"Guwahati సమీపంలో వేధింపులు మరియు వెంబడించడంపై Kiran Babu ఫిర్యాదు చేశారు, దర్యాప్తు ప్రారంభమైంది.",crime_against_women,high,Guwahati,2024-07-31T21:00:00,,,0
SYN-00240,te,"Nagpur సమీపంలో రెండు గುంపుల మధ్య హింసాత్మక ఘర్షణ జరిగింది, ఫిర్యాదు చేసిన వారిలో Lakshmi Naidu ఒకరు.",rioting,medium,Nagpur,2024-09-10T00:00:00,SUSP-0058,public_order,2
SYN-00649,hi,"हथियारबंद लोगों के एक गिरोह ने Chandigarh के पास एक दुकान लूट ली, घटनास्थल पर मौजूद गवाह पुष्कर, लीला ने बताया।",dacoity,high,Chandigarh,2024-09-15T06:00:00,,,0
SYN-00952,hi,अली सिंह ने बताया कि Indore के पास एक दोपहिया वाहन लावारिस हालत में चोरी हो गया।,theft,low,Indore,2025-05-08T03:00:00,,,0
SYN-00030,te,"Nagpur సమీపంలో ఒక దేశీ తుపాకీ పట్టుకున్న అనుమానితుడిని Venkatesh Reddy ఎదుర్కొన్నారు, నగదు లాక్కున్నారు.",robbery,high,Nagpur,2024-10-05T00:00:00,SUSP-0007,violent,2
SYN-00496,ta,"யாழரசி தனது ஆன்லைன் வங்கிக் கணக்கில் அங்கீகரிக்கப்படாத அணுகல் இருந்ததாக புகார் அளித்தார், அது Nagpur உடன் தொடர்புடைய ஐபியிலிருந்து வந்தது.",cybercrime,medium,Nagpur,2024-06-26T05:00:00,,,0
SYN-00068,en,"Mohanlal Ganesh reported unauthorised access to their online banking account, traced to an IP linked to Surat.",cybercrime,medium,Surat,2024-12-10T00:00:00,SUSP-0017,financial,1
SYN-00417,te,Patna సమీపంలో విక్రేతగా నటించిన మోసగాడు Srinivas Sharmaను నగదు బదిలీ చేయమని మోసం చేశాడు.,cheating_fraud,medium,Patna,2025-05-15T05:00:00,,,0
SYN-00567,mr,Vikram Shinde यांनी Indore जवळ वारंवार पैशांची मागणी करणाऱ्या धमक्या मिळाल्याची तक्रार केली.,extortion,medium,Indore,2025-03-15T15:00:00,,,0
SYN-00476,te,"Lucknow సమీపంలో ఒక కొడవలి పట్టుకున్న అనుమానితుడిని Anitha Prasad ఎదుర్కొన్నారు, ఒక ద్విచక్ర వాహనం లాక్కున్నారు.",robbery,high,Lucknow,2024-09-24T10:00:00,,,0
SYN-00326,ta,Delhi அருகே விற்பனையாளர் போல் நடித்த மோசடி செய்பவரால் ஆட்டநத்தி பணத்தை மாற்ற ஏமாற்றப்பட்டார்.,cheating_fraud,medium,Delhi,2025-04-09T04:00:00,,,0
SYN-00063,en,"Kaira Loyal filed a complaint of harassment and stalking near Surat, an investigation has been opened.",crime_against_women,high,Surat,2024-09-16T00:00:00,SUSP-0016,women_safety,1
SYN-00276,hi,"रिया गांगुली ने अपने ऑनलाइन बैंकिंग खाते में अनधिकृत पहुँच की सूचना दी, जो Chandigarh से जुड़े एक आईपी से जुड़ी थी।",cybercrime,medium,Chandigarh,2025-01-10T00:00:00,SUSP-0066,financial,1
SYN-00964,en,Vardaniya Gole was deceived into transferring funds by a scammer posing as a vendor near Chandigarh.,cheating_fraud,medium,Chandigarh,2025-09-22T07:00:00,,,0
SYN-01126,bn,ইউসুফ আবদুল্লাহ Bengaluru এর কাছে একটি ছুরি নিয়ে একজন সশস্ত্র সন্দেহভাজনের মুখোমুখি হন এবং তার একটি মোবাইল ফোন ছিনতাই হয়।,robbery,high,Bengaluru,2025-01-11T05:00:00,,,0
SYN-00517,bn,"সশস্ত্র ব্যক্তিদের একটি দল Pune এর কাছে একটি দোকান লুট করেছে, ঘটনাস্থলের সাক্ষী তন্ময় আলম জানিয়েছেন।",dacoity,high,Pune,2025-02-23T22:00:00,,,0
SYN-00926,en,Samar Bandi was found deceased near Jaipur with injuries consistent with an iron rod; a murder case was registered.,murder,critical,Jaipur,2024-05-15T19:00:00,,,0
SYN-00521,mr,"संशयिताने Indore जवळील घरात जबरदस्तीने प्रवेश करून एक मोबाईल फोन नेले, Sanjay More यांनी तक्रार नोंदवली.",burglary,medium,Indore,2025-04-27T15:00:00,,,0
SYN-00505,hi,"Kochi के पास दो गुटों के बीच हिंसक झड़प हुई, शिकायत दर्ज कराने वालों में कृष्णन, ज़ारा भी शामिल थे।",rioting,medium,Kochi,2025-09-20T11:00:00,,,0
SYN-00243,bn,লতা হক Delhi এর কাছে একটি কাস্তে নিয়ে একজন সশস্ত্র সন্দেহভাজনের মুখোমুখি হন এবং তার একটি মোবাইল ফোন ছিনতাই হয়।,robbery,high,Delhi,2025-04-19T00:00:00,SUSP-0059,violent,2
SYN-00601,ta,"Lucknow அருகே தொந்தரவு மற்றும் பின்தொடர்தல் குறித்து கடற்கோமகள் ரவின் புகார் அளித்தார், விசாரணை தொடங்கப்பட்டுள்ளது.",crime_against_women,high,Lucknow,2025-06-04T17:00:00,,,0
SYN-00612,ta,"Ahmedabad அருகே இரு குழுக்களுக்கிடையே வன்முறை மோதல் வெடித்தது, புகார் அளித்தவர்களில் சக்தி ஒருவர்.",rioting,medium,Ahmedabad,2024-10-07T12:00:00,,,0
SYN-00771,ta,"தங்கமுத்து ஷிகா Kochi அருகே இறந்த நிலையில் காணப்பட்டார், காயங்கள் ஒரு நாட்டு துப்பாக்கி உடன் பொருந்துகின்றன; கொலை வழக்கு பதிவு செய்யப்பட்டது.",murder,critical,Kochi,2025-05-16T06:00:00,,,0
SYN-00246,bn,লতা হক Delhi এর কাছে একটি লোহার রড নিয়ে একজন সশস্ত্র সন্দেহভাজনের মুখোমুখি হন এবং তার একটি মোবাইল ফোন ছিনতাই হয়।,robbery,high,Delhi,2025-06-19T00:00:00,SUSP-0059,violent,5
SYN-00208,en,Officers seized a consignment of narcotics near Patna under the NDPS Act; investigation involves Nehmat Sethi.,drug_trafficking,high,Patna,2024-06-29T00:00:00,SUSP-0051,narcotics,1
SYN-00054,bn,"Kolkata এর কাছে দুটি দলের মধ্যে সহিংস সংঘর্ষ হয়েছে, অভিযোগকারীদের মধ্যে কেয়া পাল ছিলেন।",rioting,medium,Kolkata,2024-04-14T00:00:00,SUSP-0013,public_order,3
SYN-01004,en,"Suspect forced entry into a house near Nagpur and took a laptop, reported by Miraya Grover.",burglary,medium,Nagpur,2024-12-19T14:00:00,,,0
SYN-01041,hi,कैलाश काले ने बताया कि Jaipur के पास एक मोबाइल फोन लावारिस हालत में चोरी हो गया।,theft,low,Jaipur,2025-01-04T13:00:00,,,0
SYN-00848,mr,"Sanjay More Patna जवळ मृतावस्थेत आढळले, जखमा एक कट्टा शी सुसंगत होत्या; खुनाचा गुन्हा दाखल करण्यात आला.",murder,critical,Patna,2024-10-22T20:00:00,,,0
SYN-00385,ta,"Pune அருகே தொந்தரவு மற்றும் பின்தொடர்தல் குறித்து ஸ்ரீவித்யா புகார் அளித்தார், விசாரணை தொடங்கப்பட்டுள்ளது.",crime_against_women,high,Pune,2025-04-13T03:00:00,,,0
SYN-01138,bn,"Coimbatore এর কাছে দুটি দলের মধ্যে সহিংস সংঘর্ষ হয়েছে, অভিযোগকারীদের মধ্যে মিষ্টি মৃধা ছিলেন।",rioting,medium,Coimbatore,2025-03-19T04:00:00,,,0
SYN-00332,en,Ritvik Subramaniam was confronted by an armed suspect with a country-made pistol near Kochi and had gold jewellery taken.,robbery,high,Kochi,2025-02-06T16:00:00,,,0
SYN-00915,hi,विष्णु दूबे को Coimbatore के पास एक विक्रेता बनकर धोखेबाज ने धन हस्तांतरित करने के लिए धोखा दिया।,cheating_fraud,medium,Coimbatore,2025-03-10T17:00:00,,,0
SYN-00423,en,Myra Shroff was deceived into transferring funds by a scammer posing as a vendor near Chennai.,cheating_fraud,medium,Chennai,2024-08-30T06:00:00,,,0
SYN-00146,te,ఎన్‌డిపిఎస్ చట్టం కింద అధికారులు Chennai సమీపంలో మాదక ద్రవ్యాల సరుకును స్వాధీనం చేసుకున్నారు; దర్యాప్తులో Lakshmi Naidu ప్రమేయం ఉంది.,drug_trafficking,high,Chennai,2025-03-11T00:00:00,SUSP-0036,narcotics,4
SYN-01162,en,Nirvaan Behl reported that cash was stolen near Coimbatore while unattended.,theft,low,Coimbatore,2024-04-20T16:00:00,,,0
SYN-00963,bn,"সন্দেহভাজন Patna এর কাছে একটি বাড়িতে জোর করে ঢুকে একটি মোবাইল ফোন নিয়ে গেছে, অর্ক সরকার অভিযোগ করেছেন।",burglary,medium,Patna,2025-09-17T05:00:00,,,0
SYN-00400,te,"Lucknow సమీపంలో ఒక దేశీ తుపాకీ పట్టుకున్న అనుమానితుడిని Padma Chowdary ఎదుర్కొన్నారు, ఒక ల్యాప్‌టాప్ లాక్కున్నారు.",robbery,high,Lucknow,2024-12-17T14:00:00,,,0
SYN-01039,ta,"Guwahati அருகே இரு குழுக்களுக்கிடையே வன்முறை மோதல் வெடித்தது, புகார் அளித்தவர்களில் நந்தன் ஆனந்ததேவன் ஒருவர்.",rioting,medium,Guwahati,2024-01-18T08:00:00,,,0
SYN-00060,te,"Kiran Babu తన ఆన్‌లైన్ బ్యాంకింగ్ ఖాతాలో అనధికార ప్రవేశం జరిగిందని ఫిర్యాదు చేశారు, ఇది Mumbaiకు సంబంధించిన ఐపీ నుండి వచ్చింది.",cybercrime,medium,Mumbai,2024-12-16T00:00:00,SUSP-0015,financial,2
SYN-00731,en,"Charvi Rau reported unauthorised access to their online banking account, traced to an IP linked to Chennai.",cybercrime,medium,Chennai,2024-12-25T21:00:00,,,0
SYN-00028,en,Piya Cheema was found deceased near Guwahati with injuries consistent with a knife; a murder case was registered.,murder,critical,Guwahati,2025-08-11T00:00:00,SUSP-0006,violent,6
SYN-00186,mr,Priya Patil यांची Nagpur जवळ एक चाकू घेतलेल्या सशस्त्र संशयिताशी गाठ पडली आणि एक लॅपटॉप हिसकावले गेले.,robbery,high,Nagpur,2025-03-22T00:00:00,SUSP-0046,property,2
SYN-01099,te,"సాయుధులైన వ్యక్తుల ముఠా Jaipur సమీపంలోని దుకాణాన్ని దోచుకుంది, సాక్షి Srinivas Sharma తెలిపారు.",dacoity,high,Jaipur,2024-10-20T20:00:00,,,0
SYN-00630,ta,என்டிபிஎஸ் சட்டத்தின் கீழ் Indore அருகே போதைப்பொருள் கொள்முதலை அதிகாரிகள் பறிமுதல் செய்தனர்; விசாரணையில் கணையாழி ஈடுபட்டுள்ளார்.,drug_trafficking,high,Indore,2024-04-04T11:00:00,,,0
SYN-00061,te,"Kiran Babu తన ఆన్‌లైన్ బ్యాంకింగ్ ఖాతాలో అనధికార ప్రవేశం జరిగిందని ఫిర్యాదు చేశారు, ఇది Mumbaiకు సంబంధించిన ఐపీ నుండి వచ్చింది.",cybercrime,medium,Mumbai,2025-01-28T00:00:00,SUSP-0015,financial,3
SYN-00174,te,ఎన్‌డిపిఎస్ చట్టం కింద అధికారులు Patna సమీపంలో మాదక ద్రవ్యాల సరుకును స్వాధీనం చేసుకున్నారు; దర్యాప్తులో Lakshmi Naidu ప్రమేయం ఉంది.,drug_trafficking,high,Patna,2024-08-19T00:00:00,SUSP-0043,narcotics,1
SYN-01032,mr,Sanjay More यांनी Bhopal जवळ वारंवार पैशांची मागणी करणाऱ्या धमक्या मिळाल्याची तक्रार केली.,extortion,medium,Bhopal,2024-06-28T17:00:00,,,0
SYN-00418,en,"A gang of armed men robbed a shop near Lucknow, reported by Darshit Chad, a witness at the scene.",dacoity,high,Lucknow,2024-02-03T08:00:00,,,0
SYN-00315,ta,Indore அருகே பணம் கோரி மீண்டும் மீண்டும் மிரட்டல் வந்ததாக ஏழிசைதேவி தெரிவித்தார்.,extortion,medium,Indore,2025-03-13T16:00:00,,,0
SYN-00158,ta,"ரஃபி தனது ஆன்லைன் வங்கிக் கணக்கில் அங்கீகரிக்கப்படாத அணுகல் இருந்ததாக புகார் அளித்தார், அது Kochi உடன் தொடர்புடைய ஐபியிலிருந்து வந்தது.",cybercrime,medium,Kochi,2024-05-22T00:00:00,SUSP-0039,financial,2
SYN-01053,en,Mishti Krishnan reported receiving repeated threats demanding money near Coimbatore.,extortion,medium,Coimbatore,2025-08-30T01:00:00,,,0
SYN-00787,en,Hiran Kaur was confronted by an armed suspect with an iron rod near Hyderabad and had gold jewellery taken.,robbery,high,Hyderabad,2025-07-17T12:00:00,,,0
SYN-00262,en,Uthkarsh Kale was confronted by an armed suspect with an iron rod near Hyderabad and had gold jewellery taken.,robbery,high,Hyderabad,2025-08-30T00:00:00,SUSP-0062,property,5
SYN-00188,bn,"মিলন হক তার অনলাইন ব্যাংকিং অ্যাকাউন্টে অননুমোদিত প্রবেশের অভিযোগ করেছেন, যা Nagpur এর সাথে যুক্ত একটি আইপি থেকে হয়েছে।",cybercrime,medium,Nagpur,2024-10-16T00:00:00,SUSP-0047,financial,1
SYN-00148,hi,अधिकारियों ने एनडीपीएस अधिनियम के तहत Guwahati के पास मादक पदार्थों की एक खेप जब्त की; जांच में जया विकावि शामिल है।,drug_trafficking,high,Guwahati,2024-12-17T00:00:00,SUSP-0037,narcotics,2
SYN-01172,hi,"मजूमदार, ऐश्वर्या को Kolkata के पास एक विक्रेता बनकर धोखेबाज ने धन हस्तांतरित करने के लिए धोखा दिया।",cheating_fraud,medium,Kolkata,2024-09-04T13:00:00,,,0
SYN-01178,mr,अधिकाऱ्यांनी एनडीपीएस कायद्यांतर्गत Chandigarh जवळ अमली पदार्थांचा साठा जप्त केला; तपासात Pooja Kale यांचा समावेश आहे.,drug_trafficking,high,Chandigarh,2025-05-14T07:00:00,,,0
SYN-01017,bn,মিলন চট্টোপাধ্যায় Hyderabad এর কাছে নিখোঁজ বলে জানানো হয়েছে; পরিবার মুক্তিপণের জন্য অপহরণের সন্দেহ করছে।,kidnapping,high,Hyderabad,2024-07-29T17:00:00,,,0
SYN-00102,hi,"अनाया बक्षी ने अपने ऑनलाइन बैंकिंग खाते में अनधिकृत पहुँच की सूचना दी, जो Kanpur से जुड़े एक आईपी से जुड़ी थी।",cybercrime,medium,Kanpur,2024-08-05T00:00:00,SUSP-0026,financial,1
SYN-00118,hi,"अधिकारियों ने एनडीपीएस अधिनियम के तहत Jaipur के पास मादक पदार्थों की एक खेप जब्त की; जांच में लाल, रचना शामिल है।",drug_trafficking,high,Jaipur,2025-05-25T00:00:00,SUSP-0030,narcotics,2
SYN-01031,mr,अधिकाऱ्यांनी एनडीपीएस कायद्यांतर्गत Bengaluru जवळ अमली पदार्थांचा साठा जप्त केला; तपासात Anita Bhosale यांचा समावेश आहे.,drug_trafficking,high,Bengaluru,2025-08-27T12:00:00,,,0
SYN-00264,en,Arnav Devi was confronted by an armed suspect with a knife near Jaipur and had a mobile phone taken.,robbery,high,Jaipur,2024-07-03T00:00:00,SUSP-0063,violent,1
SYN-00392,mr,Swati Gaikwad यांनी Kolkata जवळ वारंवार पैशांची मागणी करणाऱ्या धमक्या मिळाल्याची तक्रार केली.,extortion,medium,Kolkata,2024-11-06T07:00:00,,,0
SYN-00325,ta,Chennai அருகே விற்பனையாளர் போல் நடித்த மோசடி செய்பவரால் உத்தவ் அக்ஷிதா பணத்தை மாற்ற ஏமாற்றப்பட்டார்.,cheating_fraud,medium,Chennai,2024-07-29T22:00:00,,,0
SYN-01105,mr,Sneha Joshi Indore जवळ बेपत्ता झाल्याची तक्रार करण्यात आली; कुटुंबाला खंडणीसाठी अपहरणाची शंका आहे.,kidnapping,high,Indore,2024-05-23T07:00:00,,,0
SYN-00881,te,Indore సమీపంలో ఎవరూ లేనప్పుడు ఒక ద్విచక్ర వాహనం దొంగిలించబడిందని Divya Reddy తెలిపారు.,theft,low,Indore,2025-06-18T03:00:00,,,0
SYN-00025,en,Piya Cheema was confronted by an armed suspect with an iron rod near Guwahati and had cash taken.,robbery,high,Guwahati,2025-04-20T00:00:00,SUSP-0006,violent,3
SYN-00425,ta,ஷஸ்வத் இசைச்செல்வன் Kochi அருகே காணாமல் போனதாக தெரிவிக்கப்பட்டது; மீட்கும் தொகைக்காக கடத்தப்பட்டதாக குடும்பத்தினர் சந்தேகிக்கின்றனர்.,kidnapping,high,Kochi,2024-10-14T19:00:00,,,0
SYN-01000,en,"Rati Bassi reported unauthorised access to their online banking account, traced to an IP linked to Nagpur.",cybercrime,medium,Nagpur,2025-04-21T19:00:00,,,0
SYN-00448,te,Kanpur సమీపంలో ఎవరూ లేనప్పుడు నగదు దొంగిలించబడిందని Anitha Prasad తెలిపారు.,theft,low,Kanpur,2025-01-30T03:00:00,,,0
SYN-00349,te,Chandigarh సమీపంలో విక్రేతగా నటించిన మోసగాడు Anitha Prasadను నగదు బదిలీ చేయమని మోసం చేశాడు.,cheating_fraud,medium,Chandigarh,2024-07-28T12:00:00,,,0
SYN-00024,en,Piya Cheema was confronted by an armed suspect with a sickle near Guwahati and had gold jewellery taken.,robbery,high,Guwahati,2025-03-10T00:00:00,SUSP-0006,violent,2
SYN-00957,en,"A violent clash broke out near Guwahati between two groups, Aniruddh Vasa among those who filed a complaint.",rioting,medium,Guwahati,2024-09-01T15:00:00,,,0
SYN-00883,en,Officers seized a consignment of narcotics near Lucknow under the NDPS Act; investigation involves Hiran Krishnamurthy.,drug_trafficking,high,Lucknow,2024-01-24T18:00:00,,,0
SYN-00504,bn,মিলা প্রধান Hyderabad এর কাছে একটি কাস্তে নিয়ে একজন সশস্ত্র সন্দেহভাজনের মুখোমুখি হন এবং তার একটি দুই চাকার গাড়ি ছিনতাই হয়।,robbery,high,Hyderabad,2025-03-23T20:00:00,,,0
SYN-00047,hi,"अधिकारियों ने एनडीपीएस अधिनियम के तहत Lucknow के पास मादक पदार्थों की एक खेप जब्त की; जांच में लता, हनुमान् शामिल है।",drug_trafficking,high,Lucknow,2024-12-21T00:00:00,SUSP-0011,narcotics,2
SYN-00604,en,Advik Khatri reported receiving repeated threats demanding money near Ahmedabad.,extortion,medium,Ahmedabad,2024-01-03T10:00:00,,,0
SYN-00412,en,Mamooty Gala was confronted by an armed suspect with a sickle near Nagpur and had cash taken.,robbery,high,Nagpur,2024-05-24T16:00:00,,,0
SYN-00329,bn,"Bengaluru এর কাছে দুটি দলের মধ্যে সহিংস সংঘর্ষ হয়েছে, অভিযোগকারীদের মধ্যে প্রিয়া ঘোষ ছিলেন।",rioting,medium,Bengaluru,2025-07-08T01:00:00,,,0
SYN-01070,bn,আরুণি ঠাকুর কে Chandigarh এর কাছে একজন বিক্রেতা সেজে থাকা প্রতারক অর্থ স্থানান্তর করতে প্রতারিত করেছে।,cheating_fraud,medium,Chandigarh,2025-02-18T15:00:00,,,0
SYN-00547,te,"సాయుధులైన వ్యక్తుల ముఠా Jaipur సమీపంలోని దుకాణాన్ని దోచుకుంది, సాక్షి Anitha Prasad తెలిపారు.",dacoity,high,Jaipur,2025-02-23T16:00:00,,,0
SYN-00827,bn,"Coimbatore এর কাছে দুটি দলের মধ্যে সহিংস সংঘর্ষ হয়েছে, অভিযোগকারীদের মধ্যে বাসির খান ছিলেন।",rioting,medium,Coimbatore,2024-05-18T13:00:00,,,0
SYN-00087,bn,এনডিপিএস আইনের অধীনে কর্মকর্তারা Jaipur এর কাছে মাদকদ্রব্যের একটি চালান জব্দ করেছেন; তদন্তে অদৃতা সিনহা জড়িত।,drug_trafficking,high,Jaipur,2024-11-03T00:00:00,SUSP-0022,narcotics,3
SYN-00455,bn,"শহিদুল উদ্দিন তার অনলাইন ব্যাংকিং অ্যাকাউন্টে অননুমোদিত প্রবেশের অভিযোগ করেছেন, যা Guwahati এর সাথে যুক্ত একটি আইপি থেকে হয়েছে।",cybercrime,medium,Guwahati,2024-03-08T09:00:00,,,0
SYN-01109,hi,"स्वरा बालकृष्णन Patna के पास मृत पाया गया, चोटें एक चाकू से मेल खाती थीं; हत्या का मामला दर्ज किया गया।",murder,critical,Patna,2025-02-22T08:00:00,,,0
SYN-00909,bn,"সন্দেহভাজন Lucknow এর কাছে একটি বাড়িতে জোর করে ঢুকে একটি ল্যাপটপ নিয়ে গেছে, শাহজাহান খান অভিযোগ করেছেন।",burglary,medium,Lucknow,2024-02-01T07:00:00,,,0
SYN-00860,hi,"Pune के पास दो गुटों के बीच हिंसक झड़प हुई, शिकायत दर्ज कराने वालों में सावित्री दत्ता भी शामिल थे।",rioting,medium,Pune,2025-09-18T01:00:00,,,0
SYN-00723,ta,பவதாரணி Nagpur அருகே காணாமல் போனதாக தெரிவிக்கப்பட்டது; மீட்கும் தொகைக்காக கடத்தப்பட்டதாக குடும்பத்தினர் சந்தேகிக்கின்றனர்.,kidnapping,high,Nagpur,2024-07-07T15:00:00,,,0
SYN-00850,mr,Nikhil Jadhav यांना Mumbai जवळ विक्रेता असल्याचे भासवून फसवणूक करणाऱ्याने पैसे हस्तांतरित करण्यास फसवले.,cheating_fraud,medium,Mumbai,2025-09-14T15:00:00,,,0
SYN-00252,bn,"রিনা তালুকদার তার অনলাইন ব্যাংকিং অ্যাকাউন্টে অননুমোদিত প্রবেশের অভিযোগ করেছেন, যা Chennai এর সাথে যুক্ত একটি আইপি থেকে হয়েছে।",cybercrime,medium,Chennai,2025-08-09T00:00:00,SUSP-0060,financial,6
SYN-00211,ta,"Pune அருகே தொந்தரவு மற்றும் பின்தொடர்தல் குறித்து ஸ்ரீபிரசாத் புகார் அளித்தார், விசாரணை தொடங்கப்பட்டுள்ளது.",crime_against_women,high,Pune,2025-05-05T00:00:00,SUSP-0052,women_safety,1
SYN-00806,ta,"Coimbatore அருகே இரு குழுக்களுக்கிடையே வன்முறை மோதல் வெடித்தது, புகார் அளித்தவர்களில் யூதிகா ஒருவர்.",rioting,medium,Coimbatore,2024-09-09T07:00:00,,,0
SYN-00282,ta,என்டிபிஎஸ் சட்டத்தின் கீழ் Kanpur அருகே போதைப்பொருள் கொள்முதலை அதிகாரிகள் பறிமுதல் செய்தனர்; விசாரணையில் ஏழிசைப்பாவை ஸுமா ஈடுபட்டுள்ளார்.,drug_trafficking,high,Kanpur,2024-03-31T00:00:00,SUSP-0067,narcotics,2
SYN-01005,ta,"சந்தேக நபர் Kanpur அருகே ஒரு வீட்டில் நுழைந்து பணம் எடுத்துச் சென்றார், ஹரிகரண் கங்கைகொண்டான் புகார் அளித்தார்.",burglary,medium,Kanpur,2025-06-28T21:00:00,,,0
SYN-01051,bn,মনোজ পাল Pune এর কাছে একটি কাস্তে নিয়ে একজন সশস্ত্র সন্দেহভাজনের মুখোমুখি হন এবং তার একটি মোবাইল ফোন ছিনতাই হয়।,robbery,high,Pune,2024-05-13T02:00:00,,,0
SYN-00185,mr,Priya Patil यांची Nagpur जवळ एक विळा घेतलेल्या सशस्त्र संशयिताशी गाठ पडली आणि एक लॅपटॉप हिसकावले गेले.,robbery,high,Nagpur,2025-01-25T00:00:00,SUSP-0046,property,1
SYN-00545,ta,என்டிபிஎஸ் சட்டத்தின் கீழ் Nagpur அருகே போதைப்பொருள் கொள்முதலை அதிகாரிகள் பறிமுதல் செய்தனர்; விசாரணையில் பகவத் அகிலங்கடந்தான் ஈடுபட்டுள்ளார்.,drug_trafficking,high,Nagpur,2024-12-18T05:00:00,,,0
SYN-00959,en,Indranil Luthra was reported missing near Delhi; family suspects kidnapping for ransom.,kidnapping,high,Delhi,2024-12-11T23:00:00,,,0
SYN-00675,en,"A gang of armed men robbed a shop near Delhi, reported by Rohan Walla, a witness at the scene.",dacoity,high,Delhi,2024-05-10T18:00:00,,,0
SYN-00124,mr,"Jaipur जवळ दोन गटांमध्ये हिंसक चकमक झाली, तक्रार करणाऱ्यांमध्ये Anita Bhosale यांचा समावेश होता.",rioting,medium,Jaipur,2025-09-05T00:00:00,SUSP-0031,public_order,4
SYN-00020,ta,"Chennai அருகே ஒரு நாட்டு துப்பாக்கி ஏந்திய ஆயுதம் தாங்கிய சந்தேக நபரை நாதவேணி சந்தித்தார், தங்க நகைகள் பறிக்கப்பட்டது.",robbery,high,Chennai,2024-06-05T00:00:00,SUSP-0005,property,3
SYN-00919,hi,"Coimbatore के पास दो गुटों के बीच हिंसक झड़प हुई, शिकायत दर्ज कराने वालों में बक्षी, अभय भी शामिल थे।",rioting,medium,Coimbatore,2024-10-13T14:00:00,,,0
SYN-00515,mr,Sneha Joshi यांची Kochi जवळ एक विळा घेतलेल्या सशस्त्र संशयिताशी गाठ पडली आणि एक मोबाईल फोन हिसकावले गेले.,robbery,high,Kochi,2024-04-05T10:00:00,,,0
SYN-00488,mr,Vikram Shinde ने सांगितले की Bhopal जवळ सोन्याचे दागिने विनाकारण चोरीला गेले.,theft,low,Bhopal,2024-06-25T11:00:00,,,0
SYN-00769,hi,"शर्मा, मुहम्मद Kochi के पास लापता बताया गया; परिवार को फिरौती के लिए अपहरण की आशंका है।",kidnapping,high,Kochi,2024-12-21T14:00:00,,,0
SYN-00194,te,"Lakshmi Naidu తన ఆన్‌లైన్ బ్యాంకింగ్ ఖాతాలో అనధికార ప్రవేశం జరిగిందని ఫిర్యాదు చేశారు, ఇది Patnaకు సంబంధించిన ఐపీ నుండి వచ్చింది.",cybercrime,medium,Patna,2024-10-02T00:00:00,SUSP-0048,financial,3
SYN-00535,bn,"অক্ষয় মুখার্জি তার অনলাইন ব্যাংকিং অ্যাকাউন্টে অননুমোদিত প্রবেশের অভিযোগ করেছেন, যা Kolkata এর সাথে যুক্ত একটি আইপি থেকে হয়েছে।",cybercrime,medium,Kolkata,2025-09-25T19:00:00,,,0
SYN-00584,bn,ইমতিয়াজ হোসাইন Ahmedabad এর কাছে বারবার অর্থ দাবি করে হুমকি পাওয়ার কথা জানিয়েছেন।,extortion,medium,Ahmedabad,2025-04-12T09:00:00,,,0
SYN-00981,hi,"Surat के पास दो गुटों के बीच हिंसक झड़प हुई, शिकायत दर्ज कराने वालों में आदित्य गुप्ता भी शामिल थे।",rioting,medium,Surat,2024-08-23T03:00:00,,,0
SYN-00055,bn,"Kochi এর কাছে দুটি দলের মধ্যে সহিংস সংঘর্ষ হয়েছে, অভিযোগকারীদের মধ্যে কেয়া পাল ছিলেন।",rioting,medium,Kochi,2024-05-17T00:00:00,SUSP-0013,public_order,4
SYN-00776,mr,"सशस्त्र लोकांच्या टोळीने Kanpur जवळील एका दुकानाची लूट केली, साक्षीदार Nikhil Jadhav यांनी सांगितले.",dacoity,high,Kanpur,2025-07-18T04:00:00,,,0
SYN-00591,ta,"ஸ்ரீனா மணிமேகலை தனது ஆன்லைன் வங்கிக் கணக்கில் அங்கீகரிக்கப்படாத அணுகல் இருந்ததாக புகார் அளித்தார், அது Nagpur உடன் தொடர்புடைய ஐபியிலிருந்து வந்தது.",cybercrime,medium,Nagpur,2025-09-18T00:00:00,,,0
SYN-00555,bn,"মাধুরী দে Bhopal এর কাছে মৃত অবস্থায় পাওয়া যায়, আঘাত একটি ছুরি এর সাথে সামঞ্জস্যপূর্ণ; হত্যা মামলা রুজু হয়েছে।",murder,critical,Bhopal,2025-02-18T12:00:00,,,0
SYN-00634,ta,இசைமணி Coimbatore அருகே காணாமல் போனதாக தெரிவிக்கப்பட்டது; மீட்கும் தொகைக்காக கடத்தப்பட்டதாக குடும்பத்தினர் சந்தேகிக்கின்றனர்.,kidnapping,high,Coimbatore,2025-06-04T14:00:00,,,0
SYN-00979,hi,अर्जुन कृष्णमूर्ति का सामना Mumbai के पास एक चाकू लिए एक सशस्त्र संदिग्ध से हुआ और एक मोबाइल फोन छीन लिया गया।,robbery,high,Mumbai,2025-05-11T16:00:00,,,0
SYN-00198,te,"Kochi సమీపంలో రెండు గುంపుల మధ్య హింసాత్మక ఘర్షణ జరిగింది, ఫిర్యాదు చేసిన వారిలో Anitha Prasad ఒకరు.",rioting,medium,Kochi,2025-03-17T00:00:00,SUSP-0049,public_order,1
SYN-00088,te,"Kanpur సమీపంలో రెండు గುంపుల మధ్య హింసాత్మక ఘర్షణ జరిగింది, ఫిర్యాదు చేసిన వారిలో Lakshmi Naidu ఒకరు.",rioting,medium,Kanpur,2024-03-26T00:00:00,SUSP-0023,public_order,1
SYN-01190,bn,প্রিয়াঙ্কা বসু Nagpur এর কাছে নিখোঁজ বলে জানানো হয়েছে; পরিবার মুক্তিপণের জন্য অপহরণের সন্দেহ করছে।,kidnapping,high,Nagpur,2024-02-17T17:00:00,,,0
SYN-00660,hi,"ढींगरा, विजया ने बताया कि Kochi के पास सोने के गहने लावारिस हालत में चोरी हो गया।",theft,low,Kochi,2024-09-23T17:00:00,,,0
SYN-01147,ta,"Bhopal அருகே ஒரு அரிவாள் ஏந்திய ஆயுதம் தாங்கிய சந்தேக நபரை ஷசி சந்தித்தார், ஒரு மொபைல் போன் பறிக்கப்பட்டது.",robbery,high,Bhopal,2024-03-19T07:00:00,,,0
SYN-00633,te,Srinivas Sharma Chennai సమీపంలో కనిపించకుండా పోయారని ఫిర్యాదు; విమోచన కోసం అపహరణ జరిగిందని కుటుంబం అనుమానిస్తోంది.,kidnapping,high,Chennai,2025-01-30T08:00:00,,,0
SYN-00051,bn,"সন্দেহভাজন Bengaluru এর কাছে একটি বাড়িতে জোর করে ঢুকে একটি ল্যাপটপ নিয়ে গেছে, আরাধ্যা দেব অভিযোগ করেছেন।",burglary,medium,Bengaluru,2024-03-03T00:00:00,SUSP-0012,property,3
SYN-00340,hi,"गांगुली, जितेन्द्र ने अपने ऑनलाइन बैंकिंग खाते में अनधिकृत पहुँच की सूचना दी, जो Lucknow से जुड़े एक आईपी से जुड़ी थी।",cybercrime,medium,Lucknow,2024-10-08T01:00:00,,,0
SYN-00182,mr,"संशयिताने Bengaluru जवळील घरात जबरदस्तीने प्रवेश करून एक मोबाईल फोन नेले, Sneha Joshi यांनी तक्रार नोंदवली.",burglary,medium,Bengaluru,2025-01-16T00:00:00,SUSP-0045,property,1
SYN-00569,hi,फ़ातिमा दत्ता ने बताया कि Mumbai के पास एक दोपहिया वाहन लावारिस हालत में चोरी हो गया।,theft,low,Mumbai,2024-09-11T07:00:00,,,0
SYN-00908,bn,মনোজ সরকার জানিয়েছেন যে Nagpur এর কাছে অরক্ষিত অবস্থায় একটি ল্যাপটপ চুরি হয়ে গেছে।,theft,low,Nagpur,2025-07-16T01:00:00,,,0
SYN-00094,bn,লিটন হুরাইরা Bhopal এর কাছে একটি লোহার রড নিয়ে একজন সশস্ত্র সন্দেহভাজনের মুখোমুখি হন এবং তার একটি ল্যাপটপ ছিনতাই হয়।,robbery,high,Bhopal,2025-05-24T00:00:00,SUSP-0024,property,2
SYN-01140,bn,"অশোক মজুমদার Chandigarh এর কাছে মৃত অবস্থায় পাওয়া যায়, আঘাত একটি লোহার রড এর সাথে সামঞ্জস্যপূর্ণ; হত্যা মামলা রুজু হয়েছে।",murder,critical,Chandigarh,2024-09-27T16:00:00,,,0
SYN-00810,en,"A gang of armed men robbed a shop near Pune, reported by Aayush Lata, a witness at the scene.",dacoity,high,Pune,2025-01-17T04:00:00,,,0
SYN-00477,bn,ইমন রায় কে Jaipur এর কাছে একজন বিক্রেতা সেজে থাকা প্রতারক অর্থ স্থানান্তর করতে প্রতারিত করেছে।,cheating_fraud,medium,Jaipur,2024-08-27T02:00:00,,,0
SYN-00794,en,Yuvraj  Grover was deceived into transferring funds by a scammer posing as a vendor near Nagpur.,cheating_fraud,medium,Nagpur,2024-06-08T04:00:00,,,0
SYN-00839,ta,"மகிழ்ச்சிக்கு தனது ஆன்லைன் வங்கிக் கணக்கில் அங்கீகரிக்கப்படாத அணுகல் இருந்ததாக புகார் அளித்தார், அது Coimbatore உடன் தொடர்புடைய ஐபியிலிருந்து வந்தது.",cybercrime,medium,Coimbatore,2024-02-20T06:00:00,,,0
SYN-00183,mr,"संशयिताने Patna जवळील घरात जबरदस्तीने प्रवेश करून एक दुचाकी नेले, Sneha Joshi यांनी तक्रार नोंदवली.",burglary,medium,Patna,2025-02-18T00:00:00,SUSP-0045,property,2
SYN-00667,mr,Rohan Deshmukh ने सांगितले की Surat जवळ एक दुचाकी विनाकारण चोरीला गेले.,theft,low,Surat,2024-04-15T22:00:00,,,0
SYN-00306,en,Arhaan Krishna reported receiving repeated threats demanding money near Coimbatore.,extortion,medium,Coimbatore,2024-08-19T20:00:00,,,0
SYN-01144,mr,Nikhil Jadhav Kanpur जवळ बेपत्ता झाल्याची तक्रार करण्यात आली; कुटुंबाला खंडणीसाठी अपहरणाची शंका आहे.,kidnapping,high,Kanpur,2025-04-13T15:00:00,,,0
SYN-00922,mr,अधिकाऱ्यांनी एनडीपीएस कायद्यांतर्गत Guwahati जवळ अमली पदार्थांचा साठा जप्त केला; तपासात Swati Gaikwad यांचा समावेश आहे.,drug_trafficking,high,Guwahati,2024-12-05T13:00:00,,,0
SYN-00944,bn,আনন্দ রাও জানিয়েছেন যে Indore এর কাছে অরক্ষিত অবস্থায় একটি দুই চাকার গাড়ি চুরি হয়ে গেছে।,theft,low,Indore,2025-02-01T10:00:00,,,0
SYN-01034,bn,"শ্রাবন্তী সরকার Lucknow এর কাছে হয়রানি ও অনুসরণ করার অভিযোগ দায়ের করেছেন, তদন্ত শুরু হয়েছে।",crime_against_women,high,Lucknow,2025-05-20T17:00:00,,,0
SYN-00284,en,Officers seized a consignment of narcotics near Kolkata under the NDPS Act; investigation involves Oorja Bhat.,drug_trafficking,high,Kolkata,2024-07-06T00:00:00,SUSP-0068,narcotics,1
SYN-00272,hi,"Guwahati के पास दो गुटों के बीच हिंसक झड़प हुई, शिकायत दर्ज कराने वालों में आन्वी साया भी शामिल थे।",rioting,medium,Guwahati,2025-05-02T00:00:00,SUSP-0065,public_order,2
SYN-00974,hi,"हथियारबंद लोगों के एक गिरोह ने Chennai के पास एक दुकान लूट ली, घटनास्थल पर मौजूद गवाह चेतना दीक्षित ने बताया।",dacoity,high,Chennai,2025-06-26T03:00:00,,,0
SYN-00773,ta,"Patna அருகே ஒரு இரும்பு கம்பி ஏந்திய ஆயுதம் தாங்கிய சந்தேக நபரை நம்பெருமான் சந்தித்தார், பணம் பறிக்கப்பட்டது.",robbery,high,Patna,2024-10-29T08:00:00,,,0
SYN-00692,ta,Hyderabad அருகே விற்பனையாளர் போல் நடித்த மோசடி செய்பவரால் மணவழகன் பணத்தை மாற்ற ஏமாற்றப்பட்டார்.,cheating_fraud,medium,Hyderabad,2025-01-14T17:00:00,,,0
SYN-00927,bn,প্রিয়াঙ্কা কুমার জানিয়েছেন যে Chennai এর কাছে অরক্ষিত অবস্থায় নগদ টাকা চুরি হয়ে গেছে।,theft,low,Chennai,2025-09-10T05:00:00,,,0
SYN-00635,bn,খুশি মন্ডল Pune এর কাছে বারবার অর্থ দাবি করে হুমকি পাওয়ার কথা জানিয়েছেন।,extortion,medium,Pune,2024-11-24T16:00:00,,,0
SYN-00986,hi,"संदिग्ध ने Patna के पास एक घर में जबरन प्रवेश किया और एक दोपहिया वाहन ले गया, दादा, अभिलाषा ने रिपोर्ट दर्ज कराई।",burglary,medium,Patna,2025-04-14T13:00:00,,,0
SYN-00856,ta,Chandigarh அருகே பணம் கோரி மீண்டும் மீண்டும் மிரட்டல் வந்ததாக சத்தியவாணி தெரிவித்தார்.,extortion,medium,Chandigarh,2025-08-09T17:00:00,,,0
SYN-00092,te,"Pune సమీపంలో రెండు గುంపుల మధ్య హింసాత్మక ఘర్షణ జరిగింది, ఫిర్యాదు చేసిన వారిలో Lakshmi Naidu ఒకరు.",rioting,medium,Pune,2024-08-19T00:00:00,SUSP-0023,public_order,5
SYN-00139,te,ఎన్‌డిపిఎస్ చట్టం కింద అధికారులు Delhi సమీపంలో మాదక ద్రవ్యాల సరుకును స్వాధీనం చేసుకున్నారు; దర్యాప్తులో Suresh Rao ప్రమేయం ఉంది.,drug_trafficking,high,Delhi,2025-05-13T00:00:00,SUSP-0035,narcotics,2
SYN-00715,bn,মিলন খান Chennai এর কাছে একটি কাস্তে নিয়ে একজন সশস্ত্র সন্দেহভাজনের মুখোমুখি হন এবং তার একটি ল্যাপটপ ছিনতাই হয়।,robbery,high,Chennai,2024-05-02T02:00:00,,,0
SYN-00251,bn,"রিনা তালুকদার তার অনলাইন ব্যাংকিং অ্যাকাউন্টে অননুমোদিত প্রবেশের অভিযোগ করেছেন, যা Chennai এর সাথে যুক্ত একটি আইপি থেকে হয়েছে।",cybercrime,medium,Chennai,2025-06-19T00:00:00,SUSP-0060,financial,5
SYN-00005,mr,"Anita Bhosale यांनी त्यांच्या ऑनलाइन बँकिंग खात्यात अनधिकृत प्रवेश झाल्याची तक्रार केली, जी Kolkata शी संबंधित आयपीवरून झाली.",cybercrime,medium,Kolkata,2024-02-17T00:00:00,SUSP-0002,financial,1
SYN-01002,bn,"সশস্ত্র ব্যক্তিদের একটি দল Kochi এর কাছে একটি দোকান লুট করেছে, ঘটনাস্থলের সাক্ষী সাবের বিশ্বাস জানিয়েছেন।",dacoity,high,Kochi,2024-04-26T20:00:00,,,0
SYN-00375,ta,"ரீனா தனது ஆன்லைன் வங்கிக் கணக்கில் அங்கீகரிக்கப்படாத அணுகல் இருந்ததாக புகார் அளித்தார், அது Bhopal உடன் தொடர்புடைய ஐபியிலிருந்து வந்தது.",cybercrime,medium,Bhopal,2024-07-09T21:00:00,,,0
SYN-00442,en,Officers seized a consignment of narcotics near Guwahati under the NDPS Act; investigation involves Rati Ram.,drug_trafficking,high,Guwahati,2024-01-09T19:00:00,,,0
SYN-00581,te,"Ravi Kumar తన ఆన్‌లైన్ బ్యాంకింగ్ ఖాతాలో అనధికార ప్రవేశం జరిగిందని ఫిర్యాదు చేశారు, ఇది Hyderabadకు సంబంధించిన ఐపీ నుండి వచ్చింది.",cybercrime,medium,Hyderabad,2024-02-10T17:00:00,,,0
SYN-01072,en,"Suspect forced entry into a house near Delhi and took gold jewellery, reported by Himmat Chatterjee.",burglary,medium,Delhi,2024-03-10T15:00:00,,,0
SYN-00100,bn,"একরামুল আওয়াল তার অনলাইন ব্যাংকিং অ্যাকাউন্টে অননুমোদিত প্রবেশের অভিযোগ করেছেন, যা Jaipur এর সাথে যুক্ত একটি আইপি থেকে হয়েছে।",cybercrime,medium,Jaipur,2024-11-02T00:00:00,SUSP-0025,financial,2
SYN-00864,hi,"मालती जोशी ने Ahmedabad के पास उत्पीड़न और पीछा किए जाने की शिकायत दर्ज कराई, जांच शुरू कर दी गई है।",crime_against_women,high,Ahmedabad,2024-10-24T06:00:00,,,0
SYN-00292,mr,"Coimbatore जवळ दोन गटांमध्ये हिंसक चकमक झाली, तक्रार करणाऱ्यांमध्ये Amit Kulkarni यांचा समावेश होता.",rioting,medium,Coimbatore,2024-07-21T00:00:00,SUSP-0069,public_order,3
SYN-00293,mr,"Kolkata जवळ दोन गटांमध्ये हिंसक चकमक झाली, तक्रार करणाऱ्यांमध्ये Amit Kulkarni यांचा समावेश होता.",rioting,medium,Kolkata,2024-09-03T00:00:00,SUSP-0069,public_order,4
SYN-01160,mr,"Sneha Joshi यांनी त्यांच्या ऑनलाइन बँकिंग खात्यात अनधिकृत प्रवेश झाल्याची तक्रार केली, जी Kanpur शी संबंधित आयपीवरून झाली.",cybercrime,medium,Kanpur,2024-11-03T04:00:00,,,0
SYN-00996,te,"Suresh Rao తన ఆన్‌లైన్ బ్యాంకింగ్ ఖాతాలో అనధికార ప్రవేశం జరిగిందని ఫిర్యాదు చేశారు, ఇది Nagpurకు సంబంధించిన ఐపీ నుండి వచ్చింది.",cybercrime,medium,Nagpur,2025-04-20T22:00:00,,,0
SYN-00603,ta,"Kanpur அருகே தொந்தரவு மற்றும் பின்தொடர்தல் குறித்து ஒளியழகன் ஸ்மிருதி புகார் அளித்தார், விசாரணை தொடங்கப்பட்டுள்ளது.",crime_against_women,high,Kanpur,2025-01-07T22:00:00,,,0
SYN-00622,te,Kiran Babu Delhi సమీపంలో కనిపించకుండా పోయారని ఫిర్యాదు; విమోచన కోసం అపహరణ జరిగిందని కుటుంబం అనుమానిస్తోంది.,kidnapping,high,Delhi,2024-01-14T23:00:00,,,0
SYN-00767,en,"A gang of armed men robbed a shop near Hyderabad, reported by Shaan Dani, a witness at the scene.",dacoity,high,Hyderabad,2025-05-26T02:00:00,,,0
SYN-00625,en,"Vaibhav Raman reported unauthorised access to their online banking account, traced to an IP linked to Delhi.",cybercrime,medium,Delhi,2025-03-14T08:00:00,,,0
SYN-00761,mr,Priya Patil यांना Delhi जवळ विक्रेता असल्याचे भासवून फसवणूक करणाऱ्याने पैसे हस्तांतरित करण्यास फसवले.,cheating_fraud,medium,Delhi,2024-07-22T14:00:00,,,0
SYN-01090,hi,"गर्ग, जगदीश को Bengaluru के पास एक विक्रेता बनकर धोखेबाज ने धन हस्तांतरित करने के लिए धोखा दिया।",cheating_fraud,medium,Bengaluru,2025-07-02T06:00:00,,,0
SYN-00314,te,"Surat సమీపంలో ఒక దేశీ తుపాకీ పట్టుకున్న అనుమానితుడిని Venkatesh Reddy ఎదుర్కొన్నారు, బంగారు నగలు లాక్కున్నారు.",robbery,high,Surat,2024-10-29T18:00:00,,,0
SYN-01071,mr,"संशयिताने Jaipur जवळील घरात जबरदस्तीने प्रवेश करून सोन्याचे दागिने नेले, Sneha Joshi यांनी तक्रार नोंदवली.",burglary,medium,Jaipur,2025-05-16T15:00:00,,,0
SYN-00083,te,"Hyderabad సమీపంలో వేధింపులు మరియు వెంబడించడంపై Srinivas Sharma ఫిర్యాదు చేశారు, దర్యాప్తు ప్రారంభమైంది.",crime_against_women,high,Hyderabad,2025-05-27T00:00:00,SUSP-0021,women_safety,2
SYN-00594,ta,என்டிபிஎஸ் சட்டத்தின் கீழ் Chandigarh அருகே போதைப்பொருள் கொள்முதலை அதிகாரிகள் பறிமுதல் செய்தனர்; விசாரணையில் நம்பியூரான் மணிமொழி ஈடுபட்டுள்ளார்.,drug_trafficking,high,Chandigarh,2024-04-07T13:00:00,,,0
SYN-01091,en,Anahi Bhattacharyya was found deceased near Guwahati with injuries consistent with a knife; a murder case was registered.,murder,critical,Guwahati,2025-02-15T07:00:00,,,0
SYN-00248,bn,"রিনা তালুকদার তার অনলাইন ব্যাংকিং অ্যাকাউন্টে অননুমোদিত প্রবেশের অভিযোগ করেছেন, যা Chennai এর সাথে যুক্ত একটি আইপি থেকে হয়েছে।",cybercrime,medium,Chennai,2025-03-07T00:00:00,SUSP-0060,financial,2
SYN-00226,bn,"নন্দিতা মজুমদার Guwahati এর কাছে হয়রানি ও অনুসরণ করার অভিযোগ দায়ের করেছেন, তদন্ত শুরু হয়েছে।",crime_against_women,high,Guwahati,2024-08-02T00:00:00,SUSP-0055,women_safety,2
SYN-00837,en,"Himmat Babu filed a complaint of harassment and stalking near Indore, an investigation has been opened.",crime_against_women,high,Indore,2024-11-16T12:00:00,,,0
SYN-00244,bn,লতা হক Delhi এর কাছে একটি দেশি পিস্তল নিয়ে একজন সশস্ত্র সন্দেহভাজনের মুখোমুখি হন এবং তার একটি মোবাইল ফোন ছিনতাই হয়।,robbery,high,Delhi,2025-05-14T00:00:00,SUSP-0059,violent,3
SYN-01110,ta,பத்ரிநாதன் பவளம் Chennai அருகே காணாமல் போனதாக தெரிவிக்கப்பட்டது; மீட்கும் தொகைக்காக கடத்தப்பட்டதாக குடும்பத்தினர் சந்தேகிக்கின்றனர்.,kidnapping,high,Chennai,2024-11-20T17:00:00,,,0
SYN-00322,te,ఎన్‌డిపిఎస్ చట్టం కింద అధికారులు Kochi సమీపంలో మాదక ద్రవ్యాల సరుకును స్వాధీనం చేసుకున్నారు; దర్యాప్తులో Divya Reddy ప్రమేయం ఉంది.,drug_trafficking,high,Kochi,2024-08-11T07:00:00,,,0
SYN-00067,en,"Kaira Loyal filed a complaint of harassment and stalking near Surat, an investigation has been opened.",crime_against_women,high,Surat,2025-02-11T00:00:00,SUSP-0016,women_safety,5
SYN-00970,en,Diya Gaba was confronted by an armed suspect with a sickle near Bengaluru and had cash taken.,robbery,high,Bengaluru,2025-08-30T09:00:00,,,0
SYN-00933,bn,শ্রাবন্তী মোড়ল Coimbatore এর কাছে একটি লোহার রড নিয়ে একজন সশস্ত্র সন্দেহভাজনের মুখোমুখি হন এবং তার নগদ টাকা ছিনতাই হয়।,robbery,high,Coimbatore,2025-03-21T00:00:00,,,0
SYN-00436,bn,"সন্দেহভাজন Nagpur এর কাছে একটি বাড়িতে জোর করে ঢুকে সোনার গহনা নিয়ে গেছে, শান্ত পাণ্ডে অভিযোগ করেছেন।",burglary,medium,Nagpur,2024-09-13T02:00:00,,,0
SYN-00242,bn,লতা হক Delhi এর কাছে একটি কাস্তে নিয়ে একজন সশস্ত্র সন্দেহভাজনের মুখোমুখি হন এবং তার সোনার গহনা ছিনতাই হয়।,robbery,high,Delhi,2025-02-20T00:00:00,SUSP-0059,violent,1
SYN-01084,te,"సాయుధులైన వ్యక్తుల ముఠా Ahmedabad సమీపంలోని దుకాణాన్ని దోచుకుంది, సాక్షి Anitha Prasad తెలిపారు.",dacoity,high,Ahmedabad,2024-11-15T18:00:00,,,0
SYN-01052,en,Riya Chana reported that a mobile phone was stolen near Kanpur while unattended.,theft,low,Kanpur,2025-03-17T01:00:00,,,0
SYN-00265,en,Arnav Devi was confronted by an armed suspect with a sickle near Coimbatore and had cash taken.,robbery,high,Coimbatore,2024-07-29T00:00:00,SUSP-0063,violent,2
SYN-00938,en,Indrajit Seshadri reported that cash was stolen near Bhopal while unattended.,theft,low,Bhopal,2024-04-10T16:00:00,,,0
SYN-00993,en,Officers seized a consignment of narcotics near Mumbai under the NDPS Act; investigation involves Stuvan Bakshi.,drug_trafficking,high,Mumbai,2025-02-20T06:00:00,,,0
SYN-00261,en,Uthkarsh Kale was confronted by an armed suspect with an iron rod near Kochi and had a mobile phone taken.,robbery,high,Kochi,2025-07-19T00:00:00,SUSP-0062,property,4
SYN-01036,te,Bhopal సమీపంలో డబ్బు కోరుతూ పదేపదే బెదిరింపులు వచ్చాయని Ravi Kumar తెలిపారు.,extortion,medium,Bhopal,2024-07-02T15:00:00,,,0
SYN-00296,hi,"Chandigarh के पास दो गुटों के बीच हिंसक झड़प हुई, शिकायत दर्ज कराने वालों में कुलकर्णी, प्रेम भी शामिल थे।",rioting,medium,Chandigarh,2024-02-02T00:00:00,SUSP-0070,public_order,2
SYN-00334,mr,"सशस्त्र लोकांच्या टोळीने Patna जवळील एका दुकानाची लूट केली, साक्षीदार Priya Patil यांनी सांगितले.",dacoity,high,Patna,2024-12-20T04:00:00,,,0
SYN-00854,en,Shray Dass was confronted by an armed suspect with an iron rod near Delhi and had a two-wheeler taken.,robbery,high,Delhi,2025-08-14T19:00:00,,,0
SYN-01003,te,"సాయుధులైన వ్యక్తుల ముఠా Surat సమీపంలోని దుకాణాన్ని దోచుకుంది, సాక్షి Anitha Prasad తెలిపారు.",dacoity,high,Surat,2024-12-27T08:00:00,,,0
SYN-00902,ta,Surat அருகே விற்பனையாளர் போல் நடித்த மோசடி செய்பவரால் உதியஞ்சேரல் தங்கத்தமிழ் பணத்தை மாற்ற ஏமாற்றப்பட்டார்.,cheating_fraud,medium,Surat,2025-07-22T03:00:00,,,0
SYN-00868,ta,வளவன் Mumbai அருகே காணாமல் போனதாக தெரிவிக்கப்பட்டது; மீட்கும் தொகைக்காக கடத்தப்பட்டதாக குடும்பத்தினர் சந்தேகிக்கின்றனர்.,kidnapping,high,Mumbai,2024-04-26T21:00:00,,,0
SYN-01022,te,"అనుమానితుడు Delhi సమీపంలోని ఇంట్లోకి బలవంతంగా ప్రవేశించి ఒక ద్విచక్ర వాహనం తీసుకెళ్లాడు, Divya Reddy ఫిర్యాదు చేశారు.",burglary,medium,Delhi,2024-05-22T21:00:00,,,0
SYN-00541,mr,Nikhil Jadhav यांची Guwahati जवळ एक कट्टा घेतलेल्या सशस्त्र संशयिताशी गाठ पडली आणि सोन्याचे दागिने हिसकावले गेले.,robbery,high,Guwahati,2024-01-30T05:00:00,,,0
SYN-00809,hi,"लाल, अयान Chandigarh के पास लापता बताया गया; परिवार को फिरौती के लिए अपहरण की आशंका है।",kidnapping,high,Chandigarh,2025-03-28T19:00:00,,,0
SYN-01063,te,Surat సమీపంలో ఎవరూ లేనప్పుడు ఒక ద్విచక్ర వాహనం దొంగిలించబడిందని Lakshmi Naidu తెలిపారు.,theft,low,Surat,2025-05-20T03:00:00,,,0
SYN-00825,hi,"लूथरा, जितेन्द्र ने Kolkata के पास उत्पीड़न और पीछा किए जाने की शिकायत दर्ज कराई, जांच शुरू कर दी गई है।",crime_against_women,high,Kolkata,2025-03-12T09:00:00,,,0
SYN-01078,mr,"Amit Kulkarni यांनी त्यांच्या ऑनलाइन बँकिंग खात्यात अनधिकृत प्रवेश झाल्याची तक्रार केली, जी Lucknow शी संबंधित आयपीवरून झाली.",cybercrime,medium,Lucknow,2025-02-02T15:00:00,,,0
SYN-00757,en,Adah Sami was confronted by an armed suspect with an iron rod near Mumbai and had cash taken.,robbery,high,Mumbai,2025-05-20T06:00:00,,,0
SYN-00160,ta,"ரஃபி தனது ஆன்லைன் வங்கிக் கணக்கில் அங்கீகரிக்கப்படாத அணுகல் இருந்ததாக புகார் அளித்தார், அது Coimbatore உடன் தொடர்புடைய ஐபியிலிருந்து வந்தது.",cybercrime,medium,Coimbatore,2024-07-05T00:00:00,SUSP-0039,financial,4
SYN-01186,ta,Chennai அருகே விற்பனையாளர் போல் நடித்த மோசடி செய்பவரால் பல்லவி சஜீத் பணத்தை மாற்ற ஏமாற்றப்பட்டார்.,cheating_fraud,medium,Chennai,2025-03-01T15:00:00,,,0
SYN-00440,mr,"संशयिताने Indore जवळील घरात जबरदस्तीने प्रवेश करून एक मोबाईल फोन नेले, Priya Patil यांनी तक्रार नोंदवली.",burglary,medium,Indore,2024-04-01T23:00:00,,,0
SYN-00976,en,Diya Kara was confronted by an armed suspect with a country-made pistol near Kanpur and had a mobile phone taken.,robbery,high,Kanpur,2025-05-24T05:00:00,,,0
SYN-00267,mr,"Nikhil Jadhav यांनी त्यांच्या ऑनलाइन बँकिंग खात्यात अनधिकृत प्रवेश झाल्याची तक्रार केली, जी Kolkata शी संबंधित आयपीवरून झाली.",cybercrime,medium,Kolkata,2024-08-09T00:00:00,SUSP-0064,financial,1
SYN-00871,hi,सुलभा हेगडे ने Patna के पास बार-बार पैसे की मांग करने वाली धमकियां मिलने की सूचना दी।,extortion,medium,Patna,2025-07-03T10:00:00,,,0
SYN-00128,en,Charvi Devan was confronted by an armed suspect with a country-made pistol near Jaipur and had gold jewellery taken.,robbery,high,Jaipur,2024-08-12T00:00:00,SUSP-0033,violent,1
SYN-00189,bn,"মিলন হক তার অনলাইন ব্যাংকিং অ্যাকাউন্টে অননুমোদিত প্রবেশের অভিযোগ করেছেন, যা Nagpur এর সাথে যুক্ত একটি আইপি থেকে হয়েছে।",cybercrime,medium,Nagpur,2024-12-09T00:00:00,SUSP-0047,financial,2
SYN-00168,mr,अधिकाऱ्यांनी एनडीपीएस कायद्यांतर्गत Jaipur जवळ अमली पदार्थांचा साठा जप्त केला; तपासात Pooja Kale यांचा समावेश आहे.,drug_trafficking,high,Jaipur,2024-10-16T00:00:00,SUSP-0041,narcotics,3
SYN-00844,en,Romil Kakar was found deceased near Surat with injuries consistent with a knife; a murder case was registered.,murder,critical,Surat,2024-06-16T22:00:00,,,0
SYN-00872,te,Lucknow సమీపంలో ఎవరూ లేనప్పుడు ఒక ల్యాప్‌టాప్ దొంగిలించబడిందని Kiran Babu తెలిపారు.,theft,low,Lucknow,2025-08-01T23:00:00,,,0
SYN-01188,te,"Coimbatore సమీపంలో ఒక ఇనుప రాడ్ పట్టుకున్న అనుమానితుడిని Suresh Rao ఎదుర్కొన్నారు, నగదు లాక్కున్నారు.",robbery,high,Coimbatore,2024-02-02T02:00:00,,,0
SYN-00201,te,"Kochi సమీపంలో రెండు గುంపుల మధ్య హింసాత్మక ఘర్షణ జరిగింది, ఫిర్యాదు చేసిన వారిలో Anitha Prasad ఒకరు.",rioting,medium,Kochi,2025-07-10T00:00:00,SUSP-0049,public_order,4
SYN-00931,te,"Lakshmi Naidu Delhi సమీపంలో మృతదేహంగా కనిపించారు, గాయాలు ఒక కొడవలితో సరిపోలుతున్నాయి; హత్య కేసు నమోదైంది.",murder,critical,Delhi,2024-06-20T14:00:00,,,0
SYN-00740,ta,"சந்தேக நபர் Chennai அருகே ஒரு வீட்டில் நுழைந்து ஒரு மொபைல் போன் எடுத்துச் சென்றார், மணிக்கதிர் ஷானன் புகார் அளித்தார்.",burglary,medium,Chennai,2024-09-25T19:00:00,,,0
SYN-00395,ta,Bengaluru அருகே பணம் கோரி மீண்டும் மீண்டும் மிரட்டல் வந்ததாக ஏழிசைப்பாவை தெரிவித்தார்.,extortion,medium,Bengaluru,2024-04-21T07:00:00,,,0
SYN-01058,ta,Coimbatore அருகே கண்காணிப்பு இல்லாத நேரத்தில் ஒரு இருசக்கர வாகனம் திருடப்பட்டதாக ஆடல் தெரிவித்தார்.,theft,low,Coimbatore,2024-08-10T22:00:00,,,0
SYN-00672,ta,Jaipur அருகே பணம் கோரி மீண்டும் மீண்டும் மிரட்டல் வந்ததாக ஹர்ஷிகா தெரிவித்தார்.,extortion,medium,Jaipur,2024-08-04T04:00:00,,,0
SYN-00216,te,"Surat సమీపంలో ఒక ఇనుప రాడ్ పట్టుకున్న అనుమానితుడిని Padma Chowdary ఎదుర్కొన్నారు, ఒక ద్విచక్ర వాహనం లాక్కున్నారు.",robbery,high,Surat,2024-07-08T00:00:00,SUSP-0053,property,2
SYN-00508,hi,रोहन महाजन ने Guwahati के पास बार-बार पैसे की मांग करने वाली धमकियां मिलने की सूचना दी।,extortion,medium,Guwahati,2024-04-16T15:00:00,,,0
SYN-01199,mr,Rohan Deshmukh यांची Coimbatore जवळ एक लोखंडी रॉड घेतलेल्या सशस्त्र संशयिताशी गाठ पडली आणि एक दुचाकी हिसकावले गेले.,robbery,high,Coimbatore,2024-03-12T02:00:00,,,0
SYN-00774,en,Seher Issac reported receiving repeated threats demanding money near Coimbatore.,extortion,medium,Coimbatore,2025-01-23T23:00:00,,,0
SYN-00287,en,Officers seized a consignment of narcotics near Kolkata under the NDPS Act; investigation involves Oorja Bhat.,drug_trafficking,high,Kolkata,2024-09-23T00:00:00,SUSP-0068,narcotics,4
SYN-00583,ta,Kanpur அருகே பணம் கோரி மீண்டும் மீண்டும் மிரட்டல் வந்ததாக இசைக்கோமகள் உலகமணி தெரிவித்தார்.,extortion,medium,Kanpur,2024-06-01T02:00:00,,,0
SYN-00613,mr,Amit Kulkarni यांची Bhopal जवळ एक लोखंडी रॉड घेतलेल्या सशस्त्र संशयिताशी गाठ पडली आणि एक लॅपटॉप हिसकावले गेले.,robbery,high,Bhopal,2025-09-08T22:00:00,,,0
SYN-00718,hi,"निशा वफादार ने Kolkata के पास उत्पीड़न और पीछा किए जाने की शिकायत दर्ज कराई, जांच शुरू कर दी गई है।",crime_against_women,high,Kolkata,2024-02-25T16:00:00,,,0
SYN-00479,bn,"আবির বন্দোপাধ্যায় তার অনলাইন ব্যাংকিং অ্যাকাউন্টে অননুমোদিত প্রবেশের অভিযোগ করেছেন, যা Chennai এর সাথে যুক্ত একটি আইপি থেকে হয়েছে।",cybercrime,medium,Chennai,2025-07-02T11:00:00,,,0
SYN-01093,hi,"सिंह, अंकुर Bengaluru के पास लापता बताया गया; परिवार को फिरौती के लिए अपहरण की आशंका है।",kidnapping,high,Bengaluru,2024-11-05T16:00:00,,,0
SYN-00484,mr,"संशयिताने Chennai जवळील घरात जबरदस्तीने प्रवेश करून सोन्याचे दागिने नेले, Amit Kulkarni यांनी तक्रार नोंदवली.",burglary,medium,Chennai,2024-01-13T01:00:00,,,0
SYN-00695,ta,"Delhi அருகே தொந்தரவு மற்றும் பின்தொடர்தல் குறித்து ராஜப்பிரியன் புகார் அளித்தார், விசாரணை தொடங்கப்பட்டுள்ளது.",crime_against_women,high,Delhi,2024-06-13T12:00:00,,,0
SYN-00929,en,Rasha Walla was reported missing near Bengaluru; family suspects kidnapping for ransom.,kidnapping,high,Bengaluru,2024-05-28T19:00:00,,,0
SYN-00011,te,"Anitha Prasad తన ఆన్‌లైన్ బ్యాంకింగ్ ఖాతాలో అనధికార ప్రవేశం జరిగిందని ఫిర్యాదు చేశారు, ఇది Bengaluruకు సంబంధించిన ఐపీ నుండి వచ్చింది.",cybercrime,medium,Bengaluru,2024-09-02T00:00:00,SUSP-0003,financial,4
SYN-00611,mr,Pooja Kale यांनी Chandigarh जवळ वारंवार पैशांची मागणी करणाऱ्या धमक्या मिळाल्याची तक्रार केली.,extortion,medium,Chandigarh,2024-11-25T16:00:00,,,0
SYN-00920,ta,"சந்தேக நபர் Ahmedabad அருகே ஒரு வீட்டில் நுழைந்து ஒரு லேப்டாப் எடுத்துச் சென்றார், கடற்கோமகள் எழிற்கதிர் புகார் அளித்தார்.",burglary,medium,Ahmedabad,2025-04-28T20:00:00,,,0
SYN-00256,mr,"Sanjay More यांनी Delhi जवळ छळ आणि पाठलाग केल्याची तक्रार नोंदवली, तपास सुरू करण्यात आला आहे.",crime_against_women,high,Delhi,2024-12-04T00:00:00,SUSP-0061,women_safety,4
SYN-00098,bn,লিটন হুরাইরা Coimbatore এর কাছে একটি কাস্তে নিয়ে একজন সশস্ত্র সন্দেহভাজনের মুখোমুখি হন এবং তার সোনার গহনা ছিনতাই হয়।,robbery,high,Coimbatore,2025-09-13T00:00:00,SUSP-0024,property,6
SYN-00254,mr,"Sanjay More यांनी Delhi जवळ छळ आणि पाठलाग केल्याची तक्रार नोंदवली, तपास सुरू करण्यात आला आहे.",crime_against_women,high,Delhi,2024-10-04T00:00:00,SUSP-0061,women_safety,2
SYN-00726,ta,"எழில்குமரன் கண்மதியன் தனது ஆன்லைன் வங்கிக் கணக்கில் அங்கீகரிக்கப்படாத அணுகல் இருந்ததாக புகார் அளித்தார், அது Indore உடன் தொடர்புடைய ஐபியிலிருந்து வந்தது.",cybercrime,medium,Indore,2024-07-19T04:00:00,,,0
SYN-01040,en,Gatik Devan was confronted by an armed suspect with a country-made pistol near Surat and had a two-wheeler taken.,robbery,high,Surat,2025-04-17T22:00:00,,,0
SYN-00532,mr,Amit Kulkarni यांची Guwahati जवळ एक चाकू घेतलेल्या सशस्त्र संशयिताशी गाठ पडली आणि एक मोबाईल फोन हिसकावले गेले.,robbery,high,Guwahati,2025-08-25T18:00:00,,,0
SYN-00764,bn,আরুণি মন্ডল জানিয়েছেন যে Pune এর কাছে অরক্ষিত অবস্থায় একটি দুই চাকার গাড়ি চুরি হয়ে গেছে।,theft,low,Pune,2024-04-25T07:00:00,,,0
SYN-00123,mr,"Jaipur जवळ दोन गटांमध्ये हिंसक चकमक झाली, तक्रार करणाऱ्यांमध्ये Anita Bhosale यांचा समावेश होता.",rioting,medium,Jaipur,2025-07-30T00:00:00,SUSP-0031,public_order,3
SYN-00227,bn,"নন্দিতা মজুমদার Patna এর কাছে হয়রানি ও অনুসরণ করার অভিযোগ দায়ের করেছেন, তদন্ত শুরু হয়েছে।",crime_against_women,high,Patna,2024-09-29T00:00:00,SUSP-0055,women_safety,3
SYN-01035,en,Jivika Soni reported that a mobile phone was stolen near Kolkata while unattended.,theft,low,Kolkata,2024-09-25T09:00:00,,,0
SYN-00866,en,Vritika Manda was reported missing near Nagpur; family suspects kidnapping for ransom.,kidnapping,high,Nagpur,2025-07-27T20:00:00,,,0
SYN-00623,ta,Ahmedabad அருகே விற்பனையாளர் போல் நடித்த மோசடி செய்பவரால் ஷண்சிலாதேவி ஸ்ரீனா பணத்தை மாற்ற ஏமாற்றப்பட்டார்.,cheating_fraud,medium,Ahmedabad,2025-01-11T18:00:00,,,0
SYN-00495,en,"A gang of armed men robbed a shop near Ahmedabad, reported by Parinaaz Sahni, a witness at the scene.",dacoity,high,Ahmedabad,2024-09-29T17:00:00,,,0
SYN-00530,bn,আবির মিশ্র Bengaluru এর কাছে নিখোঁজ বলে জানানো হয়েছে; পরিবার মুক্তিপণের জন্য অপহরণের সন্দেহ করছে।,kidnapping,high,Bengaluru,2024-03-30T12:00:00,,,0
SYN-01106,te,ఎన్‌డిపిఎస్ చట్టం కింద అధికారులు Coimbatore సమీపంలో మాదక ద్రవ్యాల సరుకును స్వాధీనం చేసుకున్నారు; దర్యాప్తులో Lakshmi Naidu ప్రమేయం ఉంది.,drug_trafficking,high,Coimbatore,2025-08-17T16:00:00,,,0
SYN-00058,te,"Anitha Prasad తన ఆన్‌లైన్ బ్యాంకింగ్ ఖాతాలో అనధికార ప్రవేశం జరిగిందని ఫిర్యాదు చేశారు, ఇది Bhopalకు సంబంధించిన ఐపీ నుండి వచ్చింది.",cybercrime,medium,Bhopal,2025-05-08T00:00:00,SUSP-0014,financial,3
SYN-00048,hi,"अधिकारियों ने एनडीपीएस अधिनियम के तहत Lucknow के पास मादक पदार्थों की एक खेप जब्त की; जांच में लता, हनुमान् शामिल है।",drug_trafficking,high,Lucknow,2025-02-04T00:00:00,SUSP-0011,narcotics,3
SYN-00328,mr,"Rohan Deshmukh Pune जवळ मृतावस्थेत आढळले, जखमा एक चाकू शी सुसंगत होत्या; खुनाचा गुन्हा दाखल करण्यात आला.",murder,critical,Pune,2025-08-15T02:00:00,,,0
SYN-00698,ta,Coimbatore அருகே பணம் கோரி மீண்டும் மீண்டும் மிரட்டல் வந்ததாக தடாகை தெரிவித்தார்.,extortion,medium,Coimbatore,2024-10-20T22:00:00,,,0
SYN-01068,bn,"সশস্ত্র ব্যক্তিদের একটি দল Surat এর কাছে একটি দোকান লুট করেছে, ঘটনাস্থলের সাক্ষী প্রিয় উদ্দিন জানিয়েছেন।",dacoity,high,Surat,2024-07-24T19:00:00,,,0
SYN-00640,hi,"गुप्ता, सरला Bhopal के पास मृत पाया गया, चोटें एक हंसिया से मेल खाती थीं; हत्या का मामला दर्ज किया गया।",murder,critical,Bhopal,2025-02-01T14:00:00,,,0
SYN-01131,ta,Ahmedabad அருகே விற்பனையாளர் போல் நடித்த மோசடி செய்பவரால் ஏழிசைமணி பணத்தை மாற்ற ஏமாற்றப்பட்டார்.,cheating_fraud,medium,Ahmedabad,2025-01-13T18:00:00,,,0
SYN-01048,mr,"संशयिताने Kolkata जवळील घरात जबरदस्तीने प्रवेश करून एक दुचाकी नेले, Sneha Joshi यांनी तक्रार नोंदवली.",burglary,medium,Kolkata,2024-01-18T15:00:00,,,0
SYN-00191,bn,"মিলন হক তার অনলাইন ব্যাংকিং অ্যাকাউন্টে অননুমোদিত প্রবেশের অভিযোগ করেছেন, যা Mumbai এর সাথে যুক্ত একটি আইপি থেকে হয়েছে।",cybercrime,medium,Mumbai,2025-02-20T00:00:00,SUSP-0047,financial,4
SYN-00438,en,"A gang of armed men robbed a shop near Kanpur, reported by Azad Apte, a witness at the scene.",dacoity,high,Kanpur,2024-03-20T04:00:00,,,0
SYN-00582,te,Ahmedabad సమీపంలో విక్రేతగా నటించిన మోసగాడు Padma Chowdaryను నగదు బదిలీ చేయమని మోసం చేశాడు.,cheating_fraud,medium,Ahmedabad,2024-01-03T00:00:00,,,0
SYN-01108,te,"Anitha Prasad తన ఆన్‌లైన్ బ్యాంకింగ్ ఖాతాలో అనధికార ప్రవేశం జరిగిందని ఫిర్యాదు చేశారు, ఇది Bhopalకు సంబంధించిన ఐపీ నుండి వచ్చింది.",cybercrime,medium,Bhopal,2024-08-11T04:00:00,,,0
SYN-01066,te,"అనుమానితుడు Patna సమీపంలోని ఇంట్లోకి బలవంతంగా ప్రవేశించి ఒక మొబైల్ ఫోన్ తీసుకెళ్లాడు, Srinivas Sharma ఫిర్యాదు చేశారు.",burglary,medium,Patna,2025-06-19T21:00:00,,,0
SYN-00259,en,"Suspect forced entry into a house near Kochi and took a mobile phone, reported by Uthkarsh Kale.",burglary,medium,Kochi,2025-05-07T00:00:00,SUSP-0062,property,2
SYN-00799,mr,"संशयिताने Chandigarh जवळील घरात जबरदस्तीने प्रवेश करून एक मोबाईल फोन नेले, Priya Patil यांनी तक्रार नोंदवली.",burglary,medium,Chandigarh,2024-01-12T20:00:00,,,0
SYN-00686,te,"Chennai సమీపంలో రెండు గುంపుల మధ్య హింసాత్మక ఘర్షణ జరిగింది, ఫిర్యాదు చేసిన వారిలో Sowmya Rani ఒకరు.",rioting,medium,Chennai,2025-03-11T04:00:00,,,0
SYN-01101,en,"A gang of armed men robbed a shop near Lucknow, reported by Vanya Mander, a witness at the scene.",dacoity,high,Lucknow,2025-04-20T15:00:00,,,0
SYN-00076,ta,என்டிபிஎஸ் சட்டத்தின் கீழ் Ahmedabad அருகே போதைப்பொருள் கொள்முதலை அதிகாரிகள் பறிமுதல் செய்தனர்; விசாரணையில் ஆதியரசி ஈடுபட்டுள்ளார்.,drug_trafficking,high,Ahmedabad,2024-12-31T00:00:00,SUSP-0019,narcotics,1
SYN-00173,en,"A violent clash broke out near Pune between two groups, Vanya Bora among those who filed a complaint.",rioting,medium,Pune,2024-08-22T00:00:00,SUSP-0042,public_order,4
SYN-00618,hi,ज़ोया शिरोळे ने बताया कि Delhi के पास एक दोपहिया वाहन लावारिस हालत में चोरी हो गया।,theft,low,Delhi,2024-07-23T08:00:00,,,0
SYN-00405,te,Indore సమీపంలో డబ్బు కోరుతూ పదేపదే బెదిరింపులు వచ్చాయని Srinivas Sharma తెలిపారు.,extortion,medium,Indore,2024-01-30T23:00:00,,,0
SYN-00829,bn,মৃনাল বিশ্বাস Mumbai এর কাছে একটি কাস্তে নিয়ে একজন সশস্ত্র সন্দেহভাজনের মুখোমুখি হন এবং তার একটি দুই চাকার গাড়ি ছিনতাই হয়।,robbery,high,Mumbai,2024-11-22T13:00:00,,,0
SYN-00708,mr,"Swati Gaikwad यांनी Ahmedabad जवळ छळ आणि पाठलाग केल्याची तक्रार नोंदवली, तपास सुरू करण्यात आला आहे.",crime_against_women,high,Ahmedabad,2024-12-13T14:00:00,,,0
SYN-00906,hi,"दूबे, श्यामा ने Surat के पास बार-बार पैसे की मांग करने वाली धमकियां मिलने की सूचना दी।",extortion,medium,Surat,2024-11-02T18:00:00,,,0
SYN-01115,bn,"সন্দেহভাজন Ahmedabad এর কাছে একটি বাড়িতে জোর করে ঢুকে নগদ টাকা নিয়ে গেছে, প্রীতি বিশ্বাস অভিযোগ করেছেন।",burglary,medium,Ahmedabad,2024-10-31T06:00:00,,,0
SYN-00421,en,"A violent clash broke out near Patna between two groups, Taran Swaminathan among those who filed a complaint.",rioting,medium,Patna,2025-07-13T06:00:00,,,0
SYN-00914,hi,"संदिग्ध ने Kolkata के पास एक घर में जबरन प्रवेश किया और एक लैपटॉप ले गया, गुप्ता, रिज़वान ने रिपोर्ट दर्ज कराई।",burglary,medium,Kolkata,2025-03-01T14:00:00,,,0
SYN-00828,hi,ज़ाकिर मणि Bengaluru के पास लापता बताया गया; परिवार को फिरौती के लिए अपहरण की आशंका है।,kidnapping,high,Bengaluru,2025-07-24T17:00:00,,,0
SYN-00301,bn,"শাওন চ্যাটার্জি Pune এর কাছে মৃত অবস্থায় পাওয়া যায়, আঘাত একটি কাস্তে এর সাথে সামঞ্জস্যপূর্ণ; হত্যা মামলা রুজু হয়েছে।",murder,critical,Pune,2025-05-15T10:00:00,,,0
SYN-01081,mr,"Anita Bhosale यांनी Lucknow जवळ छळ आणि पाठलाग केल्याची तक्रार नोंदवली, तपास सुरू करण्यात आला आहे.",crime_against_women,high,Lucknow,2024-11-24T01:00:00,,,0
SYN-00573,en,"A gang of armed men robbed a shop near Ahmedabad, reported by Navya Apte, a witness at the scene.",dacoity,high,Ahmedabad,2024-05-14T06:00:00,,,0
SYN-00017,mr,"Vikram Shinde यांनी Patna जवळ छळ आणि पाठलाग केल्याची तक्रार नोंदवली, तपास सुरू करण्यात आला आहे.",crime_against_women,high,Patna,2024-06-21T00:00:00,SUSP-0004,women_safety,4
SYN-00705,hi,"अथर्व डानी ने Pune के पास उत्पीड़न और पीछा किए जाने की शिकायत दर्ज कराई, जांच शुरू कर दी गई है।",crime_against_women,high,Pune,2025-04-10T12:00:00,,,0
SYN-00643,ta,"சந்தேக நபர் Lucknow அருகே ஒரு வீட்டில் நுழைந்து ஒரு இருசக்கர வாகனம் எடுத்துச் சென்றார், தண்மதி புகார் அளித்தார்.",burglary,medium,Lucknow,2024-11-04T19:00:00,,,0
SYN-00624,bn,মুনতাসির হক কে Hyderabad এর কাছে একজন বিক্রেতা সেজে থাকা প্রতারক অর্থ স্থানান্তর করতে প্রতারিত করেছে।,cheating_fraud,medium,Hyderabad,2024-03-17T05:00:00,,,0
SYN-01134,en,Jivin Bains reported that a laptop was stolen near Surat while unattended.,theft,low,Surat,2024-08-28T15:00:00,,,0
SYN-00824,en,"A violent clash broke out near Indore between two groups, Madhup Dugar among those who filed a complaint.",rioting,medium,Indore,2025-06-17T21:00:00,,,0
SYN-00859,en,"A violent clash broke out near Jaipur between two groups, Myra Rout among those who filed a complaint.",rioting,medium,Jaipur,2024-12-03T16:00:00,,,0
SYN-00606,hi,"Bhopal के पास दो गुटों के बीच हिंसक झड़प हुई, शिकायत दर्ज कराने वालों में अभय लता भी शामिल थे।",rioting,medium,Bhopal,2024-04-19T08:00:00,,,0
SYN-01065,mr,"सशस्त्र लोकांच्या टोळीने Kanpur जवळील एका दुकानाची लूट केली, साक्षीदार Sneha Joshi यांनी सांगितले.",dacoity,high,Kanpur,2025-01-11T05:00:00,,,0
SYN-00119,hi,"अधिकारियों ने एनडीपीएस अधिनियम के तहत Chennai के पास मादक पदार्थों की एक खेप जब्त की; जांच में लाल, रचना शामिल है।",drug_trafficking,high,Chennai,2025-06-30T00:00:00,SUSP-0030,narcotics,3
