id,city,latitude,longitude,crime_type,threat_level,date
HOT-00001,Mumbai,19.118267,72.869727,robbery,high,2024-12-20
HOT-00002,Jaipur,26.868291,75.821075,extortion,medium,2024-05-31
HOT-00003,Chennai,13.114096,80.242295,burglary,medium,2024-07-08
HOT-00004,Chennai,13.116255,80.228958,rioting,medium,2024-09-07
HOT-00005,Bengaluru,12.933052,77.505959,kidnapping,high,2024-01-06
HOT-00006,Jaipur,26.924774,75.806618,drug_trafficking,high,2025-02-07
HOT-00007,Chennai,13.146128,80.232014,cheating_fraud,medium,2024-09-05
HOT-00008,Delhi,28.6708,77.130914,robbery,high,2025-02-13
HOT-00009,Hyderabad,17.459204,78.431365,rioting,medium,2025-03-10
HOT-00010,Pune,18.475306,73.846883,extortion,medium,2025-08-23
HOT-00011,Mumbai,19.088115,72.945097,dacoity,high,2025-01-12
HOT-00012,Hyderabad,17.335196,78.565341,crime_against_women,high,2025-09-05
HOT-00013,Pune,18.582292,73.81988,robbery,high,2025-05-26
HOT-00014,Chennai,13.123466,80.282335,burglary,medium,2024-12-13
HOT-00015,Pune,18.49054,73.813324,murder,critical,2024-11-14
HOT-00016,Pune,18.494503,73.805658,murder,critical,2025-03-07
HOT-00017,Bengaluru,13.010741,77.659422,burglary,medium,2025-04-21
HOT-00018,Delhi,28.657907,77.169303,extortion,medium,2025-02-18
HOT-00019,Mumbai,19.089942,72.899942,drug_trafficking,high,2025-01-28
HOT-00020,Jaipur,26.985035,75.792598,extortion,medium,2025-02-15
HOT-00021,Pune,18.526084,73.814602,murder,critical,2024-04-28
HOT-00022,Jaipur,26.825267,75.786171,rioting,medium,2024-12-09
HOT-00023,Hyderabad,17.408973,78.50696,cybercrime,medium,2025-06-28
HOT-00024,Pune,18.534408,73.841842,theft,low,2024-12-11
HOT-00025,Kolkata,22.602189,88.450522,rioting,medium,2025-04-10
HOT-00026,Pune,18.559197,73.868915,burglary,medium,2025-05-16
HOT-00027,Jaipur,26.842011,75.865044,extortion,medium,2025-01-13
HOT-00028,Kolkata,22.505657,88.397638,theft,low,2025-07-09
HOT-00029,Kolkata,22.592942,88.406248,theft,low,2025-04-02
HOT-00030,Hyderabad,17.381026,78.499566,burglary,medium,2024-12-31
HOT-00031,Mumbai,19.02674,72.867896,robbery,high,2024-03-27
HOT-00032,Delhi,28.723732,77.122394,cheating_fraud,medium,2025-03-17
HOT-00033,Kolkata,22.541382,88.409597,crime_against_women,high,2024-09-06
HOT-00034,Jaipur,26.955422,75.798531,theft,low,2024-05-30
HOT-00035,Delhi,28.600828,77.197169,burglary,medium,2024-12-11
HOT-00036,Kolkata,22.563197,88.368877,rioting,medium,2024-09-20
HOT-00037,Delhi,28.731764,77.056942,burglary,medium,2024-07-15
HOT-00038,Kolkata,22.641703,88.361693,drug_trafficking,high,2024-09-06
HOT-00039,Mumbai,19.03618,72.917904,cybercrime,medium,2024-10-08
HOT-00040,Bengaluru,12.959073,77.668141,crime_against_women,high,2025-02-12
HOT-00041,Bengaluru,12.954206,77.558692,cybercrime,medium,2024-07-31
HOT-00042,Mumbai,19.090635,72.806013,murder,critical,2024-09-30
HOT-00043,Jaipur,26.801522,75.707718,kidnapping,high,2024-04-09
HOT-00044,Chennai,13.095076,80.348283,dacoity,high,2024-03-06
HOT-00045,Kolkata,22.563224,88.295993,cheating_fraud,medium,2025-08-25
HOT-00046,Pune,18.490829,73.823254,cybercrime,medium,2025-05-02
HOT-00047,Mumbai,19.051804,72.914309,cheating_fraud,medium,2024-06-04
HOT-00048,Jaipur,26.948241,75.740707,drug_trafficking,high,2024-06-23
HOT-00049,Pune,18.519942,73.869498,crime_against_women,high,2024-03-21
HOT-00050,Jaipur,26.869754,75.770003,dacoity,high,2025-06-26
HOT-00051,Hyderabad,17.35724,78.565301,cheating_fraud,medium,2025-04-23
HOT-00052,Mumbai,19.112959,72.932751,crime_against_women,high,2024-12-26
HOT-00053,Pune,18.447056,73.899831,murder,critical,2025-07-23
HOT-00054,Jaipur,26.960799,75.784157,drug_trafficking,high,2024-05-14
HOT-00055,Pune,18.444291,73.796021,burglary,medium,2025-02-09
HOT-00056,Chennai,13.088529,80.2942,murder,critical,2024-07-01
HOT-00057,Bengaluru,12.986862,77.451199,cybercrime,medium,2025-07-17
HOT-00058,Pune,18.499444,73.884785,crime_against_women,high,2024-10-12
HOT-00059,Hyderabad,17.39406,78.416751,extortion,medium,2024-11-21
HOT-00060,Pune,18.528326,73.906944,cheating_fraud,medium,2024-10-20
HOT-00061,Jaipur,26.968488,75.872067,cybercrime,medium,2024-10-22
HOT-00062,Mumbai,19.03186,72.868511,cheating_fraud,medium,2024-06-25
HOT-00063,Delhi,28.650024,77.151177,cybercrime,medium,2025-02-24
HOT-00064,Chennai,13.037238,80.218199,robbery,high,2025-09-16
HOT-00065,Delhi,28.638313,77.054975,theft,low,2024-11-28
HOT-00066,Chennai,13.117818,80.331342,extortion,medium,2024-04-03
HOT-00067,Hyderabad,17.452121,78.496347,extortion,medium,2025-02-02
HOT-00068,Chennai,13.100183,80.246735,kidnapping,high,2024-09-02
HOT-00069,Bengaluru,12.893825,77.608341,dacoity,high,2024-11-26
HOT-00070,Bengaluru,12.943312,77.696788,dacoity,high,2025-08-14
HOT-00071,Jaipur,26.839019,75.806538,cheating_fraud,medium,2024-09-04
HOT-00072,Bengaluru,13.029631,77.584587,burglary,medium,2025-09-10
HOT-00073,Hyderabad,17.460958,78.407908,dacoity,high,2025-04-18
HOT-00074,Delhi,28.716905,77.103054,extortion,medium,2025-02-20
HOT-00075,Jaipur,26.924774,75.77275,cybercrime,medium,2024-09-23
HOT-00076,Delhi,28.689527,77.035739,drug_trafficking,high,2024-01-25
HOT-00077,Jaipur,26.832525,75.796979,murder,critical,2025-02-11
HOT-00078,Mumbai,19.024101,72.937795,drug_trafficking,high,2025-03-26
HOT-00079,Pune,18.525849,73.833956,murder,critical,2025-08-16
HOT-00080,Delhi,28.695737,77.055465,extortion,medium,2024-12-13
HOT-00081,Bengaluru,13.047701,77.548277,dacoity,high,2024-09-27
HOT-00082,Delhi,28.667034,77.169897,cheating_fraud,medium,2025-05-18
HOT-00083,Chennai,13.084707,80.224961,rioting,medium,2025-03-31
HOT-00084,Hyderabad,17.403042,78.411287,crime_against_women,high,2024-10-08
HOT-00085,Mumbai,19.078012,72.84947,murder,critical,2024-01-27
HOT-00086,Chennai,13.129681,80.226677,rioting,medium,2024-10-25
HOT-00087,Kolkata,22.600206,88.35392,extortion,medium,2024-11-08
HOT-00088,Jaipur,26.895206,75.714515,robbery,high,2024-05-11
HOT-00089,Bengaluru,12.894321,77.532728,murder,critical,2024-08-21
HOT-00090,Mumbai,19.115192,72.824407,robbery,high,2025-08-21
HOT-00091,Mumbai,19.071273,72.957468,rioting,medium,2025-06-13
HOT-00092,Pune,18.414222,73.872169,kidnapping,high,2024-06-08
HOT-00093,Hyderabad,17.3368,78.479581,cheating_fraud,medium,2024-06-22
HOT-00094,Jaipur,26.960581,75.882433,theft,low,2024-03-07
HOT-00095,Hyderabad,17.390356,78.520276,robbery,high,2024-10-11
HOT-00096,Delhi,28.676503,77.064518,cheating_fraud,medium,2025-08-06
HOT-00097,Mumbai,19.127789,72.796068,drug_trafficking,high,2024-08-21
HOT-00098,Chennai,13.074243,80.280469,extortion,medium,2024-04-11
HOT-00099,Hyderabad,17.345248,78.484846,drug_trafficking,high,2025-07-04
HOT-00100,Delhi,28.720779,77.099366,crime_against_women,high,2025-06-19
HOT-00101,Chennai,13.085678,80.359978,robbery,high,2024-09-07
HOT-00102,Chennai,13.062271,80.219443,theft,low,2025-09-15
HOT-00103,Kolkata,22.55187,88.356879,dacoity,high,2024-03-06
HOT-00104,Bengaluru,12.954058,77.592097,dacoity,high,2024-09-06
HOT-00105,Jaipur,26.851913,75.801112,theft,low,2024-11-22
HOT-00106,Delhi,28.712316,77.125979,burglary,medium,2025-05-02
HOT-00107,Chennai,13.136701,80.30987,crime_against_women,high,2025-05-13
HOT-00108,Kolkata,22.51275,88.336044,burglary,medium,2025-03-29
HOT-00109,Chennai,13.022516,80.233067,cheating_fraud,medium,2024-01-01
HOT-00110,Kolkata,22.574543,88.296116,cheating_fraud,medium,2024-06-29
HOT-00111,Hyderabad,17.324982,78.483948,extortion,medium,2024-11-02
HOT-00112,Kolkata,22.598025,88.335874,murder,critical,2025-07-28
HOT-00113,Kolkata,22.555511,88.346612,robbery,high,2025-05-14
HOT-00114,Mumbai,19.018985,73.000445,cheating_fraud,medium,2025-05-22
HOT-00115,Bengaluru,13.008168,77.670807,extortion,medium,2024-11-07
HOT-00116,Delhi,28.752357,77.078025,extortion,medium,2025-07-05
HOT-00117,Bengaluru,12.979925,77.617098,dacoity,high,2024-08-06
HOT-00118,Kolkata,22.528689,88.363409,drug_trafficking,high,2025-04-28
HOT-00119,Delhi,28.658435,76.997433,dacoity,high,2025-08-07
HOT-00120,Bengaluru,12.957008,77.623797,cybercrime,medium,2024-06-24
HOT-00121,Bengaluru,12.949088,77.575947,drug_trafficking,high,2025-04-30
HOT-00122,Pune,18.527763,73.817776,murder,critical,2025-04-28
HOT-00123,Kolkata,22.543177,88.394922,rioting,medium,2024-12-28
HOT-00124,Hyderabad,17.334979,78.503054,cybercrime,medium,2025-03-03
HOT-00125,Mumbai,19.079903,72.826975,cybercrime,medium,2024-12-28
HOT-00126,Bengaluru,13.055898,77.581241,theft,low,2024-07-26
HOT-00127,Chennai,13.06252,80.237976,kidnapping,high,2024-01-25
HOT-00128,Hyderabad,17.340918,78.508296,drug_trafficking,high,2025-07-27
HOT-00129,Chennai,13.103074,80.204437,cheating_fraud,medium,2024-10-07
HOT-00130,Delhi,28.730493,77.115829,rioting,medium,2025-05-06
HOT-00131,Jaipur,27.028023,75.751368,extortion,medium,2025-02-03
HOT-00132,Jaipur,26.912542,75.934565,crime_against_women,high,2025-01-19
HOT-00133,Mumbai,19.133411,72.92021,murder,critical,2025-07-04
HOT-00134,Hyderabad,17.347161,78.5022,cheating_fraud,medium,2024-05-17
HOT-00135,Delhi,28.665099,77.179588,cybercrime,medium,2024-06-04
HOT-00136,Bengaluru,12.9164,77.559663,drug_trafficking,high,2024-03-31
HOT-00137,Jaipur,26.914355,75.852476,extortion,medium,2024-09-23
HOT-00138,Kolkata,22.562404,88.338349,burglary,medium,2024-11-17
HOT-00139,Hyderabad,17.429953,78.456192,dacoity,high,2024-07-07
HOT-00140,Hyderabad,17.330524,78.497687,kidnapping,high,2024-07-22
HOT-00141,Kolkata,22.569807,88.446827,theft,low,2024-05-23
HOT-00142,Delhi,28.671024,77.061352,cheating_fraud,medium,2024-02-19
HOT-00143,Mumbai,19.127181,72.846549,theft,low,2025-08-02
HOT-00144,Pune,18.647112,73.853239,kidnapping,high,2025-07-05
HOT-00145,Jaipur,26.903222,75.831416,burglary,medium,2024-03-18
HOT-00146,Delhi,28.790047,77.088459,drug_trafficking,high,2024-06-11
HOT-00147,Delhi,28.653844,77.077319,extortion,medium,2024-07-14
HOT-00148,Delhi,28.709799,77.049713,murder,critical,2025-04-21
HOT-00149,Jaipur,27.035939,75.684255,robbery,high,2024-12-04
HOT-00150,Delhi,28.731334,77.161992,cheating_fraud,medium,2025-06-24
HOT-00151,Pune,18.559311,73.824261,murder,critical,2024-01-07
HOT-00152,Pune,18.55587,73.860926,cybercrime,medium,2024-06-03
HOT-00153,Kolkata,22.613398,88.311694,kidnapping,high,2025-06-29
HOT-00154,Jaipur,26.893367,75.759813,crime_against_women,high,2024-12-29
HOT-00155,Bengaluru,12.982219,77.620863,murder,critical,2024-07-04
HOT-00156,Delhi,28.771045,77.113632,theft,low,2024-05-10
HOT-00157,Hyderabad,17.427741,78.474184,kidnapping,high,2024-08-23
HOT-00158,Chennai,13.091622,80.299192,murder,critical,2024-08-26
HOT-00159,Chennai,13.084346,80.259052,cheating_fraud,medium,2024-05-06
HOT-00160,Pune,18.619654,73.872691,rioting,medium,2024-08-01
HOT-00161,Pune,18.571575,73.873049,dacoity,high,2024-07-29
HOT-00162,Pune,18.498635,73.842846,robbery,high,2025-06-02
HOT-00163,Delhi,28.72195,77.131786,cheating_fraud,medium,2025-09-11
HOT-00164,Hyderabad,17.384913,78.443049,dacoity,high,2024-08-03
HOT-00165,Delhi,28.718635,77.057566,murder,critical,2025-06-04
HOT-00166,Delhi,28.712586,77.099439,cybercrime,medium,2025-03-06
HOT-00167,Pune,18.542694,73.85121,kidnapping,high,2024-11-13
HOT-00168,Delhi,28.615266,77.141507,murder,critical,2024-08-22
HOT-00169,Delhi,28.650725,77.028614,cheating_fraud,medium,2024-01-17
HOT-00170,Kolkata,22.558982,88.25809,theft,low,2024-05-24
HOT-00171,Chennai,13.085708,80.276827,drug_trafficking,high,2024-06-08
HOT-00172,Bengaluru,12.942925,77.514843,theft,low,2025-09-02
HOT-00173,Chennai,13.131797,80.21595,kidnapping,high,2025-09-24
HOT-00174,Pune,18.543553,73.809998,robbery,high,2025-06-15
HOT-00175,Bengaluru,12.967,77.503546,robbery,high,2025-01-08
HOT-00176,Delhi,28.706909,77.090487,dacoity,high,2024-11-09
HOT-00177,Pune,18.443146,73.779142,murder,critical,2025-09-28
HOT-00178,Hyderabad,17.396256,78.488736,theft,low,2025-04-26
HOT-00179,Mumbai,19.073364,72.849907,cybercrime,medium,2024-02-17
HOT-00180,Pune,18.526683,73.776884,robbery,high,2024-06-10
HOT-00181,Delhi,28.810281,77.112496,burglary,medium,2025-03-05
HOT-00182,Delhi,28.747326,77.139376,cybercrime,medium,2025-07-03
HOT-00183,Jaipur,26.957552,75.838131,extortion,medium,2024-01-01
HOT-00184,Kolkata,22.466599,88.379841,murder,critical,2024-05-11
HOT-00185,Hyderabad,17.358531,78.447019,crime_against_women,high,2024-04-08
HOT-00186,Jaipur,26.818199,75.791563,crime_against_women,high,2024-07-19
HOT-00187,Bengaluru,12.976653,77.620478,robbery,high,2024-08-18
HOT-00188,Delhi,28.700698,77.023098,murder,critical,2025-09-21
HOT-00189,Delhi,28.704153,77.140485,rioting,medium,2024-11-04
HOT-00190,Hyderabad,17.371308,78.432724,crime_against_women,high,2025-06-16
HOT-00191,Kolkata,22.574251,88.337378,cybercrime,medium,2025-01-18
HOT-00192,Bengaluru,12.869041,77.538746,theft,low,2025-01-29
HOT-00193,Mumbai,19.114225,72.743599,theft,low,2024-05-26
HOT-00194,Mumbai,19.094834,72.846026,cybercrime,medium,2024-11-26
HOT-00195,Mumbai,19.024294,72.852536,kidnapping,high,2024-07-11
HOT-00196,Pune,18.487188,73.867008,crime_against_women,high,2024-09-26
HOT-00197,Jaipur,26.942277,75.814596,drug_trafficking,high,2024-12-11
HOT-00198,Hyderabad,17.417101,78.486031,kidnapping,high,2025-05-14
HOT-00199,Jaipur,26.873902,75.723808,kidnapping,high,2025-06-15
HOT-00200,Kolkata,22.616585,88.38232,extortion,medium,2024-01-27
HOT-00201,Bengaluru,13.084179,77.670679,burglary,medium,2024-05-03
HOT-00202,Kolkata,22.60501,88.396843,cheating_fraud,medium,2025-03-22
HOT-00203,Delhi,28.834612,77.074438,robbery,high,2025-02-11
HOT-00204,Chennai,13.130223,80.329417,theft,low,2024-07-22
HOT-00205,Hyderabad,17.29912,78.47278,crime_against_women,high,2025-06-27
HOT-00206,Mumbai,19.090739,72.832589,dacoity,high,2025-06-27
HOT-00207,Bengaluru,12.955413,77.610895,robbery,high,2025-09-25
HOT-00208,Chennai,13.128805,80.201217,robbery,high,2025-07-07
HOT-00209,Pune,18.545812,73.825303,cybercrime,medium,2024-10-30
HOT-00210,Pune,18.629047,73.778757,cheating_fraud,medium,2025-04-24
HOT-00211,Hyderabad,17.462384,78.57573,theft,low,2024-03-17
HOT-00212,Kolkata,22.553383,88.292167,dacoity,high,2025-09-19
HOT-00213,Delhi,28.751977,77.121186,robbery,high,2025-05-07
HOT-00214,Bengaluru,12.979904,77.504289,dacoity,high,2025-02-04
HOT-00215,Bengaluru,12.941348,77.555046,dacoity,high,2024-09-11
HOT-00216,Hyderabad,17.501159,78.541835,murder,critical,2024-05-23
HOT-00217,Pune,18.578958,73.914143,extortion,medium,2024-06-04
HOT-00218,Chennai,13.012694,80.296711,kidnapping,high,2024-01-12
HOT-00219,Delhi,28.643666,77.094626,extortion,medium,2025-09-04
HOT-00220,Jaipur,26.9184,75.840664,burglary,medium,2025-07-08
HOT-00221,Jaipur,26.971006,75.872012,rioting,medium,2024-12-15
HOT-00222,Kolkata,22.586341,88.359387,murder,critical,2024-04-25
HOT-00223,Jaipur,26.885261,75.800933,rioting,medium,2025-05-13
HOT-00224,Kolkata,22.576301,88.386923,rioting,medium,2025-09-09
HOT-00225,Hyderabad,17.390325,78.583942,cheating_fraud,medium,2025-03-18
HOT-00226,Pune,18.542496,73.864915,murder,critical,2024-10-09
HOT-00227,Kolkata,22.544196,88.329449,extortion,medium,2024-09-14
HOT-00228,Hyderabad,17.405013,78.498214,cheating_fraud,medium,2024-09-05
HOT-00229,Jaipur,26.921935,75.839767,murder,critical,2024-04-16
HOT-00230,Jaipur,26.823938,75.751843,cybercrime,medium,2025-09-13
HOT-00231,Pune,18.543451,73.862944,extortion,medium,2024-04-10
HOT-00232,Delhi,28.766958,77.159677,kidnapping,high,2025-08-17
HOT-00233,Pune,18.552139,73.783713,theft,low,2024-12-21
HOT-00234,Jaipur,26.951496,75.735047,drug_trafficking,high,2024-02-08
HOT-00235,Pune,18.547582,73.791839,cybercrime,medium,2024-01-27
HOT-00236,Chennai,13.072609,80.266187,kidnapping,high,2024-04-11
HOT-00237,Kolkata,22.651624,88.320888,rioting,medium,2025-04-12
HOT-00238,Kolkata,22.524808,88.422725,kidnapping,high,2024-09-11
HOT-00239,Kolkata,22.557843,88.369108,cheating_fraud,medium,2024-09-26
HOT-00240,Bengaluru,12.993267,77.677645,drug_trafficking,high,2024-11-25
HOT-00241,Pune,18.522217,73.769583,robbery,high,2025-05-26
HOT-00242,Delhi,28.66933,77.162349,rioting,medium,2024-08-21
HOT-00243,Hyderabad,17.395965,78.466358,rioting,medium,2024-04-02
HOT-00244,Pune,18.497818,73.910809,robbery,high,2025-01-26
HOT-00245,Chennai,13.07548,80.348755,kidnapping,high,2024-12-11
HOT-00246,Jaipur,26.978891,75.736244,robbery,high,2024-11-26
HOT-00247,Mumbai,19.126481,72.920259,drug_trafficking,high,2025-07-27
HOT-00248,Kolkata,22.575243,88.301798,cybercrime,medium,2025-09-25
HOT-00249,Delhi,28.711011,77.123158,crime_against_women,high,2025-02-18
HOT-00250,Kolkata,22.600371,88.40006,kidnapping,high,2025-02-10
HOT-00251,Bengaluru,12.992183,77.583495,rioting,medium,2024-10-27
HOT-00252,Delhi,28.688133,77.134412,theft,low,2024-09-08
HOT-00253,Bengaluru,12.951789,77.559857,cheating_fraud,medium,2024-08-17
HOT-00254,Chennai,13.083745,80.30646,extortion,medium,2024-08-09
HOT-00255,Bengaluru,13.008855,77.597513,theft,low,2025-09-18
HOT-00256,Jaipur,26.939552,75.743261,drug_trafficking,high,2025-08-04
HOT-00257,Chennai,13.000018,80.321494,crime_against_women,high,2025-02-13
HOT-00258,Pune,18.518822,73.778399,kidnapping,high,2024-09-26
HOT-00259,Pune,18.446829,73.934821,dacoity,high,2024-11-23
HOT-00260,Hyderabad,17.453032,78.52247,kidnapping,high,2024-09-09
HOT-00261,Bengaluru,13.063328,77.658314,drug_trafficking,high,2025-05-02
HOT-00262,Hyderabad,17.45899,78.543949,dacoity,high,2024-12-22
HOT-00263,Chennai,13.018906,80.284839,theft,low,2025-04-16
HOT-00264,Jaipur,26.858882,75.788264,robbery,high,2024-01-23
HOT-00265,Jaipur,26.896355,75.781064,kidnapping,high,2025-05-03
HOT-00266,Bengaluru,13.01467,77.612846,rioting,medium,2024-10-09
HOT-00267,Kolkata,22.648883,88.337703,rioting,medium,2025-09-04
HOT-00268,Jaipur,26.835289,75.823095,robbery,high,2025-02-09
HOT-00269,Chennai,13.060041,80.234086,rioting,medium,2024-11-07
HOT-00270,Hyderabad,17.394784,78.57565,drug_trafficking,high,2025-02-20
HOT-00271,Bengaluru,12.985915,77.455316,crime_against_women,high,2024-11-18
HOT-00272,Mumbai,19.092221,72.874699,kidnapping,high,2025-08-24
HOT-00273,Delhi,28.707057,77.083538,burglary,medium,2025-06-26
HOT-00274,Pune,18.510415,73.776111,dacoity,high,2025-09-07
HOT-00275,Bengaluru,12.977876,77.584099,cheating_fraud,medium,2024-05-02
HOT-00276,Hyderabad,17.487409,78.550886,crime_against_women,high,2025-01-31
HOT-00277,Pune,18.478746,73.895185,kidnapping,high,2024-07-06
HOT-00278,Delhi,28.692379,77.131467,cybercrime,medium,2024-09-15
HOT-00279,Jaipur,26.945102,75.808265,dacoity,high,2024-08-20
HOT-00280,Hyderabad,17.455508,78.480319,kidnapping,high,2025-04-07
HOT-00281,Delhi,28.694062,77.100983,crime_against_women,high,2024-03-03
HOT-00282,Mumbai,19.066809,72.857271,theft,low,2025-06-25
HOT-00283,Mumbai,19.12526,72.879143,theft,low,2025-08-04
HOT-00284,Hyderabad,17.464188,78.390189,dacoity,high,2025-09-27
HOT-00285,Jaipur,26.926987,75.819224,kidnapping,high,2024-04-09
HOT-00286,Bengaluru,12.918689,77.556301,cheating_fraud,medium,2024-06-30
HOT-00287,Bengaluru,12.992952,77.54471,crime_against_women,high,2024-02-09
HOT-00288,Delhi,28.7193,77.062048,murder,critical,2024-04-20
HOT-00289,Hyderabad,17.357724,78.425747,robbery,high,2024-04-12
HOT-00290,Jaipur,26.922554,75.814512,crime_against_women,high,2024-12-11
HOT-00291,Jaipur,26.969175,75.759974,cybercrime,medium,2025-04-03
HOT-00292,Delhi,28.695105,77.086449,dacoity,high,2025-01-09
HOT-00293,Bengaluru,12.977709,77.686633,dacoity,high,2025-02-17
HOT-00294,Mumbai,19.005869,72.964318,cheating_fraud,medium,2025-08-28
HOT-00295,Delhi,28.716686,77.084657,extortion,medium,2024-11-24
HOT-00296,Pune,18.523522,73.784984,murder,critical,2024-11-24
HOT-00297,Bengaluru,12.940145,77.60528,extortion,medium,2025-03-12
HOT-00298,Pune,18.501364,73.864918,theft,low,2025-05-18
HOT-00299,Delhi,28.679112,77.154316,cybercrime,medium,2024-11-09
HOT-00300,Jaipur,26.998116,75.783143,extortion,medium,2024-02-26
HOT-00301,Mumbai,19.084198,72.897697,crime_against_women,high,2025-08-07
HOT-00302,Bengaluru,12.919713,77.531126,drug_trafficking,high,2024-01-29
HOT-00303,Mumbai,19.124223,72.867482,kidnapping,high,2025-07-04
HOT-00304,Mumbai,19.10993,72.809792,cybercrime,medium,2025-06-04
HOT-00305,Bengaluru,12.896117,77.590448,theft,low,2024-08-07
HOT-00306,Delhi,28.673201,77.111009,dacoity,high,2024-11-23
HOT-00307,Delhi,28.690999,77.045517,crime_against_women,high,2025-09-19
HOT-00308,Mumbai,19.123046,72.891443,rioting,medium,2024-04-29
HOT-00309,Kolkata,22.609661,88.365004,kidnapping,high,2024-06-30
HOT-00310,Pune,18.542711,73.813961,cybercrime,medium,2024-02-15
HOT-00311,Bengaluru,12.995255,77.623813,extortion,medium,2024-09-21
HOT-00312,Pune,18.487072,73.785415,extortion,medium,2024-11-13
HOT-00313,Chennai,13.150415,80.244024,murder,critical,2025-02-23
HOT-00314,Mumbai,19.031385,72.90375,murder,critical,2024-07-13
HOT-00315,Jaipur,26.912244,75.794539,rioting,medium,2025-02-08
HOT-00316,Mumbai,19.057828,72.826212,extortion,medium,2024-08-16
HOT-00317,Delhi,28.68804,77.083672,cheating_fraud,medium,2024-03-09
HOT-00318,Bengaluru,12.942149,77.587639,rioting,medium,2024-09-19
HOT-00319,Pune,18.511488,73.8968,crime_against_women,high,2024-09-24
HOT-00320,Delhi,28.707558,77.052501,dacoity,high,2024-03-29
HOT-00321,Jaipur,26.930788,75.844861,theft,low,2025-04-25
HOT-00322,Jaipur,26.940255,75.810151,cybercrime,medium,2024-07-07
HOT-00323,Delhi,28.711233,77.012172,dacoity,high,2025-03-22
HOT-00324,Hyderabad,17.35932,78.497222,crime_against_women,high,2024-02-12
HOT-00325,Chennai,13.092041,80.190913,theft,low,2025-08-05
HOT-00326,Mumbai,19.119329,72.863196,murder,critical,2024-06-28
HOT-00327,Hyderabad,17.280384,78.512139,theft,low,2025-02-04
HOT-00328,Pune,18.544155,73.890772,burglary,medium,2024-08-18
HOT-00329,Bengaluru,12.94006,77.56217,rioting,medium,2025-03-25
HOT-00330,Mumbai,19.089096,72.863987,dacoity,high,2025-09-08
HOT-00331,Kolkata,22.54654,88.354174,kidnapping,high,2024-02-28
HOT-00332,Delhi,28.683634,77.055398,drug_trafficking,high,2024-01-18
HOT-00333,Bengaluru,12.964457,77.551132,theft,low,2024-05-26
HOT-00334,Delhi,28.701918,77.097517,theft,low,2025-07-30
HOT-00335,Mumbai,19.10934,72.798905,burglary,medium,2024-08-17
HOT-00336,Mumbai,19.05795,72.870072,extortion,medium,2025-05-02
HOT-00337,Pune,18.506384,73.924448,cheating_fraud,medium,2024-08-31
HOT-00338,Jaipur,26.877436,75.757396,extortion,medium,2025-04-10
HOT-00339,Jaipur,26.937612,75.773321,drug_trafficking,high,2025-01-03
HOT-00340,Chennai,13.126542,80.326788,robbery,high,2025-02-01
HOT-00341,Kolkata,22.607918,88.331534,theft,low,2025-03-18
HOT-00342,Kolkata,22.606896,88.407536,rioting,medium,2025-07-08
HOT-00343,Chennai,13.108462,80.268671,extortion,medium,2024-12-27
HOT-00344,Chennai,13.131535,80.252029,cybercrime,medium,2025-04-16
HOT-00345,Jaipur,26.865864,75.804421,kidnapping,high,2024-12-11
HOT-00346,Hyderabad,17.37145,78.463665,drug_trafficking,high,2024-07-29
HOT-00347,Chennai,13.089409,80.302552,dacoity,high,2025-09-25
HOT-00348,Hyderabad,17.436074,78.449766,cybercrime,medium,2025-01-18
HOT-00349,Kolkata,22.578872,88.39078,burglary,medium,2025-07-09
HOT-00350,Jaipur,26.882992,75.877192,crime_against_women,high,2025-02-26
HOT-00351,Mumbai,19.090186,72.920814,robbery,high,2025-01-28
HOT-00352,Pune,18.543334,73.905688,rioting,medium,2024-07-30
HOT-00353,Pune,18.492363,73.844063,rioting,medium,2025-07-30
HOT-00354,Bengaluru,12.930296,77.543874,dacoity,high,2024-06-03
HOT-00355,Pune,18.505166,73.891018,rioting,medium,2024-05-13
HOT-00356,Jaipur,26.865414,75.893644,crime_against_women,high,2025-06-27
HOT-00357,Mumbai,19.036668,72.799059,burglary,medium,2024-01-22
HOT-00358,Mumbai,19.164471,72.829187,kidnapping,high,2024-04-02
HOT-00359,Hyderabad,17.427689,78.467122,rioting,medium,2024-06-03
HOT-00360,Chennai,13.076161,80.287985,crime_against_women,high,2024-11-19
HOT-00361,Jaipur,26.835377,75.799456,murder,critical,2024-11-06
HOT-00362,Delhi,28.713629,77.074574,robbery,high,2024-06-16
HOT-00363,Pune,18.601162,73.931065,cybercrime,medium,2024-06-11
HOT-00364,Jaipur,26.89981,75.748666,dacoity,high,2024-04-26
HOT-00365,Bengaluru,12.990616,77.582395,theft,low,2024-05-18
HOT-00366,Pune,18.46431,73.866376,theft,low,2025-08-23
HOT-00367,Hyderabad,17.445159,78.458825,robbery,high,2025-04-03
HOT-00368,Mumbai,19.194936,72.855242,crime_against_women,high,2024-12-18
HOT-00369,Hyderabad,17.488999,78.478722,burglary,medium,2024-06-30
HOT-00370,Bengaluru,12.918097,77.541744,robbery,high,2024-04-23
HOT-00371,Chennai,13.125396,80.260187,rioting,medium,2024-03-26
HOT-00372,Hyderabad,17.313445,78.432755,theft,low,2025-09-28
HOT-00373,Pune,18.568004,73.854216,murder,critical,2024-07-15
HOT-00374,Kolkata,22.680223,88.351701,theft,low,2025-05-16
HOT-00375,Hyderabad,17.398563,78.477584,dacoity,high,2024-11-09
HOT-00376,Kolkata,22.522059,88.380698,theft,low,2024-10-06
HOT-00377,Jaipur,26.888152,75.749402,theft,low,2024-05-13
HOT-00378,Mumbai,19.075051,72.867897,cybercrime,medium,2024-07-23
HOT-00379,Jaipur,26.902531,75.796565,extortion,medium,2024-10-03
HOT-00380,Pune,18.474202,73.93411,cybercrime,medium,2025-02-20
HOT-00381,Hyderabad,17.416059,78.520765,murder,critical,2025-07-19
HOT-00382,Chennai,13.043417,80.273461,cheating_fraud,medium,2024-03-27
HOT-00383,Hyderabad,17.453542,78.405397,theft,low,2024-05-11
HOT-00384,Delhi,28.70548,77.133689,burglary,medium,2024-06-06
HOT-00385,Chennai,13.100712,80.172518,theft,low,2024-01-14
HOT-00386,Hyderabad,17.4325,78.436219,robbery,high,2025-08-19
HOT-00387,Jaipur,26.881923,75.754433,extortion,medium,2024-04-18
HOT-00388,Delhi,28.729741,77.111944,rioting,medium,2024-03-24
HOT-00389,Bengaluru,13.07471,77.661594,theft,low,2025-03-19
HOT-00390,Chennai,13.102351,80.347674,cybercrime,medium,2024-11-24
HOT-00391,Chennai,13.049926,80.275671,cheating_fraud,medium,2025-09-11
HOT-00392,Bengaluru,12.892022,77.61019,crime_against_women,high,2024-03-03
HOT-00393,Jaipur,26.914637,75.792464,robbery,high,2024-07-21
HOT-00394,Kolkata,22.61124,88.413005,dacoity,high,2024-05-06
HOT-00395,Delhi,28.740886,77.192425,dacoity,high,2024-06-15
HOT-00396,Pune,18.4762,73.806376,crime_against_women,high,2025-02-26
HOT-00397,Kolkata,22.580131,88.401156,kidnapping,high,2024-09-03
HOT-00398,Mumbai,19.002108,72.769202,murder,critical,2024-10-15
HOT-00399,Bengaluru,12.98814,77.601715,kidnapping,high,2024-03-02
HOT-00400,Pune,18.594918,73.897637,rioting,medium,2025-04-01
HOT-00401,Mumbai,19.150144,72.86699,kidnapping,high,2025-08-25
HOT-00402,Hyderabad,17.363144,78.422101,burglary,medium,2025-08-05
HOT-00403,Kolkata,22.566328,88.320517,kidnapping,high,2025-05-06
HOT-00404,Hyderabad,17.300105,78.486863,kidnapping,high,2025-07-13
HOT-00405,Chennai,13.086892,80.300989,rioting,medium,2024-12-27
HOT-00406,Pune,18.466101,73.868857,cybercrime,medium,2025-04-19
HOT-00407,Jaipur,26.885959,75.795493,cybercrime,medium,2025-03-05
HOT-00408,Mumbai,19.137654,72.814764,cybercrime,medium,2024-06-01
HOT-00409,Pune,18.484922,73.896581,extortion,medium,2024-06-25
HOT-00410,Bengaluru,12.945005,77.577026,burglary,medium,2024-01-17
HOT-00411,Pune,18.481256,73.863585,dacoity,high,2024-01-23
HOT-00412,Jaipur,26.879255,75.813946,drug_trafficking,high,2024-10-11
HOT-00413,Chennai,13.107871,80.334213,cheating_fraud,medium,2025-03-19
HOT-00414,Pune,18.548307,73.847112,extortion,medium,2024-03-02
HOT-00415,Hyderabad,17.403064,78.482236,kidnapping,high,2025-05-03
HOT-00416,Kolkata,22.610713,88.410851,cheating_fraud,medium,2024-08-09
HOT-00417,Pune,18.395259,73.864173,extortion,medium,2024-06-11
HOT-00418,Hyderabad,17.333202,78.431221,cybercrime,medium,2025-09-18
HOT-00419,Delhi,28.654218,77.06668,kidnapping,high,2025-01-17
HOT-00420,Bengaluru,12.881035,77.691569,burglary,medium,2024-01-19
HOT-00421,Jaipur,26.886671,75.814696,kidnapping,high,2024-08-27
HOT-00422,Hyderabad,17.313186,78.406398,cheating_fraud,medium,2024-10-14
HOT-00423,Hyderabad,17.345338,78.465789,dacoity,high,2024-05-10
HOT-00424,Hyderabad,17.397851,78.422816,dacoity,high,2025-08-30
HOT-00425,Chennai,13.097364,80.235809,crime_against_women,high,2025-04-26
HOT-00426,Mumbai,19.035967,72.972722,cybercrime,medium,2024-05-31
HOT-00427,Hyderabad,17.435684,78.515109,crime_against_women,high,2024-09-29
HOT-00428,Delhi,28.621754,77.129551,murder,critical,2024-05-26
HOT-00429,Hyderabad,17.395053,78.472448,dacoity,high,2024-08-16
HOT-00430,Mumbai,19.032477,72.960259,cheating_fraud,medium,2025-07-29
HOT-00431,Bengaluru,12.997917,77.472119,cheating_fraud,medium,2024-11-17
HOT-00432,Chennai,13.115058,80.206334,crime_against_women,high,2025-09-11
HOT-00433,Delhi,28.699103,77.119453,dacoity,high,2025-06-20
HOT-00434,Kolkata,22.573141,88.412457,rioting,medium,2024-01-12
HOT-00435,Kolkata,22.570676,88.391722,theft,low,2024-01-30
HOT-00436,Pune,18.569619,73.883241,robbery,high,2025-04-02
HOT-00437,Pune,18.457286,73.833859,kidnapping,high,2024-04-20
HOT-00438,Kolkata,22.540669,88.372972,crime_against_women,high,2025-04-09
HOT-00439,Kolkata,22.586248,88.386297,theft,low,2024-05-06
HOT-00440,Mumbai,19.118748,72.830861,kidnapping,high,2024-05-25
HOT-00441,Hyderabad,17.408835,78.444485,theft,low,2025-03-20
HOT-00442,Hyderabad,17.349774,78.513834,theft,low,2024-10-16
HOT-00443,Hyderabad,17.325603,78.460723,drug_trafficking,high,2024-02-27
HOT-00444,Bengaluru,12.857244,77.596988,robbery,high,2024-06-04
HOT-00445,Delhi,28.586666,77.085575,dacoity,high,2024-04-04
HOT-00446,Hyderabad,17.429742,78.478839,cybercrime,medium,2024-12-17
HOT-00447,Delhi,28.641413,77.105474,drug_trafficking,high,2025-03-02
HOT-00448,Pune,18.498899,73.797462,burglary,medium,2024-07-31
HOT-00449,Jaipur,26.958268,75.858642,murder,critical,2024-08-20
HOT-00450,Chennai,13.153814,80.297069,theft,low,2024-02-23
HOT-00451,Chennai,13.068153,80.272659,dacoity,high,2024-06-05
HOT-00452,Bengaluru,12.927441,77.594438,extortion,medium,2025-02-09
HOT-00453,Mumbai,19.034735,72.87504,theft,low,2025-02-28
HOT-00454,Delhi,28.768728,77.11915,dacoity,high,2024-08-23
HOT-00455,Jaipur,26.990106,75.790794,crime_against_women,high,2025-01-11
HOT-00456,Bengaluru,12.948653,77.611901,theft,low,2025-09-29
HOT-00457,Kolkata,22.567848,88.412085,cybercrime,medium,2024-06-12
HOT-00458,Chennai,13.083708,80.232237,dacoity,high,2024-11-30
HOT-00459,Kolkata,22.515984,88.409181,cheating_fraud,medium,2024-01-30
HOT-00460,Jaipur,26.85459,75.7434,drug_trafficking,high,2025-02-19
HOT-00461,Chennai,13.088507,80.284081,burglary,medium,2024-07-29
HOT-00462,Chennai,13.087699,80.189285,murder,critical,2024-08-07
HOT-00463,Kolkata,22.561867,88.376719,extortion,medium,2024-08-23
HOT-00464,Kolkata,22.574873,88.37464,theft,low,2024-08-09
HOT-00465,Bengaluru,12.993327,77.568456,rioting,medium,2025-02-01
HOT-00466,Hyderabad,17.336956,78.499719,robbery,high,2025-05-18
HOT-00467,Jaipur,26.874372,75.772014,extortion,medium,2024-09-11
HOT-00468,Delhi,28.626782,77.033142,theft,low,2025-09-26
HOT-00469,Mumbai,19.151524,72.783025,theft,low,2024-11-06
HOT-00470,Jaipur,26.864775,75.831229,robbery,high,2024-04-09
HOT-00471,Mumbai,19.027336,72.930812,cybercrime,medium,2025-01-16
HOT-00472,Delhi,28.690466,77.174021,murder,critical,2024-02-05
HOT-00473,Delhi,28.691559,77.139469,dacoity,high,2024-05-03
HOT-00474,Mumbai,19.160669,72.798481,robbery,high,2024-01-15
HOT-00475,Delhi,28.735457,77.121337,crime_against_women,high,2025-07-24
HOT-00476,Kolkata,22.562804,88.441179,cheating_fraud,medium,2024-03-05
HOT-00477,Bengaluru,12.982434,77.643756,cybercrime,medium,2024-01-31
HOT-00478,Mumbai,18.981815,72.879225,cybercrime,medium,2024-06-28
HOT-00479,Mumbai,19.062706,72.87074,burglary,medium,2024-10-14
HOT-00480,Kolkata,22.566059,88.330887,murder,critical,2024-01-25
HOT-00481,Kolkata,22.604016,88.356501,rioting,medium,2025-04-03
HOT-00482,Mumbai,19.091016,72.877307,crime_against_women,high,2025-03-21
HOT-00483,Jaipur,26.933064,75.710754,rioting,medium,2024-02-18
HOT-00484,Kolkata,22.528265,88.414807,cheating_fraud,medium,2025-04-28
HOT-00485,Bengaluru,12.89626,77.671598,rioting,medium,2025-07-18
HOT-00486,Bengaluru,12.940909,77.659073,cybercrime,medium,2024-06-27
HOT-00487,Pune,18.42095,73.959829,murder,critical,2024-05-31
HOT-00488,Jaipur,26.889367,75.741592,cybercrime,medium,2024-03-29
HOT-00489,Kolkata,22.606299,88.334105,kidnapping,high,2025-04-22
HOT-00490,Jaipur,26.914714,75.687852,robbery,high,2024-02-13
HOT-00491,Hyderabad,17.285982,78.482745,extortion,medium,2024-05-28
HOT-00492,Hyderabad,17.293556,78.463092,robbery,high,2025-08-10
HOT-00493,Bengaluru,13.059339,77.581962,rioting,medium,2025-02-09
HOT-00494,Delhi,28.75001,77.010175,drug_trafficking,high,2025-07-11
HOT-00495,Mumbai,19.011043,72.869673,murder,critical,2025-07-17
HOT-00496,Bengaluru,12.966697,77.518862,kidnapping,high,2025-05-15
HOT-00497,Delhi,28.660643,77.187148,kidnapping,high,2025-07-15
HOT-00498,Pune,18.428874,73.843309,dacoity,high,2025-08-13
HOT-00499,Hyderabad,17.384917,78.410407,burglary,medium,2024-08-19
HOT-00500,Jaipur,26.955366,75.851126,dacoity,high,2024-01-01
HOT-00501,Delhi,28.592906,77.105853,rioting,medium,2024-11-09
HOT-00502,Chennai,13.084248,80.228257,dacoity,high,2025-07-08
HOT-00503,Delhi,28.735158,77.092742,theft,low,2024-02-01
HOT-00504,Kolkata,22.595815,88.385997,extortion,medium,2024-03-14
HOT-00505,Delhi,28.701451,77.225276,cybercrime,medium,2025-01-01
HOT-00506,Pune,18.587713,73.861176,kidnapping,high,2025-02-01
HOT-00507,Hyderabad,17.398653,78.537801,crime_against_women,high,2025-05-04
HOT-00508,Mumbai,19.016832,72.753751,cheating_fraud,medium,2024-11-23
HOT-00509,Hyderabad,17.461183,78.50175,cybercrime,medium,2025-07-05
HOT-00510,Delhi,28.645285,77.133546,kidnapping,high,2025-05-17
HOT-00511,Mumbai,18.982514,72.965525,burglary,medium,2025-05-01
HOT-00512,Kolkata,22.552571,88.358253,rioting,medium,2024-04-06
HOT-00513,Jaipur,26.879361,75.818384,crime_against_women,high,2025-04-25
HOT-00514,Mumbai,19.047967,72.934585,rioting,medium,2025-04-07
HOT-00515,Chennai,13.065828,80.256065,extortion,medium,2024-05-11
HOT-00516,Mumbai,19.125825,72.856339,drug_trafficking,high,2024-07-04
HOT-00517,Jaipur,26.902411,75.85104,drug_trafficking,high,2024-02-19
HOT-00518,Kolkata,22.506146,88.324226,cheating_fraud,medium,2024-06-27
HOT-00519,Jaipur,26.904376,75.816001,murder,critical,2025-09-07
HOT-00520,Hyderabad,17.316743,78.520548,burglary,medium,2024-07-22
HOT-00521,Jaipur,26.907077,75.787761,rioting,medium,2024-06-29
HOT-00522,Pune,18.550959,73.865345,kidnapping,high,2025-08-20
HOT-00523,Jaipur,26.919625,75.841047,rioting,medium,2024-04-28
HOT-00524,Delhi,28.717724,77.125351,crime_against_women,high,2025-07-30
HOT-00525,Mumbai,19.03178,72.895823,rioting,medium,2025-03-16
HOT-00526,Mumbai,19.048416,72.77456,kidnapping,high,2025-07-10
HOT-00527,Delhi,28.69271,77.10889,cybercrime,medium,2025-07-24
HOT-00528,Pune,18.539902,73.865423,extortion,medium,2025-01-01
HOT-00529,Jaipur,26.821101,75.852477,robbery,high,2024-05-03
HOT-00530,Mumbai,19.110137,72.933012,extortion,medium,2024-07-20
HOT-00531,Jaipur,26.878689,75.734282,drug_trafficking,high,2024-09-26
HOT-00532,Jaipur,26.993064,75.823307,robbery,high,2025-08-19
HOT-00533,Pune,18.531033,73.866175,dacoity,high,2024-05-30
HOT-00534,Kolkata,22.624665,88.421638,theft,low,2025-01-15
HOT-00535,Mumbai,19.068193,72.877199,drug_trafficking,high,2024-09-29
HOT-00536,Mumbai,19.045957,72.963954,kidnapping,high,2024-09-06
HOT-00537,Jaipur,26.922628,75.756628,cheating_fraud,medium,2025-05-04
HOT-00538,Jaipur,26.919276,75.817283,drug_trafficking,high,2025-07-08
HOT-00539,Delhi,28.719925,77.123198,drug_trafficking,high,2024-05-28
HOT-00540,Delhi,28.554062,77.123672,burglary,medium,2025-08-02
HOT-00541,Bengaluru,12.973141,77.678253,extortion,medium,2025-01-05
HOT-00542,Chennai,13.10673,80.225642,cybercrime,medium,2024-02-13
HOT-00543,Hyderabad,17.387265,78.475075,extortion,medium,2025-01-17
HOT-00544,Pune,18.429952,73.886196,dacoity,high,2024-05-10
HOT-00545,Jaipur,26.846053,75.728884,cybercrime,medium,2024-06-10
HOT-00546,Chennai,13.04923,80.246709,burglary,medium,2025-03-19
HOT-00547,Mumbai,19.020254,72.909582,rioting,medium,2024-05-29
HOT-00548,Mumbai,19.041894,72.914239,cheating_fraud,medium,2024-12-15
HOT-00549,Kolkata,22.607792,88.305508,murder,critical,2025-04-26
HOT-00550,Jaipur,26.836014,75.853716,rioting,medium,2025-08-26
HOT-00551,Bengaluru,12.950164,77.598783,cheating_fraud,medium,2024-12-16
HOT-00552,Delhi,28.703705,77.142012,murder,critical,2024-10-22
HOT-00553,Chennai,13.040761,80.370966,dacoity,high,2025-08-02
HOT-00554,Chennai,13.057887,80.305532,kidnapping,high,2025-06-14
HOT-00555,Pune,18.508372,73.923099,extortion,medium,2024-07-11
HOT-00556,Bengaluru,12.996215,77.522328,dacoity,high,2025-01-05
HOT-00557,Hyderabad,17.400728,78.540165,drug_trafficking,high,2024-06-26
HOT-00558,Delhi,28.687855,77.001607,extortion,medium,2024-09-09
HOT-00559,Chennai,13.024906,80.229738,kidnapping,high,2024-07-06
HOT-00560,Jaipur,26.877152,75.822548,rioting,medium,2024-10-04
HOT-00561,Jaipur,26.885047,75.78075,crime_against_women,high,2024-03-14
HOT-00562,Kolkata,22.607093,88.398146,drug_trafficking,high,2025-02-06
HOT-00563,Mumbai,19.159538,72.914818,murder,critical,2025-05-21
HOT-00564,Jaipur,26.970402,75.762092,murder,critical,2025-06-07
HOT-00565,Pune,18.525477,73.87206,cybercrime,medium,2025-05-16
HOT-00566,Delhi,28.655187,77.109817,burglary,medium,2024-05-23
HOT-00567,Bengaluru,13.032119,77.653555,theft,low,2024-02-12
HOT-00568,Delhi,28.693315,77.164625,murder,critical,2024-05-10
HOT-00569,Delhi,28.772138,77.068234,dacoity,high,2024-02-10
HOT-00570,Mumbai,19.121294,72.880509,crime_against_women,high,2024-10-10
HOT-00571,Kolkata,22.53987,88.379351,crime_against_women,high,2025-09-10
HOT-00572,Kolkata,22.614587,88.343446,dacoity,high,2024-06-04
HOT-00573,Mumbai,19.034824,72.863252,dacoity,high,2024-06-24
HOT-00574,Pune,18.540483,73.922928,robbery,high,2024-04-03
HOT-00575,Kolkata,22.582026,88.339894,dacoity,high,2025-02-20
HOT-00576,Chennai,13.086135,80.339192,robbery,high,2024-08-13
HOT-00577,Kolkata,22.601441,88.386972,murder,critical,2025-03-21
HOT-00578,Pune,18.486114,73.868761,burglary,medium,2025-02-22
HOT-00579,Jaipur,26.835715,75.816262,cybercrime,medium,2025-09-21
HOT-00580,Pune,18.604611,73.868969,dacoity,high,2025-05-18
HOT-00581,Pune,18.535397,73.797657,kidnapping,high,2024-01-22
HOT-00582,Jaipur,26.862915,75.784948,cheating_fraud,medium,2025-09-13
HOT-00583,Chennai,13.028284,80.326528,crime_against_women,high,2025-01-21
HOT-00584,Bengaluru,12.979671,77.561504,kidnapping,high,2024-12-27
HOT-00585,Pune,18.50843,73.935006,dacoity,high,2025-01-23
HOT-00586,Jaipur,26.98624,75.768665,crime_against_women,high,2024-09-06
HOT-00587,Delhi,28.618388,77.129018,cybercrime,medium,2025-08-08
HOT-00588,Hyderabad,17.378538,78.49456,cybercrime,medium,2025-04-01
HOT-00589,Pune,18.552856,73.877144,dacoity,high,2024-10-02
HOT-00590,Hyderabad,17.417958,78.466246,robbery,high,2024-06-21
HOT-00591,Chennai,13.12632,80.213467,crime_against_women,high,2025-06-27
HOT-00592,Chennai,13.161549,80.156081,kidnapping,high,2024-02-19
HOT-00593,Chennai,13.176639,80.330293,burglary,medium,2025-09-22
HOT-00594,Mumbai,19.07585,72.938732,murder,critical,2025-04-08
HOT-00595,Bengaluru,12.945117,77.689868,murder,critical,2024-07-09
HOT-00596,Chennai,13.057265,80.286962,burglary,medium,2024-08-25
HOT-00597,Delhi,28.656841,77.05759,rioting,medium,2024-06-29
HOT-00598,Kolkata,22.458649,88.3285,robbery,high,2024-08-29
HOT-00599,Mumbai,19.087698,72.846876,rioting,medium,2024-03-19
HOT-00600,Delhi,28.70976,77.063321,robbery,high,2025-06-30
HOT-00601,Delhi,28.715628,77.040066,kidnapping,high,2024-07-02
HOT-00602,Bengaluru,12.940162,77.587851,theft,low,2024-11-29
HOT-00603,Bengaluru,12.977753,77.534916,theft,low,2025-05-27
HOT-00604,Mumbai,19.052256,72.896404,cheating_fraud,medium,2024-06-08
HOT-00605,Bengaluru,12.975075,77.663031,kidnapping,high,2025-08-10
HOT-00606,Kolkata,22.519045,88.376791,rioting,medium,2024-04-22
HOT-00607,Chennai,13.118508,80.328794,theft,low,2024-03-09
HOT-00608,Pune,18.547433,73.887716,drug_trafficking,high,2025-05-16
HOT-00609,Pune,18.443906,73.831678,drug_trafficking,high,2025-04-22
HOT-00610,Hyderabad,17.399874,78.422776,rioting,medium,2025-02-18
HOT-00611,Kolkata,22.521984,88.356381,drug_trafficking,high,2025-05-26
HOT-00612,Bengaluru,12.983099,77.562557,crime_against_women,high,2025-01-11
HOT-00613,Kolkata,22.653584,88.435783,cybercrime,medium,2025-01-19
HOT-00614,Kolkata,22.542139,88.394892,dacoity,high,2024-01-17
HOT-00615,Chennai,13.017149,80.298804,robbery,high,2025-04-05
HOT-00616,Bengaluru,12.94648,77.560446,dacoity,high,2024-05-25
HOT-00617,Mumbai,19.163708,72.8144,murder,critical,2025-05-13
HOT-00618,Pune,18.465705,73.86844,dacoity,high,2025-04-19
HOT-00619,Bengaluru,12.957585,77.602794,robbery,high,2024-04-13
HOT-00620,Kolkata,22.53995,88.396948,cybercrime,medium,2025-03-19
HOT-00621,Delhi,28.665931,77.07541,drug_trafficking,high,2025-07-18
HOT-00622,Jaipur,27.048959,75.822842,cheating_fraud,medium,2024-03-10
HOT-00623,Hyderabad,17.363892,78.52428,drug_trafficking,high,2024-06-18
HOT-00624,Mumbai,19.10405,72.876306,rioting,medium,2025-07-29
HOT-00625,Kolkata,22.628105,88.38583,extortion,medium,2025-06-17
HOT-00626,Hyderabad,17.435236,78.494379,crime_against_women,high,2025-04-16
HOT-00627,Hyderabad,17.355463,78.458337,theft,low,2025-06-13
HOT-00628,Delhi,28.766808,77.04618,cybercrime,medium,2025-06-10
HOT-00629,Mumbai,19.044376,72.823201,rioting,medium,2025-08-02
HOT-00630,Delhi,28.732947,77.102254,cybercrime,medium,2024-12-04
HOT-00631,Jaipur,26.904142,75.716774,robbery,high,2024-05-25
HOT-00632,Chennai,13.123713,80.297895,cybercrime,medium,2024-08-13
HOT-00633,Mumbai,19.08351,72.879831,robbery,high,2024-07-18
HOT-00634,Pune,18.473261,73.834773,robbery,high,2025-03-13
HOT-00635,Kolkata,22.606925,88.361833,burglary,medium,2024-06-16
HOT-00636,Mumbai,19.070415,72.934833,burglary,medium,2024-08-12
HOT-00637,Jaipur,26.93831,75.772006,extortion,medium,2025-05-20
HOT-00638,Delhi,28.752717,77.129215,kidnapping,high,2025-09-23
HOT-00639,Hyderabad,17.458744,78.385992,murder,critical,2025-08-13
HOT-00640,Hyderabad,17.354878,78.454001,robbery,high,2025-08-26
HOT-00641,Kolkata,22.602607,88.282465,dacoity,high,2024-08-19
HOT-00642,Mumbai,19.039534,72.893788,drug_trafficking,high,2024-11-03
HOT-00643,Jaipur,27.064194,75.761064,theft,low,2025-08-28
HOT-00644,Kolkata,22.584912,88.327321,robbery,high,2025-07-22
HOT-00645,Chennai,13.102364,80.241564,dacoity,high,2025-04-20
HOT-00646,Bengaluru,13.040712,77.559959,drug_trafficking,high,2025-01-06
HOT-00647,Pune,18.517952,73.804628,kidnapping,high,2024-11-02
HOT-00648,Delhi,28.707393,77.172267,extortion,medium,2024-03-08
HOT-00649,Hyderabad,17.400304,78.479038,cybercrime,medium,2025-03-18
HOT-00650,Bengaluru,12.852784,77.665653,kidnapping,high,2025-01-14
HOT-00651,Delhi,28.683522,77.156438,cheating_fraud,medium,2025-02-09
HOT-00652,Chennai,13.002116,80.32523,murder,critical,2024-09-06
HOT-00653,Bengaluru,12.936835,77.652459,crime_against_women,high,2025-01-20
HOT-00654,Delhi,28.720815,77.114751,rioting,medium,2024-01-09
HOT-00655,Bengaluru,12.915216,77.579983,burglary,medium,2024-06-04
HOT-00656,Mumbai,19.107262,72.87811,robbery,high,2024-10-25
HOT-00657,Hyderabad,17.336577,78.385876,rioting,medium,2024-12-31
HOT-00658,Delhi,28.806392,77.129059,kidnapping,high,2024-04-12
HOT-00659,Mumbai,19.096723,72.87722,theft,low,2025-09-21
HOT-00660,Mumbai,19.090176,72.848263,robbery,high,2025-02-04
HOT-00661,Jaipur,26.964738,75.829252,crime_against_women,high,2025-06-22
HOT-00662,Delhi,28.724212,77.066877,burglary,medium,2025-04-18
HOT-00663,Kolkata,22.620139,88.436166,drug_trafficking,high,2024-04-08
HOT-00664,Jaipur,26.852454,75.7399,theft,low,2025-02-06
HOT-00665,Hyderabad,17.345785,78.420383,cheating_fraud,medium,2025-01-02
HOT-00666,Kolkata,22.551419,88.439176,cybercrime,medium,2025-03-04
HOT-00667,Chennai,13.109301,80.177518,extortion,medium,2024-11-30
HOT-00668,Chennai,13.08436,80.299025,robbery,high,2024-02-07
HOT-00669,Delhi,28.799224,77.1393,robbery,high,2024-04-20
HOT-00670,Jaipur,26.968636,75.844326,murder,critical,2024-12-06
HOT-00671,Hyderabad,17.315046,78.448659,cybercrime,medium,2025-02-23
HOT-00672,Delhi,28.771283,77.070821,extortion,medium,2025-07-19
HOT-00673,Kolkata,22.604293,88.350757,cheating_fraud,medium,2024-02-04
HOT-00674,Hyderabad,17.403064,78.513838,burglary,medium,2024-02-20
HOT-00675,Mumbai,19.124875,72.801872,cybercrime,medium,2024-07-10
HOT-00676,Jaipur,26.78547,75.816928,rioting,medium,2024-11-27
HOT-00677,Jaipur,26.942259,75.820282,rioting,medium,2025-03-08
HOT-00678,Hyderabad,17.465558,78.464969,rioting,medium,2024-07-07
HOT-00679,Mumbai,19.096385,72.855765,murder,critical,2025-03-01
HOT-00680,Delhi,28.555373,77.114775,robbery,high,2024-02-13
HOT-00681,Bengaluru,12.975863,77.662516,murder,critical,2024-07-26
HOT-00682,Bengaluru,12.896945,77.636953,extortion,medium,2025-01-04
HOT-00683,Hyderabad,17.39999,78.44077,theft,low,2024-04-17
HOT-00684,Jaipur,26.930228,75.656551,dacoity,high,2024-08-04
HOT-00685,Bengaluru,12.93527,77.658276,rioting,medium,2025-06-01
HOT-00686,Kolkata,22.469603,88.343669,crime_against_women,high,2025-09-19
HOT-00687,Chennai,12.970466,80.31932,theft,low,2025-04-10
HOT-00688,Kolkata,22.491127,88.343639,theft,low,2024-10-18
HOT-00689,Hyderabad,17.451284,78.494193,burglary,medium,2025-04-30
HOT-00690,Pune,18.620357,73.808932,crime_against_women,high,2025-08-08
HOT-00691,Chennai,13.166719,80.226612,dacoity,high,2025-04-05
HOT-00692,Kolkata,22.550026,88.432958,theft,low,2024-08-22
HOT-00693,Kolkata,22.568942,88.366744,dacoity,high,2024-02-11
HOT-00694,Chennai,13.134847,80.254481,cybercrime,medium,2024-01-03
HOT-00695,Pune,18.539405,73.862581,murder,critical,2025-07-02
HOT-00696,Pune,18.620594,73.867025,rioting,medium,2024-11-09
HOT-00697,Mumbai,19.010139,72.879092,drug_trafficking,high,2025-07-19
HOT-00698,Kolkata,22.590823,88.267302,cybercrime,medium,2025-07-28
HOT-00699,Hyderabad,17.417248,78.552252,theft,low,2025-03-15
HOT-00700,Delhi,28.686269,77.135533,cheating_fraud,medium,2024-01-22
HOT-00701,Delhi,28.76109,77.163095,murder,critical,2024-06-22
HOT-00702,Kolkata,22.548152,88.318206,cybercrime,medium,2024-07-27
HOT-00703,Bengaluru,12.916765,77.659684,murder,critical,2024-11-12
HOT-00704,Delhi,28.729905,77.1159,burglary,medium,2024-01-04
HOT-00705,Chennai,13.1612,80.305247,murder,critical,2024-07-02
HOT-00706,Delhi,28.708342,77.057324,drug_trafficking,high,2025-07-01
HOT-00707,Jaipur,26.855246,75.783423,crime_against_women,high,2024-10-11
HOT-00708,Delhi,28.690497,77.119753,robbery,high,2025-02-01
HOT-00709,Chennai,13.046277,80.260042,theft,low,2025-09-27
HOT-00710,Delhi,28.73382,77.101028,kidnapping,high,2024-06-13
HOT-00711,Chennai,12.969998,80.285881,extortion,medium,2024-12-25
HOT-00712,Mumbai,19.049346,72.919594,cybercrime,medium,2024-04-16
HOT-00713,Pune,18.528008,73.888269,extortion,medium,2025-05-10
HOT-00714,Delhi,28.78579,77.090159,extortion,medium,2025-05-21
HOT-00715,Jaipur,26.857931,75.833954,dacoity,high,2024-02-12
HOT-00716,Mumbai,19.07187,72.878959,kidnapping,high,2024-01-18
HOT-00717,Hyderabad,17.354204,78.445024,theft,low,2024-11-18
HOT-00718,Jaipur,26.995151,75.836397,crime_against_women,high,2025-06-17
HOT-00719,Delhi,28.656844,77.071295,drug_trafficking,high,2025-07-18
HOT-00720,Hyderabad,17.451611,78.549058,extortion,medium,2024-11-20
HOT-00721,Chennai,13.047379,80.356647,murder,critical,2024-02-09
HOT-00722,Delhi,28.743858,77.116789,robbery,high,2024-09-21
HOT-00723,Pune,18.560985,73.856517,cybercrime,medium,2024-03-17
HOT-00724,Hyderabad,17.423244,78.50622,murder,critical,2025-02-20
HOT-00725,Mumbai,19.116417,72.884401,robbery,high,2024-04-05
HOT-00726,Bengaluru,13.033342,77.566212,burglary,medium,2025-01-06
HOT-00727,Delhi,28.736472,77.124547,kidnapping,high,2024-11-21
HOT-00728,Delhi,28.718292,77.133994,burglary,medium,2024-08-25
HOT-00729,Mumbai,19.060087,72.972335,drug_trafficking,high,2025-07-08
HOT-00730,Delhi,28.727906,77.044071,crime_against_women,high,2025-07-13
HOT-00731,Kolkata,22.63351,88.32324,burglary,medium,2025-02-17
HOT-00732,Mumbai,19.037117,72.972596,burglary,medium,2024-12-07
HOT-00733,Kolkata,22.571083,88.336812,burglary,medium,2025-08-25
HOT-00734,Mumbai,19.120577,72.913105,cheating_fraud,medium,2025-01-04
HOT-00735,Pune,18.482581,73.84649,crime_against_women,high,2025-07-28
HOT-00736,Chennai,13.10912,80.285662,extortion,medium,2025-08-05
HOT-00737,Delhi,28.697826,77.095748,dacoity,high,2024-05-09
HOT-00738,Bengaluru,12.96452,77.501947,extortion,medium,2025-06-05
HOT-00739,Chennai,13.087837,80.270365,drug_trafficking,high,2024-10-06
HOT-00740,Chennai,13.045882,80.272401,cybercrime,medium,2024-08-04
HOT-00741,Pune,18.54206,73.913992,kidnapping,high,2024-05-19
HOT-00742,Pune,18.57119,73.848237,crime_against_women,high,2024-10-21
HOT-00743,Kolkata,22.5732,88.462359,burglary,medium,2025-03-06
HOT-00744,Kolkata,22.537619,88.316795,burglary,medium,2025-02-19
HOT-00745,Chennai,13.081152,80.194055,crime_against_women,high,2024-07-07
HOT-00746,Delhi,28.741118,77.094755,rioting,medium,2024-02-11
HOT-00747,Chennai,13.165339,80.269737,rioting,medium,2024-03-14
HOT-00748,Pune,18.543932,73.882712,burglary,medium,2025-08-11
HOT-00749,Mumbai,19.03004,72.812867,rioting,medium,2024-01-15
HOT-00750,Pune,18.547001,73.877862,robbery,high,2024-05-30
HOT-00751,Delhi,28.734209,77.06995,cybercrime,medium,2025-01-22
HOT-00752,Kolkata,22.541151,88.375578,extortion,medium,2024-05-29
HOT-00753,Chennai,13.057939,80.291392,extortion,medium,2024-09-05
HOT-00754,Jaipur,26.872493,75.790084,theft,low,2024-09-15
HOT-00755,Mumbai,19.049159,72.889659,theft,low,2025-04-14
HOT-00756,Kolkata,22.579517,88.387077,murder,critical,2024-05-24
HOT-00757,Kolkata,22.562944,88.415705,theft,low,2025-04-29
HOT-00758,Delhi,28.664528,77.078596,extortion,medium,2024-08-17
HOT-00759,Jaipur,26.942703,75.88244,cheating_fraud,medium,2025-02-03
HOT-00760,Kolkata,22.591428,88.393757,robbery,high,2024-01-18
HOT-00761,Chennai,13.052558,80.231729,drug_trafficking,high,2025-06-05
HOT-00762,Bengaluru,13.033235,77.645474,drug_trafficking,high,2024-09-17
HOT-00763,Delhi,28.694089,77.175087,murder,critical,2025-02-17
HOT-00764,Mumbai,19.191807,72.926068,burglary,medium,2024-09-04
HOT-00765,Kolkata,22.572107,88.40132,extortion,medium,2025-07-23
HOT-00766,Bengaluru,12.875787,77.495704,theft,low,2024-06-01
HOT-00767,Mumbai,19.040262,72.945323,drug_trafficking,high,2025-03-05
HOT-00768,Hyderabad,17.417782,78.487001,burglary,medium,2024-11-09
HOT-00769,Pune,18.519737,73.947049,crime_against_women,high,2024-07-23
HOT-00770,Pune,18.459012,73.745307,crime_against_women,high,2025-07-31
HOT-00771,Hyderabad,17.431509,78.518775,dacoity,high,2024-09-07
HOT-00772,Hyderabad,17.428399,78.499546,cheating_fraud,medium,2024-09-03
HOT-00773,Hyderabad,17.331966,78.488984,drug_trafficking,high,2024-01-17
HOT-00774,Delhi,28.788879,77.166732,dacoity,high,2025-02-24
HOT-00775,Mumbai,19.090397,72.927207,rioting,medium,2024-03-15
HOT-00776,Delhi,28.646726,76.978639,cheating_fraud,medium,2024-05-18
HOT-00777,Chennai,13.080061,80.235692,burglary,medium,2024-02-07
HOT-00778,Kolkata,22.63896,88.368786,burglary,medium,2024-10-14
HOT-00779,Jaipur,26.929741,75.773515,dacoity,high,2025-09-18
HOT-00780,Delhi,28.73569,77.123539,crime_against_women,high,2025-07-03
HOT-00781,Chennai,13.156194,80.291637,drug_trafficking,high,2024-06-20
HOT-00782,Mumbai,19.127867,72.851775,dacoity,high,2025-02-25
HOT-00783,Hyderabad,17.432861,78.521516,dacoity,high,2025-08-12
HOT-00784,Kolkata,22.6498,88.363945,kidnapping,high,2025-04-08
HOT-00785,Bengaluru,12.993927,77.59841,extortion,medium,2025-08-08
HOT-00786,Mumbai,19.059762,72.849316,robbery,high,2024-08-27
HOT-00787,Mumbai,19.072365,72.844887,dacoity,high,2024-07-21
HOT-00788,Bengaluru,12.966639,77.611675,cheating_fraud,medium,2024-08-19
HOT-00789,Bengaluru,13.050458,77.61041,rioting,medium,2024-07-28
HOT-00790,Hyderabad,17.313152,78.412902,murder,critical,2025-03-18
HOT-00791,Bengaluru,12.935591,77.507017,robbery,high,2025-04-30
HOT-00792,Pune,18.568783,73.859019,drug_trafficking,high,2024-06-28
HOT-00793,Pune,18.586409,73.910284,dacoity,high,2024-03-15
HOT-00794,Bengaluru,12.92563,77.621766,rioting,medium,2024-06-19
HOT-00795,Kolkata,22.554718,88.286866,extortion,medium,2025-06-27
HOT-00796,Hyderabad,17.407118,78.467541,crime_against_women,high,2025-06-29
HOT-00797,Chennai,13.133075,80.255589,crime_against_women,high,2025-03-31
HOT-00798,Kolkata,22.5452,88.426429,rioting,medium,2024-01-21
HOT-00799,Chennai,13.04243,80.297766,drug_trafficking,high,2025-04-21
HOT-00800,Delhi,28.721574,77.084965,rioting,medium,2024-05-09
HOT-00801,Mumbai,19.085855,72.954689,burglary,medium,2025-07-27
HOT-00802,Jaipur,26.855289,75.831826,rioting,medium,2024-05-18
HOT-00803,Mumbai,19.01417,72.870695,dacoity,high,2024-05-09
HOT-00804,Chennai,13.132606,80.238142,crime_against_women,high,2025-07-10
HOT-00805,Delhi,28.707486,77.165796,kidnapping,high,2025-06-21
HOT-00806,Delhi,28.701376,77.147338,robbery,high,2024-07-01
HOT-00807,Mumbai,18.98844,72.920445,dacoity,high,2024-05-23
HOT-00808,Chennai,13.075856,80.250174,robbery,high,2025-10-01
HOT-00809,Jaipur,26.984371,75.821963,drug_trafficking,high,2024-03-23
HOT-00810,Hyderabad,17.311652,78.505091,kidnapping,high,2024-01-31
HOT-00811,Mumbai,19.08445,72.791096,extortion,medium,2024-01-25
HOT-00812,Mumbai,19.101969,72.892759,rioting,medium,2025-08-22
HOT-00813,Delhi,28.732317,77.118626,burglary,medium,2025-03-25
HOT-00814,Hyderabad,17.451071,78.511546,crime_against_women,high,2024-01-27
HOT-00815,Bengaluru,13.014798,77.591447,extortion,medium,2024-04-27
HOT-00816,Kolkata,22.573218,88.325034,burglary,medium,2025-07-12
HOT-00817,Bengaluru,12.918667,77.555964,cheating_fraud,medium,2024-10-21
HOT-00818,Jaipur,26.827764,75.775405,robbery,high,2024-06-28
HOT-00819,Kolkata,22.484495,88.363116,kidnapping,high,2025-01-23
HOT-00820,Jaipur,26.964093,75.800705,theft,low,2024-02-15
HOT-00821,Mumbai,19.114907,72.878383,dacoity,high,2025-01-21
HOT-00822,Hyderabad,17.37092,78.470388,rioting,medium,2025-06-12
HOT-00823,Kolkata,22.522539,88.354339,crime_against_women,high,2024-05-05
HOT-00824,Chennai,13.006347,80.317178,drug_trafficking,high,2024-08-21
HOT-00825,Hyderabad,17.374182,78.498283,murder,critical,2024-06-23
HOT-00826,Pune,18.512294,73.79381,theft,low,2025-10-02
HOT-00827,Jaipur,26.944661,75.798467,cybercrime,medium,2025-09-08
HOT-00828,Jaipur,26.847629,75.727921,theft,low,2025-10-01
HOT-00829,Bengaluru,12.984053,77.607173,theft,low,2024-05-05
HOT-00830,Pune,18.519315,73.918009,drug_trafficking,high,2025-06-25
HOT-00831,Mumbai,19.070077,72.958773,extortion,medium,2024-06-30
HOT-00832,Jaipur,26.796816,75.788428,drug_trafficking,high,2024-07-17
HOT-00833,Pune,18.513998,73.825103,extortion,medium,2024-03-06
HOT-00834,Pune,18.517163,73.885523,burglary,medium,2024-05-24
HOT-00835,Pune,18.489749,73.82825,robbery,high,2025-06-18
HOT-00836,Kolkata,22.548027,88.38001,dacoity,high,2025-03-05
HOT-00837,Bengaluru,12.917229,77.653785,drug_trafficking,high,2025-03-17
HOT-00838,Chennai,13.183688,80.348117,murder,critical,2024-03-25
HOT-00839,Jaipur,26.977447,75.720969,murder,critical,2025-02-03
HOT-00840,Bengaluru,12.920685,77.660516,murder,critical,2024-02-13
HOT-00841,Bengaluru,12.94199,77.615194,extortion,medium,2025-01-12
HOT-00842,Hyderabad,17.354023,78.478023,dacoity,high,2024-01-24
HOT-00843,Delhi,28.661986,77.11058,murder,critical,2024-10-24
HOT-00844,Mumbai,19.08718,72.797474,kidnapping,high,2024-09-04
HOT-00845,Bengaluru,12.991027,77.559479,rioting,medium,2024-05-17
HOT-00846,Jaipur,26.852879,75.738,extortion,medium,2024-12-14
HOT-00847,Mumbai,19.05838,72.946874,murder,critical,2024-09-01
HOT-00848,Chennai,13.112327,80.25355,kidnapping,high,2024-07-17
HOT-00849,Kolkata,22.484074,88.30994,burglary,medium,2025-02-08
HOT-00850,Chennai,13.114281,80.185843,burglary,medium,2024-04-06
HOT-00851,Jaipur,26.833561,75.774197,burglary,medium,2025-07-11
HOT-00852,Mumbai,19.049897,72.857067,crime_against_women,high,2024-04-03
HOT-00853,Chennai,13.055832,80.271953,extortion,medium,2024-11-26
HOT-00854,Chennai,13.132244,80.283159,theft,low,2024-03-19
HOT-00855,Delhi,28.763988,77.068654,drug_trafficking,high,2025-05-23
HOT-00856,Hyderabad,17.407346,78.485494,drug_trafficking,high,2025-02-20
HOT-00857,Mumbai,19.107894,72.879842,theft,low,2024-01-31
HOT-00858,Delhi,28.677858,77.147135,drug_trafficking,high,2024-05-10
HOT-00859,Mumbai,19.077716,72.926336,cheating_fraud,medium,2025-05-24
HOT-00860,Kolkata,22.560509,88.271634,crime_against_women,high,2024-05-02
HOT-00861,Pune,18.609973,73.804989,extortion,medium,2024-08-06
HOT-00862,Pune,18.460593,73.922092,robbery,high,2024-02-29
HOT-00863,Delhi,28.696903,77.120275,burglary,medium,2025-06-22
HOT-00864,Kolkata,22.604822,88.390168,dacoity,high,2025-02-10
HOT-00865,Jaipur,26.906026,75.796945,robbery,high,2025-02-21
HOT-00866,Chennai,13.121029,80.341047,dacoity,high,2025-09-13
HOT-00867,Bengaluru,13.020642,77.619009,kidnapping,high,2024-12-11
HOT-00868,Pune,18.554402,73.874497,theft,low,2024-10-28
HOT-00869,Bengaluru,12.920854,77.588293,rioting,medium,2024-02-13
HOT-00870,Hyderabad,17.325805,78.423283,kidnapping,high,2024-08-31
HOT-00871,Jaipur,26.961032,75.76647,rioting,medium,2024-02-17
HOT-00872,Delhi,28.723628,77.120049,theft,low,2024-02-13
HOT-00873,Chennai,13.094622,80.258752,dacoity,high,2025-01-04
HOT-00874,Pune,18.465636,73.89764,theft,low,2025-01-30
HOT-00875,Bengaluru,12.963876,77.576778,rioting,medium,2024-08-05
HOT-00876,Delhi,28.785788,77.077531,murder,critical,2024-12-14
HOT-00877,Hyderabad,17.435189,78.503726,drug_trafficking,high,2024-07-06
HOT-00878,Pune,18.46857,73.831494,cheating_fraud,medium,2025-03-10
HOT-00879,Bengaluru,12.867576,77.495455,murder,critical,2024-10-24
HOT-00880,Mumbai,19.107784,72.906017,drug_trafficking,high,2024-01-06
HOT-00881,Jaipur,26.92105,75.742327,dacoity,high,2025-05-03
HOT-00882,Bengaluru,12.94276,77.613555,extortion,medium,2025-01-18
HOT-00883,Delhi,28.774117,77.126915,cheating_fraud,medium,2024-01-19
HOT-00884,Mumbai,18.918224,72.870359,crime_against_women,high,2024-03-07
HOT-00885,Kolkata,22.565543,88.394776,theft,low,2025-04-08
HOT-00886,Kolkata,22.546503,88.348928,crime_against_women,high,2025-08-09
HOT-00887,Pune,18.5272,73.791852,cybercrime,medium,2024-10-30
HOT-00888,Jaipur,26.96378,75.819751,robbery,high,2025-07-02
HOT-00889,Hyderabad,17.322488,78.452701,crime_against_women,high,2024-09-11
HOT-00890,Bengaluru,12.960327,77.614998,theft,low,2025-05-27
HOT-00891,Kolkata,22.492267,88.326417,dacoity,high,2024-06-28
HOT-00892,Chennai,13.15698,80.330867,dacoity,high,2024-10-28
HOT-00893,Bengaluru,12.980309,77.542316,crime_against_women,high,2025-07-27
HOT-00894,Mumbai,19.011095,72.920148,drug_trafficking,high,2025-04-29
HOT-00895,Bengaluru,12.951542,77.609563,cybercrime,medium,2024-02-01
HOT-00896,Jaipur,26.928444,75.818264,drug_trafficking,high,2024-08-21
HOT-00897,Chennai,13.048921,80.336202,kidnapping,high,2024-09-06
HOT-00898,Bengaluru,12.936287,77.541018,theft,low,2024-10-18
HOT-00899,Mumbai,19.17734,72.801364,extortion,medium,2024-04-30
HOT-00900,Bengaluru,13.024416,77.557356,cybercrime,medium,2024-12-15
HOT-00901,Mumbai,18.9834,72.848093,robbery,high,2025-02-19
HOT-00902,Hyderabad,17.357938,78.47893,extortion,medium,2024-09-29
HOT-00903,Delhi,28.714387,77.0545,cybercrime,medium,2024-12-18
HOT-00904,Pune,18.442985,73.773895,dacoity,high,2024-01-16
HOT-00905,Jaipur,26.920604,75.766091,extortion,medium,2024-05-29
HOT-00906,Chennai,13.097967,80.230091,kidnapping,high,2024-05-03
HOT-00907,Kolkata,22.620539,88.291722,cybercrime,medium,2025-07-08
HOT-00908,Bengaluru,12.976864,77.683636,murder,critical,2025-06-05
HOT-00909,Kolkata,22.562492,88.353659,theft,low,2024-06-17
HOT-00910,Jaipur,26.912432,75.785088,extortion,medium,2025-06-10
HOT-00911,Pune,18.432327,73.792379,cybercrime,medium,2024-03-05
HOT-00912,Mumbai,19.179635,72.971152,cybercrime,medium,2025-05-30
HOT-00913,Chennai,13.148874,80.304447,crime_against_women,high,2024-12-08
HOT-00914,Mumbai,19.093677,72.883189,drug_trafficking,high,2024-02-27
HOT-00915,Kolkata,22.634352,88.397901,burglary,medium,2024-11-25
HOT-00916,Mumbai,18.993521,72.902713,extortion,medium,2025-06-18
HOT-00917,Chennai,13.167344,80.182627,extortion,medium,2025-02-25
HOT-00918,Bengaluru,13.017155,77.609497,extortion,medium,2024-10-13
HOT-00919,Kolkata,22.630743,88.370067,cheating_fraud,medium,2025-09-05
HOT-00920,Kolkata,22.55921,88.374873,cheating_fraud,medium,2024-05-23
HOT-00921,Pune,18.524591,73.805372,robbery,high,2025-09-02
HOT-00922,Bengaluru,12.935962,77.64736,burglary,medium,2025-05-18
HOT-00923,Jaipur,27.012596,75.734514,robbery,high,2025-08-01
HOT-00924,Delhi,28.708785,77.063672,cybercrime,medium,2025-06-20
HOT-00925,Kolkata,22.602667,88.377398,dacoity,high,2025-04-09
HOT-00926,Chennai,13.105297,80.284879,kidnapping,high,2025-01-01
HOT-00927,Bengaluru,13.004229,77.700945,cybercrime,medium,2024-04-21
HOT-00928,Jaipur,26.89289,75.781674,theft,low,2024-07-28
HOT-00929,Bengaluru,12.962761,77.576403,robbery,high,2024-01-01
HOT-00930,Pune,18.583698,73.910844,dacoity,high,2025-06-09
HOT-00931,Hyderabad,17.424417,78.52994,crime_against_women,high,2024-12-19
HOT-00932,Pune,18.545786,73.880921,burglary,medium,2025-07-12
HOT-00933,Kolkata,22.549075,88.426636,rioting,medium,2024-06-21
HOT-00934,Hyderabad,17.480431,78.516246,murder,critical,2025-06-06
HOT-00935,Mumbai,19.097963,72.873949,murder,critical,2024-10-18
HOT-00936,Mumbai,19.078867,72.911437,murder,critical,2024-04-14
HOT-00937,Pune,18.496875,73.861127,robbery,high,2025-04-19
HOT-00938,Jaipur,26.897224,75.760781,robbery,high,2024-03-17
HOT-00939,Mumbai,19.111933,72.816023,cheating_fraud,medium,2025-08-26
HOT-00940,Bengaluru,12.997834,77.614255,drug_trafficking,high,2025-03-05
HOT-00941,Bengaluru,12.93066,77.574537,cheating_fraud,medium,2025-09-13
HOT-00942,Jaipur,26.917732,75.839715,dacoity,high,2025-07-06
HOT-00943,Chennai,13.152041,80.202776,robbery,high,2025-07-10
HOT-00944,Hyderabad,17.346865,78.511434,crime_against_women,high,2025-04-05
HOT-00945,Mumbai,18.998188,72.88121,drug_trafficking,high,2025-03-14
HOT-00946,Pune,18.452448,73.710521,cheating_fraud,medium,2025-05-04
HOT-00947,Mumbai,18.979408,72.945441,dacoity,high,2025-02-18
HOT-00948,Bengaluru,12.977231,77.587802,theft,low,2025-01-20
HOT-00949,Bengaluru,13.054286,77.643048,robbery,high,2024-08-17
HOT-00950,Hyderabad,17.371157,78.51269,cybercrime,medium,2025-01-09
HOT-00951,Mumbai,19.086617,72.816382,cheating_fraud,medium,2024-04-17
HOT-00952,Kolkata,22.549001,88.379952,burglary,medium,2025-06-19
HOT-00953,Bengaluru,13.02994,77.623296,kidnapping,high,2025-08-04
HOT-00954,Pune,18.602661,73.840427,theft,low,2025-07-24
HOT-00955,Kolkata,22.579081,88.43348,drug_trafficking,high,2024-10-22
HOT-00956,Mumbai,19.100922,72.870133,theft,low,2024-12-04
HOT-00957,Mumbai,19.149164,72.854637,dacoity,high,2025-07-09
HOT-00958,Pune,18.587092,73.846141,rioting,medium,2024-09-13
HOT-00959,Kolkata,22.547523,88.330118,crime_against_women,high,2024-12-11
HOT-00960,Delhi,28.679536,77.069882,cheating_fraud,medium,2025-07-12
HOT-00961,Jaipur,26.993484,75.767796,theft,low,2025-03-27
HOT-00962,Delhi,28.68455,77.12708,drug_trafficking,high,2025-02-15
HOT-00963,Jaipur,26.886888,75.808272,extortion,medium,2024-07-10
HOT-00964,Mumbai,19.126179,72.855574,cybercrime,medium,2024-03-20
HOT-00965,Delhi,28.689999,77.030044,cheating_fraud,medium,2025-05-21
HOT-00966,Jaipur,26.891086,75.806216,crime_against_women,high,2025-08-11
HOT-00967,Pune,18.440836,73.853796,robbery,high,2024-05-12
HOT-00968,Hyderabad,17.352128,78.48336,rioting,medium,2024-02-09
HOT-00969,Hyderabad,17.384246,78.485055,extortion,medium,2024-07-09
HOT-00970,Chennai,13.030384,80.327344,theft,low,2025-01-04
HOT-00971,Pune,18.469448,73.903984,extortion,medium,2025-04-12
HOT-00972,Mumbai,19.101343,72.882639,murder,critical,2025-07-08
HOT-00973,Bengaluru,12.979723,77.549527,kidnapping,high,2024-10-01
HOT-00974,Kolkata,22.597637,88.419402,cheating_fraud,medium,2025-08-30
HOT-00975,Pune,18.5359,73.900711,crime_against_women,high,2024-10-28
HOT-00976,Bengaluru,12.925835,77.540466,robbery,high,2025-06-29
HOT-00977,Kolkata,22.595754,88.272616,dacoity,high,2024-07-18
HOT-00978,Delhi,28.688012,77.127785,burglary,medium,2024-12-01
HOT-00979,Bengaluru,12.92717,77.585242,cheating_fraud,medium,2024-07-01
HOT-00980,Hyderabad,17.284116,78.571149,robbery,high,2025-02-17
HOT-00981,Chennai,13.106697,80.244604,drug_trafficking,high,2025-09-14
HOT-00982,Hyderabad,17.464457,78.546141,drug_trafficking,high,2024-04-18
HOT-00983,Pune,18.512636,73.865048,extortion,medium,2025-05-16
HOT-00984,Kolkata,22.690228,88.330732,drug_trafficking,high,2024-11-28
HOT-00985,Mumbai,19.011253,72.824216,extortion,medium,2024-10-21
HOT-00986,Kolkata,22.577901,88.396323,extortion,medium,2025-09-30
HOT-00987,Delhi,28.780267,77.028921,crime_against_women,high,2024-03-17
HOT-00988,Delhi,28.762038,77.067683,robbery,high,2024-02-18
HOT-00989,Chennai,13.005321,80.260162,crime_against_women,high,2024-08-29
HOT-00990,Kolkata,22.578318,88.34348,kidnapping,high,2024-08-03
HOT-00991,Pune,18.504702,73.89818,cheating_fraud,medium,2024-04-20
HOT-00992,Hyderabad,17.400749,78.457,dacoity,high,2024-06-26
HOT-00993,Hyderabad,17.359582,78.463017,cybercrime,medium,2025-05-02
HOT-00994,Delhi,28.708021,77.155059,kidnapping,high,2024-02-16
HOT-00995,Mumbai,19.114054,72.867878,robbery,high,2024-04-21
HOT-00996,Kolkata,22.656995,88.336705,theft,low,2024-12-28
HOT-00997,Bengaluru,12.905,77.61321,burglary,medium,2025-08-28
HOT-00998,Jaipur,26.849267,75.76162,robbery,high,2025-05-04
HOT-00999,Mumbai,19.07242,72.903819,drug_trafficking,high,2025-06-23
HOT-01000,Hyderabad,17.299134,78.547295,kidnapping,high,2025-07-24
HOT-01001,Pune,18.412579,73.919479,crime_against_women,high,2025-06-02
HOT-01002,Pune,18.534754,73.803964,cheating_fraud,medium,2024-10-13
HOT-01003,Kolkata,22.590324,88.343172,rioting,medium,2024-12-11
HOT-01004,Hyderabad,17.490156,78.475528,murder,critical,2025-07-08
HOT-01005,Hyderabad,17.379382,78.434652,kidnapping,high,2024-11-20
HOT-01006,Kolkata,22.584115,88.387509,crime_against_women,high,2024-05-01
HOT-01007,Delhi,28.724303,77.053655,kidnapping,high,2024-01-27
HOT-01008,Bengaluru,12.976707,77.592297,theft,low,2024-02-13
HOT-01009,Bengaluru,12.986983,77.548846,dacoity,high,2025-08-23
HOT-01010,Chennai,13.115654,80.286908,extortion,medium,2024-04-28
HOT-01011,Hyderabad,17.397834,78.472769,theft,low,2024-11-27
HOT-01012,Hyderabad,17.324721,78.494111,extortion,medium,2025-03-11
HOT-01013,Bengaluru,12.954666,77.557411,murder,critical,2025-06-16
HOT-01014,Pune,18.467991,73.902424,rioting,medium,2025-05-17
HOT-01015,Bengaluru,12.874148,77.594854,dacoity,high,2025-03-09
HOT-01016,Jaipur,26.983368,75.734964,rioting,medium,2024-10-26
HOT-01017,Pune,18.52373,73.861265,kidnapping,high,2025-06-11
HOT-01018,Bengaluru,13.007612,77.574578,burglary,medium,2025-06-22
HOT-01019,Chennai,13.093205,80.241741,drug_trafficking,high,2024-04-18
HOT-01020,Bengaluru,12.978191,77.611377,dacoity,high,2025-09-13
HOT-01021,Bengaluru,13.023651,77.544892,extortion,medium,2024-11-08
HOT-01022,Delhi,28.780412,77.132152,burglary,medium,2025-06-16
HOT-01023,Chennai,13.032722,80.300101,dacoity,high,2025-07-20
HOT-01024,Jaipur,26.87774,75.838296,cheating_fraud,medium,2025-02-17
HOT-01025,Delhi,28.688243,77.075626,robbery,high,2024-12-24
HOT-01026,Jaipur,26.874544,75.795946,kidnapping,high,2025-07-29
HOT-01027,Kolkata,22.524052,88.368848,crime_against_women,high,2024-02-03
HOT-01028,Hyderabad,17.398602,78.503666,extortion,medium,2025-04-09
HOT-01029,Pune,18.571708,73.819251,rioting,medium,2024-04-14
HOT-01030,Pune,18.615658,73.889713,rioting,medium,2025-03-26
HOT-01031,Delhi,28.685123,77.077902,cheating_fraud,medium,2024-08-08
HOT-01032,Chennai,13.008293,80.298603,dacoity,high,2025-08-01
HOT-01033,Bengaluru,13.081525,77.563927,kidnapping,high,2024-07-05
HOT-01034,Bengaluru,13.041515,77.697744,crime_against_women,high,2024-08-07
HOT-01035,Pune,18.612115,73.772249,rioting,medium,2025-03-13
HOT-01036,Hyderabad,17.348496,78.43132,extortion,medium,2024-11-06
HOT-01037,Chennai,13.05637,80.261567,robbery,high,2024-11-28
HOT-01038,Hyderabad,17.373983,78.450914,crime_against_women,high,2025-07-07
HOT-01039,Chennai,13.032109,80.377856,murder,critical,2025-03-03
HOT-01040,Delhi,28.632347,77.10742,rioting,medium,2025-05-19
HOT-01041,Chennai,13.109059,80.31315,dacoity,high,2024-01-21
HOT-01042,Hyderabad,17.382348,78.524876,cheating_fraud,medium,2025-09-17
HOT-01043,Delhi,28.727124,77.151798,crime_against_women,high,2025-03-25
HOT-01044,Mumbai,19.08797,72.90624,burglary,medium,2024-06-14
HOT-01045,Mumbai,19.03984,72.942402,crime_against_women,high,2025-04-24
HOT-01046,Jaipur,26.90563,75.753246,rioting,medium,2024-11-30
HOT-01047,Bengaluru,12.915505,77.563955,drug_trafficking,high,2024-09-05
HOT-01048,Bengaluru,13.025712,77.668336,burglary,medium,2024-05-17
HOT-01049,Hyderabad,17.314419,78.53995,theft,low,2025-07-15
HOT-01050,Chennai,13.13076,80.362537,murder,critical,2025-07-21
HOT-01051,Jaipur,26.819485,75.713739,cheating_fraud,medium,2025-06-15
HOT-01052,Jaipur,26.892309,75.815205,rioting,medium,2025-01-16
HOT-01053,Hyderabad,17.413427,78.552004,cybercrime,medium,2024-03-03
HOT-01054,Mumbai,19.087992,72.916245,murder,critical,2024-08-29
HOT-01055,Pune,18.464318,73.784016,crime_against_women,high,2024-11-24
HOT-01056,Delhi,28.659382,77.113917,robbery,high,2024-08-03
HOT-01057,Delhi,28.732233,77.106565,crime_against_women,high,2024-06-20
HOT-01058,Hyderabad,17.37367,78.467811,dacoity,high,2025-05-04
HOT-01059,Kolkata,22.526277,88.296872,dacoity,high,2024-02-28
HOT-01060,Chennai,13.138406,80.236155,cheating_fraud,medium,2024-03-25
HOT-01061,Chennai,13.059928,80.216425,crime_against_women,high,2024-04-27
HOT-01062,Bengaluru,12.914879,77.63701,rioting,medium,2024-06-04
HOT-01063,Delhi,28.710753,77.126666,extortion,medium,2025-04-16
HOT-01064,Pune,18.448554,73.872025,theft,low,2024-04-27
HOT-01065,Delhi,28.740741,77.135188,burglary,medium,2024-05-12
HOT-01066,Bengaluru,13.038537,77.612619,theft,low,2025-04-02
HOT-01067,Bengaluru,12.959171,77.52204,drug_trafficking,high,2025-03-24
HOT-01068,Chennai,13.105134,80.336836,rioting,medium,2024-08-07
HOT-01069,Mumbai,19.067154,72.909172,cybercrime,medium,2024-12-11
HOT-01070,Chennai,13.011109,80.254154,cheating_fraud,medium,2024-11-04
HOT-01071,Delhi,28.755794,77.173305,robbery,high,2024-04-12
HOT-01072,Delhi,28.685133,77.188753,extortion,medium,2025-02-08
HOT-01073,Bengaluru,13.059033,77.547904,crime_against_women,high,2024-11-30
HOT-01074,Bengaluru,12.995732,77.627871,robbery,high,2024-01-18
HOT-01075,Chennai,13.06811,80.225187,kidnapping,high,2025-01-24
HOT-01076,Delhi,28.734361,77.026717,theft,low,2024-08-07
HOT-01077,Hyderabad,17.438345,78.542237,cheating_fraud,medium,2024-01-18
HOT-01078,Delhi,28.711381,77.157,robbery,high,2024-10-09
HOT-01079,Chennai,13.040837,80.292409,kidnapping,high,2025-07-06
HOT-01080,Hyderabad,17.32057,78.54182,robbery,high,2024-08-05
HOT-01081,Mumbai,19.07484,72.897402,rioting,medium,2024-06-08
HOT-01082,Mumbai,19.112312,72.922072,theft,low,2025-03-08
HOT-01083,Delhi,28.684893,77.125183,dacoity,high,2025-07-24
HOT-01084,Jaipur,26.907134,75.816998,crime_against_women,high,2024-03-03
HOT-01085,Jaipur,26.887321,75.660843,cybercrime,medium,2025-03-12
HOT-01086,Mumbai,19.053516,72.891509,murder,critical,2025-06-27
HOT-01087,Delhi,28.682769,77.135022,robbery,high,2024-01-08
HOT-01088,Chennai,13.052417,80.175047,theft,low,2024-09-12
HOT-01089,Mumbai,19.125019,72.926531,cybercrime,medium,2025-05-23
HOT-01090,Jaipur,26.840727,75.865015,murder,critical,2025-09-29
HOT-01091,Delhi,28.658115,77.150924,kidnapping,high,2025-01-15
HOT-01092,Kolkata,22.545171,88.377839,dacoity,high,2024-09-14
HOT-01093,Jaipur,26.927162,75.764541,murder,critical,2025-04-17
HOT-01094,Pune,18.535419,73.856958,theft,low,2024-05-01
HOT-01095,Delhi,28.715378,77.1053,rioting,medium,2025-02-26
HOT-01096,Chennai,13.123425,80.300436,burglary,medium,2025-05-15
HOT-01097,Bengaluru,12.958501,77.601398,theft,low,2025-06-13
HOT-01098,Delhi,28.732529,77.033666,cheating_fraud,medium,2024-04-19
HOT-01099,Bengaluru,12.887517,77.539181,burglary,medium,2024-12-16
HOT-01100,Mumbai,19.043887,72.885206,theft,low,2025-02-22
HOT-01101,Jaipur,26.92576,75.797222,rioting,medium,2024-08-22
HOT-01102,Hyderabad,17.398727,78.494214,murder,critical,2025-01-04
HOT-01103,Kolkata,22.539287,88.365569,cybercrime,medium,2024-06-28
HOT-01104,Delhi,28.700911,77.09176,crime_against_women,high,2025-03-21
HOT-01105,Bengaluru,12.913923,77.675115,extortion,medium,2024-12-29
HOT-01106,Jaipur,26.865065,75.811079,murder,critical,2025-05-23
HOT-01107,Mumbai,19.094076,72.939283,kidnapping,high,2024-07-22
HOT-01108,Chennai,13.059866,80.252532,cheating_fraud,medium,2024-09-17
HOT-01109,Pune,18.561605,73.822453,robbery,high,2024-03-21
HOT-01110,Hyderabad,17.332543,78.455612,robbery,high,2025-05-01
HOT-01111,Mumbai,19.212871,72.905672,cybercrime,medium,2025-02-28
HOT-01112,Pune,18.625098,73.932936,extortion,medium,2025-08-26
HOT-01113,Mumbai,19.07885,72.788716,theft,low,2025-04-02
HOT-01114,Jaipur,26.8995,75.764998,murder,critical,2024-02-08
HOT-01115,Mumbai,19.07576,72.838665,dacoity,high,2025-07-10
HOT-01116,Delhi,28.73169,77.044388,rioting,medium,2024-10-03
HOT-01117,Mumbai,19.046503,72.945808,rioting,medium,2024-03-08
HOT-01118,Hyderabad,17.388158,78.472343,crime_against_women,high,2025-09-15
HOT-01119,Mumbai,19.090938,72.838415,crime_against_women,high,2025-05-23
HOT-01120,Pune,18.533157,73.796669,cheating_fraud,medium,2024-08-17
HOT-01121,Delhi,28.725274,77.165852,extortion,medium,2024-05-03
HOT-01122,Pune,18.473314,73.899696,murder,critical,2024-04-14
HOT-01123,Pune,18.624892,73.788602,robbery,high,2024-08-09
HOT-01124,Jaipur,26.908778,75.802748,cheating_fraud,medium,2025-08-07
HOT-01125,Kolkata,22.573641,88.458164,kidnapping,high,2025-03-23
HOT-01126,Bengaluru,12.990166,77.668716,drug_trafficking,high,2025-08-28
HOT-01127,Kolkata,22.476977,88.309067,crime_against_women,high,2025-04-01
HOT-01128,Mumbai,19.160863,72.915694,murder,critical,2024-06-18
HOT-01129,Pune,18.592593,73.754827,robbery,high,2024-01-27
HOT-01130,Chennai,13.02377,80.282993,drug_trafficking,high,2024-06-24
HOT-01131,Delhi,28.718345,77.111418,robbery,high,2024-01-29
HOT-01132,Kolkata,22.668167,88.428916,drug_trafficking,high,2024-03-26
HOT-01133,Chennai,13.029676,80.32761,crime_against_women,high,2025-08-08
HOT-01134,Jaipur,26.999057,75.72503,burglary,medium,2025-03-31
HOT-01135,Mumbai,19.068588,72.816051,extortion,medium,2025-08-24
HOT-01136,Kolkata,22.626145,88.337795,burglary,medium,2025-07-13
HOT-01137,Pune,18.553905,73.830427,robbery,high,2024-06-13
HOT-01138,Delhi,28.605887,77.133532,kidnapping,high,2025-06-18
HOT-01139,Chennai,13.034113,80.24743,drug_trafficking,high,2025-01-17
HOT-01140,Jaipur,26.96912,75.761693,theft,low,2024-01-27
HOT-01141,Kolkata,22.522156,88.350916,kidnapping,high,2025-04-29
HOT-01142,Delhi,28.719061,77.074798,dacoity,high,2025-01-24
HOT-01143,Delhi,28.688535,77.150862,extortion,medium,2024-03-27
HOT-01144,Bengaluru,12.912894,77.590574,crime_against_women,high,2024-10-03
HOT-01145,Bengaluru,12.929127,77.563782,drug_trafficking,high,2024-06-03
HOT-01146,Jaipur,26.904969,75.737969,extortion,medium,2025-05-03
HOT-01147,Mumbai,19.068837,72.943977,dacoity,high,2024-04-30
HOT-01148,Kolkata,22.590375,88.351775,crime_against_women,high,2025-03-09
HOT-01149,Delhi,28.694933,77.114377,drug_trafficking,high,2024-09-11
HOT-01150,Bengaluru,12.896949,77.600472,rioting,medium,2025-07-20
HOT-01151,Chennai,13.05837,80.312857,burglary,medium,2025-04-16
HOT-01152,Pune,18.550128,73.921696,crime_against_women,high,2025-03-07
HOT-01153,Kolkata,22.597355,88.322094,drug_trafficking,high,2024-09-11
HOT-01154,Kolkata,22.621276,88.343038,murder,critical,2025-04-08
HOT-01155,Kolkata,22.603974,88.40806,robbery,high,2025-07-28
HOT-01156,Hyderabad,17.407188,78.503296,kidnapping,high,2025-08-16
HOT-01157,Chennai,13.106041,80.225259,drug_trafficking,high,2025-07-13
HOT-01158,Bengaluru,13.102586,77.594883,dacoity,high,2024-09-29
HOT-01159,Pune,18.462618,73.844657,crime_against_women,high,2024-02-12
HOT-01160,Pune,18.545524,73.886101,cheating_fraud,medium,2024-06-03
HOT-01161,Jaipur,26.897338,75.776073,theft,low,2025-09-30
HOT-01162,Delhi,28.720691,77.11291,burglary,medium,2025-08-23
HOT-01163,Chennai,13.030128,80.336112,crime_against_women,high,2024-06-16
HOT-01164,Chennai,13.077447,80.247384,dacoity,high,2025-05-01
HOT-01165,Pune,18.556431,73.828549,dacoity,high,2024-02-14
HOT-01166,Kolkata,22.54672,88.417823,cybercrime,medium,2024-12-06
HOT-01167,Mumbai,19.115908,72.852377,murder,critical,2024-11-05
HOT-01168,Jaipur,26.928253,75.807644,burglary,medium,2025-03-15
HOT-01169,Hyderabad,17.325438,78.404409,rioting,medium,2024-10-23
HOT-01170,Kolkata,22.636295,88.375328,cybercrime,medium,2024-03-05
HOT-01171,Jaipur,26.914426,75.729798,rioting,medium,2024-03-07
HOT-01172,Bengaluru,12.950917,77.530678,crime_against_women,high,2025-07-13
HOT-01173,Mumbai,18.956185,72.841495,rioting,medium,2024-01-03
HOT-01174,Pune,18.458933,73.871774,burglary,medium,2024-10-05
HOT-01175,Delhi,28.655727,77.120657,burglary,medium,2024-08-19
HOT-01176,Hyderabad,17.304498,78.408641,extortion,medium,2025-01-20
HOT-01177,Kolkata,22.506239,88.344206,drug_trafficking,high,2025-09-24
HOT-01178,Chennai,13.061858,80.208056,rioting,medium,2025-09-25
HOT-01179,Jaipur,26.889958,75.842343,crime_against_women,high,2024-11-15
HOT-01180,Delhi,28.672992,77.161408,kidnapping,high,2024-02-20
HOT-01181,Delhi,28.723229,77.121418,crime_against_women,high,2024-07-03
HOT-01182,Mumbai,19.124901,72.805567,kidnapping,high,2024-09-09
HOT-01183,Pune,18.531972,73.847023,burglary,medium,2024-03-13
HOT-01184,Jaipur,26.979112,75.823218,theft,low,2024-08-20
HOT-01185,Pune,18.531958,73.898576,cybercrime,medium,2024-05-08
HOT-01186,Delhi,28.665472,77.09893,kidnapping,high,2025-09-05
HOT-01187,Mumbai,19.071502,72.881979,theft,low,2025-08-31
HOT-01188,Kolkata,22.587363,88.324451,crime_against_women,high,2024-09-13
HOT-01189,Bengaluru,13.079257,77.627319,cybercrime,medium,2024-10-07
HOT-01190,Pune,18.473708,73.878193,kidnapping,high,2025-03-22
HOT-01191,Kolkata,22.621329,88.442671,murder,critical,2024-11-18
HOT-01192,Pune,18.558822,73.813217,cheating_fraud,medium,2024-12-14
HOT-01193,Mumbai,18.997258,72.839913,murder,critical,2024-11-22
HOT-01194,Chennai,13.103777,80.326253,crime_against_women,high,2024-01-30
HOT-01195,Pune,18.587522,73.928953,kidnapping,high,2024-09-21
HOT-01196,Pune,18.582572,73.795216,extortion,medium,2024-07-07
HOT-01197,Pune,18.499034,73.892059,burglary,medium,2025-02-10
HOT-01198,Hyderabad,17.348285,78.458716,theft,low,2024-01-10
HOT-01199,Pune,18.537581,73.883872,robbery,high,2024-06-04
HOT-01200,Kolkata,22.60817,88.440796,cheating_fraud,medium,2025-03-14
HOT-01201,Jaipur,26.892851,75.734106,cybercrime,medium,2024-05-17
HOT-01202,Hyderabad,17.347346,78.454222,burglary,medium,2024-03-21
HOT-01203,Bengaluru,12.943936,77.735152,burglary,medium,2025-01-16
HOT-01204,Kolkata,22.513597,88.351329,cybercrime,medium,2024-03-02
HOT-01205,Mumbai,19.085181,72.738649,theft,low,2024-04-20
HOT-01206,Jaipur,26.792188,75.712266,cheating_fraud,medium,2025-05-21
HOT-01207,Bengaluru,12.978371,77.61374,crime_against_women,high,2025-09-01
HOT-01208,Hyderabad,17.302613,78.516895,theft,low,2024-10-06
HOT-01209,Jaipur,26.965066,75.84697,murder,critical,2024-06-17
HOT-01210,Pune,18.592273,73.893972,robbery,high,2024-02-24
HOT-01211,Chennai,13.047244,80.264222,cheating_fraud,medium,2024-12-16
HOT-01212,Chennai,13.012825,80.303536,rioting,medium,2025-01-30
HOT-01213,Mumbai,19.030933,72.888908,extortion,medium,2024-06-21
HOT-01214,Hyderabad,17.505918,78.474043,robbery,high,2024-11-13
HOT-01215,Bengaluru,13.017197,77.639292,dacoity,high,2025-05-30
HOT-01216,Hyderabad,17.419281,78.453957,murder,critical,2024-02-18
HOT-01217,Mumbai,19.052204,72.830396,murder,critical,2025-01-11
HOT-01218,Kolkata,22.546392,88.326756,robbery,high,2024-07-20
HOT-01219,Delhi,28.796054,77.179947,robbery,high,2025-04-03
HOT-01220,Kolkata,22.581149,88.295368,rioting,medium,2025-05-18
HOT-01221,Delhi,28.601637,77.135259,cybercrime,medium,2024-07-30
HOT-01222,Chennai,13.045871,80.208872,extortion,medium,2024-06-19
HOT-01223,Jaipur,26.928162,75.815852,drug_trafficking,high,2025-07-05
HOT-01224,Pune,18.483691,73.771749,cheating_fraud,medium,2024-12-28
HOT-01225,Mumbai,19.066053,72.863052,burglary,medium,2025-09-13
HOT-01226,Pune,18.611403,73.834741,murder,critical,2024-12-02
HOT-01227,Chennai,13.149725,80.284888,dacoity,high,2024-11-28
HOT-01228,Bengaluru,12.960467,77.699899,kidnapping,high,2024-08-23
HOT-01229,Kolkata,22.67109,88.371225,rioting,medium,2024-04-16
HOT-01230,Delhi,28.693189,77.053463,cheating_fraud,medium,2025-06-01
HOT-01231,Kolkata,22.554058,88.362243,cybercrime,medium,2024-12-19
HOT-01232,Bengaluru,12.964692,77.632284,extortion,medium,2025-01-03
HOT-01233,Kolkata,22.571363,88.380432,drug_trafficking,high,2024-08-03
HOT-01234,Hyderabad,17.363583,78.434125,crime_against_women,high,2024-08-10
HOT-01235,Jaipur,26.894549,75.726461,theft,low,2024-11-24
HOT-01236,Chennai,13.066805,80.250563,drug_trafficking,high,2025-04-12
HOT-01237,Kolkata,22.629933,88.305939,crime_against_women,high,2025-08-04
HOT-01238,Pune,18.581473,73.852153,robbery,high,2025-09-05
HOT-01239,Mumbai,19.025881,73.014016,cheating_fraud,medium,2025-08-15
HOT-01240,Bengaluru,12.983885,77.574555,cheating_fraud,medium,2024-05-20
HOT-01241,Kolkata,22.562857,88.37342,burglary,medium,2025-09-04
HOT-01242,Pune,18.512776,73.826635,robbery,high,2024-07-27
HOT-01243,Chennai,13.057782,80.254356,dacoity,high,2024-08-31
HOT-01244,Delhi,28.718356,77.122369,extortion,medium,2025-07-16
HOT-01245,Jaipur,27.022762,75.808413,robbery,high,2025-08-03
HOT-01246,Chennai,13.142701,80.264421,drug_trafficking,high,2024-02-20
HOT-01247,Chennai,13.095249,80.292793,burglary,medium,2024-01-16
HOT-01248,Bengaluru,12.984726,77.698606,theft,low,2024-03-05
HOT-01249,Pune,18.472996,73.868457,theft,low,2024-01-31
HOT-01250,Jaipur,26.906822,75.762446,drug_trafficking,high,2024-03-26
HOT-01251,Kolkata,22.590897,88.409567,burglary,medium,2024-10-22
HOT-01252,Mumbai,19.107782,72.859511,drug_trafficking,high,2024-10-23
HOT-01253,Hyderabad,17.342879,78.42882,burglary,medium,2025-08-26
HOT-01254,Mumbai,19.085061,72.838518,drug_trafficking,high,2024-05-21
HOT-01255,Chennai,13.062386,80.317755,crime_against_women,high,2024-11-19
HOT-01256,Delhi,28.736572,77.10973,theft,low,2025-04-13
HOT-01257,Pune,18.524022,73.854589,murder,critical,2024-12-03
HOT-01258,Pune,18.502217,73.864227,theft,low,2024-02-17
HOT-01259,Pune,18.423165,73.900346,cybercrime,medium,2025-03-08
HOT-01260,Kolkata,22.579385,88.368328,extortion,medium,2025-02-06
HOT-01261,Hyderabad,17.378542,78.50697,burglary,medium,2024-08-18
HOT-01262,Kolkata,22.627023,88.364442,kidnapping,high,2024-04-12
HOT-01263,Pune,18.435186,73.782409,crime_against_women,high,2024-10-02
HOT-01264,Jaipur,26.979113,75.805306,kidnapping,high,2025-07-29
HOT-01265,Chennai,13.025685,80.297575,murder,critical,2025-07-21
HOT-01266,Bengaluru,12.913706,77.650407,crime_against_women,high,2025-09-28
HOT-01267,Pune,18.557264,73.914232,theft,low,2025-06-24
HOT-01268,Chennai,13.020806,80.254835,drug_trafficking,high,2025-08-02
HOT-01269,Delhi,28.543745,77.130509,extortion,medium,2025-05-11
HOT-01270,Delhi,28.672468,77.138798,crime_against_women,high,2025-03-15
HOT-01271,Bengaluru,12.908777,77.667671,crime_against_women,high,2025-04-10
HOT-01272,Pune,18.586875,73.866533,robbery,high,2024-01-23
HOT-01273,Delhi,28.77346,77.178919,kidnapping,high,2025-04-10
HOT-01274,Bengaluru,12.940622,77.623639,burglary,medium,2025-07-20
HOT-01275,Mumbai,19.085729,72.737821,crime_against_women,high,2025-01-12
HOT-01276,Bengaluru,13.053134,77.562759,kidnapping,high,2024-12-09
HOT-01277,Hyderabad,17.409631,78.482244,cheating_fraud,medium,2025-04-12
HOT-01278,Kolkata,22.552281,88.292171,robbery,high,2025-05-14
HOT-01279,Kolkata,22.548606,88.385028,burglary,medium,2024-04-08
HOT-01280,Bengaluru,12.958628,77.66184,crime_against_women,high,2025-02-16
HOT-01281,Bengaluru,12.942898,77.606862,robbery,high,2025-09-09
HOT-01282,Jaipur,26.878786,75.84474,cheating_fraud,medium,2024-02-24
HOT-01283,Kolkata,22.563946,88.31692,robbery,high,2024-04-17
HOT-01284,Hyderabad,17.364714,78.442867,theft,low,2024-11-22
HOT-01285,Pune,18.525191,73.83115,crime_against_women,high,2024-05-24
HOT-01286,Bengaluru,12.998376,77.554967,theft,low,2025-08-11
HOT-01287,Mumbai,19.090785,72.871641,extortion,medium,2025-02-12
HOT-01288,Chennai,13.178093,80.222352,cybercrime,medium,2024-10-08
HOT-01289,Mumbai,19.042669,72.886401,robbery,high,2024-10-12
HOT-01290,Jaipur,26.971457,75.784284,drug_trafficking,high,2025-09-17
HOT-01291,Hyderabad,17.464119,78.41906,murder,critical,2024-01-06
HOT-01292,Mumbai,19.127372,72.909833,drug_trafficking,high,2024-07-06
HOT-01293,Bengaluru,12.941817,77.52094,dacoity,high,2024-04-02
HOT-01294,Bengaluru,12.990982,77.593831,drug_trafficking,high,2025-01-17
HOT-01295,Mumbai,19.058693,72.879724,kidnapping,high,2025-07-29
HOT-01296,Mumbai,19.130853,72.913224,theft,low,2025-09-17
HOT-01297,Bengaluru,13.029529,77.508009,burglary,medium,2024-03-29
HOT-01298,Hyderabad,17.393045,78.505592,theft,low,2025-01-06
HOT-01299,Chennai,13.176779,80.238162,cheating_fraud,medium,2024-02-24
HOT-01300,Bengaluru,12.975622,77.606877,burglary,medium,2025-03-16
HOT-01301,Hyderabad,17.382968,78.482348,cheating_fraud,medium,2024-09-19
HOT-01302,Delhi,28.750938,77.056972,murder,critical,2025-07-29
HOT-01303,Hyderabad,17.373725,78.452637,extortion,medium,2024-05-24
HOT-01304,Jaipur,26.857977,75.82032,dacoity,high,2025-02-26
HOT-01305,Hyderabad,17.411121,78.515048,cheating_fraud,medium,2024-04-28
HOT-01306,Pune,18.531485,73.83831,crime_against_women,high,2025-06-11
HOT-01307,Bengaluru,13.004868,77.589845,murder,critical,2025-07-05
HOT-01308,Delhi,28.723751,77.186007,burglary,medium,2024-02-06
HOT-01309,Kolkata,22.55832,88.389013,drug_trafficking,high,2025-09-17
HOT-01310,Pune,18.52601,73.888008,cheating_fraud,medium,2024-10-30
HOT-01311,Chennai,13.168725,80.254749,rioting,medium,2025-01-03
HOT-01312,Jaipur,26.90918,75.8722,dacoity,high,2024-12-11
HOT-01313,Bengaluru,12.956088,77.603042,murder,critical,2025-07-12
HOT-01314,Pune,18.571779,73.86952,dacoity,high,2025-08-25
HOT-01315,Chennai,13.250315,80.259865,murder,critical,2025-07-08
HOT-01316,Chennai,12.957416,80.232448,kidnapping,high,2024-08-21
HOT-01317,Pune,18.599047,73.814192,extortion,medium,2024-11-01
HOT-01318,Pune,18.574049,73.824974,kidnapping,high,2024-12-08
HOT-01319,Mumbai,19.024942,72.895895,murder,critical,2024-02-21
HOT-01320,Pune,18.476036,73.910254,kidnapping,high,2024-03-22
HOT-01321,Hyderabad,17.413587,78.479536,crime_against_women,high,2024-07-06
HOT-01322,Mumbai,19.024198,72.842938,kidnapping,high,2024-11-28
HOT-01323,Delhi,28.77201,77.12108,murder,critical,2024-01-29
HOT-01324,Delhi,28.721712,77.087833,burglary,medium,2024-04-12
HOT-01325,Jaipur,26.933915,75.670157,burglary,medium,2025-09-07
HOT-01326,Mumbai,19.132645,72.948244,rioting,medium,2025-03-31
HOT-01327,Pune,18.593841,73.882612,robbery,high,2024-01-25
HOT-01328,Pune,18.510515,73.809583,dacoity,high,2024-11-18
HOT-01329,Kolkata,22.565992,88.344141,robbery,high,2024-01-01
HOT-01330,Delhi,28.688275,77.075013,kidnapping,high,2025-08-02
HOT-01331,Hyderabad,17.397144,78.474077,robbery,high,2025-03-03
HOT-01332,Mumbai,19.097331,72.889243,dacoity,high,2024-07-06
HOT-01333,Hyderabad,17.456315,78.471516,extortion,medium,2025-08-25
HOT-01334,Kolkata,22.474765,88.402526,kidnapping,high,2024-02-02
HOT-01335,Jaipur,26.887055,75.90961,cheating_fraud,medium,2024-04-12
HOT-01336,Jaipur,26.885012,75.6948,cheating_fraud,medium,2025-09-01
HOT-01337,Mumbai,19.147173,72.844617,crime_against_women,high,2025-01-09
HOT-01338,Mumbai,19.139404,72.839367,burglary,medium,2024-02-19
HOT-01339,Mumbai,19.116951,72.873196,extortion,medium,2025-09-28
HOT-01340,Chennai,13.167245,80.254481,theft,low,2024-07-27
HOT-01341,Delhi,28.750354,77.103373,theft,low,2024-08-07
HOT-01342,Pune,18.586358,73.876136,murder,critical,2024-03-06
HOT-01343,Delhi,28.636412,77.083863,burglary,medium,2024-08-14
HOT-01344,Hyderabad,17.435618,78.439465,robbery,high,2025-07-12
HOT-01345,Hyderabad,17.337722,78.555236,kidnapping,high,2025-08-03
HOT-01346,Hyderabad,17.413665,78.524387,burglary,medium,2024-02-04
HOT-01347,Mumbai,19.027711,72.909395,crime_against_women,high,2024-01-14
HOT-01348,Mumbai,19.033649,72.90938,drug_trafficking,high,2024-03-01
HOT-01349,Delhi,28.628042,77.079501,cheating_fraud,medium,2024-09-26
HOT-01350,Mumbai,19.09479,72.773121,cheating_fraud,medium,2025-05-27
HOT-01351,Kolkata,22.563742,88.339591,dacoity,high,2024-07-17
HOT-01352,Kolkata,22.545556,88.436495,kidnapping,high,2024-08-18
HOT-01353,Mumbai,19.13408,72.878714,cybercrime,medium,2024-06-09
HOT-01354,Hyderabad,17.368479,78.517625,extortion,medium,2024-12-22
HOT-01355,Mumbai,19.107002,72.892979,cybercrime,medium,2024-11-16
HOT-01356,Kolkata,22.606695,88.400212,murder,critical,2024-04-18
HOT-01357,Jaipur,26.881405,75.779912,theft,low,2024-07-10
HOT-01358,Bengaluru,12.978481,77.629291,kidnapping,high,2024-04-07
HOT-01359,Delhi,28.791692,77.110909,crime_against_women,high,2024-02-10
HOT-01360,Pune,18.52857,73.843632,dacoity,high,2024-01-06
HOT-01361,Pune,18.483173,73.854255,robbery,high,2024-04-29
HOT-01362,Delhi,28.663678,77.138579,robbery,high,2025-09-23
HOT-01363,Mumbai,19.06115,72.951529,cheating_fraud,medium,2024-12-08
HOT-01364,Jaipur,26.883712,75.845143,robbery,high,2024-03-30
HOT-01365,Bengaluru,12.915733,77.557439,cybercrime,medium,2024-11-15
HOT-01366,Bengaluru,12.942935,77.616765,dacoity,high,2025-03-05
HOT-01367,Bengaluru,13.002062,77.495226,robbery,high,2025-04-13
HOT-01368,Hyderabad,17.365512,78.512244,murder,critical,2025-04-18
HOT-01369,Jaipur,26.97174,75.738164,robbery,high,2024-01-02
HOT-01370,Jaipur,26.979984,75.846533,robbery,high,2024-08-19
HOT-01371,Mumbai,19.098342,72.92591,robbery,high,2024-04-11
HOT-01372,Bengaluru,13.070893,77.639451,drug_trafficking,high,2024-05-07
HOT-01373,Jaipur,26.899445,75.712265,crime_against_women,high,2024-04-06
HOT-01374,Pune,18.539529,73.871812,cybercrime,medium,2024-08-04
HOT-01375,Hyderabad,17.353731,78.541668,rioting,medium,2025-08-25
HOT-01376,Hyderabad,17.334341,78.463259,cheating_fraud,medium,2024-06-20
HOT-01377,Delhi,28.659699,77.143302,rioting,medium,2024-02-21
HOT-01378,Hyderabad,17.434519,78.458318,rioting,medium,2025-09-10
HOT-01379,Chennai,13.209558,80.327661,crime_against_women,high,2024-06-07
HOT-01380,Jaipur,26.985132,75.733907,murder,critical,2024-12-05
HOT-01381,Kolkata,22.621419,88.309383,drug_trafficking,high,2024-05-21
HOT-01382,Bengaluru,12.961774,77.538545,theft,low,2024-02-25
HOT-01383,Bengaluru,12.906057,77.572756,drug_trafficking,high,2024-05-10
HOT-01384,Chennai,13.162313,80.361313,theft,low,2024-09-15
HOT-01385,Delhi,28.694191,77.159438,murder,critical,2024-08-04
HOT-01386,Bengaluru,13.059857,77.549319,rioting,medium,2024-04-22
HOT-01387,Delhi,28.595022,77.161169,kidnapping,high,2025-08-14
HOT-01388,Chennai,13.060086,80.199429,rioting,medium,2024-01-14
HOT-01389,Bengaluru,13.004858,77.602279,theft,low,2024-10-10
HOT-01390,Bengaluru,12.97673,77.620617,rioting,medium,2025-03-25
HOT-01391,Jaipur,26.839288,75.876616,rioting,medium,2024-04-15
HOT-01392,Chennai,13.059786,80.294218,robbery,high,2025-05-30
HOT-01393,Delhi,28.613388,77.153918,cybercrime,medium,2024-09-16
HOT-01394,Pune,18.545129,73.928253,theft,low,2024-12-18
HOT-01395,Chennai,13.1321,80.249287,cheating_fraud,medium,2024-12-30
HOT-01396,Pune,18.538822,73.843855,drug_trafficking,high,2024-08-17
HOT-01397,Bengaluru,12.980118,77.519207,extortion,medium,2024-06-14
HOT-01398,Delhi,28.614632,77.154874,extortion,medium,2024-03-16
HOT-01399,Jaipur,26.882344,75.882778,theft,low,2024-06-11
HOT-01400,Chennai,13.146874,80.330458,murder,critical,2024-09-10
HOT-01401,Kolkata,22.61777,88.384084,robbery,high,2024-06-03
HOT-01402,Delhi,28.714802,77.070561,burglary,medium,2025-03-05
HOT-01403,Jaipur,26.92929,75.788789,cybercrime,medium,2025-07-24
HOT-01404,Hyderabad,17.436004,78.476584,cybercrime,medium,2025-04-16
HOT-01405,Mumbai,19.018362,72.929708,robbery,high,2024-03-27
HOT-01406,Pune,18.508971,73.870158,crime_against_women,high,2024-10-20
HOT-01407,Kolkata,22.568365,88.376796,cybercrime,medium,2025-02-04
HOT-01408,Chennai,13.055591,80.208209,dacoity,high,2024-08-18
HOT-01409,Pune,18.496821,73.891969,crime_against_women,high,2025-01-20
HOT-01410,Bengaluru,12.94638,77.602166,robbery,high,2025-01-29
HOT-01411,Bengaluru,12.88491,77.632867,burglary,medium,2024-10-29
HOT-01412,Bengaluru,12.968442,77.682321,extortion,medium,2024-05-20
HOT-01413,Hyderabad,17.444265,78.463595,kidnapping,high,2024-09-29
HOT-01414,Bengaluru,13.019925,77.63037,drug_trafficking,high,2024-02-10
HOT-01415,Jaipur,26.976146,75.766208,extortion,medium,2025-09-24
HOT-01416,Delhi,28.696785,76.987328,robbery,high,2024-09-02
HOT-01417,Kolkata,22.63845,88.320609,extortion,medium,2025-09-07
HOT-01418,Pune,18.517526,73.890074,kidnapping,high,2024-09-02
HOT-01419,Bengaluru,12.947731,77.468764,murder,critical,2025-04-16
HOT-01420,Bengaluru,13.028401,77.546983,kidnapping,high,2025-06-28
HOT-01421,Chennai,13.088801,80.309084,dacoity,high,2024-02-05
HOT-01422,Chennai,13.15187,80.307351,kidnapping,high,2025-06-25
HOT-01423,Jaipur,26.87227,75.814327,rioting,medium,2024-09-30
HOT-01424,Hyderabad,17.441811,78.421079,cybercrime,medium,2025-07-31
HOT-01425,Kolkata,22.483439,88.364248,cybercrime,medium,2025-08-23
HOT-01426,Kolkata,22.551482,88.246193,extortion,medium,2024-12-09
HOT-01427,Chennai,13.059004,80.299164,kidnapping,high,2025-07-31
HOT-01428,Jaipur,26.95208,75.785086,cybercrime,medium,2025-08-31
HOT-01429,Pune,18.538017,73.852444,dacoity,high,2024-10-14
HOT-01430,Bengaluru,13.011907,77.616456,kidnapping,high,2024-01-23
HOT-01431,Mumbai,18.973783,72.827476,crime_against_women,high,2024-11-09
HOT-01432,Delhi,28.716772,77.073098,cybercrime,medium,2025-09-02
HOT-01433,Bengaluru,12.91903,77.700899,crime_against_women,high,2025-01-25
HOT-01434,Pune,18.502913,73.908211,burglary,medium,2024-09-02
HOT-01435,Mumbai,18.941416,72.918456,robbery,high,2024-09-02
HOT-01436,Hyderabad,17.396216,78.421019,burglary,medium,2024-09-29
HOT-01437,Bengaluru,12.884459,77.671614,murder,critical,2024-02-23
HOT-01438,Kolkata,22.533925,88.310198,dacoity,high,2024-06-10
HOT-01439,Pune,18.537589,73.818034,kidnapping,high,2024-11-12
HOT-01440,Chennai,13.079356,80.254084,crime_against_women,high,2025-02-26
HOT-01441,Chennai,13.052405,80.2244,burglary,medium,2024-01-19
HOT-01442,Mumbai,19.001616,72.861486,burglary,medium,2025-05-22
HOT-01443,Hyderabad,17.409237,78.473327,burglary,medium,2024-03-22
HOT-01444,Hyderabad,17.378145,78.43274,drug_trafficking,high,2024-10-14
HOT-01445,Hyderabad,17.411329,78.526194,extortion,medium,2024-10-13
HOT-01446,Bengaluru,12.872413,77.639051,cheating_fraud,medium,2024-09-22
HOT-01447,Kolkata,22.613026,88.303719,extortion,medium,2025-05-25
HOT-01448,Mumbai,19.10098,72.899015,robbery,high,2024-01-26
HOT-01449,Pune,18.549868,73.75902,robbery,high,2024-08-15
HOT-01450,Jaipur,26.886513,75.793464,cybercrime,medium,2025-02-13
HOT-01451,Hyderabad,17.357563,78.504911,theft,low,2024-04-24
HOT-01452,Kolkata,22.633664,88.325698,theft,low,2024-12-31
HOT-01453,Bengaluru,13.016807,77.487693,burglary,medium,2024-01-26
HOT-01454,Hyderabad,17.357367,78.540527,theft,low,2024-02-07
HOT-01455,Mumbai,19.126526,72.850243,extortion,medium,2024-07-01
HOT-01456,Bengaluru,13.001009,77.607483,cheating_fraud,medium,2024-07-18
HOT-01457,Delhi,28.643361,77.133245,dacoity,high,2025-08-10
HOT-01458,Delhi,28.708324,77.067726,cybercrime,medium,2025-06-25
HOT-01459,Delhi,28.674144,77.103559,theft,low,2024-07-22
HOT-01460,Delhi,28.726449,77.16861,kidnapping,high,2024-06-06
HOT-01461,Pune,18.55621,73.928098,crime_against_women,high,2024-07-09
HOT-01462,Jaipur,26.922159,75.742439,rioting,medium,2025-01-17
HOT-01463,Hyderabad,17.431239,78.399032,extortion,medium,2024-08-06
HOT-01464,Chennai,13.09974,80.293652,rioting,medium,2025-03-29
HOT-01465,Chennai,13.072533,80.239864,drug_trafficking,high,2025-09-09
HOT-01466,Bengaluru,13.019133,77.595025,cheating_fraud,medium,2024-08-15
HOT-01467,Hyderabad,17.390496,78.522124,cybercrime,medium,2024-03-30
HOT-01468,Hyderabad,17.440434,78.476843,burglary,medium,2024-02-20
HOT-01469,Jaipur,26.943304,75.796397,crime_against_women,high,2025-05-24
HOT-01470,Delhi,28.712345,77.012193,dacoity,high,2025-01-25
HOT-01471,Mumbai,19.123321,72.91148,robbery,high,2025-02-09
HOT-01472,Delhi,28.645266,77.17912,drug_trafficking,high,2024-08-15
HOT-01473,Bengaluru,12.936528,77.47073,cheating_fraud,medium,2025-03-21
HOT-01474,Kolkata,22.534835,88.355674,cybercrime,medium,2025-05-04
HOT-01475,Chennai,13.04502,80.345448,robbery,high,2024-05-28
HOT-01476,Chennai,13.210666,80.254271,rioting,medium,2024-06-05
HOT-01477,Bengaluru,13.07887,77.56144,drug_trafficking,high,2024-01-18
HOT-01478,Delhi,28.705244,77.060961,robbery,high,2024-12-20
HOT-01479,Bengaluru,12.956538,77.522203,extortion,medium,2024-07-07
HOT-01480,Bengaluru,12.966985,77.548109,theft,low,2025-01-21
HOT-01481,Bengaluru,13.001547,77.532038,kidnapping,high,2024-08-04
HOT-01482,Hyderabad,17.32527,78.397503,dacoity,high,2025-05-05
HOT-01483,Chennai,13.148685,80.300079,drug_trafficking,high,2024-02-26
HOT-01484,Kolkata,22.501864,88.417484,murder,critical,2024-04-17
HOT-01485,Chennai,13.156994,80.273648,dacoity,high,2025-07-26
HOT-01486,Kolkata,22.582704,88.291838,kidnapping,high,2024-06-01
HOT-01487,Mumbai,19.090747,72.865261,cybercrime,medium,2024-06-27
HOT-01488,Pune,18.488806,73.806148,murder,critical,2025-02-12
HOT-01489,Chennai,13.010699,80.236314,extortion,medium,2025-01-09
HOT-01490,Pune,18.595057,73.888041,cheating_fraud,medium,2024-02-16
HOT-01491,Hyderabad,17.357975,78.545642,robbery,high,2024-03-09
HOT-01492,Hyderabad,17.502798,78.55785,murder,critical,2024-03-14
HOT-01493,Delhi,28.601738,77.057264,kidnapping,high,2024-12-03
HOT-01494,Pune,18.511608,73.921024,extortion,medium,2024-04-03
HOT-01495,Pune,18.49158,73.837788,kidnapping,high,2025-04-06
HOT-01496,Jaipur,26.892372,75.812218,cheating_fraud,medium,2024-01-01
HOT-01497,Bengaluru,13.001799,77.598061,robbery,high,2024-01-16
HOT-01498,Delhi,28.652007,77.051859,burglary,medium,2024-05-19
HOT-01499,Delhi,28.715599,77.118259,dacoity,high,2025-08-08
HOT-01500,Chennai,13.083332,80.217689,crime_against_women,high,2025-02-17
HOT-01501,Jaipur,26.841671,75.772893,cybercrime,medium,2024-02-07
HOT-01502,Jaipur,26.918836,75.816627,cheating_fraud,medium,2025-05-10
HOT-01503,Chennai,13.142191,80.303358,robbery,high,2024-05-15
HOT-01504,Jaipur,26.869119,75.726099,theft,low,2025-04-16
HOT-01505,Hyderabad,17.341704,78.365359,drug_trafficking,high,2025-09-28
HOT-01506,Jaipur,26.881376,75.745298,dacoity,high,2024-07-31
HOT-01507,Kolkata,22.592363,88.42889,extortion,medium,2025-01-26
HOT-01508,Hyderabad,17.38048,78.498379,drug_trafficking,high,2025-08-15
HOT-01509,Hyderabad,17.395739,78.510164,theft,low,2024-06-11
HOT-01510,Delhi,28.664176,77.078517,theft,low,2024-12-23
HOT-01511,Jaipur,26.926504,75.750013,murder,critical,2025-07-30
HOT-01512,Jaipur,26.92492,75.748386,theft,low,2024-02-21
HOT-01513,Mumbai,19.159508,72.979007,cheating_fraud,medium,2025-02-09
HOT-01514,Kolkata,22.545716,88.432828,cybercrime,medium,2025-05-23
HOT-01515,Pune,18.504297,73.908759,cheating_fraud,medium,2024-11-12
HOT-01516,Delhi,28.674744,77.118689,kidnapping,high,2025-03-12
HOT-01517,Mumbai,19.074049,72.922458,theft,low,2025-02-20
HOT-01518,Chennai,13.035981,80.332515,cheating_fraud,medium,2024-07-22
HOT-01519,Mumbai,19.034107,72.851532,murder,critical,2025-08-01
HOT-01520,Pune,18.424919,73.770955,cheating_fraud,medium,2024-03-21
HOT-01521,Delhi,28.751908,77.059125,kidnapping,high,2024-05-20
HOT-01522,Pune,18.526187,73.890154,rioting,medium,2025-01-14
HOT-01523,Jaipur,26.90632,75.756467,kidnapping,high,2024-04-22
HOT-01524,Bengaluru,12.916794,77.584496,extortion,medium,2024-07-30
HOT-01525,Pune,18.474937,73.997493,kidnapping,high,2025-09-20
HOT-01526,Kolkata,22.632789,88.328896,drug_trafficking,high,2025-08-06
HOT-01527,Hyderabad,17.349646,78.456802,murder,critical,2025-02-27
HOT-01528,Pune,18.522072,73.990649,murder,critical,2024-10-26
HOT-01529,Chennai,13.06909,80.306793,burglary,medium,2024-11-08
HOT-01530,Delhi,28.613241,77.172502,crime_against_women,high,2024-09-07
HOT-01531,Chennai,13.14316,80.166661,murder,critical,2024-10-09
HOT-01532,Jaipur,26.898097,75.851119,murder,critical,2025-02-23
HOT-01533,Kolkata,22.656467,88.372986,extortion,medium,2025-07-28
HOT-01534,Bengaluru,12.9811,77.607024,kidnapping,high,2025-05-27
HOT-01535,Pune,18.575859,73.914511,rioting,medium,2024-08-11
HOT-01536,Kolkata,22.596324,88.381082,theft,low,2025-08-07
HOT-01537,Jaipur,26.965195,75.84288,burglary,medium,2025-05-05
HOT-01538,Mumbai,19.034026,72.883289,drug_trafficking,high,2024-12-22
HOT-01539,Chennai,13.064549,80.347223,cybercrime,medium,2025-01-14
HOT-01540,Hyderabad,17.319612,78.498062,robbery,high,2024-02-08
HOT-01541,Chennai,13.124993,80.273404,crime_against_women,high,2025-03-19
HOT-01542,Kolkata,22.559217,88.376232,rioting,medium,2025-09-17
HOT-01543,Chennai,12.997679,80.232906,robbery,high,2024-12-30
HOT-01544,Delhi,28.72027,77.121161,rioting,medium,2025-04-17
HOT-01545,Hyderabad,17.447959,78.40909,drug_trafficking,high,2025-09-01
HOT-01546,Pune,18.544601,73.918181,extortion,medium,2025-04-27
HOT-01547,Mumbai,19.026143,72.859617,burglary,medium,2025-08-10
HOT-01548,Chennai,13.119245,80.257382,kidnapping,high,2025-07-19
HOT-01549,Kolkata,22.601377,88.435466,cybercrime,medium,2025-02-01
HOT-01550,Chennai,13.113299,80.288703,drug_trafficking,high,2025-07-17
HOT-01551,Hyderabad,17.41731,78.496764,robbery,high,2024-07-14
HOT-01552,Pune,18.561291,73.919011,robbery,high,2024-02-04
HOT-01553,Chennai,13.101464,80.322719,robbery,high,2024-09-28
HOT-01554,Pune,18.526641,73.879749,murder,critical,2024-08-25
HOT-01555,Jaipur,26.900841,75.736773,rioting,medium,2025-02-09
HOT-01556,Mumbai,19.162676,72.895746,extortion,medium,2024-11-17
HOT-01557,Bengaluru,12.934785,77.577535,crime_against_women,high,2024-02-21
HOT-01558,Bengaluru,13.026567,77.546824,extortion,medium,2025-05-13
HOT-01559,Jaipur,26.926405,75.775605,murder,critical,2024-07-11
HOT-01560,Mumbai,19.045145,72.968569,theft,low,2024-06-07
HOT-01561,Chennai,12.996504,80.250543,kidnapping,high,2024-02-18
HOT-01562,Bengaluru,13.00521,77.649051,murder,critical,2025-03-08
HOT-01563,Pune,18.491655,73.903056,kidnapping,high,2024-06-12
HOT-01564,Chennai,13.101051,80.328461,robbery,high,2025-09-30
HOT-01565,Chennai,13.091733,80.27123,kidnapping,high,2025-02-14
HOT-01566,Delhi,28.726134,77.202628,dacoity,high,2024-01-23
HOT-01567,Chennai,13.099362,80.319136,cheating_fraud,medium,2024-03-10
HOT-01568,Delhi,28.678744,77.056151,cheating_fraud,medium,2025-01-08
HOT-01569,Mumbai,19.027255,72.897877,cheating_fraud,medium,2025-09-16
HOT-01570,Hyderabad,17.385247,78.443191,rioting,medium,2024-02-28
HOT-01571,Bengaluru,12.963187,77.641939,theft,low,2024-03-21
HOT-01572,Bengaluru,13.040438,77.551056,drug_trafficking,high,2024-09-21
HOT-01573,Jaipur,26.918206,75.797961,murder,critical,2024-05-14
HOT-01574,Mumbai,19.105237,72.907702,burglary,medium,2025-08-18
HOT-01575,Mumbai,19.14291,72.920676,robbery,high,2024-05-15
HOT-01576,Kolkata,22.618368,88.379448,cheating_fraud,medium,2025-02-27
HOT-01577,Kolkata,22.539094,88.310695,rioting,medium,2024-04-14
HOT-01578,Jaipur,26.864374,75.72759,kidnapping,high,2024-09-23
HOT-01579,Pune,18.58955,73.910946,crime_against_women,high,2024-07-06
HOT-01580,Kolkata,22.617503,88.378504,drug_trafficking,high,2024-08-20
HOT-01581,Jaipur,26.955045,75.849282,extortion,medium,2024-05-31
HOT-01582,Hyderabad,17.269413,78.482494,robbery,high,2024-06-08
HOT-01583,Hyderabad,17.311726,78.434305,crime_against_women,high,2024-12-17
HOT-01584,Pune,18.471783,73.894803,rioting,medium,2024-09-17
HOT-01585,Bengaluru,13.026093,77.575811,extortion,medium,2024-07-11
HOT-01586,Jaipur,26.806033,75.734441,robbery,high,2024-04-12
HOT-01587,Bengaluru,13.091676,77.665142,burglary,medium,2025-06-27
HOT-01588,Jaipur,26.926708,75.784197,rioting,medium,2024-12-20
HOT-01589,Pune,18.549447,73.779598,theft,low,2024-03-16
HOT-01590,Jaipur,26.973526,75.708555,cheating_fraud,medium,2024-10-25
HOT-01591,Mumbai,19.110445,72.766821,crime_against_women,high,2024-06-03
HOT-01592,Hyderabad,17.491184,78.567546,crime_against_women,high,2024-09-14
HOT-01593,Hyderabad,17.404084,78.526094,burglary,medium,2025-05-20
HOT-01594,Delhi,28.717029,77.126979,cheating_fraud,medium,2025-02-01
HOT-01595,Kolkata,22.572691,88.427753,robbery,high,2024-06-16
HOT-01596,Mumbai,19.049519,72.909418,robbery,high,2024-04-25
HOT-01597,Pune,18.554141,73.924117,extortion,medium,2024-09-23
HOT-01598,Pune,18.53961,73.830259,dacoity,high,2024-01-02
HOT-01599,Chennai,13.094901,80.310233,murder,critical,2025-03-29
HOT-01600,Mumbai,19.043692,72.967913,cheating_fraud,medium,2025-06-04
HOT-01601,Hyderabad,17.44074,78.49082,robbery,high,2024-01-11
HOT-01602,Hyderabad,17.348249,78.454769,drug_trafficking,high,2024-12-23
HOT-01603,Delhi,28.626395,77.03649,dacoity,high,2025-04-03
HOT-01604,Jaipur,26.908794,75.865018,robbery,high,2025-02-10
HOT-01605,Pune,18.49769,73.831051,crime_against_women,high,2024-11-20
HOT-01606,Pune,18.523775,73.888502,cheating_fraud,medium,2025-04-30
HOT-01607,Hyderabad,17.393201,78.458334,kidnapping,high,2025-08-03
HOT-01608,Bengaluru,12.991968,77.596853,cybercrime,medium,2024-12-23
HOT-01609,Delhi,28.746933,77.155457,theft,low,2025-01-12
HOT-01610,Bengaluru,12.995525,77.627929,burglary,medium,2024-11-26
HOT-01611,Pune,18.526062,73.88481,kidnapping,high,2024-11-19
HOT-01612,Pune,18.524486,73.893906,extortion,medium,2024-06-06
HOT-01613,Pune,18.553108,73.918345,murder,critical,2024-07-03
HOT-01614,Mumbai,19.057935,72.885999,extortion,medium,2024-09-22
HOT-01615,Mumbai,19.037619,72.827371,burglary,medium,2024-07-18
HOT-01616,Chennai,13.07689,80.235657,drug_trafficking,high,2024-02-11
HOT-01617,Mumbai,19.067246,72.938903,dacoity,high,2024-06-09
HOT-01618,Delhi,28.712873,77.083523,robbery,high,2024-04-06
HOT-01619,Bengaluru,12.981267,77.54734,murder,critical,2025-06-07
HOT-01620,Delhi,28.689106,77.04217,cybercrime,medium,2025-07-10
HOT-01621,Pune,18.370012,73.822304,murder,critical,2024-01-09
HOT-01622,Delhi,28.706154,77.07848,kidnapping,high,2024-09-25
HOT-01623,Mumbai,18.960826,72.973636,robbery,high,2024-01-01
HOT-01624,Mumbai,19.084652,72.847647,drug_trafficking,high,2025-05-24
HOT-01625,Jaipur,26.875454,75.743609,kidnapping,high,2025-06-17
HOT-01626,Hyderabad,17.405565,78.361633,extortion,medium,2025-02-15
HOT-01627,Kolkata,22.620174,88.347019,murder,critical,2024-05-01
HOT-01628,Pune,18.514749,73.822121,extortion,medium,2024-07-03
HOT-01629,Delhi,28.643233,77.051814,cybercrime,medium,2024-05-28
HOT-01630,Bengaluru,12.999917,77.609052,murder,critical,2024-03-06
HOT-01631,Mumbai,19.061283,72.944884,drug_trafficking,high,2024-08-10
HOT-01632,Delhi,28.692798,77.159033,drug_trafficking,high,2025-08-04
HOT-01633,Delhi,28.788212,77.155915,cheating_fraud,medium,2024-06-06
HOT-01634,Pune,18.463293,73.821394,crime_against_women,high,2024-10-11
HOT-01635,Delhi,28.669328,77.053557,dacoity,high,2024-04-23
HOT-01636,Mumbai,19.171528,72.913463,cybercrime,medium,2025-02-23
HOT-01637,Mumbai,19.069514,72.795281,rioting,medium,2024-01-03
HOT-01638,Mumbai,19.193251,72.881667,rioting,medium,2024-06-14
HOT-01639,Hyderabad,17.402485,78.533768,burglary,medium,2024-01-04
HOT-01640,Hyderabad,17.35493,78.453941,robbery,high,2024-10-03
HOT-01641,Chennai,13.163611,80.20053,drug_trafficking,high,2024-01-02
HOT-01642,Hyderabad,17.356931,78.476961,cybercrime,medium,2025-09-22
HOT-01643,Bengaluru,12.937048,77.540166,crime_against_women,high,2024-03-04
HOT-01644,Mumbai,19.017106,72.896386,cybercrime,medium,2024-06-16
HOT-01645,Jaipur,26.916998,75.670954,dacoity,high,2024-06-30
HOT-01646,Chennai,13.126222,80.230855,cybercrime,medium,2024-07-27
HOT-01647,Chennai,13.102886,80.223694,rioting,medium,2024-03-26
HOT-01648,Hyderabad,17.316467,78.408965,drug_trafficking,high,2025-02-16
HOT-01649,Bengaluru,12.952777,77.608705,cybercrime,medium,2025-07-19
HOT-01650,Kolkata,22.596009,88.358688,burglary,medium,2024-07-13
HOT-01651,Bengaluru,12.925996,77.518772,dacoity,high,2024-08-19
HOT-01652,Bengaluru,13.022246,77.630984,drug_trafficking,high,2024-08-17
HOT-01653,Hyderabad,17.429504,78.453378,crime_against_women,high,2024-03-05
HOT-01654,Jaipur,26.858644,75.892204,rioting,medium,2024-01-21
HOT-01655,Pune,18.575254,73.839888,cybercrime,medium,2024-04-07
HOT-01656,Mumbai,19.013762,72.910657,kidnapping,high,2025-08-18
HOT-01657,Bengaluru,13.078549,77.598818,drug_trafficking,high,2025-06-19
HOT-01658,Delhi,28.760827,77.030589,dacoity,high,2024-03-17
HOT-01659,Bengaluru,12.918531,77.605733,cybercrime,medium,2024-04-29
HOT-01660,Jaipur,26.979484,75.749438,kidnapping,high,2025-08-30
HOT-01661,Pune,18.466229,73.827116,dacoity,high,2025-07-08
HOT-01662,Kolkata,22.538139,88.411366,rioting,medium,2024-01-18
HOT-01663,Bengaluru,12.957007,77.54821,rioting,medium,2025-02-12
HOT-01664,Pune,18.526321,73.788187,kidnapping,high,2025-08-11
HOT-01665,Delhi,28.739285,77.144153,murder,critical,2025-09-23
HOT-01666,Bengaluru,12.951901,77.624211,murder,critical,2025-03-21
HOT-01667,Mumbai,19.083189,72.79616,robbery,high,2025-08-16
HOT-01668,Mumbai,19.009887,72.901478,robbery,high,2025-09-24
HOT-01669,Pune,18.388152,73.926136,murder,critical,2024-03-05
HOT-01670,Jaipur,26.867508,75.764747,theft,low,2025-07-29
HOT-01671,Mumbai,19.012476,72.855618,murder,critical,2025-05-24
HOT-01672,Kolkata,22.501732,88.336278,crime_against_women,high,2024-10-18
HOT-01673,Pune,18.500402,73.978983,dacoity,high,2025-09-14
HOT-01674,Kolkata,22.614927,88.400071,murder,critical,2025-04-14
HOT-01675,Hyderabad,17.407055,78.564915,drug_trafficking,high,2025-06-30
HOT-01676,Delhi,28.745728,77.101778,crime_against_women,high,2025-06-30
HOT-01677,Mumbai,19.071838,72.921081,crime_against_women,high,2024-06-19
HOT-01678,Pune,18.55201,73.825421,robbery,high,2024-05-01
HOT-01679,Mumbai,19.090098,72.901209,cheating_fraud,medium,2024-02-10
HOT-01680,Pune,18.469026,73.89392,theft,low,2024-01-19
HOT-01681,Bengaluru,12.959402,77.688499,kidnapping,high,2025-06-16
HOT-01682,Delhi,28.704309,77.100863,drug_trafficking,high,2025-08-09
HOT-01683,Chennai,13.146552,80.206795,kidnapping,high,2025-05-09
HOT-01684,Kolkata,22.541438,88.309855,dacoity,high,2025-09-25
HOT-01685,Jaipur,26.905058,75.885217,burglary,medium,2025-07-20
HOT-01686,Hyderabad,17.298477,78.537143,theft,low,2024-06-01
HOT-01687,Jaipur,26.938874,75.679428,theft,low,2024-01-01
HOT-01688,Chennai,13.126787,80.283787,cybercrime,medium,2025-02-16
HOT-01689,Delhi,28.619659,77.04728,crime_against_women,high,2024-12-30
HOT-01690,Chennai,13.213257,80.284937,kidnapping,high,2025-01-31
HOT-01691,Kolkata,22.604478,88.386182,crime_against_women,high,2024-07-15
HOT-01692,Jaipur,26.985685,75.777456,murder,critical,2025-03-18
HOT-01693,Jaipur,26.858847,75.762312,cheating_fraud,medium,2024-01-20
HOT-01694,Delhi,28.674929,77.09678,extortion,medium,2024-02-05
HOT-01695,Mumbai,19.139149,72.931978,cybercrime,medium,2025-01-16
HOT-01696,Delhi,28.742121,77.114224,murder,critical,2024-11-06
HOT-01697,Kolkata,22.618166,88.413366,theft,low,2025-02-06
HOT-01698,Jaipur,26.905442,75.832594,cybercrime,medium,2025-07-26
HOT-01699,Pune,18.5406,73.812702,murder,critical,2024-02-09
HOT-01700,Pune,18.574962,73.924162,burglary,medium,2024-11-27
HOT-01701,Hyderabad,17.344033,78.452249,cheating_fraud,medium,2024-05-20
HOT-01702,Hyderabad,17.462898,78.451492,robbery,high,2024-07-04
HOT-01703,Delhi,28.669325,77.074102,dacoity,high,2024-10-28
HOT-01704,Jaipur,26.922754,75.750031,murder,critical,2025-05-06
HOT-01705,Pune,18.506772,73.895645,kidnapping,high,2025-01-16
HOT-01706,Chennai,13.04688,80.244405,burglary,medium,2024-08-25
HOT-01707,Chennai,13.060511,80.324231,burglary,medium,2024-05-20
HOT-01708,Kolkata,22.54957,88.403973,burglary,medium,2024-06-19
HOT-01709,Mumbai,19.113842,72.878491,robbery,high,2024-07-08
HOT-01710,Delhi,28.721103,77.094566,rioting,medium,2025-04-28
HOT-01711,Chennai,13.146006,80.237504,extortion,medium,2025-04-19
HOT-01712,Jaipur,26.959833,75.85907,drug_trafficking,high,2025-07-12
HOT-01713,Chennai,13.035591,80.227842,rioting,medium,2024-11-24
HOT-01714,Hyderabad,17.416568,78.54496,murder,critical,2024-06-23
HOT-01715,Hyderabad,17.448138,78.562965,burglary,medium,2025-02-19
HOT-01716,Delhi,28.748211,77.096222,kidnapping,high,2025-09-21
HOT-01717,Delhi,28.688189,77.107822,theft,low,2025-06-25
HOT-01718,Mumbai,19.031835,72.928905,murder,critical,2025-04-03
HOT-01719,Jaipur,26.892518,75.840162,kidnapping,high,2024-08-07
HOT-01720,Hyderabad,17.390889,78.445091,drug_trafficking,high,2024-10-29
HOT-01721,Delhi,28.752265,77.018996,burglary,medium,2024-12-30
HOT-01722,Kolkata,22.531336,88.230285,cheating_fraud,medium,2024-07-23
HOT-01723,Kolkata,22.546243,88.468225,dacoity,high,2024-02-07
HOT-01724,Hyderabad,17.391981,78.54606,theft,low,2024-08-15
HOT-01725,Chennai,13.107509,80.29545,burglary,medium,2024-03-11
HOT-01726,Chennai,13.087374,80.34244,crime_against_women,high,2024-07-05
HOT-01727,Pune,18.575643,73.833344,drug_trafficking,high,2025-07-01
HOT-01728,Bengaluru,12.995857,77.535605,kidnapping,high,2024-06-27
HOT-01729,Jaipur,26.880561,75.778416,murder,critical,2025-07-22
HOT-01730,Pune,18.55101,73.926179,kidnapping,high,2024-07-04
HOT-01731,Delhi,28.663896,77.116926,kidnapping,high,2024-08-05
HOT-01732,Hyderabad,17.377426,78.4298,drug_trafficking,high,2024-02-21
HOT-01733,Delhi,28.604597,77.095056,kidnapping,high,2025-03-11
HOT-01734,Jaipur,26.927768,75.824729,cybercrime,medium,2025-05-23
HOT-01735,Delhi,28.699087,77.048666,cybercrime,medium,2024-06-15
HOT-01736,Pune,18.504814,73.846966,murder,critical,2024-08-17
HOT-01737,Chennai,13.093246,80.245742,crime_against_women,high,2025-08-12
HOT-01738,Kolkata,22.62648,88.318556,cybercrime,medium,2024-09-25
HOT-01739,Hyderabad,17.447935,78.508317,crime_against_women,high,2024-01-30
HOT-01740,Mumbai,19.122954,72.917632,drug_trafficking,high,2024-12-14
HOT-01741,Jaipur,26.913682,75.796459,dacoity,high,2024-12-14
HOT-01742,Bengaluru,12.989014,77.606467,crime_against_women,high,2025-02-23
HOT-01743,Kolkata,22.597818,88.346669,murder,critical,2025-02-03
HOT-01744,Kolkata,22.567365,88.304013,drug_trafficking,high,2024-10-31
HOT-01745,Jaipur,26.865828,75.760604,drug_trafficking,high,2025-01-14
HOT-01746,Jaipur,26.875111,75.856572,kidnapping,high,2025-06-16
HOT-01747,Bengaluru,13.049105,77.566943,crime_against_women,high,2024-02-22
HOT-01748,Bengaluru,13.005068,77.636895,crime_against_women,high,2025-04-18
HOT-01749,Delhi,28.722054,77.064348,drug_trafficking,high,2024-07-11
HOT-01750,Jaipur,26.957183,75.754207,kidnapping,high,2025-08-17
HOT-01751,Kolkata,22.606312,88.344221,kidnapping,high,2024-04-11
HOT-01752,Kolkata,22.582038,88.331266,cheating_fraud,medium,2024-06-12
HOT-01753,Pune,18.543779,73.854051,robbery,high,2024-08-10
HOT-01754,Mumbai,19.090728,72.934942,cybercrime,medium,2025-07-03
HOT-01755,Delhi,28.714523,77.037642,crime_against_women,high,2025-05-18
HOT-01756,Delhi,28.686602,77.21252,crime_against_women,high,2024-01-12
HOT-01757,Mumbai,19.070732,72.80861,rioting,medium,2025-08-09
HOT-01758,Bengaluru,12.998759,77.5476,crime_against_women,high,2024-02-18
HOT-01759,Hyderabad,17.359315,78.545422,cybercrime,medium,2025-03-09
HOT-01760,Chennai,13.098684,80.357484,burglary,medium,2024-11-16
HOT-01761,Mumbai,19.077596,72.821826,rioting,medium,2024-01-13
HOT-01762,Hyderabad,17.410265,78.557097,theft,low,2024-05-04
HOT-01763,Delhi,28.625889,77.062232,burglary,medium,2024-01-11
HOT-01764,Chennai,13.142288,80.254811,crime_against_women,high,2025-04-30
HOT-01765,Kolkata,22.639195,88.438866,kidnapping,high,2024-05-04
HOT-01766,Chennai,13.080265,80.256209,theft,low,2025-06-27
HOT-01767,Hyderabad,17.426249,78.407415,drug_trafficking,high,2024-05-05
HOT-01768,Mumbai,19.072304,72.89505,robbery,high,2024-11-02
HOT-01769,Chennai,13.075203,80.237521,burglary,medium,2024-12-17
HOT-01770,Jaipur,26.935556,75.86822,robbery,high,2025-03-26
HOT-01771,Delhi,28.713622,77.147811,rioting,medium,2025-09-05
HOT-01772,Pune,18.489272,73.842444,dacoity,high,2025-09-25
HOT-01773,Mumbai,19.056129,72.810387,drug_trafficking,high,2024-11-25
HOT-01774,Pune,18.580081,73.894758,murder,critical,2025-04-06
HOT-01775,Chennai,13.121388,80.293892,cybercrime,medium,2025-01-19
HOT-01776,Chennai,13.026887,80.237795,kidnapping,high,2024-12-21
HOT-01777,Delhi,28.737397,77.127097,cybercrime,medium,2025-09-20
HOT-01778,Mumbai,19.024868,72.797101,dacoity,high,2025-04-27
HOT-01779,Jaipur,26.917373,75.79817,robbery,high,2025-07-11
HOT-01780,Pune,18.592851,73.855229,cybercrime,medium,2024-01-05
HOT-01781,Hyderabad,17.420864,78.465219,drug_trafficking,high,2024-03-25
HOT-01782,Pune,18.533946,73.820673,rioting,medium,2025-02-26
HOT-01783,Delhi,28.727067,77.107628,rioting,medium,2025-04-17
HOT-01784,Hyderabad,17.362556,78.461369,drug_trafficking,high,2024-11-02
HOT-01785,Pune,18.527385,73.843654,kidnapping,high,2024-05-07
HOT-01786,Mumbai,19.1,72.937125,theft,low,2024-05-18
HOT-01787,Jaipur,26.918795,75.786497,robbery,high,2025-05-13
HOT-01788,Pune,18.527318,73.882649,drug_trafficking,high,2024-04-14
HOT-01789,Kolkata,22.52249,88.307947,cheating_fraud,medium,2024-04-28
HOT-01790,Chennai,13.008227,80.222129,theft,low,2025-08-12
HOT-01791,Pune,18.506901,73.849808,cheating_fraud,medium,2025-02-15
HOT-01792,Kolkata,22.539081,88.27048,extortion,medium,2025-09-13
HOT-01793,Mumbai,19.048076,72.864631,drug_trafficking,high,2024-10-11
HOT-01794,Jaipur,26.922091,75.686541,kidnapping,high,2024-04-24
HOT-01795,Chennai,13.124353,80.196223,drug_trafficking,high,2025-04-09
HOT-01796,Bengaluru,12.986131,77.573464,murder,critical,2024-07-20
HOT-01797,Mumbai,19.042941,72.836804,drug_trafficking,high,2025-07-27
HOT-01798,Delhi,28.724436,77.020821,murder,critical,2024-02-05
HOT-01799,Chennai,13.071112,80.302846,drug_trafficking,high,2025-06-19
HOT-01800,Delhi,28.670216,77.100954,cheating_fraud,medium,2025-03-29
HOT-01801,Hyderabad,17.419452,78.478269,dacoity,high,2024-08-07
HOT-01802,Pune,18.50838,73.912165,theft,low,2024-09-14
HOT-01803,Delhi,28.704812,77.108966,theft,low,2025-09-29
HOT-01804,Delhi,28.747402,77.086007,drug_trafficking,high,2025-03-05
HOT-01805,Mumbai,19.086186,72.901772,robbery,high,2024-12-23
HOT-01806,Kolkata,22.603514,88.23522,murder,critical,2024-03-10
HOT-01807,Bengaluru,12.995207,77.56691,burglary,medium,2025-09-17
HOT-01808,Mumbai,19.068417,72.831402,cheating_fraud,medium,2024-05-17
HOT-01809,Mumbai,19.071297,72.917911,theft,low,2024-02-27
HOT-01810,Jaipur,26.876933,75.698589,murder,critical,2024-04-12
HOT-01811,Chennai,13.108621,80.311297,dacoity,high,2025-07-18
HOT-01812,Delhi,28.757545,77.123465,crime_against_women,high,2024-11-12
HOT-01813,Delhi,28.812944,77.070694,robbery,high,2024-10-10
HOT-01814,Jaipur,26.99207,75.801546,drug_trafficking,high,2025-05-01
HOT-01815,Bengaluru,12.966588,77.451993,crime_against_women,high,2025-02-20
HOT-01816,Chennai,13.102357,80.31485,cheating_fraud,medium,2024-11-01
HOT-01817,Bengaluru,12.974908,77.602313,rioting,medium,2024-08-07
HOT-01818,Bengaluru,12.950721,77.606213,crime_against_women,high,2024-02-22
HOT-01819,Mumbai,19.09338,72.923623,cybercrime,medium,2024-04-11
HOT-01820,Pune,18.532741,73.912094,robbery,high,2025-07-13
HOT-01821,Pune,18.451425,73.879759,theft,low,2024-06-04
HOT-01822,Mumbai,19.120284,72.886667,dacoity,high,2025-02-04
HOT-01823,Pune,18.516998,73.837946,kidnapping,high,2024-07-20
HOT-01824,Pune,18.584323,73.839616,theft,low,2024-12-13
HOT-01825,Jaipur,26.869575,75.793863,theft,low,2024-04-08
HOT-01826,Jaipur,26.914269,75.832304,crime_against_women,high,2024-01-13
HOT-01827,Mumbai,19.086477,72.844411,cheating_fraud,medium,2024-04-01
HOT-01828,Chennai,13.08292,80.257431,cheating_fraud,medium,2024-06-24
HOT-01829,Bengaluru,12.999725,77.613335,cybercrime,medium,2025-08-02
HOT-01830,Mumbai,19.0736,72.82119,burglary,medium,2025-02-03
HOT-01831,Jaipur,26.928199,75.80703,murder,critical,2024-11-19
HOT-01832,Kolkata,22.56897,88.275321,cheating_fraud,medium,2024-04-23
HOT-01833,Bengaluru,12.821361,77.548734,burglary,medium,2025-04-30
HOT-01834,Mumbai,19.034944,72.889687,cybercrime,medium,2024-02-25
HOT-01835,Bengaluru,13.009951,77.519394,murder,critical,2024-05-14
HOT-01836,Bengaluru,12.957472,77.611559,cybercrime,medium,2024-01-16
HOT-01837,Bengaluru,12.952548,77.623674,crime_against_women,high,2024-10-03
HOT-01838,Delhi,28.755106,77.165689,extortion,medium,2024-01-18
HOT-01839,Kolkata,22.541016,88.451471,cheating_fraud,medium,2024-07-03
HOT-01840,Pune,18.495059,73.83378,robbery,high,2025-03-06
HOT-01841,Hyderabad,17.370669,78.519362,robbery,high,2025-04-26
HOT-01842,Pune,18.569636,73.883327,murder,critical,2025-07-24
HOT-01843,Mumbai,19.149896,72.863849,murder,critical,2024-12-19
HOT-01844,Hyderabad,17.344902,78.463208,cybercrime,medium,2024-02-07
HOT-01845,Bengaluru,13.023087,77.634937,burglary,medium,2024-11-23
HOT-01846,Delhi,28.729422,77.149064,cybercrime,medium,2024-10-19
HOT-01847,Pune,18.518279,73.92038,drug_trafficking,high,2025-03-07
HOT-01848,Bengaluru,12.982585,77.642186,theft,low,2024-01-10
HOT-01849,Kolkata,22.557912,88.399702,drug_trafficking,high,2024-08-24
HOT-01850,Jaipur,26.939898,75.729678,burglary,medium,2025-08-01
HOT-01851,Delhi,28.651843,77.077148,crime_against_women,high,2025-08-03
HOT-01852,Bengaluru,13.007903,77.616302,theft,low,2025-02-17
HOT-01853,Chennai,12.982657,80.350295,extortion,medium,2024-05-10
HOT-01854,Chennai,13.113503,80.134597,murder,critical,2025-07-07
HOT-01855,Kolkata,22.532972,88.361441,theft,low,2025-05-31
HOT-01856,Bengaluru,13.019982,77.638495,drug_trafficking,high,2025-02-24
HOT-01857,Hyderabad,17.380095,78.518545,rioting,medium,2024-01-10
HOT-01858,Bengaluru,12.999225,77.606744,rioting,medium,2025-05-18
HOT-01859,Bengaluru,13.00307,77.559451,kidnapping,high,2024-01-02
HOT-01860,Chennai,13.082924,80.267561,theft,low,2024-01-19
HOT-01861,Pune,18.520748,73.898224,rioting,medium,2025-02-16
HOT-01862,Jaipur,26.914035,75.811526,theft,low,2024-01-04
HOT-01863,Delhi,28.722313,77.119889,theft,low,2024-01-24
HOT-01864,Delhi,28.641561,77.157998,extortion,medium,2024-06-04
HOT-01865,Chennai,13.120247,80.315432,cheating_fraud,medium,2025-08-18
HOT-01866,Jaipur,26.908051,75.718091,cybercrime,medium,2024-01-10
HOT-01867,Hyderabad,17.33842,78.629444,burglary,medium,2025-07-14
HOT-01868,Pune,18.482076,73.861534,dacoity,high,2024-02-11
HOT-01869,Mumbai,19.142679,72.887428,crime_against_women,high,2025-06-11
HOT-01870,Kolkata,22.557418,88.329237,burglary,medium,2024-04-09
HOT-01871,Chennai,13.102552,80.264674,burglary,medium,2025-06-19
HOT-01872,Delhi,28.673434,77.169473,drug_trafficking,high,2025-01-13
HOT-01873,Kolkata,22.559335,88.388128,crime_against_women,high,2024-11-12
HOT-01874,Bengaluru,13.003502,77.58909,murder,critical,2024-01-13
HOT-01875,Delhi,28.675257,77.136048,dacoity,high,2024-10-11
HOT-01876,Pune,18.474282,73.885516,cybercrime,medium,2025-08-11
HOT-01877,Kolkata,22.5507,88.466773,murder,critical,2025-02-18
HOT-01878,Pune,18.446332,73.885159,burglary,medium,2024-02-29
HOT-01879,Bengaluru,12.963941,77.666049,theft,low,2024-05-22
HOT-01880,Delhi,28.693308,77.075871,robbery,high,2024-08-15
HOT-01881,Jaipur,26.842252,75.738678,theft,low,2024-06-01
HOT-01882,Pune,18.559393,73.904282,drug_trafficking,high,2024-03-12
HOT-01883,Jaipur,26.90904,75.831483,robbery,high,2025-04-23
HOT-01884,Chennai,13.094322,80.225041,dacoity,high,2025-02-25
HOT-01885,Kolkata,22.634619,88.461314,kidnapping,high,2025-04-10
HOT-01886,Mumbai,19.097327,72.87883,crime_against_women,high,2024-04-06
HOT-01887,Bengaluru,12.929029,77.580275,drug_trafficking,high,2024-04-28
HOT-01888,Pune,18.585523,73.830093,extortion,medium,2024-12-01
HOT-01889,Hyderabad,17.347212,78.470499,cybercrime,medium,2024-04-27
HOT-01890,Mumbai,19.138941,72.903001,dacoity,high,2024-02-26
HOT-01891,Kolkata,22.562832,88.368764,burglary,medium,2024-05-10
HOT-01892,Chennai,13.027883,80.262944,theft,low,2024-04-01
HOT-01893,Bengaluru,13.004729,77.697671,crime_against_women,high,2025-03-13
HOT-01894,Delhi,28.688795,77.123331,extortion,medium,2024-09-27
HOT-01895,Hyderabad,17.466323,78.492601,cybercrime,medium,2024-11-28
HOT-01896,Chennai,13.165359,80.24709,rioting,medium,2024-09-21
HOT-01897,Kolkata,22.561293,88.374275,murder,critical,2024-06-30
HOT-01898,Bengaluru,13.023227,77.587573,dacoity,high,2024-11-03
HOT-01899,Pune,18.525537,73.846651,crime_against_women,high,2024-03-31
HOT-01900,Hyderabad,17.389015,78.534261,rioting,medium,2025-10-02
HOT-01901,Chennai,13.124607,80.261067,robbery,high,2024-09-22
HOT-01902,Chennai,13.007988,80.37391,burglary,medium,2025-05-17
HOT-01903,Pune,18.491264,73.850234,kidnapping,high,2024-04-13
HOT-01904,Bengaluru,13.005753,77.52865,robbery,high,2025-02-07
HOT-01905,Jaipur,26.971867,75.782381,cybercrime,medium,2025-01-31
HOT-01906,Hyderabad,17.46454,78.450414,robbery,high,2024-05-13
HOT-01907,Kolkata,22.697084,88.350999,crime_against_women,high,2025-03-28
HOT-01908,Pune,18.552774,73.813469,murder,critical,2025-09-30
HOT-01909,Kolkata,22.479815,88.37961,extortion,medium,2024-06-12
HOT-01910,Mumbai,19.045602,72.841369,theft,low,2025-02-26
HOT-01911,Delhi,28.71882,77.06262,crime_against_women,high,2025-05-09
HOT-01912,Kolkata,22.598144,88.359616,kidnapping,high,2024-10-05
HOT-01913,Chennai,13.067532,80.310766,cybercrime,medium,2025-01-22
HOT-01914,Bengaluru,12.998647,77.585335,kidnapping,high,2025-03-19
HOT-01915,Kolkata,22.506572,88.312948,robbery,high,2024-12-31
HOT-01916,Kolkata,22.545208,88.349979,cybercrime,medium,2024-10-10
HOT-01917,Kolkata,22.55922,88.34713,burglary,medium,2024-04-13
HOT-01918,Jaipur,26.921892,75.725123,burglary,medium,2025-06-27
HOT-01919,Bengaluru,12.96814,77.595406,extortion,medium,2025-03-15
HOT-01920,Chennai,13.066873,80.313211,crime_against_women,high,2024-10-21
HOT-01921,Bengaluru,12.961638,77.534126,murder,critical,2025-08-23
HOT-01922,Pune,18.366931,73.820527,cybercrime,medium,2024-09-22
HOT-01923,Mumbai,19.06294,72.896328,burglary,medium,2024-02-14
HOT-01924,Bengaluru,13.048832,77.64437,kidnapping,high,2024-11-14
HOT-01925,Chennai,13.060288,80.237039,rioting,medium,2024-07-09
HOT-01926,Chennai,13.099089,80.251678,cybercrime,medium,2024-02-22
HOT-01927,Kolkata,22.478605,88.284838,cybercrime,medium,2024-01-05
HOT-01928,Chennai,13.059695,80.271181,rioting,medium,2025-06-01
HOT-01929,Pune,18.536805,73.86236,robbery,high,2024-03-04
HOT-01930,Chennai,13.125678,80.304052,crime_against_women,high,2025-09-29
HOT-01931,Mumbai,19.155499,72.921523,theft,low,2024-01-14
HOT-01932,Chennai,13.047929,80.382937,burglary,medium,2024-09-03
HOT-01933,Delhi,28.704178,77.043937,burglary,medium,2025-08-26
HOT-01934,Jaipur,26.917162,75.723871,theft,low,2024-04-17
HOT-01935,Pune,18.542104,73.837348,kidnapping,high,2025-09-23
HOT-01936,Mumbai,19.069176,72.839648,crime_against_women,high,2024-10-18
HOT-01937,Jaipur,26.931779,75.74709,kidnapping,high,2024-01-10
HOT-01938,Delhi,28.81562,77.161136,kidnapping,high,2024-08-16
HOT-01939,Hyderabad,17.308142,78.471984,theft,low,2025-04-28
HOT-01940,Bengaluru,12.901482,77.567796,cheating_fraud,medium,2025-06-19
HOT-01941,Mumbai,18.990443,72.89309,crime_against_women,high,2024-02-27
HOT-01942,Chennai,12.964526,80.294826,burglary,medium,2025-03-12
HOT-01943,Mumbai,19.01934,72.858291,crime_against_women,high,2025-04-26
HOT-01944,Bengaluru,12.994679,77.619108,crime_against_women,high,2025-08-25
HOT-01945,Pune,18.519921,73.914756,burglary,medium,2025-07-02
HOT-01946,Chennai,12.987796,80.279572,theft,low,2025-04-03
HOT-01947,Pune,18.498369,73.848032,theft,low,2024-07-05
HOT-01948,Kolkata,22.501009,88.342107,rioting,medium,2025-07-16
HOT-01949,Hyderabad,17.396995,78.432033,drug_trafficking,high,2024-02-02
HOT-01950,Mumbai,19.094622,72.911431,murder,critical,2024-07-17
HOT-01951,Bengaluru,12.983065,77.643419,robbery,high,2024-06-15
HOT-01952,Delhi,28.69333,77.11133,cybercrime,medium,2025-09-08
HOT-01953,Pune,18.428554,73.825907,murder,critical,2025-02-11
HOT-01954,Jaipur,27.001521,75.798515,extortion,medium,2024-12-31
HOT-01955,Delhi,28.633497,77.132041,dacoity,high,2025-08-14
HOT-01956,Hyderabad,17.346262,78.374747,robbery,high,2024-04-01
HOT-01957,Hyderabad,17.408306,78.495077,cybercrime,medium,2024-11-01
HOT-01958,Bengaluru,12.968008,77.597633,theft,low,2024-08-10
HOT-01959,Chennai,12.991333,80.375686,extortion,medium,2025-06-19
HOT-01960,Kolkata,22.595403,88.345699,dacoity,high,2024-04-25
HOT-01961,Chennai,13.046284,80.251305,murder,critical,2025-05-30
HOT-01962,Delhi,28.705426,77.109543,burglary,medium,2025-03-11
HOT-01963,Delhi,28.72118,77.062373,dacoity,high,2024-02-17
HOT-01964,Bengaluru,13.060317,77.659855,cybercrime,medium,2025-05-02
HOT-01965,Hyderabad,17.39178,78.407844,cybercrime,medium,2024-10-24
HOT-01966,Pune,18.511743,73.820221,extortion,medium,2025-09-21
HOT-01967,Hyderabad,17.391865,78.549508,burglary,medium,2024-01-04
HOT-01968,Hyderabad,17.409967,78.489389,murder,critical,2025-05-25
HOT-01969,Pune,18.510839,74.015399,cheating_fraud,medium,2025-06-01
HOT-01970,Pune,18.536118,73.836573,cheating_fraud,medium,2024-09-09
HOT-01971,Hyderabad,17.348314,78.563467,burglary,medium,2024-05-20
HOT-01972,Delhi,28.794676,77.041635,kidnapping,high,2024-04-10
HOT-01973,Bengaluru,12.976378,77.642602,crime_against_women,high,2025-05-24
HOT-01974,Delhi,28.683048,77.135052,cybercrime,medium,2024-02-16
HOT-01975,Jaipur,26.955687,75.85625,theft,low,2024-06-06
HOT-01976,Kolkata,22.584836,88.31188,rioting,medium,2025-01-13
HOT-01977,Kolkata,22.523298,88.389865,robbery,high,2024-02-07
HOT-01978,Hyderabad,17.406277,78.495853,cheating_fraud,medium,2024-07-27
HOT-01979,Mumbai,19.10194,72.828265,kidnapping,high,2025-01-28
HOT-01980,Kolkata,22.57429,88.306687,extortion,medium,2024-08-23
HOT-01981,Jaipur,26.903314,75.772029,burglary,medium,2025-05-13
HOT-01982,Hyderabad,17.372405,78.520419,theft,low,2024-07-09
HOT-01983,Jaipur,26.906796,75.805929,murder,critical,2025-05-30
HOT-01984,Hyderabad,17.364485,78.414947,cybercrime,medium,2024-02-21
HOT-01985,Bengaluru,12.930092,77.577369,cybercrime,medium,2025-06-24
HOT-01986,Pune,18.625489,73.844272,robbery,high,2025-07-22
HOT-01987,Kolkata,22.627155,88.362882,cybercrime,medium,2024-09-13
HOT-01988,Bengaluru,13.044166,77.599296,cybercrime,medium,2024-07-30
HOT-01989,Bengaluru,12.953068,77.59715,rioting,medium,2024-07-30
HOT-01990,Hyderabad,17.401353,78.547596,cybercrime,medium,2025-05-02
HOT-01991,Pune,18.503516,73.812748,robbery,high,2024-08-11
HOT-01992,Pune,18.503783,73.763104,crime_against_women,high,2024-02-23
HOT-01993,Pune,18.581479,73.809886,murder,critical,2025-06-13
HOT-01994,Pune,18.489757,73.836894,theft,low,2024-12-08
HOT-01995,Hyderabad,17.391648,78.448498,kidnapping,high,2024-01-27
HOT-01996,Bengaluru,12.906803,77.60517,rioting,medium,2024-03-26
HOT-01997,Hyderabad,17.340053,78.455664,murder,critical,2024-01-10
HOT-01998,Hyderabad,17.411106,78.554946,kidnapping,high,2025-02-25
HOT-01999,Jaipur,26.965359,75.807416,crime_against_women,high,2025-04-19
HOT-02000,Jaipur,26.901167,75.74276,robbery,high,2025-03-22
