evidence_id,language,text,source,emotional_tone,collected_date,sha256
EVID-00001,bn,"ইমেইল হেডারে মূল আইপি 15.109.134.212 দেখা যাচ্ছে, 2024-05-16 তারিখে ajitgnggopaadhyaay@example.net এ ফরওয়ার্ড করা হয়েছে।",email,neutral,2024-05-16,f6ae6807d8820a9a28ea812709197b43ec5fc271a41112dc41e21c4fbd8c49c5
EVID-00002,te,"Padma Chowdary నుండి సందేశం: 'Kanpur దగ్గర ఎవరో నన్ను వెంబడిస్తున్నారని అనిపిస్తోంది, చాలా భయంగా ఉంది, దయచేసి సహాయం చేయండి.'",call_transcript,distressed,2024-01-19,4c27e20bbf4cc61bd777a5448498cbbcff11608750a00e304c390bcad584c500
EVID-00003,ta,"பயனர் மகிழ்வதனி உடன் aklnnnaklllmeennni@example.org இல் அனுப்புகை குறித்து தொடர்பு கொண்டார், 2024-01-22 க்கு முன் கணக்கிற்கு தங்க நகைகள் அனுப்பவும்.",sms,deceptive,2024-01-22,8e0e7839076e875b154666e04263565490c9772425d04fc9e2f5e28891b66504
EVID-00004,hi,"उपयोगकर्ता ने ydve@example.com पर गुप्ता, प्रणव से शिपमेंट के बारे में संपर्क किया, 2024-03-22 से पहले खाते में एक लैपटॉप भेजें।",email,deceptive,2024-03-22,759c51bd90f464c33a8b21274235e4473fec2f5ba3bb91a8078f1ff1610d52cf
EVID-00005,bn,"অশোক মন্ডল এর বার্তা: 'আমার মনে হচ্ছে Kanpur এর কাছে কেউ আমাকে অনুসরণ করছে, আমি খুব ভয় পাচ্ছি, দয়া করে সাহায্য করুন।'",email,distressed,2024-06-04,f5c81c55c4f60c83e396cfa3f3ada82114e967c453ed231f199cc9753993eb5a
EVID-00006,te,"ఇమెయిల్ హెడర్ మూల ఐపీ 78.145.128.116 చూపిస్తుంది, 2024-05-17 న vidurgoyal@example.orgకు ఫార్వార్డ్ చేయబడింది.",sms,neutral,2024-05-17,973f177e44e3a46a9bcdabb42b11c69a5baa632cce88219605210d5c9f45920c
EVID-00007,te,"చాట్ లాగ్: 'Coimbatore దగ్గర రాత్రి 11 గంటలకు కలుద్దాం, ఒక కొడవలి తీసుకురా, ఎవరికీ చెప్పకు.'",sms,threatening,2024-01-25,89213192b8f4448798351297776cfe971476ad60654303cf5e3db4b5caf87edd
EVID-00008,bn,"চ্যাট লগ: 'Ahmedabad এর কাছে রাত ১১টায় দেখা করো, একটি দেশি পিস্তল নিয়ে এসো, কাউকে বলো না।'",email,threatening,2024-02-25,39aeb787cdae0c500f7471c76a442ec8baf7ea6347859ff9df5f42b9e799149e
EVID-00009,ta,"பயனர் மணிக்கதிர் பகவதி உடன் aklnnnaklaarcttaiynnn@example.com இல் அனுப்புகை குறித்து தொடர்பு கொண்டார், 2025-03-28 க்கு முன் கணக்கிற்கு தங்க நகைகள் அனுப்பவும்.",chat_log,deceptive,2025-03-28,096698c0772e221ccd73c5fbb2634c9a0854b7243bee0d322f0a43143b994aa9
EVID-00010,mr,"चॅट लॉग: 'Pune जवळ रात्री ११ वाजता भेट, एक चाकू आण, कोणालाही सांगू नकोस.'",chat_log,threatening,2024-07-28,4b3aad39626c421ff1d19211497917cc1a92ee8d51b2ed719e7b2c30d7c8674a
EVID-00011,hi,"उपयोगकर्ता ने husainaannd@example.net पर एषा धालीवाल से शिपमेंट के बारे में संपर्क किया, 2025-06-03 से पहले खाते में सोने के गहने भेजें।",call_transcript,deceptive,2025-06-03,5adcc696019a7022ca9e661d11e0e60b0d43a57fd31641fd63e2b706679ed749
EVID-00012,te,"Divya Reddy నుండి సందేశం: 'Lucknow దగ్గర ఎవరో నన్ను వెంబడిస్తున్నారని అనిపిస్తోంది, చాలా భయంగా ఉంది, దయచేసి సహాయం చేయండి.'",email,distressed,2024-09-07,eafded272381e5c6a4247db65cc2b0c2990b21203660016764ad8ced1c6e4106
EVID-00013,ta,"சங்கரி இன் செய்தி: 'Ahmedabad அருகே யாரோ என்னை பின்தொடர்வதாக நினைக்கிறேன், மிகவும் பயமாக இருக்கிறது, தயவுசெய்து உதவுங்கள்.'",email,distressed,2025-08-13,c2bc54861ef390275ea13be764ee20abd1d3861541fdf02a0a4c4327d505e698
EVID-00014,bn,"আতাহার চৌধুরী এর বার্তা: 'আমার মনে হচ্ছে Kanpur এর কাছে কেউ আমাকে অনুসরণ করছে, আমি খুব ভয় পাচ্ছি, দয়া করে সাহায্য করুন।'",email,distressed,2025-02-11,c3822a4c4971b5fa4e70aeed8140d38b8cde1e70d109a32cadfc6e8299400d91
EVID-00015,mr,"वापरकर्त्याने शिपमेंटबाबत mishti49@example.org वर Swati Gaikwad शी संपर्क साधला, 2025-05-08 पूर्वी खात्यात सोन्याचे दागिने पाठवा.",call_transcript,deceptive,2025-05-08,95183bf3ddb7689b45aff663d7734d9465777b527a0beee3fc1209430ab029fd
EVID-00016,mr,"ईमेल हेडरमध्ये मूळ आयपी 73.73.131.218 दिसतो, 2024-06-28 रोजी sidhusaksham@example.org वर फॉरवर्ड केले.",call_transcript,neutral,2024-06-28,ccc6a8ffc0f040486dd2fcf63a1b1e7ae4378e15546c153bf3c424402208a763
EVID-00017,mr,"Sanjay More चा संदेश: 'मला वाटतंय Patna जवळ कोणीतरी माझा पाठलाग करत आहे, मी खूप घाबरले आहे, कृपया मदत करा.'",chat_log,distressed,2025-07-29,20990eb3b580ef5f5a6fc4b8f9d316802258a08cdd6563cbff5cc884620285fe
EVID-00018,bn,"চ্যাট লগ: 'Kolkata এর কাছে রাত ১১টায় দেখা করো, একটি কাস্তে নিয়ে এসো, কাউকে বলো না।'",chat_log,threatening,2024-06-07,d2b1e9a2fdd1cd57d42f69f06e1cd55bfe383f991e6e233039f0cdcb1fba3b99
EVID-00019,en,"Message from Zain Sarma: 'I think I'm being followed near Coimbatore, I'm really scared, please help me.'",call_transcript,distressed,2025-02-18,96eb2e5825850b342e644d3a77b657be106cce715631ead15e24b283b87d1af5
EVID-00020,te,"వినియోగదారు షిప్‌మెంట్ గురించి bganesh@example.org వద్ద Padma Chowdaryని సంప్రదించారు, 2025-08-25 లోపు ఖాతాకు ఒక ద్విచక్ర వాహనం పంపండి.",call_transcript,deceptive,2025-08-25,f64418d378896626d3a1b0ff0c3412bc6433a2d9c6b2707e429f702dd8083243
EVID-00021,en,"Chat log: 'meet me near Chennai at 11pm, bring a sickle, don't tell anyone.'",call_transcript,threatening,2024-06-15,3dff4d2818e4df8795b680e8d20f6e9cfbb4be8bac2ba96e65761f686063295b
EVID-00022,bn,"নিশিতা মিশ্র এর বার্তা: 'আমার মনে হচ্ছে Nagpur এর কাছে কেউ আমাকে অনুসরণ করছে, আমি খুব ভয় পাচ্ছি, দয়া করে সাহায্য করুন।'",call_transcript,distressed,2024-02-29,46ac3f2e2838bb6b07ec0dfefb1550a87f3ccbc3c8862b763ebd371a37b9d395
EVID-00023,te,"వినియోగదారు షిప్‌మెంట్ గురించి rdayal@example.org వద్ద Anitha Prasadని సంప్రదించారు, 2025-01-05 లోపు ఖాతాకు ఒక మొబైల్ ఫోన్ పంపండి.",email,deceptive,2025-01-05,069bef811e16056231714c879f427f3227f105f2cbf3bebcccbc083f0984f488
EVID-00024,bn,"চ্যাট লগ: 'Chandigarh এর কাছে রাত ১১টায় দেখা করো, একটি কাস্তে নিয়ে এসো, কাউকে বলো না।'",email,threatening,2024-09-17,24a581f40f76e2d26f66ce722fde343d9ec2b2966fd25ffdc7e12b9af5423f06
EVID-00025,en,"User contacted Mohanlal Shere at zachariahrhea@example.org regarding the shipment, transfer cash to the account before 2025-02-11.",email,deceptive,2025-02-11,677f5047b090be208a0c1e62fef4295d202e6be123201c006ceffb9546d5f3bd
EVID-00026,mr,"Amit Kulkarni चा संदेश: 'मला वाटतंय Bhopal जवळ कोणीतरी माझा पाठलाग करत आहे, मी खूप घाबरले आहे, कृपया मदत करा.'",sms,distressed,2025-05-27,1f7b8cc0b0ed0258ce90803a3889a00aef2b2920f2e4e00d85ae78e63d3cd9a4
EVID-00027,te,"చాట్ లాగ్: 'Bengaluru దగ్గర రాత్రి 11 గంటలకు కలుద్దాం, ఒక కత్తి తీసుకురా, ఎవరికీ చెప్పకు.'",sms,threatening,2024-12-18,5c8130cbab0449c0402fe9ccef0807f6d1fb0aaa8f7b5e322e77292d820e2115
EVID-00028,te,"Anitha Prasad నుండి సందేశం: 'Indore దగ్గర ఎవరో నన్ను వెంబడిస్తున్నారని అనిపిస్తోంది, చాలా భయంగా ఉంది, దయచేసి సహాయం చేయండి.'",chat_log,distressed,2024-06-21,40977c07d8af7c843defaabc3b12e536921cb357c7e03e152e653c7b048480d2
EVID-00029,en,"Email header shows origin IP 97.75.50.242, forwarded to vaibhavdatta@example.net on 2025-03-02.",call_transcript,neutral,2025-03-02,8de46f2537b0961f4b4d910f992718bc2fdf856985c7ab7c7f15fee36e98571b
EVID-00030,hi,"चैट लॉग: 'Hyderabad के पास रात 11 बजे मिलो, एक लोहे की रॉड लाना, किसी को मत बताना।'",call_transcript,threatening,2024-05-17,24b86ff31c4e7ad3d082a1c998291e4f94212faf3e92901d26dbf70cdf044ec3
EVID-00031,hi,"चैट लॉग: 'Coimbatore के पास रात 11 बजे मिलो, एक चाकू लाना, किसी को मत बताना।'",email,threatening,2025-08-03,ba396f3e94d5d5a3dde9ee89621cd8352e3b27ade72265c4f26f954e6ccd6f9b
EVID-00032,hi,"दवे, मोहन का संदेश: 'मुझे लगता है Delhi के पास कोई मेरा पीछा कर रहा है, मैं बहुत डरी हुई हूँ, कृपया मदद करें।'",call_transcript,distressed,2024-09-22,3f4e8e5e9436a853d0c83d60a1032768ee78b7b39764e93c898287df035b5f16
EVID-00033,te,"వినియోగదారు షిప్‌మెంట్ గురించి choudharyhrishita@example.net వద్ద Sowmya Raniని సంప్రదించారు, 2024-10-27 లోపు ఖాతాకు ఒక మొబైల్ ఫోన్ పంపండి.",call_transcript,deceptive,2024-10-27,a21e6cb74421cf5b0e7447decd2a51e3f005438342afe445596b3bec91d88c1e
EVID-00034,en,"Chat log: 'meet me near Jaipur at 11pm, bring a knife, don't tell anyone.'",call_transcript,threatening,2024-01-31,e40f0d5cca1539d8a1920fb88fbf8a971d5df5b4310172d2c718f1739a251bae
EVID-00035,mr,"वापरकर्त्याने शिपमेंटबाबत keya05@example.net वर Sneha Joshi शी संपर्क साधला, 2024-01-08 पूर्वी खात्यात एक दुचाकी पाठवा.",chat_log,deceptive,2024-01-08,c1a42ba4e3455a49a3a897b202651294d2c6f8053c37b558b579bfbd0bc1899f
EVID-00036,hi,"ईमेल हेडर मूल आईपी 7.122.166.121 दिखाता है, 2025-09-09 को jyntiimaane@example.com पर अग्रेषित किया गया।",call_transcript,neutral,2025-09-09,734e43da262f6e6a4eb99480642ebddb8b6d6debbae2ec9cb4e334d0dc3d3cd8
EVID-00037,mr,"ईमेल हेडरमध्ये मूळ आयपी 49.174.122.91 दिसतो, 2025-01-14 रोजी kismatgara@example.net वर फॉरवर्ड केले.",sms,neutral,2025-01-14,8e73a1417516967d3a0c31c2888326200f8cacdb17841ecf631a4ae0a0ec141b
EVID-00038,hi,"उपयोगकर्ता ने bhaartiish@example.org पर अखिल मल्लिक से शिपमेंट के बारे में संपर्क किया, 2025-09-17 से पहले खाते में नकदी भेजें।",sms,deceptive,2025-09-17,08f728c5765b4a32d6433e99310c4e9c80645ab521d4e039458ed92d967e3e34
EVID-00039,bn,"চ্যাট লগ: 'Chennai এর কাছে রাত ১১টায় দেখা করো, একটি ছুরি নিয়ে এসো, কাউকে বলো না।'",chat_log,threatening,2025-02-15,2fa35a2dd0d3b07d51bf9d343013c066dfce73baccc2216c7d3487303a1554f2
EVID-00040,ta,"வதனி இன் செய்தி: 'Chennai அருகே யாரோ என்னை பின்தொடர்வதாக நினைக்கிறேன், மிகவும் பயமாக இருக்கிறது, தயவுசெய்து உதவுங்கள்.'",call_transcript,distressed,2025-01-12,523c748516ad778cfd2f3bfc64c02b10a74c6ecadeedb194cc5e424fd14ba895
EVID-00041,ta,"பயனர் ஆடற்கொடி உடன் elllilmukilnnntksseess@example.org இல் அனுப்புகை குறித்து தொடர்பு கொண்டார், 2024-11-25 க்கு முன் கணக்கிற்கு ஒரு மொபைல் போன் அனுப்பவும்.",sms,deceptive,2024-11-25,1f0465257c7e45b322ac542fd6209f608b9646f1ea09b718e4ca53587c77083a
EVID-00042,en,"Message from Rasha Malhotra: 'I think I'm being followed near Surat, I'm really scared, please help me.'",call_transcript,distressed,2025-09-13,9c859abefde76cc258ea4b5f1cd19eca2888a2beb614bdc5090432b83ea8fa21
EVID-00043,te,"వినియోగదారు షిప్‌మెంట్ గురించి vermamanikya@example.com వద్ద Sowmya Raniని సంప్రదించారు, 2025-05-02 లోపు ఖాతాకు నగదు పంపండి.",call_transcript,deceptive,2025-05-02,740dee036f937ab3b9da24c43bc68b1f4b805e7989dfd3830a36c6f020043952
EVID-00044,bn,"ব্যবহারকারী চালানের বিষয়ে debphaujiyaa@example.com এ ইউসুফ তালুকদার এর সাথে যোগাযোগ করেছেন, 2025-06-16 এর আগে অ্যাকাউন্টে সোনার গহনা পাঠান।",email,deceptive,2025-06-16,a9119d6bb0f6c49e0f63699112ece7e92e82782df8212c3d517caad3d7daa4f4
EVID-00045,mr,"वापरकर्त्याने शिपमेंटबाबत subramaniampranay@example.org वर Sneha Joshi शी संपर्क साधला, 2025-04-01 पूर्वी खात्यात सोन्याचे दागिने पाठवा.",call_transcript,deceptive,2025-04-01,ba9ebc36497d55b4cdee59cc0f42fa7be5395f49a14dcb92f116ae3dbfa5403f
EVID-00046,te,"వినియోగదారు షిప్‌మెంట్ గురించి dsubramanian@example.net వద్ద Kiran Babuని సంప్రదించారు, 2024-06-23 లోపు ఖాతాకు బంగారు నగలు పంపండి.",chat_log,deceptive,2024-06-23,417f09d38c802af89f744142ad64c1bb643e7953c8836cd6b3a3d29ab6137c38
EVID-00047,mr,"चॅट लॉग: 'Hyderabad जवळ रात्री ११ वाजता भेट, एक लोखंडी रॉड आण, कोणालाही सांगू नकोस.'",sms,threatening,2024-10-14,6590a1336ecac41e22205eda064c18475d8b1cd53071173273406dba8f0adaec
EVID-00048,te,"వినియోగదారు షిప్‌మెంట్ గురించి eshanikothari@example.com వద్ద Divya Reddyని సంప్రదించారు, 2025-05-18 లోపు ఖాతాకు ఒక ల్యాప్‌టాప్ పంపండి.",sms,deceptive,2025-05-18,a1fc1adfe6d5a7583f99c4534f226bf492618cd98578389850e0f33389f52f68
EVID-00049,hi,"पाटिल, साई का संदेश: 'मुझे लगता है Guwahati के पास कोई मेरा पीछा कर रहा है, मैं बहुत डरी हुई हूँ, कृपया मदद करें।'",call_transcript,distressed,2025-01-21,94322613cbe032119b608a67e6dbd19d9be833192846ea2ad1b633a1a4054fff
EVID-00050,hi,"उपयोगकर्ता ने bkaale@example.net पर अनाया धालीवाल से शिपमेंट के बारे में संपर्क किया, 2024-10-24 से पहले खाते में एक मोबाइल फोन भेजें।",chat_log,deceptive,2024-10-24,41abd8995cd22390b0cf271e11a31c1f7e28b48851c945953b55ff0204839fbe
EVID-00051,en,"Email header shows origin IP 133.247.0.183, forwarded to jivin32@example.org on 2025-08-09.",email,neutral,2025-08-09,e0334d8bf13da5c07576ee24175f511e05e39a40a5a5aa54cc3abd8e25604481
EVID-00052,bn,"চ্যাট লগ: 'Indore এর কাছে রাত ১১টায় দেখা করো, একটি ছুরি নিয়ে এসো, কাউকে বলো না।'",call_transcript,threatening,2024-03-04,7be5ee0773e647807d19268892cfb0aff6a7e1a27c6936127bb29f91abc4d49e
EVID-00053,mr,"चॅट लॉग: 'Nagpur जवळ रात्री ११ वाजता भेट, एक कट्टा आण, कोणालाही सांगू नकोस.'",chat_log,threatening,2025-09-08,ee0379bd60838bbfa64901a191776f631a0e4e53848e42857f3f17c7ea4d02e0
EVID-00054,mr,"ईमेल हेडरमध्ये मूळ आयपी 1.69.123.165 दिसतो, 2024-05-28 रोजी tankhimmat@example.org वर फॉरवर्ड केले.",email,neutral,2024-05-28,fce7759cce4d3c607a4eb00009b23a5c4d3d8a325f4a04d08a959ae476797819
EVID-00055,mr,"ईमेल हेडरमध्ये मूळ आयपी 112.36.81.190 दिसतो, 2024-02-05 रोजी mehulsengupta@example.com वर फॉरवर्ड केले.",sms,neutral,2024-02-05,6a4f2034be339880a8a273efded8504902e8315c415452575306b7c665dbdea7
EVID-00056,ta,"அரட்டை பதிவு: 'Chennai அருகே இரவு 11 மணிக்கு சந்திப்போம், ஒரு இரும்பு கம்பி கொண்டு வா, யாரிடமும் சொல்லாதே.'",call_transcript,threatening,2025-05-04,18bae0e307ba33697be7e96aa31638c43acaa7abd3bf061cdfc27e35e94ab04c
EVID-00057,bn,"চ্যাট লগ: 'Indore এর কাছে রাত ১১টায় দেখা করো, একটি ছুরি নিয়ে এসো, কাউকে বলো না।'",email,threatening,2024-06-05,7be5ee0773e647807d19268892cfb0aff6a7e1a27c6936127bb29f91abc4d49e
EVID-00058,te,"చాట్ లాగ్: 'Hyderabad దగ్గర రాత్రి 11 గంటలకు కలుద్దాం, ఒక కొడవలి తీసుకురా, ఎవరికీ చెప్పకు.'",chat_log,threatening,2024-11-02,c97cf313bfafe940c9c62f0ec1f543b960d9e3d4644fd1a952088d568ba5a660
EVID-00059,ta,"மின்னஞ்சல் தலைப்பு மூல ஐபி 53.6.223.85 ஐ காட்டுகிறது, 2025-04-29 அன்று intu31@example.net க்கு அனுப்பப்பட்டது.",call_transcript,neutral,2025-04-29,9a128fe4ec36ecc8ad4a83e70f4d07c913cd421efbc018a035016a5ff429b633
EVID-00060,mr,"Sneha Joshi चा संदेश: 'मला वाटतंय Coimbatore जवळ कोणीतरी माझा पाठलाग करत आहे, मी खूप घाबरले आहे, कृपया मदत करा.'",chat_log,distressed,2024-07-18,e2a56aa4cc9447b2f0e7f2bbf159510c34ecdb9051639b785d7f9b880277429a
EVID-00061,hi,"चैट लॉग: 'Surat के पास रात 11 बजे मिलो, एक चाकू लाना, किसी को मत बताना।'",email,threatening,2025-04-13,a518db21d09c83c4f8ea55636a9234f4ca35493996439f5206d89b45f24a9c48
EVID-00062,mr,"चॅट लॉग: 'Lucknow जवळ रात्री ११ वाजता भेट, एक कट्टा आण, कोणालाही सांगू नकोस.'",chat_log,threatening,2024-08-11,b2180676ebe73033577849aea33af6580f830eaabfc9d2933137a5a62ef3bac5
EVID-00063,bn,"রাশেদ রহমান এর বার্তা: 'আমার মনে হচ্ছে Guwahati এর কাছে কেউ আমাকে অনুসরণ করছে, আমি খুব ভয় পাচ্ছি, দয়া করে সাহায্য করুন।'",email,distressed,2025-01-20,a25d576c30fe79cbf8966eca32da786b07ae741808c5f3f2f7fee6e8c12bb688
EVID-00064,en,"User contacted Dharmajan Kurian at mchowdhury@example.com regarding the shipment, transfer cash to the account before 2024-07-02.",chat_log,deceptive,2024-07-02,539bb3912bc69a567a334130ead162a2206fff97b86ba884f7419c31e028187b
EVID-00065,ta,"அரட்டை பதிவு: 'Surat அருகே இரவு 11 மணிக்கு சந்திப்போம், ஒரு அரிவாள் கொண்டு வா, யாரிடமும் சொல்லாதே.'",chat_log,threatening,2025-02-17,2685ef1395a07825b221b0db2877da82df93595d8642b94a7e5d18f65369bd14
EVID-00066,en,"Chat log: 'meet me near Ahmedabad at 11pm, bring a sickle, don't tell anyone.'",call_transcript,threatening,2024-11-05,227565e18d132d77f929919e7a341b8e2fb51fce3bcbd8fd37d3beae7c0ea7d1
EVID-00067,te,"ఇమెయిల్ హెడర్ మూల ఐపీ 209.101.154.26 చూపిస్తుంది, 2025-03-31 న ybhalla@example.netకు ఫార్వార్డ్ చేయబడింది.",chat_log,neutral,2025-03-31,983e4be9463fc55a67c7f620755df5619311fb3c719f6093c5353d909fc3ca1b
EVID-00068,en,"Chat log: 'meet me near Chennai at 11pm, bring a knife, don't tell anyone.'",chat_log,threatening,2025-05-15,0496519932ccd130fa004c328cf5c59e6e298a684fe2d82c541e1bef2e039cf3
EVID-00069,ta,"அரட்டை பதிவு: 'Guwahati அருகே இரவு 11 மணிக்கு சந்திப்போம், ஒரு அரிவாள் கொண்டு வா, யாரிடமும் சொல்லாதே.'",call_transcript,threatening,2024-04-06,1596ed1414af0455bf9c37f0d8d70e4b0d16cf401aae7f35265971ee1fc24838
EVID-00070,mr,"वापरकर्त्याने शिपमेंटबाबत urvigokhale@example.com वर Vikram Shinde शी संपर्क साधला, 2024-11-29 पूर्वी खात्यात एक मोबाईल फोन पाठवा.",email,deceptive,2024-11-29,bf5742636e2bbf702be5576c941772692cf55b66fe48f165c992f37737099625
EVID-00071,mr,"वापरकर्त्याने शिपमेंटबाबत mehulbarman@example.net वर Rohan Deshmukh शी संपर्क साधला, 2025-06-15 पूर्वी खात्यात एक मोबाईल फोन पाठवा.",email,deceptive,2025-06-15,c183fcbc4464491bb27844298d5a234285d323144c6e6c3ca9fc861899bd30e2
EVID-00072,te,"Lakshmi Naidu నుండి సందేశం: 'Hyderabad దగ్గర ఎవరో నన్ను వెంబడిస్తున్నారని అనిపిస్తోంది, చాలా భయంగా ఉంది, దయచేసి సహాయం చేయండి.'",sms,distressed,2025-07-22,266d5503d57300b03e6ff1b3f58fbfe9507299b2a535ebbc2c648aa35a549f19
EVID-00073,en,"Chat log: 'meet me near Delhi at 11pm, bring a country-made pistol, don't tell anyone.'",chat_log,threatening,2024-07-30,b6737c7d09da92513e961aa87643f7e4709e8108101aff8720f1acc408b4cbaf
EVID-00074,ta,"மின்னஞ்சல் தலைப்பு மூல ஐபி 68.11.131.97 ஐ காட்டுகிறது, 2024-05-07 அன்று raajceekreelllicaippaavai@example.org க்கு அனுப்பப்பட்டது.",sms,neutral,2024-05-07,586d1743d89b4da3f70b921675e254790ce954fc147c03d299a6cb3332d6464c
EVID-00075,ta,"மின்னஞ்சல் தலைப்பு மூல ஐபி 120.50.206.103 ஐ காட்டுகிறது, 2024-09-11 அன்று sngkri49@example.com க்கு அனுப்பப்பட்டது.",chat_log,neutral,2024-09-11,5b74d6bc6a79a594ea27b0a7f5fc95a55a94b067a7201db0bb1858bace60bcec
EVID-00076,ta,"உமா இன் செய்தி: 'Lucknow அருகே யாரோ என்னை பின்தொடர்வதாக நினைக்கிறேன், மிகவும் பயமாக இருக்கிறது, தயவுசெய்து உதவுங்கள்.'",sms,distressed,2025-08-13,dd2505b0e34b4f7ff285c8840c9640749597290a164ad16eed22ef6590cf4ae3
EVID-00077,ta,"அரட்டை பதிவு: 'Nagpur அருகே இரவு 11 மணிக்கு சந்திப்போம், ஒரு நாட்டு துப்பாக்கி கொண்டு வா, யாரிடமும் சொல்லாதே.'",chat_log,threatening,2024-02-15,01eab620e0c3ab87989178a26858f58cb0d69d3b56248f727761ed53c4088905
EVID-00078,hi,"चैट लॉग: 'Kolkata के पास रात 11 बजे मिलो, एक लोहे की रॉड लाना, किसी को मत बताना।'",sms,threatening,2024-05-17,460f302c7a4da63c08b25907be7a2d9d9ec066f868a034eac9ff7bff26e2f775
EVID-00079,bn,"ইমেইল হেডারে মূল আইপি 222.108.10.189 দেখা যাচ্ছে, 2025-07-17 তারিখে bsuakssy@example.org এ ফরওয়ার্ড করা হয়েছে।",sms,neutral,2025-07-17,ef589d3dc2e5232b537595e754a2b058db661611def67223d8ffdf72702f069b
EVID-00080,mr,"Amit Kulkarni चा संदेश: 'मला वाटतंय Indore जवळ कोणीतरी माझा पाठलाग करत आहे, मी खूप घाबरले आहे, कृपया मदत करा.'",email,distressed,2024-09-17,c152cbd8a2deebac0156b1d76016a6db07a9c898474a7d107dda00d5b72d015b
EVID-00081,ta,"மின்னஞ்சல் தலைப்பு மூல ஐபி 72.244.164.219 ஐ காட்டுகிறது, 2024-07-16 அன்று akssitaaheemntinnni@example.com க்கு அனுப்பப்பட்டது.",email,neutral,2024-07-16,03b31e23c48b186ed16a930fc13e9e6f833a1715fa5e949a22b5c538e8062b2e
EVID-00082,mr,"चॅट लॉग: 'Surat जवळ रात्री ११ वाजता भेट, एक विळा आण, कोणालाही सांगू नकोस.'",chat_log,threatening,2024-01-27,4103257599a561e735ce42add822a054db5692ee2ebf8d9e5307de2413993dbb
EVID-00083,bn,"ব্যবহারকারী চালানের বিষয়ে mnddlaashaaltaa@example.com এ শ্রাবনী সরকার এর সাথে যোগাযোগ করেছেন, 2025-02-20 এর আগে অ্যাকাউন্টে একটি ল্যাপটপ পাঠান।",sms,deceptive,2025-02-20,5ece18d705034e6164623f41f500b42552e9ce3a35f42a9d5f67884f24a50dd4
EVID-00084,te,"చాట్ లాగ్: 'Nagpur దగ్గర రాత్రి 11 గంటలకు కలుద్దాం, ఒక ఇనుప రాడ్ తీసుకురా, ఎవరికీ చెప్పకు.'",sms,threatening,2024-05-29,bc406f22709eb7183a2f102ec897f04fcdaa8817eeb974f26a6e676c45887f9c
EVID-00085,en,"User contacted Samar Koshy at zoya30@example.net regarding the shipment, transfer gold jewellery to the account before 2025-01-22.",chat_log,deceptive,2025-01-22,494941f1cf7505a2f7253c0cd36d9633873c9ce0245cfae111cfb6bcc3fd6ed9
EVID-00086,hi,"उपयोगकर्ता ने shirolesaaii@example.org पर अभिलाषा नूरानी से शिपमेंट के बारे में संपर्क किया, 2025-05-16 से पहले खाते में एक लैपटॉप भेजें।",sms,deceptive,2025-05-16,d9bb77fa1a95705e2e091485fed7cc1f5565354a1653419b8cd8a654294b4f36
EVID-00087,te,"వినియోగదారు షిప్‌మెంట్ గురించి eacharya@example.com వద్ద Sowmya Raniని సంప్రదించారు, 2024-04-11 లోపు ఖాతాకు ఒక ల్యాప్‌టాప్ పంపండి.",email,deceptive,2024-04-11,bc0ef1e39e0021228798cc121a6094ef5c9bd15a89e805f5441218a21defd3f2
EVID-00088,bn,"রাসেল চৌধুরী এর বার্তা: 'আমার মনে হচ্ছে Indore এর কাছে কেউ আমাকে অনুসরণ করছে, আমি খুব ভয় পাচ্ছি, দয়া করে সাহায্য করুন।'",call_transcript,distressed,2025-06-28,744abf50ecdd81fb405c169fe8cfd6f488c05760edba6e05e1872651563ef2e1
EVID-00089,ta,"அரட்டை பதிவு: 'Kolkata அருகே இரவு 11 மணிக்கு சந்திப்போம், ஒரு இரும்பு கம்பி கொண்டு வா, யாரிடமும் சொல்லாதே.'",email,threatening,2025-06-09,d2cc4d6840ac2e07c739302ccc89c825f979727042e4f6cfa0f20a2d5872a7da
EVID-00090,hi,"चैट लॉग: 'Indore के पास रात 11 बजे मिलो, एक लोहे की रॉड लाना, किसी को मत बताना।'",call_transcript,threatening,2025-01-14,93d3aae404a480dfb361313a041694000db7f84423ab4a78c6786d7702ff7ff2
EVID-00091,te,"ఇమెయిల్ హెడర్ మూల ఐపీ 169.27.131.207 చూపిస్తుంది, 2025-04-24 న qchakrabarti@example.orgకు ఫార్వార్డ్ చేయబడింది.",sms,neutral,2025-04-24,d0de8e2723a3a74dcd87d55caa0aafaccf4de7a5ad70feb411fb536b94700478
EVID-00092,mr,"Nikhil Jadhav चा संदेश: 'मला वाटतंय Ahmedabad जवळ कोणीतरी माझा पाठलाग करत आहे, मी खूप घाबरले आहे, कृपया मदत करा.'",sms,distressed,2024-11-08,a72be32e7565f3d3aa371ca4f0ab181ed5d502943f207663abe719f892845bf4
EVID-00093,en,"Chat log: 'meet me near Bengaluru at 11pm, bring a knife, don't tell anyone.'",chat_log,threatening,2024-04-05,2f34e1c0d8372b37e1e820dcb747629db7d3fc8fe78d5ba49545bcdb711919f9
EVID-00094,en,"Chat log: 'meet me near Lucknow at 11pm, bring a sickle, don't tell anyone.'",call_transcript,threatening,2025-03-10,f20cc2fc268cb5762bceb0e024ef2bb0a98315c83b489e5a7cd35a5c777b322e
EVID-00095,mr,"चॅट लॉग: 'Kochi जवळ रात्री ११ वाजता भेट, एक चाकू आण, कोणालाही सांगू नकोस.'",chat_log,threatening,2024-01-15,9befc3bf02435926b6a812e9397a1e3c80aafc8e2ded6ced91395b4204f64553
EVID-00096,te,"వినియోగదారు షిప్‌మెంట్ గురించి shaaarna@example.com వద్ద Srinivas Sharmaని సంప్రదించారు, 2025-06-24 లోపు ఖాతాకు బంగారు నగలు పంపండి.",call_transcript,deceptive,2025-06-24,9e4f29d3eee7a93fc4428cea521b4aacd142d9d00d23494ab755e211297e6765
EVID-00097,hi,"ईमेल हेडर मूल आईपी 194.93.19.128 दिखाता है, 2024-03-17 को srsvtii58@example.net पर अग्रेषित किया गया।",email,neutral,2024-03-17,251b2db4654ebcbf650c209a53ce466ac771c3575e368cdbee4e1fddc5dfc616
EVID-00098,ta,"ஆசைச்செல்வி இன் செய்தி: 'Nagpur அருகே யாரோ என்னை பின்தொடர்வதாக நினைக்கிறேன், மிகவும் பயமாக இருக்கிறது, தயவுசெய்து உதவுங்கள்.'",email,distressed,2025-05-22,18be43d0b684530c829a0f0097ff5773026d5b877afed16c5cf53cf4a69f0745
EVID-00099,bn,"ব্যবহারকারী চালানের বিষয়ে msin@example.net এ শান্ত মিত্র এর সাথে যোগাযোগ করেছেন, 2025-07-06 এর আগে অ্যাকাউন্টে সোনার গহনা পাঠান।",sms,deceptive,2025-07-06,48978d9046306c25cabb2e1190e74ce3ca69044577a2f875922708572949f671
EVID-00100,bn,"ব্যবহারকারী চালানের বিষয়ে shaarmin46@example.net এ আজাদ আলি এর সাথে যোগাযোগ করেছেন, 2024-08-06 এর আগে অ্যাকাউন্টে একটি দুই চাকার গাড়ি পাঠান।",call_transcript,deceptive,2024-08-06,2d10b4984e46e2dc71f14573713af0666e1079aa366f6b7c0a7146da5e683f74
EVID-00101,hi,"बालासुब्रमणियम, फ़रहान का संदेश: 'मुझे लगता है Lucknow के पास कोई मेरा पीछा कर रहा है, मैं बहुत डरी हुई हूँ, कृपया मदद करें।'",chat_log,distressed,2025-09-24,432a535dc2f72b95ec42bb123bb6ac7f7b94273b1491068f07f481614d89cef2
EVID-00102,bn,"ইমেইল হেডারে মূল আইপি 7.65.35.106 দেখা যাচ্ছে, 2024-11-01 তারিখে xkaant@example.net এ ফরওয়ার্ড করা হয়েছে।",chat_log,neutral,2024-11-01,4bd5576cf9de14c0badd2bf5fa4999b733bbc87d1e49d73bcd43718beb5aa1f6
EVID-00103,en,"User contacted Pari Dua at sarachowdhury@example.org regarding the shipment, transfer cash to the account before 2024-12-29.",chat_log,deceptive,2024-12-29,0a26c93b3c4b9ec33d1090a0c0bb0cc52f76c6138b220a2a504183c5319e5d3b
EVID-00104,mr,"चॅट लॉग: 'Pune जवळ रात्री ११ वाजता भेट, एक चाकू आण, कोणालाही सांगू नकोस.'",call_transcript,threatening,2025-06-10,4b3aad39626c421ff1d19211497917cc1a92ee8d51b2ed719e7b2c30d7c8674a
EVID-00105,en,"Chat log: 'meet me near Kanpur at 11pm, bring a knife, don't tell anyone.'",call_transcript,threatening,2024-09-13,aa1a2d3acad2f44e61bb045a48ceffd968c10f0ad55582c5cbb4350913869ecf
EVID-00106,mr,"ईमेल हेडरमध्ये मूळ आयपी 9.160.9.122 दिसतो, 2024-07-05 रोजी rania77@example.net वर फॉरवर्ड केले.",chat_log,neutral,2024-07-05,7e2dc332ba8000067196ac5fed10b5320a33bc3a404907df1590c115091da9cd
EVID-00107,mr,"वापरकर्त्याने शिपमेंटबाबत tkaur@example.com वर Swati Gaikwad शी संपर्क साधला, 2025-03-20 पूर्वी खात्यात एक दुचाकी पाठवा.",sms,deceptive,2025-03-20,721f15e5d7a9d8a66607658ad5c97fce73ca95416b9126e9386827d5b87def5d
EVID-00108,te,"చాట్ లాగ్: 'Chennai దగ్గర రాత్రి 11 గంటలకు కలుద్దాం, ఒక దేశీ తుపాకీ తీసుకురా, ఎవరికీ చెప్పకు.'",call_transcript,threatening,2024-02-11,9263ab28e4027b740004a2a4785950320695d5568299acbd74f72553648d372b
EVID-00109,mr,"ईमेल हेडरमध्ये मूळ आयपी 63.195.226.94 दिसतो, 2025-05-05 रोजी anika58@example.com वर फॉरवर्ड केले.",chat_log,neutral,2025-05-05,b1a639e5a132580ecf24f24f155c61fb8f43cdcfa26be77e8386a76be6365f02
EVID-00110,mr,"Swati Gaikwad चा संदेश: 'मला वाटतंय Kochi जवळ कोणीतरी माझा पाठलाग करत आहे, मी खूप घाबरले आहे, कृपया मदत करा.'",call_transcript,distressed,2024-11-28,8add03c1449f7b8ef2855e0f6cd31dba1cea77da6827de937aee8adb7bd54e33
EVID-00111,hi,"चैट लॉग: 'Chennai के पास रात 11 बजे मिलो, एक चाकू लाना, किसी को मत बताना।'",sms,threatening,2024-05-09,bd8cd9838b71d55430bbb40f020d7a45a00e92c44a2914bc0ddee835c2ed9301
EVID-00112,ta,"ரகு இன் செய்தி: 'Mumbai அருகே யாரோ என்னை பின்தொடர்வதாக நினைக்கிறேன், மிகவும் பயமாக இருக்கிறது, தயவுசெய்து உதவுங்கள்.'",chat_log,distressed,2024-12-16,b841bf9404c5e73542b79aaf8c7f059a70bbef124f5a5aaab131494fdb8a1812
EVID-00113,mr,"Swati Gaikwad चा संदेश: 'मला वाटतंय Lucknow जवळ कोणीतरी माझा पाठलाग करत आहे, मी खूप घाबरले आहे, कृपया मदत करा.'",email,distressed,2024-03-25,d57bb4cb9c87da1dbdc1c714772dc6ed89bc9610dd6f5894622b9dad05928c71
EVID-00114,ta,"பயனர் மணிரத்ணம் உடன் ssssaangkumyaall@example.com இல் அனுப்புகை குறித்து தொடர்பு கொண்டார், 2024-10-14 க்கு முன் கணக்கிற்கு தங்க நகைகள் அனுப்பவும்.",sms,deceptive,2024-10-14,e91f15821fe9c747413bda3bd226295aecebf8b0f994f5fbf86025ebc204317d
EVID-00115,te,"చాట్ లాగ్: 'Bhopal దగ్గర రాత్రి 11 గంటలకు కలుద్దాం, ఒక దేశీ తుపాకీ తీసుకురా, ఎవరికీ చెప్పకు.'",email,threatening,2024-04-15,f22b371142673c7304b25cfc8f65231e4fae37a0ba0bb730ea2c6aa332c94f0c
EVID-00116,ta,"ஆதர்ஷ் இன் செய்தி: 'Kolkata அருகே யாரோ என்னை பின்தொடர்வதாக நினைக்கிறேன், மிகவும் பயமாக இருக்கிறது, தயவுசெய்து உதவுங்கள்.'",chat_log,distressed,2024-05-15,40b4b2e74419560b4678c0277d774b39611493168395223834fe21b722ec8900
EVID-00117,bn,"চ্যাট লগ: 'Pune এর কাছে রাত ১১টায় দেখা করো, একটি দেশি পিস্তল নিয়ে এসো, কাউকে বলো না।'",chat_log,threatening,2024-01-19,43f75b0b9c2c725633c8d2cac6dcf1b5559816d7816a018e1b9db763cf865c4c
EVID-00118,en,"Chat log: 'meet me near Indore at 11pm, bring a sickle, don't tell anyone.'",email,threatening,2024-11-09,f1e1bb025260918a589d1fb6b72954f20541ea2e95ffc54bfffc51cc591daef7
EVID-00119,bn,"তনয় মোড়ল এর বার্তা: 'আমার মনে হচ্ছে Bhopal এর কাছে কেউ আমাকে অনুসরণ করছে, আমি খুব ভয় পাচ্ছি, দয়া করে সাহায্য করুন।'",chat_log,distressed,2025-06-06,d8846b26230895909b920b2a0d027fd1d88c5516950cccbbea8407db737eb315
EVID-00120,bn,"ইমেইল হেডারে মূল আইপি 89.93.236.26 দেখা যাচ্ছে, 2024-10-14 তারিখে zcyaattaarji@example.net এ ফরওয়ার্ড করা হয়েছে।",call_transcript,neutral,2024-10-14,af022f05b44fbbb0c67b1023a9ff239ec4fdd7698962b59511a6b29c4bcc3281
EVID-00121,hi,"उपयोगकर्ता ने vivek29@example.com पर लता कुमार से शिपमेंट के बारे में संपर्क किया, 2024-02-11 से पहले खाते में सोने के गहने भेजें।",chat_log,deceptive,2024-02-11,5ceb3eacda277c03bd92ab7eb576c98398acc4ac7fc943f5ce40aeb29bfa26a6
EVID-00122,te,"వినియోగదారు షిప్‌మెంట్ గురించి jchandra@example.org వద్ద Padma Chowdaryని సంప్రదించారు, 2024-10-13 లోపు ఖాతాకు నగదు పంపండి.",call_transcript,deceptive,2024-10-13,7b7f472918883cff7999262abc34a37db60a9322b22d7b536ad814d267781d25
EVID-00123,hi,"ईमेल हेडर मूल आईपी 187.182.96.163 दिखाता है, 2024-12-08 को obaalkrssnnn@example.net पर अग्रेषित किया गया।",chat_log,neutral,2024-12-08,954afca591cb7e50e5dfc40636663af281412074d3bfc814d1a3ac2a9834e778
EVID-00124,en,"Email header shows origin IP 174.159.76.152, forwarded to dhanukravi@example.com on 2025-01-04.",sms,neutral,2025-01-04,084d4537071b499f61e99abdb181eb60ac581eb57f28028ec9e84ec1e2321f3b
EVID-00125,hi,"उपयोगकर्ता ने tnvii24@example.com पर महावीर, ज़ाकिर से शिपमेंट के बारे में संपर्क किया, 2025-01-28 से पहले खाते में एक लैपटॉप भेजें।",chat_log,deceptive,2025-01-28,eab6d533bc09c23c8232a43c9f8357f5811f54a29e61988496666c2b5b603c3e
EVID-00126,hi,"चैट लॉग: 'Chandigarh के पास रात 11 बजे मिलो, एक चाकू लाना, किसी को मत बताना।'",email,threatening,2025-08-23,693635a339b1f4ae5197b338b6d9df65990365a2958cf28f5399e31ae8191b71
EVID-00127,te,"ఇమెయిల్ హెడర్ మూల ఐపీ 212.27.230.219 చూపిస్తుంది, 2025-09-25 న jtiwari@example.orgకు ఫార్వార్డ్ చేయబడింది.",sms,neutral,2025-09-25,2d7244cc0c2784efad46f151898f639ca1fbbc1e8af48b1e72942c2cc8b679d3
EVID-00128,te,"చాట్ లాగ్: 'Pune దగ్గర రాత్రి 11 గంటలకు కలుద్దాం, ఒక దేశీ తుపాకీ తీసుకురా, ఎవరికీ చెప్పకు.'",call_transcript,threatening,2024-05-10,7cf4fc4935fa4b90769e892895cdc41608c1e670de75c7334877638b7c68ec96
EVID-00129,ta,"பயனர் தனஸ்ரீ ரட்சகா உடன் pkvntulkmnni@example.com இல் அனுப்புகை குறித்து தொடர்பு கொண்டார், 2025-04-04 க்கு முன் கணக்கிற்கு ஒரு இருசக்கர வாகனம் அனுப்பவும்.",call_transcript,deceptive,2025-04-04,5c96bcdb577d70a964463617904547128fa552fe5c5cd74b0cecf94d27250fc1
EVID-00130,en,"User contacted Romil Balay at fapte@example.net regarding the shipment, transfer a laptop to the account before 2025-05-30.",email,deceptive,2025-05-30,b0bef7504c5a3d7f2553b560d3ba5bc1ce0b6ff9df909548d8a0c6ba36f5fbb3
EVID-00131,ta,"பயனர் தசரதன் உடன் elllilaampl55@example.com இல் அனுப்புகை குறித்து தொடர்பு கொண்டார், 2024-02-16 க்கு முன் கணக்கிற்கு ஒரு இருசக்கர வாகனம் அனுப்பவும்.",email,deceptive,2024-02-16,55827cbdbc74cac13f0b0e215f35de9a637b67fa5ac73570adb7952ddda334c3
EVID-00132,te,"Srinivas Sharma నుండి సందేశం: 'Kanpur దగ్గర ఎవరో నన్ను వెంబడిస్తున్నారని అనిపిస్తోంది, చాలా భయంగా ఉంది, దయచేసి సహాయం చేయండి.'",call_transcript,distressed,2025-03-24,6003ff10e1f82e0632eb0ebaabccb7c32d19ae9029138eb03e5da2f6214bd852
EVID-00133,mr,"चॅट लॉग: 'Jaipur जवळ रात्री ११ वाजता भेट, एक कट्टा आण, कोणालाही सांगू नकोस.'",email,threatening,2024-01-04,47ee2b27b01f5f79621cd577c0bc9af4c8a2424f07751704c5c0c0acc1957c7b
EVID-00134,ta,"மின்னஞ்சல் தலைப்பு மூல ஐபி 42.138.139.173 ஐ காட்டுகிறது, 2025-06-21 அன்று mnninilvnnn91@example.com க்கு அனுப்பப்பட்டது.",sms,neutral,2025-06-21,7eea88936ddde6b0b32f832bdbde10ea9b4ff66f3fd5dabbc3c8bfe289c90a1d
EVID-00135,hi,"चैट लॉग: 'Lucknow के पास रात 11 बजे मिलो, एक लोहे की रॉड लाना, किसी को मत बताना।'",email,threatening,2024-05-01,7fee8400748109a079aca1be240793de8c8458cd78437aee850dd2a977f5893b
EVID-00136,en,"Chat log: 'meet me near Kochi at 11pm, bring a country-made pistol, don't tell anyone.'",sms,threatening,2024-02-10,df6d9caf25768d3d2fac8302ca4c37b86110a98d2684bf9c453f0c0d583fd54d
EVID-00137,hi,"उपयोगकर्ता ने obhnddaarii@example.org पर ऐश्वर्या गावित से शिपमेंट के बारे में संपर्क किया, 2024-08-03 से पहले खाते में सोने के गहने भेजें।",chat_log,deceptive,2024-08-03,c21d9460eb4d4a1d6c5d848df6f712d9ee1351243b030cc3dc600efc8825b58f
EVID-00138,te,"ఇమెయిల్ హెడర్ మూల ఐపీ 95.37.20.193 చూపిస్తుంది, 2024-03-26 న faiyaz75@example.netకు ఫార్వార్డ్ చేయబడింది.",email,neutral,2024-03-26,94bb055e6be46e5455b6d2968741bd7b0a454be58b0b17cb3e900662b7022f5a
EVID-00139,mr,"वापरकर्त्याने शिपमेंटबाबत eshani20@example.com वर Pooja Kale शी संपर्क साधला, 2025-10-02 पूर्वी खात्यात एक मोबाईल फोन पाठवा.",sms,deceptive,2025-10-02,42cb14970cee6ed7a1cd4a84ac9d344383c1a8938654715971f027f103297a00
EVID-00140,hi,"उपयोगकर्ता ने laalzaaraa@example.com पर तन्वी महावीर से शिपमेंट के बारे में संपर्क किया, 2024-01-17 से पहले खाते में एक दोपहिया वाहन भेजें।",call_transcript,deceptive,2024-01-17,df77970f19e4fd90cd0807e5ea5b2c3c902e355326c21b61ee6b95345b5df7e8
EVID-00141,te,"ఇమెయిల్ హెడర్ మూల ఐపీ 42.195.103.75 చూపిస్తుంది, 2024-08-13 న shettysaira@example.netకు ఫార్వార్డ్ చేయబడింది.",sms,neutral,2024-08-13,1e8963259370737196096bce8db1eeb0ad10088381b6766766ad42036aba81ef
EVID-00142,hi,"चैट लॉग: 'Guwahati के पास रात 11 बजे मिलो, एक हंसिया लाना, किसी को मत बताना।'",call_transcript,threatening,2025-04-01,80754bf91ac330ea7a230b3580c019ba0150407a7fc13a2794a06deb43d9b372
EVID-00143,bn,"চ্যাট লগ: 'Kolkata এর কাছে রাত ১১টায় দেখা করো, একটি কাস্তে নিয়ে এসো, কাউকে বলো না।'",call_transcript,threatening,2025-05-22,d2b1e9a2fdd1cd57d42f69f06e1cd55bfe383f991e6e233039f0cdcb1fba3b99
EVID-00144,hi,"चैट लॉग: 'Hyderabad के पास रात 11 बजे मिलो, एक कट्टा लाना, किसी को मत बताना।'",sms,threatening,2025-05-17,8b9372da176fd2940cd0cb55613f5596fed583d09f7c00aae8d17e888f3ef8b1
EVID-00145,en,"Chat log: 'meet me near Lucknow at 11pm, bring a country-made pistol, don't tell anyone.'",chat_log,threatening,2025-02-07,aa1c114e9277be55c45d147dc9f22660e5d4c2786c217ee7ad07856e867b0acf
EVID-00146,hi,"कुमार, अंकिता का संदेश: 'मुझे लगता है Bengaluru के पास कोई मेरा पीछा कर रहा है, मैं बहुत डरी हुई हूँ, कृपया मदद करें।'",chat_log,distressed,2025-04-10,124b16d65f2ceee8b9dffcfbb4cb204bc4689e38e5393c3ca2078f382de525a5
EVID-00147,te,"Kiran Babu నుండి సందేశం: 'Kolkata దగ్గర ఎవరో నన్ను వెంబడిస్తున్నారని అనిపిస్తోంది, చాలా భయంగా ఉంది, దయచేసి సహాయం చేయండి.'",call_transcript,distressed,2024-04-12,fb67a09fd6414516a04b8f4c61758ad47972312221e01ce55b60d3a6d9d2586c
EVID-00148,en,"Chat log: 'meet me near Chennai at 11pm, bring a knife, don't tell anyone.'",chat_log,threatening,2024-05-15,0496519932ccd130fa004c328cf5c59e6e298a684fe2d82c541e1bef2e039cf3
EVID-00149,bn,"ইমেইল হেডারে মূল আইপি 188.163.113.128 দেখা যাচ্ছে, 2024-04-18 তারিখে ysinhaa@example.com এ ফরওয়ার্ড করা হয়েছে।",chat_log,neutral,2024-04-18,598d91a3e4e764c64159d4924749fd9aa65ce3bcdef62bfae1112a0a3f181703
EVID-00150,hi,"चैट लॉग: 'Kolkata के पास रात 11 बजे मिलो, एक हंसिया लाना, किसी को मत बताना।'",sms,threatening,2025-03-30,f6263e8cfda9c5c3e4bce7708e23a55cc391201943b499b6664c4bbd9214d581
EVID-00151,bn,"ইমেইল হেডারে মূল আইপি 29.187.187.89 দেখা যাচ্ছে, 2024-02-27 তারিখে bipaashaamoddl@example.com এ ফরওয়ার্ড করা হয়েছে।",chat_log,neutral,2024-02-27,ffcea9230c072340d5244a57121533fa787f10b5bc754a33c545723db7ea055d
EVID-00152,en,"User contacted Amani Sandal at dhanushmalhotra@example.org regarding the shipment, transfer a laptop to the account before 2024-10-30.",call_transcript,deceptive,2024-10-30,5833c5e5f61316b894cf03980a0a12fc57a5c06e45fb9dc869c8f961432f6ae6
EVID-00153,hi,"गणेश, विवेक का संदेश: 'मुझे लगता है Mumbai के पास कोई मेरा पीछा कर रहा है, मैं बहुत डरी हुई हूँ, कृपया मदद करें।'",call_transcript,distressed,2024-08-20,109ca43f8b7f6965be46cec0a1ee13caccd60a8436e8ec8bc5a95b4247efb6c7
EVID-00154,hi,"उपयोगकर्ता ने kumaarajit@example.com पर आद्विक नाम से शिपमेंट के बारे में संपर्क किया, 2025-01-28 से पहले खाते में सोने के गहने भेजें।",call_transcript,deceptive,2025-01-28,8e7fafe968e354dbf94d5f6ba10fcc5fa2db77671ec26603fd295255d7a0f731
EVID-00155,hi,"ईमेल हेडर मूल आईपी 125.92.45.176 दिखाता है, 2024-10-15 को aaruss82@example.org पर अग्रेषित किया गया।",chat_log,neutral,2024-10-15,4b48ce1121d006628432a6542e6119777453c61d025d76298edcbaeb360310bd
EVID-00156,ta,"பயனர் உதயவானன் உடன் aiyppnnnutyaati@example.org இல் அனுப்புகை குறித்து தொடர்பு கொண்டார், 2024-03-27 க்கு முன் கணக்கிற்கு ஒரு இருசக்கர வாகனம் அனுப்பவும்.",email,deceptive,2024-03-27,8d44429e67b02b52d513c4ac392f8de61dfb62dacb0c0d08355e6b289fb6dde8
EVID-00157,hi,"अभिलाषा लोदी का संदेश: 'मुझे लगता है Bhopal के पास कोई मेरा पीछा कर रहा है, मैं बहुत डरी हुई हूँ, कृपया मदद करें।'",email,distressed,2024-07-04,043ce5a0e413fa870666542fbfa74d6ec3b971de49e635b7275860994699e098
EVID-00158,te,"ఇమెయిల్ హెడర్ మూల ఐపీ 183.124.235.236 చూపిస్తుంది, 2024-04-16 న ryangade@example.netకు ఫార్వార్డ్ చేయబడింది.",call_transcript,neutral,2024-04-16,6135fefc9fd505cdbb9dd4eac744c4786f840cea00c356467839921bf9edf880
EVID-00159,te,"చాట్ లాగ్: 'Jaipur దగ్గర రాత్రి 11 గంటలకు కలుద్దాం, ఒక కత్తి తీసుకురా, ఎవరికీ చెప్పకు.'",sms,threatening,2024-06-01,36eb2e1e4cfdeb04069ad45d339d60e9912458f8a8979857bc65ca195c0ab2a7
EVID-00160,hi,"उपयोगकर्ता ने iivaa27@example.net पर यश लाल से शिपमेंट के बारे में संपर्क किया, 2024-03-09 से पहले खाते में नकदी भेजें।",call_transcript,deceptive,2024-03-09,fccf51aa8719eaebad311dadb5ecb781f42ebd18ebb91d56c675d9e1fad08148
EVID-00161,te,"చాట్ లాగ్: 'Kolkata దగ్గర రాత్రి 11 గంటలకు కలుద్దాం, ఒక కత్తి తీసుకురా, ఎవరికీ చెప్పకు.'",call_transcript,threatening,2024-05-10,7444ad686d61fd70f74fc2eb38a2735aafa5df4a71e7ecb4a524e963a06aa19c
EVID-00162,bn,"ইশতিয়াক হাকিম এর বার্তা: 'আমার মনে হচ্ছে Surat এর কাছে কেউ আমাকে অনুসরণ করছে, আমি খুব ভয় পাচ্ছি, দয়া করে সাহায্য করুন।'",sms,distressed,2025-05-07,40ed70be4d4753441e97375711f23ce58768bd2791496dc881429377d3a2f944
EVID-00163,hi,"मुकेश गर्ग का संदेश: 'मुझे लगता है Ahmedabad के पास कोई मेरा पीछा कर रहा है, मैं बहुत डरी हुई हूँ, कृपया मदद करें।'",call_transcript,distressed,2025-07-16,e0d36480d7bd807eb5aba997fa8546bb15134c0a753f461682aea2eda3ac2191
EVID-00164,ta,"மணியன் இன் செய்தி: 'Kochi அருகே யாரோ என்னை பின்தொடர்வதாக நினைக்கிறேன், மிகவும் பயமாக இருக்கிறது, தயவுசெய்து உதவுங்கள்.'",email,distressed,2024-03-26,961c924b528ec56da50f6f6ed862d3c17901d250cd04abebd6534e8213c3eddd
EVID-00165,te,"వినియోగదారు షిప్‌మెంట్ గురించి indrans41@example.org వద్ద Lakshmi Naiduని సంప్రదించారు, 2024-07-27 లోపు ఖాతాకు ఒక మొబైల్ ఫోన్ పంపండి.",sms,deceptive,2024-07-27,11be73e770a5b31491fc032b5d51af4a6bbe27608c4999aada9cef03b994a551
EVID-00166,ta,"மின்னஞ்சல் தலைப்பு மூல ஐபி 167.240.88.205 ஐ காட்டுகிறது, 2024-03-02 அன்று qsspri@example.org க்கு அனுப்பப்பட்டது.",sms,neutral,2024-03-02,044ee9576c1d3e64e284a2416f30ffce7051534a2ed2f345f735f3851d00af76
EVID-00167,hi,"नूरानी, सावित्री का संदेश: 'मुझे लगता है Lucknow के पास कोई मेरा पीछा कर रहा है, मैं बहुत डरी हुई हूँ, कृपया मदद करें।'",email,distressed,2025-07-18,84be71ee97690ad8ca0380fec1e62f56ce2ad73765132f59a1e9731d5b256794
EVID-00168,hi,"चैट लॉग: 'Ahmedabad के पास रात 11 बजे मिलो, एक चाकू लाना, किसी को मत बताना।'",call_transcript,threatening,2024-04-30,09076e38a0ed23aee58247e7303bf29a2c614d475a7f46e9d974801d1a429a6c
EVID-00169,te,"వినియోగదారు షిప్‌మెంట్ గురించి osarin@example.org వద్ద Venkatesh Reddyని సంప్రదించారు, 2024-04-18 లోపు ఖాతాకు ఒక మొబైల్ ఫోన్ పంపండి.",call_transcript,deceptive,2024-04-18,3d0082e4304ec97344fb1dda7eb61a07c03cc113780e4f56a6f65403f64b9c09
EVID-00170,ta,"அரட்டை பதிவு: 'Hyderabad அருகே இரவு 11 மணிக்கு சந்திப்போம், ஒரு கத்தி கொண்டு வா, யாரிடமும் சொல்லாதே.'",chat_log,threatening,2025-01-09,868d91089e53c0eb430273349e75d265d83c045c3e02ff5561cd4fbe4aaef9c0
EVID-00171,hi,"चैट लॉग: 'Bengaluru के पास रात 11 बजे मिलो, एक चाकू लाना, किसी को मत बताना।'",email,threatening,2025-03-02,68584fbd93b8abb729d6d942d658b1c2deccee58be1c29f34f2d126c5dc98421
EVID-00172,mr,"ईमेल हेडरमध्ये मूळ आयपी 174.61.2.128 दिसतो, 2025-02-25 रोजी kaulvivaan@example.net वर फॉरवर्ड केले.",call_transcript,neutral,2025-02-25,862c2c758b53fd2c110a5e494d45a79e07c0b87ea263a0703f4594a3860716cd
EVID-00173,te,"వినియోగదారు షిప్‌మెంట్ గురించి arnav11@example.org వద్ద Venkatesh Reddyని సంప్రదించారు, 2024-03-02 లోపు ఖాతాకు బంగారు నగలు పంపండి.",email,deceptive,2024-03-02,77b701175ba3c9b901e4a0207f79ecd559b15a4b380db896340e17c567ef8e32
EVID-00174,ta,"எழிலரசன் நவீனா இன் செய்தி: 'Hyderabad அருகே யாரோ என்னை பின்தொடர்வதாக நினைக்கிறேன், மிகவும் பயமாக இருக்கிறது, தயவுசெய்து உதவுங்கள்.'",sms,distressed,2025-03-09,f51d49fc8f184d4a4eb0be9697766d500d973a5ff239ac7976787bb753faf3c7
EVID-00175,ta,"அரட்டை பதிவு: 'Coimbatore அருகே இரவு 11 மணிக்கு சந்திப்போம், ஒரு இரும்பு கம்பி கொண்டு வா, யாரிடமும் சொல்லாதே.'",sms,threatening,2025-03-09,d1eb14ec21f0c6b3b56c286c6f6ac838b02ac399a47026498434348fb3cdaab6
EVID-00176,en,"Message from Jiya Johal: 'I think I'm being followed near Coimbatore, I'm really scared, please help me.'",chat_log,distressed,2024-08-04,f01e643a4d6c8635ceac0fc8845959e164ff6299f362bba0ba4817f108dda4e7
EVID-00177,hi,"उपयोगकर्ता ने qkrssnnaa@example.com पर आशा बालकृष्णन से शिपमेंट के बारे में संपर्क किया, 2025-09-11 से पहले खाते में एक लैपटॉप भेजें।",call_transcript,deceptive,2025-09-11,b62db70488eb07a5a7dc2f7618f8c4b419ee9ec9efff99856a4898f08fc27fef
EVID-00178,mr,"ईमेल हेडरमध्ये मूळ आयपी 213.226.72.107 दिसतो, 2024-02-25 रोजी kiaantara@example.net वर फॉरवर्ड केले.",call_transcript,neutral,2024-02-25,47291a037a6ad0fa1a9a1891dc80a4a26befad47df569767a47dcbe119ae18d4
EVID-00179,hi,"ईमेल हेडर मूल आईपी 152.138.29.104 दिखाता है, 2024-03-20 को kmboj68@example.net पर अग्रेषित किया गया।",sms,neutral,2024-03-20,edededbbc1bf8da62e5910ceefe09de41a5ddbf9a1e69d791a6f7749b2ff8c23
EVID-00180,en,"User contacted Tushar Balakrishnan at usarin@example.net regarding the shipment, transfer gold jewellery to the account before 2025-07-08.",chat_log,deceptive,2025-07-08,88351fcd6351ec7663ba31c7d11155e8038059f497faa5c03a8ef1786afae52c
EVID-00181,hi,"चैट लॉग: 'Chandigarh के पास रात 11 बजे मिलो, एक चाकू लाना, किसी को मत बताना।'",chat_log,threatening,2024-07-11,693635a339b1f4ae5197b338b6d9df65990365a2958cf28f5399e31ae8191b71
EVID-00182,hi,"उपयोगकर्ता ने luuthraallit@example.com पर अभय गायकवाड से शिपमेंट के बारे में संपर्क किया, 2025-08-01 से पहले खाते में एक लैपटॉप भेजें।",call_transcript,deceptive,2025-08-01,3b2f1dafdb635c459049f13c17ce7a85a8af4f5bd61ef4980f6848dfd512dcde
EVID-00183,en,"User contacted Tarini Zachariah at agarwalaayush@example.net regarding the shipment, transfer a mobile phone to the account before 2024-11-12.",sms,deceptive,2024-11-12,37ae7e2fe95e33efc24df3414d3c687ce1b29860aefba644622eceac6b99e7ed
EVID-00184,bn,"ইমেইল হেডারে মূল আইপি 63.14.221.252 দেখা যাচ্ছে, 2025-02-04 তারিখে xmukhaarji@example.net এ ফরওয়ার্ড করা হয়েছে।",email,neutral,2025-02-04,cfb209b2016a465373c7bc81c90301c6c4455435eb866d6362bbcea172e48492
EVID-00185,te,"చాట్ లాగ్: 'Surat దగ్గర రాత్రి 11 గంటలకు కలుద్దాం, ఒక కొడవలి తీసుకురా, ఎవరికీ చెప్పకు.'",chat_log,threatening,2024-04-13,05dde5622090448cabfc048955775956814eb62811021fed64ecfdb3325392d7
EVID-00186,ta,"மின்னஞ்சல் தலைப்பு மூல ஐபி 177.221.183.178 ஐ காட்டுகிறது, 2024-02-08 அன்று jkttrrkeeaamkll@example.net க்கு அனுப்பப்பட்டது.",email,neutral,2024-02-08,46a967c499e8d6870e761a01ed397a3b059c09d535f783d062075560b81dd1ea
EVID-00187,hi,"चैट लॉग: 'Patna के पास रात 11 बजे मिलो, एक चाकू लाना, किसी को मत बताना।'",email,threatening,2024-08-25,cca5fd3cba06c10f6a4537b88cbc5c5a8ba674b82b82b0966c518bf47fe35c06
EVID-00188,te,"ఇమెయిల్ హెడర్ మూల ఐపీ 185.27.96.51 చూపిస్తుంది, 2024-05-14 న kaladivyansh@example.comకు ఫార్వార్డ్ చేయబడింది.",sms,neutral,2024-05-14,65747701a2fc38a4f1550de1567009472bd0122525e6614ab23211342ddbd324
EVID-00189,bn,"চ্যাট লগ: 'Chandigarh এর কাছে রাত ১১টায় দেখা করো, একটি কাস্তে নিয়ে এসো, কাউকে বলো না।'",email,threatening,2025-01-31,24a581f40f76e2d26f66ce722fde343d9ec2b2966fd25ffdc7e12b9af5423f06
EVID-00190,ta,"எழிற்கோ இன் செய்தி: 'Chandigarh அருகே யாரோ என்னை பின்தொடர்வதாக நினைக்கிறேன், மிகவும் பயமாக இருக்கிறது, தயவுசெய்து உதவுங்கள்.'",chat_log,distressed,2025-08-03,fa9afbdebc09d05f3f0872ab234a8eb11755c1c677603e87a10e6fd6d33b852a
EVID-00191,en,"Message from Onkar Karnik: 'I think I'm being followed near Kolkata, I'm really scared, please help me.'",chat_log,distressed,2024-03-30,76e1d2eb28019ea0b19214afa4df4ace60a72a1b24bdcbd96bb1d2fbf92dfd3a
EVID-00192,mr,"ईमेल हेडरमध्ये मूळ आयपी 134.248.200.117 दिसतो, 2024-03-10 रोजी gerajiya@example.org वर फॉरवर्ड केले.",sms,neutral,2024-03-10,857d811977d6d84fe07f12fcd6e2235700b22dbe98da47ec827d278e91874a3c
EVID-00193,bn,"ইমেইল হেডারে মূল আইপি 17.122.192.244 দেখা যাচ্ছে, 2025-04-16 তারিখে aabuminyaa@example.com এ ফরওয়ার্ড করা হয়েছে।",call_transcript,neutral,2025-04-16,dc1c3ce8df485b199021b76976a6a46b39dc2e522c43159087eb5079b069c81c
EVID-00194,bn,"সাব্বির হুরাইরা এর বার্তা: 'আমার মনে হচ্ছে Patna এর কাছে কেউ আমাকে অনুসরণ করছে, আমি খুব ভয় পাচ্ছি, দয়া করে সাহায্য করুন।'",chat_log,distressed,2025-08-05,3c38e6c6d4a24ef8918904eaf5ccdc695ccd54acb1e84bb3e219239d2e00cf5e
EVID-00195,bn,"চ্যাট লগ: 'Lucknow এর কাছে রাত ১১টায় দেখা করো, একটি কাস্তে নিয়ে এসো, কাউকে বলো না।'",call_transcript,threatening,2025-09-26,aca96abb3a96f93ee302669c1f3d1ff250d543e5c1546c41d28a8f39684f1a53
EVID-00196,bn,"দূর্গা সিনহা এর বার্তা: 'আমার মনে হচ্ছে Coimbatore এর কাছে কেউ আমাকে অনুসরণ করছে, আমি খুব ভয় পাচ্ছি, দয়া করে সাহায্য করুন।'",call_transcript,distressed,2024-03-26,7a8ccabf6ed3c2890702ece6577cafc94c59e648e270704c5118c66f405fe80f
EVID-00197,bn,"ব্যবহারকারী চালানের বিষয়ে nraay@example.com এ রহিম হক এর সাথে যোগাযোগ করেছেন, 2025-07-28 এর আগে অ্যাকাউন্টে সোনার গহনা পাঠান।",email,deceptive,2025-07-28,53858a2fb8b296e44e0fb057ca37668cb5bc8f37dbf0474fbeee7d261162f49d
EVID-00198,en,"Message from Ira Garg: 'I think I'm being followed near Lucknow, I'm really scared, please help me.'",chat_log,distressed,2025-08-06,dc0be8c0c1b070b521cefb1ff17fa59aac910c2b3911f5a8337258db724d5056
EVID-00199,hi,"अनाया अरोड़ा का संदेश: 'मुझे लगता है Indore के पास कोई मेरा पीछा कर रहा है, मैं बहुत डरी हुई हूँ, कृपया मदद करें।'",call_transcript,distressed,2024-12-23,297d653313c73afd90bd5820a3c4c2064d9ac2bcad6381ee49145035274aec48
EVID-00200,te,"వినియోగదారు షిప్‌మెంట్ గురించి ljaggi@example.org వద్ద Kiran Babuని సంప్రదించారు, 2024-07-03 లోపు ఖాతాకు ఒక మొబైల్ ఫోన్ పంపండి.",call_transcript,deceptive,2024-07-03,9e2686fe736ab76a525703ea659cfd30587b8b2c035be463758e247acd8a1fba
EVID-00201,mr,"ईमेल हेडरमध्ये मूळ आयपी 59.53.231.79 दिसतो, 2024-11-20 रोजी dugaldamini@example.com वर फॉरवर्ड केले.",call_transcript,neutral,2024-11-20,2cbeb9515823b726fc0814913e4276996fd41bbc3cf1488b46d0e30fe074faf4
EVID-00202,hi,"उपयोगकर्ता ने shkti04@example.com पर भारत, अयांश से शिपमेंट के बारे में संपर्क किया, 2025-04-10 से पहले खाते में एक दोपहिया वाहन भेजें।",email,deceptive,2025-04-10,24f8d9349b7f7032a02aada3e1c858776444851a6c07d04660a4b8e05bb0e686
EVID-00203,mr,"Amit Kulkarni चा संदेश: 'मला वाटतंय Pune जवळ कोणीतरी माझा पाठलाग करत आहे, मी खूप घाबरले आहे, कृपया मदत करा.'",chat_log,distressed,2024-02-02,c810db38b1a10289bcfb0ce56893eea21cd06e5a5fc4ce3b2b5b0bf2f124a07a
EVID-00204,bn,"চ্যাট লগ: 'Bhopal এর কাছে রাত ১১টায় দেখা করো, একটি কাস্তে নিয়ে এসো, কাউকে বলো না।'",chat_log,threatening,2024-02-25,305a79561c077bfdfd3e20026ef65fe34ca5288b65ebbc181845531da39353f0
EVID-00205,te,"చాట్ లాగ్: 'Jaipur దగ్గర రాత్రి 11 గంటలకు కలుద్దాం, ఒక ఇనుప రాడ్ తీసుకురా, ఎవరికీ చెప్పకు.'",chat_log,threatening,2024-03-26,efc260e5f80728cd44688b5d175cdd4e2fe05fd5c3af8309b32a47b7ca0a5f24
EVID-00206,bn,"রহিম বিশ্বাস এর বার্তা: 'আমার মনে হচ্ছে Indore এর কাছে কেউ আমাকে অনুসরণ করছে, আমি খুব ভয় পাচ্ছি, দয়া করে সাহায্য করুন।'",email,distressed,2025-04-07,4a333dd4f8198ad7c4bc125b579fcfdde1d2eaffa2c019baac590feb59dea5c4
EVID-00207,te,"ఇమెయిల్ హెడర్ మూల ఐపీ 210.108.25.131 చూపిస్తుంది, 2025-03-14 న qraval@example.orgకు ఫార్వార్డ్ చేయబడింది.",sms,neutral,2025-03-14,a6c9b2c5ac79d09840afbc233bde573a7c22dad797f7c58f1f21f8e5a64713bf
EVID-00208,hi,"कुमार, अनन्या का संदेश: 'मुझे लगता है Pune के पास कोई मेरा पीछा कर रहा है, मैं बहुत डरी हुई हूँ, कृपया मदद करें।'",email,distressed,2025-05-08,5cbd6f5de8c3dc347f727c5ce6a584ea820e614694201ecd8846750cced16313
EVID-00209,te,"చాట్ లాగ్: 'Nagpur దగ్గర రాత్రి 11 గంటలకు కలుద్దాం, ఒక కొడవలి తీసుకురా, ఎవరికీ చెప్పకు.'",chat_log,threatening,2025-07-28,3d6a928b1a20e3a5ce2d5df74dedf7812de6c112660ad7af53c5c85a83637a09
EVID-00210,te,"వినియోగదారు షిప్‌మెంట్ గురించి badalamani@example.com వద్ద Sowmya Raniని సంప్రదించారు, 2024-11-20 లోపు ఖాతాకు ఒక ద్విచక్ర వాహనం పంపండి.",email,deceptive,2024-11-20,4e2a4d8f978f3bd90cb6869d25083701a12a4c0481f771072209e418eaf79753
EVID-00211,mr,"ईमेल हेडरमध्ये मूळ आयपी 182.212.22.17 दिसतो, 2025-02-20 रोजी jmahal@example.com वर फॉरवर्ड केले.",chat_log,neutral,2025-02-20,41e8941db0f48a8a5f804f0bc94ca377e5bdc4a386935e846111e5341bfdaf26
EVID-00212,mr,"चॅट लॉग: 'Patna जवळ रात्री ११ वाजता भेट, एक चाकू आण, कोणालाही सांगू नकोस.'",call_transcript,threatening,2024-08-11,ed9ba5a2b16a3aef8cfe468a62e336e5e5fdb13225e4ccba400518e225d93c5d
EVID-00213,te,"చాట్ లాగ్: 'Hyderabad దగ్గర రాత్రి 11 గంటలకు కలుద్దాం, ఒక కొడవలి తీసుకురా, ఎవరికీ చెప్పకు.'",email,threatening,2024-12-22,c97cf313bfafe940c9c62f0ec1f543b960d9e3d4644fd1a952088d568ba5a660
EVID-00214,te,"ఇమెయిల్ హెడర్ మూల ఐపీ 136.22.70.174 చూపిస్తుంది, 2024-01-17 న madanishita@example.orgకు ఫార్వార్డ్ చేయబడింది.",sms,neutral,2024-01-17,610a35f62939fd2fdc78ee72d4dc8379a33cd7eb255c2980d26f6f4c6408bb62
EVID-00215,ta,"ஷானன் இன் செய்தி: 'Chennai அருகே யாரோ என்னை பின்தொடர்வதாக நினைக்கிறேன், மிகவும் பயமாக இருக்கிறது, தயவுசெய்து உதவுங்கள்.'",sms,distressed,2025-02-27,b8b4ab5066281af2274d1c07454bb9575c70d320cd04f510de9783611cf0d855
EVID-00216,bn,"ব্যবহারকারী চালানের বিষয়ে mnddlduurgaa@example.org এ রোহিত খান এর সাথে যোগাযোগ করেছেন, 2024-12-09 এর আগে অ্যাকাউন্টে একটি ল্যাপটপ পাঠান।",email,deceptive,2024-12-09,7930213cd904f12e759f442ef25bcaedcc2e768eb0cd87197a143b620c25ac59
EVID-00217,mr,"चॅट लॉग: 'Nagpur जवळ रात्री ११ वाजता भेट, एक कट्टा आण, कोणालाही सांगू नकोस.'",call_transcript,threatening,2025-09-01,ee0379bd60838bbfa64901a191776f631a0e4e53848e42857f3f17c7ea4d02e0
EVID-00218,mr,"वापरकर्त्याने शिपमेंटबाबत zlala@example.net वर Sanjay More शी संपर्क साधला, 2024-04-11 पूर्वी खात्यात एक लॅपटॉप पाठवा.",chat_log,deceptive,2024-04-11,135c0f09e995232848c5ce0ba2aec29933fb802496d2ec3a18dab9d25f672c2b
EVID-00219,en,"User contacted Biju Dave at gsamra@example.net regarding the shipment, transfer a mobile phone to the account before 2025-05-23.",call_transcript,deceptive,2025-05-23,ca2d7c2a49c553bc3b6893797bbe27b9b2332a3a16c31371952236b612a199df
EVID-00220,ta,"அரட்டை பதிவு: 'Guwahati அருகே இரவு 11 மணிக்கு சந்திப்போம், ஒரு கத்தி கொண்டு வா, யாரிடமும் சொல்லாதே.'",email,threatening,2025-03-06,5d28468c2c8d1918c5811b3aacd3b257514d126b958e7a6c3b351cb59bcc0c81
EVID-00221,mr,"वापरकर्त्याने शिपमेंटबाबत hunariyengar@example.com वर Nikhil Jadhav शी संपर्क साधला, 2025-04-25 पूर्वी खात्यात सोन्याचे दागिने पाठवा.",sms,deceptive,2025-04-25,d1057c4d38c04d445325ffe5ccccd58bc3d51636f1a7816cd6c95cd3d5b853f8
EVID-00222,mr,"ईमेल हेडरमध्ये मूळ आयपी 53.8.231.144 दिसतो, 2024-08-17 रोजी anahi88@example.org वर फॉरवर्ड केले.",sms,neutral,2024-08-17,46064c664976c62a4394f1a9aceac457b7a09d69d13e63209e18ed23b7382a89
EVID-00223,te,"Ravi Kumar నుండి సందేశం: 'Lucknow దగ్గర ఎవరో నన్ను వెంబడిస్తున్నారని అనిపిస్తోంది, చాలా భయంగా ఉంది, దయచేసి సహాయం చేయండి.'",chat_log,distressed,2024-01-05,177d226c6f13b1fbc2a910ffe048a3de0606d0873405633a26b505a1f3eae241
EVID-00224,en,"Email header shows origin IP 130.221.87.31, forwarded to ramanindrans@example.org on 2025-06-15.",sms,neutral,2025-06-15,b277296558aa9b007f265def15f720a88ba952ed084a7b060ac568397f84df3b
EVID-00225,hi,"देन्यल डानी का संदेश: 'मुझे लगता है Guwahati के पास कोई मेरा पीछा कर रहा है, मैं बहुत डरी हुई हूँ, कृपया मदद करें।'",email,distressed,2025-07-23,137758da2c2b4746b611da189d5369d483fa77b0d6dee3cd970ab8bccb276520
EVID-00226,ta,"அரட்டை பதிவு: 'Indore அருகே இரவு 11 மணிக்கு சந்திப்போம், ஒரு கத்தி கொண்டு வா, யாரிடமும் சொல்லாதே.'",call_transcript,threatening,2025-03-15,77ad8decd5cf9e4e52921f7197321a8ddbc26867c0ed503bbdb533b8fe90fefd
EVID-00227,te,"Suresh Rao నుండి సందేశం: 'Indore దగ్గర ఎవరో నన్ను వెంబడిస్తున్నారని అనిపిస్తోంది, చాలా భయంగా ఉంది, దయచేసి సహాయం చేయండి.'",email,distressed,2024-06-11,1abfcb2413fc1b85c8d92638e9febf278c3e56b8dd25c10e23c402a106950122
EVID-00228,en,"Email header shows origin IP 3.224.193.40, forwarded to hazel80@example.org on 2025-02-05.",email,neutral,2025-02-05,51f67a667deeca27d5f9f1e46205cc8aed2ae868104ee66db1ce0a07b93a71a5
EVID-00229,bn,"মৃত্যুঞ্জয় সিনহা এর বার্তা: 'আমার মনে হচ্ছে Pune এর কাছে কেউ আমাকে অনুসরণ করছে, আমি খুব ভয় পাচ্ছি, দয়া করে সাহায্য করুন।'",chat_log,distressed,2024-01-27,c3fbcaadd9a96543d81b3515c4c902f16f2604829d2c13a0ff56118fab8345f6
EVID-00230,te,"వినియోగదారు షిప్‌మెంట్ గురించి isathe@example.com వద్ద Sowmya Raniని సంప్రదించారు, 2025-07-10 లోపు ఖాతాకు ఒక ల్యాప్‌టాప్ పంపండి.",call_transcript,deceptive,2025-07-10,f7c0c972456b19a6e5f6b88f2ad752718f3331e0da8945e7895f3f2c560706af
EVID-00231,en,"Chat log: 'meet me near Kolkata at 11pm, bring a sickle, don't tell anyone.'",email,threatening,2024-07-10,964b1d855571b9cf834c58fba7de09a9af997aeab854180785acbf82ab4b6508
EVID-00232,bn,"ব্যবহারকারী চালানের বিষয়ে gpaal@example.com এ অহনা দে এর সাথে যোগাযোগ করেছেন, 2024-09-23 এর আগে অ্যাকাউন্টে নগদ টাকা পাঠান।",sms,deceptive,2024-09-23,5b42a21f57aeeca3697a70ee7cb29a50d0ef62691b5f7ee93e7ba3103f594380
EVID-00233,en,"User contacted Drishya Deshmukh at asubramanian@example.org regarding the shipment, transfer a laptop to the account before 2024-04-15.",call_transcript,deceptive,2024-04-15,8d6075108b4dfc4198624c481debdf0c0f7edcf51c254191f969e47bdb4af1af
EVID-00234,ta,"மின்னஞ்சல் தலைப்பு மூல ஐபி 204.25.23.156 ஐ காட்டுகிறது, 2024-10-16 அன்று srsvti17@example.org க்கு அனுப்பப்பட்டது.",email,neutral,2024-10-16,948753d22c165241b92485ea7a9bb642991261e8671faf7c3c1fd159d0bde582
EVID-00235,en,"Message from Vardaniya Cherian: 'I think I'm being followed near Bengaluru, I'm really scared, please help me.'",chat_log,distressed,2024-07-31,a98541c3438f12bb0f2a29c2cb1ef0a0136fa1dd697297c4c280ebb8699c6213
EVID-00236,mr,"वापरकर्त्याने शिपमेंटबाबत ryandara@example.com वर Rohan Deshmukh शी संपर्क साधला, 2025-10-02 पूर्वी खात्यात रोख रक्कम पाठवा.",email,deceptive,2025-10-02,963a4c7e0c639dfe3dfc5fcfefc295669c3cbdfb05d4ffa1443da89ebfe6bb8c
EVID-00237,te,"చాట్ లాగ్: 'Indore దగ్గర రాత్రి 11 గంటలకు కలుద్దాం, ఒక ఇనుప రాడ్ తీసుకురా, ఎవరికీ చెప్పకు.'",sms,threatening,2024-06-13,94536ca83fb6ee0eee4e17332263dda7cbe46efad2e7d79a6a2697abce1615ec
EVID-00238,en,"Email header shows origin IP 189.52.30.31, forwarded to damini52@example.org on 2024-12-17.",call_transcript,neutral,2024-12-17,ad039d6fe1cf9283ec3a8a48d02958e1470be4db53e677de131750d019466bb0
EVID-00239,ta,"மின்னஞ்சல் தலைப்பு மூல ஐபி 187.41.150.234 ஐ காட்டுகிறது, 2025-06-18 அன்று nnnnmollliicaittmpi@example.net க்கு அனுப்பப்பட்டது.",chat_log,neutral,2025-06-18,ab8e9d41e3fbaf0e24fe2628662085b2812e9ff031c24d14cfcfa4d3b6ff916d
EVID-00240,hi,"चैट लॉग: 'Chandigarh के पास रात 11 बजे मिलो, एक चाकू लाना, किसी को मत बताना।'",email,threatening,2024-01-24,693635a339b1f4ae5197b338b6d9df65990365a2958cf28f5399e31ae8191b71
EVID-00241,bn,"চ্যাট লগ: 'Chennai এর কাছে রাত ১১টায় দেখা করো, একটি দেশি পিস্তল নিয়ে এসো, কাউকে বলো না।'",email,threatening,2024-12-01,03e86d0625c8314b8fbbe694d76c415886d82e74a638bc8f7e53b781025f650b
EVID-00242,en,"Chat log: 'meet me near Kolkata at 11pm, bring an iron rod, don't tell anyone.'",chat_log,threatening,2025-05-08,4476ca4dfe5e8d78f52bfeeab86f7ac861d0eb86e4f6c0f2acfa11f70f433a40
EVID-00243,bn,"হৈমন্তী মজুমদার এর বার্তা: 'আমার মনে হচ্ছে Kochi এর কাছে কেউ আমাকে অনুসরণ করছে, আমি খুব ভয় পাচ্ছি, দয়া করে সাহায্য করুন।'",call_transcript,distressed,2025-05-22,d799741409ff304500f4fe6fc87c190d1240b7cfd7ae3ea93aab88759f7af6fd
EVID-00244,hi,"गर्ग, अशोक का संदेश: 'मुझे लगता है Jaipur के पास कोई मेरा पीछा कर रहा है, मैं बहुत डरी हुई हूँ, कृपया मदद करें।'",chat_log,distressed,2024-10-14,0532f5aa68a1aa687bff1886aa8bd8a1e7bfbc5a07d4e8c815e4da985505e2a1
EVID-00245,ta,"உத்கர்ஷா நம்பி இன் செய்தி: 'Guwahati அருகே யாரோ என்னை பின்தொடர்வதாக நினைக்கிறேன், மிகவும் பயமாக இருக்கிறது, தயவுசெய்து உதவுங்கள்.'",call_transcript,distressed,2024-07-29,f520c38c2c25988b241993d66bc21415d17cc3211110c6e730f867ea1e7254e0
EVID-00246,mr,"वापरकर्त्याने शिपमेंटबाबत chadazain@example.com वर Vikram Shinde शी संपर्क साधला, 2025-09-29 पूर्वी खात्यात एक दुचाकी पाठवा.",call_transcript,deceptive,2025-09-29,f5398cc378fae94d01a699ce60a14f38f2de2033a14e99651f470924cd5ecf8f
EVID-00247,mr,"Priya Patil चा संदेश: 'मला वाटतंय Guwahati जवळ कोणीतरी माझा पाठलाग करत आहे, मी खूप घाबरले आहे, कृपया मदत करा.'",email,distressed,2024-03-06,8f9735005672071cce7b9c028060aab19923f0f5ef6215ea363b71c3e3ab47e4
EVID-00248,en,"Email header shows origin IP 99.102.226.44, forwarded to hiranbiswas@example.org on 2025-02-23.",sms,neutral,2025-02-23,d2a41276f5f1bd5501a35d9d6d32409937c38013fbaa4210ce737f1b240b5ac5
EVID-00249,mr,"चॅट लॉग: 'Chennai जवळ रात्री ११ वाजता भेट, एक कट्टा आण, कोणालाही सांगू नकोस.'",sms,threatening,2025-03-15,f91f168f0c697463d0a7f6ff37024cafe3121fc8581a4ff94b4b3e74d8f216ca
EVID-00250,hi,"चैट लॉग: 'Bengaluru के पास रात 11 बजे मिलो, एक कट्टा लाना, किसी को मत बताना।'",sms,threatening,2025-01-15,ecbdab30ffb6ae02623f377a32d8e8a02d84e1bdff395d6f964fe2c2d3cbefc6
EVID-00251,en,"Chat log: 'meet me near Mumbai at 11pm, bring an iron rod, don't tell anyone.'",call_transcript,threatening,2024-12-02,a033338f9707791b2b0af72ee3c316a2490eadb16e17176e085e7d004f4b1b96
EVID-00252,ta,"மணிக்கொடி எரிதழல் இன் செய்தி: 'Surat அருகே யாரோ என்னை பின்தொடர்வதாக நினைக்கிறேன், மிகவும் பயமாக இருக்கிறது, தயவுசெய்து உதவுங்கள்.'",sms,distressed,2024-03-08,77b47c29aeaf726c2ff54c1457b90198aec6843cfab66e954eb353471ae03d0e
EVID-00253,ta,"மின்னஞ்சல் தலைப்பு மூல ஐபி 13.107.115.36 ஐ காட்டுகிறது, 2025-07-28 அன்று mnnivnnnnnnnrkciyaa@example.org க்கு அனுப்பப்பட்டது.",chat_log,neutral,2025-07-28,35e4392ac54c203f58bb5201ac81aff294577aeff68318f5f1543c0096dd08d0
EVID-00254,ta,"அரட்டை பதிவு: 'Bhopal அருகே இரவு 11 மணிக்கு சந்திப்போம், ஒரு அரிவாள் கொண்டு வா, யாரிடமும் சொல்லாதே.'",email,threatening,2024-11-23,5ad5b0f3ed71ea265e7e63f3c308832f9d6a1cc845cfd470f9c3522745048538
EVID-00255,en,"Message from Piya Chacko: 'I think I'm being followed near Kanpur, I'm really scared, please help me.'",chat_log,distressed,2024-10-08,7e25d3d08dfd04add1332dce26a21ba7db2062f648f3afe988eed7f0c8ac332c
EVID-00256,en,"Message from Advik Rama: 'I think I'm being followed near Patna, I'm really scared, please help me.'",email,distressed,2024-11-30,6876d2e65eda4ca5eef1ba297de4acd80aef47f18ac66a51d869d73abc20e800
EVID-00257,ta,"பயனர் தங்கம் உடன் pakilaa@example.org இல் அனுப்புகை குறித்து தொடர்பு கொண்டார், 2025-08-12 க்கு முன் கணக்கிற்கு ஒரு மொபைல் போன் அனுப்பவும்.",call_transcript,deceptive,2025-08-12,a1ce921db85815765437028026781e7d2d528b078864574aa678e9e3961175a8
EVID-00258,bn,"ব্যবহারকারী চালানের বিষয়ে surbhimjumdaar@example.net এ আকাশ চন্দ্র এর সাথে যোগাযোগ করেছেন, 2025-06-30 এর আগে অ্যাকাউন্টে একটি মোবাইল ফোন পাঠান।",sms,deceptive,2025-06-30,beccbe083da648c2f01f1616359cfd2d666bcb102a81282d4e2c1be0b8ec5847
EVID-00259,te,"ఇమెయిల్ హెడర్ మూల ఐపీ 145.27.135.127 చూపిస్తుంది, 2025-03-01 న yashvimajumdar@example.comకు ఫార్వార్డ్ చేయబడింది.",sms,neutral,2025-03-01,23bef447d3558e4a7fd274aad9acea403d5c9015dfdc56440a7ebf3d02c901bd
EVID-00260,bn,"ইমেইল হেডারে মূল আইপি 10.35.246.211 দেখা যাচ্ছে, 2025-07-23 তারিখে ksin@example.com এ ফরওয়ার্ড করা হয়েছে।",call_transcript,neutral,2025-07-23,124692a173de16e0e52a255c1826a347161756dec4fc3c011fb9825a4ef8c3d5
EVID-00261,ta,"தணிகைமுருகன் இன் செய்தி: 'Delhi அருகே யாரோ என்னை பின்தொடர்வதாக நினைக்கிறேன், மிகவும் பயமாக இருக்கிறது, தயவுசெய்து உதவுங்கள்.'",chat_log,distressed,2025-04-10,6418d3a94d35140a8c3fe38cec2dfe14c487a667fa110dee06d73c168d6d5362
EVID-00262,bn,"ব্যবহারকারী চালানের বিষয়ে mukhaarjikaaberi@example.net এ আশা আক্তার এর সাথে যোগাযোগ করেছেন, 2024-08-17 এর আগে অ্যাকাউন্টে একটি মোবাইল ফোন পাঠান।",chat_log,deceptive,2024-08-17,5badf762c9dc9f704b3aa5f096cf5929402d3bdd0c7a5d86686088a4ab20d499
EVID-00263,hi,"चैट लॉग: 'Chennai के पास रात 11 बजे मिलो, एक लोहे की रॉड लाना, किसी को मत बताना।'",chat_log,threatening,2024-08-19,eaa963fee0af20b29b18f5ac2ff0ce9a6ac52a5ed06356c7bb4999b1269e0221
EVID-00264,hi,"उपयोगकर्ता ने tguptaa@example.net पर बाबू, विजया से शिपमेंट के बारे में संपर्क किया, 2024-09-22 से पहले खाते में एक मोबाइल फोन भेजें।",chat_log,deceptive,2024-09-22,413ec06d60fff220208ccca6fac4f58d62791b6ff9943982b96fae6558b4664a
EVID-00265,en,"Message from Diya Tandon: 'I think I'm being followed near Lucknow, I'm really scared, please help me.'",sms,distressed,2024-12-03,23be0e1e36cbe8d6a3d1a2fc7fadabd5bc7e3ec923424ea9ce8262887b883053
EVID-00266,te,"ఇమెయిల్ హెడర్ మూల ఐపీ 18.34.243.2 చూపిస్తుంది, 2024-05-09 న samiha61@example.netకు ఫార్వార్డ్ చేయబడింది.",email,neutral,2024-05-09,c0d5e885d18122c1796cf4e0bbed47daced91c591890aa120e49f77bcb1b931e
EVID-00267,ta,"அரட்டை பதிவு: 'Bhopal அருகே இரவு 11 மணிக்கு சந்திப்போம், ஒரு அரிவாள் கொண்டு வா, யாரிடமும் சொல்லாதே.'",call_transcript,threatening,2025-06-18,5ad5b0f3ed71ea265e7e63f3c308832f9d6a1cc845cfd470f9c3522745048538
EVID-00268,te,"వినియోగదారు షిప్‌మెంట్ గురించి ivangoda@example.org వద్ద Divya Reddyని సంప్రదించారు, 2024-08-19 లోపు ఖాతాకు నగదు పంపండి.",sms,deceptive,2024-08-19,0a15a68a47c5a4d7510e445afbc06eeee4d262755e5254f6b1026b6f0ea3e968
EVID-00269,bn,"চ্যাট লগ: 'Bengaluru এর কাছে রাত ১১টায় দেখা করো, একটি লোহার রড নিয়ে এসো, কাউকে বলো না।'",chat_log,threatening,2024-09-05,34e7f2cd757aa2dce41a2ce760ddf385f99ce1aae482c68be5504a9cf95af0b0
EVID-00270,en,"Chat log: 'meet me near Kanpur at 11pm, bring a knife, don't tell anyone.'",call_transcript,threatening,2024-01-14,aa1a2d3acad2f44e61bb045a48ceffd968c10f0ad55582c5cbb4350913869ecf
EVID-00271,mr,"ईमेल हेडरमध्ये मूळ आयपी 124.73.138.191 दिसतो, 2024-08-01 रोजी indrajitsen@example.org वर फॉरवर्ड केले.",sms,neutral,2024-08-01,c68994d01cd5fb45747ae60e923a553653a84df4812195faab2bca1e2055ce12
EVID-00272,te,"ఇమెయిల్ హెడర్ మూల ఐపీ 118.3.222.198 చూపిస్తుంది, 2024-08-12 న subramaniamrasha@example.orgకు ఫార్వార్డ్ చేయబడింది.",call_transcript,neutral,2024-08-12,1ce422950e4a1bd676e298f6ab8b3222146b208e0e1c9b539cd03628595563a4
EVID-00273,mr,"वापरकर्त्याने शिपमेंटबाबत vihaangera@example.org वर Pooja Kale शी संपर्क साधला, 2024-07-11 पूर्वी खात्यात रोख रक्कम पाठवा.",sms,deceptive,2024-07-11,1fb474c80a7ba1be1c0e1eb8ff925b8aeddc1852a6a0cf35bb33a531103ee26b
EVID-00274,mr,"वापरकर्त्याने शिपमेंटबाबत taimur10@example.org वर Amit Kulkarni शी संपर्क साधला, 2025-04-17 पूर्वी खात्यात सोन्याचे दागिने पाठवा.",chat_log,deceptive,2025-04-17,a65d1d29eec1cde7c055147f51e19b1f380570e20c145f01545789c6f1a14c76
EVID-00275,hi,"उपयोगकर्ता ने vijyaapusskr@example.org पर अनुपम वफादार से शिपमेंट के बारे में संपर्क किया, 2024-09-30 से पहले खाते में सोने के गहने भेजें।",call_transcript,deceptive,2024-09-30,d5e33b9fa92867e8d32e032c89a81294fa766b10d07a9b93693aeee496bf60f5
EVID-00276,te,"వినియోగదారు షిప్‌మెంట్ గురించి heer51@example.com వద్ద Kiran Babuని సంప్రదించారు, 2024-05-01 లోపు ఖాతాకు ఒక ద్విచక్ర వాహనం పంపండి.",sms,deceptive,2024-05-01,4104c95e27aabb1a6884d443de9440e281e96ba5064d7aa25fc7824c4d83b20d
EVID-00277,mr,"ईमेल हेडरमध्ये मूळ आयपी 73.58.223.159 दिसतो, 2025-03-17 रोजी vanyajha@example.com वर फॉरवर्ड केले.",chat_log,neutral,2025-03-17,0d8884c6510e1c3c65766af882a562218a83b2f077c079e125b2ecfb2047f5c5
EVID-00278,mr,"Sanjay More चा संदेश: 'मला वाटतंय Nagpur जवळ कोणीतरी माझा पाठलाग करत आहे, मी खूप घाबरले आहे, कृपया मदत करा.'",email,distressed,2025-01-26,ec8b504797b948d5efa63e6aa13341d06fa37636c2cbd8d1d35cc2164afdc936
EVID-00279,bn,"ইমেইল হেডারে মূল আইপি 66.140.17.151 দেখা যাচ্ছে, 2025-08-31 তারিখে jaamaanpriyaa@example.net এ ফরওয়ার্ড করা হয়েছে।",call_transcript,neutral,2025-08-31,ee31ff675b796f7cb5f6f572d971e4642801925f913775a4d64493f3f309aa09
EVID-00280,ta,"பயனர் இசையேந்தல் உடன் nckuntnnn@example.com இல் அனுப்புகை குறித்து தொடர்பு கொண்டார், 2024-09-11 க்கு முன் கணக்கிற்கு ஒரு மொபைல் போன் அனுப்பவும்.",email,deceptive,2024-09-11,f839dd51b4eff8ebfbbb6ea082b9c1769ef435c5b794c42a4dee3c1e5b7696c4
EVID-00281,en,"Chat log: 'meet me near Delhi at 11pm, bring a knife, don't tell anyone.'",chat_log,threatening,2024-09-29,edf5b055245ab8a50c90a15a81c1ba466ee95e9234882f6e49436feff3b2d3a3
EVID-00282,ta,"சங்கமித்ரா இன் செய்தி: 'Chennai அருகே யாரோ என்னை பின்தொடர்வதாக நினைக்கிறேன், மிகவும் பயமாக இருக்கிறது, தயவுசெய்து உதவுங்கள்.'",call_transcript,distressed,2025-09-27,aa3764e84cb95c350e9a0bb58e45a8f54bec8e00dd0bad1819831003c14b4aa5
EVID-00283,mr,"चॅट लॉग: 'Ahmedabad जवळ रात्री ११ वाजता भेट, एक लोखंडी रॉड आण, कोणालाही सांगू नकोस.'",email,threatening,2024-07-29,ddae3875823013d81375e119e71cdb651b319cc074705cb0b36f82e2aca0503a
EVID-00284,bn,"চ্যাট লগ: 'Lucknow এর কাছে রাত ১১টায় দেখা করো, একটি লোহার রড নিয়ে এসো, কাউকে বলো না।'",call_transcript,threatening,2024-04-06,bfd127c6806d6d315c96e3c83eccc669132a6affbf128053c177ab11de303e73
EVID-00285,te,"చాట్ లాగ్: 'Ahmedabad దగ్గర రాత్రి 11 గంటలకు కలుద్దాం, ఒక దేశీ తుపాకీ తీసుకురా, ఎవరికీ చెప్పకు.'",email,threatening,2024-03-12,05a0cd3316444c8f356596b996b778c061c1108bc3b66de848045c0fc42b83cf
EVID-00286,bn,"শাহজাহান প্রামানিক এর বার্তা: 'আমার মনে হচ্ছে Patna এর কাছে কেউ আমাকে অনুসরণ করছে, আমি খুব ভয় পাচ্ছি, দয়া করে সাহায্য করুন।'",sms,distressed,2025-04-30,d0215650e544c7495a136cb6fd8b668eec6e0b9a47d7985a6202606421fa3215
EVID-00287,en,"User contacted Kartik Dugar at hridaanyohannan@example.org regarding the shipment, transfer a mobile phone to the account before 2024-06-23.",sms,deceptive,2024-06-23,e7ac677901e1b48ff8959bded5ea848560f5495c78b4219d39bf083e8efc7ae8
EVID-00288,mr,"वापरकर्त्याने शिपमेंटबाबत jgole@example.com वर Pooja Kale शी संपर्क साधला, 2025-04-28 पूर्वी खात्यात सोन्याचे दागिने पाठवा.",chat_log,deceptive,2025-04-28,6f637a98a82a27a05952d4c9161fb6b4406b1cb590e26f145ed93a666ddee910
EVID-00289,en,"Chat log: 'meet me near Guwahati at 11pm, bring an iron rod, don't tell anyone.'",email,threatening,2025-06-21,ed3062c182203fbd3f58f03e6c56c2ee071c216ed50b5730b39ef8d4a25dfbcd
EVID-00290,en,"Message from Yakshit Koshy: 'I think I'm being followed near Chennai, I'm really scared, please help me.'",sms,distressed,2025-04-08,458c38af433e62ce1808989e0dc865385a4bf2d7dabf98f3acbd73a7179ec46b
EVID-00291,ta,"யாழின் இன் செய்தி: 'Jaipur அருகே யாரோ என்னை பின்தொடர்வதாக நினைக்கிறேன், மிகவும் பயமாக இருக்கிறது, தயவுசெய்து உதவுங்கள்.'",chat_log,distressed,2025-01-08,b862ae200064df824ec31cb8b36e9da8c844cf2fb0fc0ffa27723602f9e5ff86
EVID-00292,bn,"মিম আলি এর বার্তা: 'আমার মনে হচ্ছে Lucknow এর কাছে কেউ আমাকে অনুসরণ করছে, আমি খুব ভয় পাচ্ছি, দয়া করে সাহায্য করুন।'",chat_log,distressed,2025-09-02,614fd12fc654e6a157b171874656d9b92aedf373d29fafe316c70ac5859a2979
EVID-00293,bn,"চ্যাট লগ: 'Coimbatore এর কাছে রাত ১১টায় দেখা করো, একটি ছুরি নিয়ে এসো, কাউকে বলো না।'",email,threatening,2025-02-24,cd7555646738e0618171a7bbf572e342f3a3492b67226d2867f865c4ea035a58
EVID-00294,bn,"প্রিয়তি খানম এর বার্তা: 'আমার মনে হচ্ছে Kanpur এর কাছে কেউ আমাকে অনুসরণ করছে, আমি খুব ভয় পাচ্ছি, দয়া করে সাহায্য করুন।'",sms,distressed,2025-08-14,f741dab9be77f59c2d5a8ddb632b748a6f55c56e4a4f45fbe78aa8403ebf8e57
EVID-00295,hi,"ईमेल हेडर मूल आईपी 141.96.211.147 दिखाता है, 2024-04-20 को yluuthraa@example.net पर अग्रेषित किया गया।",call_transcript,neutral,2024-04-20,aa961bf20de7d7993430e5ded6df5b83e796070e5ff92a4a2770c85bb37eff28
EVID-00296,ta,"ஆடலரசன் இன் செய்தி: 'Hyderabad அருகே யாரோ என்னை பின்தொடர்வதாக நினைக்கிறேன், மிகவும் பயமாக இருக்கிறது, தயவுசெய்து உதவுங்கள்.'",call_transcript,distressed,2024-12-05,997ab740944e1ac8cea3ad70d61a1855670fcda2f94209cd06c53c4ba69cb549
EVID-00297,bn,"ইমেইল হেডারে মূল আইপি 192.143.67.243 দেখা যাচ্ছে, 2025-08-16 তারিখে ashok25@example.net এ ফরওয়ার্ড করা হয়েছে।",chat_log,neutral,2025-08-16,c6f86f13a57b2cbbc4c6180bcd27a08eec490d7f4c47b45f580764ac38aa5223
EVID-00298,mr,"वापरकर्त्याने शिपमेंटबाबत jayeshsen@example.com वर Swati Gaikwad शी संपर्क साधला, 2024-04-22 पूर्वी खात्यात एक दुचाकी पाठवा.",call_transcript,deceptive,2024-04-22,545159d9438d95b5731b869a20f0e8235bfa64d118df051f414bbb970d1c1680
EVID-00299,te,"చాట్ లాగ్: 'Patna దగ్గర రాత్రి 11 గంటలకు కలుద్దాం, ఒక దేశీ తుపాకీ తీసుకురా, ఎవరికీ చెప్పకు.'",sms,threatening,2024-10-23,5f3ade3a147cac29930c2aa52cea34adda8a125e9185297ecd8a1bd08ca851c4
EVID-00300,mr,"वापरकर्त्याने शिपमेंटबाबत deshmukhbhamini@example.net वर Sanjay More शी संपर्क साधला, 2025-04-09 पूर्वी खात्यात एक मोबाईल फोन पाठवा.",email,deceptive,2025-04-09,915c530112d0bbf281d7835527a564071d4393e873829062db36c92f841dd3ff
EVID-00301,bn,"ইমেইল হেডারে মূল আইপি 186.64.70.176 দেখা যাচ্ছে, 2025-05-15 তারিখে aajaadbos@example.org এ ফরওয়ার্ড করা হয়েছে।",chat_log,neutral,2025-05-15,ae5e57b70186df0b14aa3ba855836d21f4d0d261e553ac7fc77e67035063f738
EVID-00302,mr,"ईमेल हेडरमध्ये मूळ आयपी 90.118.196.228 दिसतो, 2024-05-21 रोजी jhanvi74@example.org वर फॉरवर्ड केले.",sms,neutral,2024-05-21,aeb6c242ccafb7a4e8fef16a818bf924936a469e31ecab90287fffbcbee62133
EVID-00303,ta,"அரட்டை பதிவு: 'Kochi அருகே இரவு 11 மணிக்கு சந்திப்போம், ஒரு நாட்டு துப்பாக்கி கொண்டு வா, யாரிடமும் சொல்லாதே.'",email,threatening,2024-10-04,142d10d2f007547d1bbe8ac9fd8e76f4e4899d86b99f01cc0e06eca0fad9e8f0
EVID-00304,mr,"Pooja Kale चा संदेश: 'मला वाटतंय Bengaluru जवळ कोणीतरी माझा पाठलाग करत आहे, मी खूप घाबरले आहे, कृपया मदत करा.'",sms,distressed,2024-02-02,3e914b9e3a1835b8d7f9c806455471367373a98147b0a999c4d57fafb512e5d5
EVID-00305,hi,"ईमेल हेडर मूल आईपी 51.32.145.205 दिखाता है, 2024-04-10 को arodddhaaadvikaa@example.org पर अग्रेषित किया गया।",sms,neutral,2024-04-10,0984d0d20490e84ec3d9f8612ce73bf8c10e3687e8e2c8b034cf740818a8f03d
EVID-00306,ta,"மின்னஞ்சல் தலைப்பு மூல ஐபி 95.172.166.217 ஐ காட்டுகிறது, 2025-03-22 அன்று sssvt75@example.org க்கு அனுப்பப்பட்டது.",email,neutral,2025-03-22,073d9e15758223058a1c725fcead0ac8e2f5a5c3866b797faca13d8902f373aa
EVID-00307,te,"చాట్ లాగ్: 'Jaipur దగ్గర రాత్రి 11 గంటలకు కలుద్దాం, ఒక దేశీ తుపాకీ తీసుకురా, ఎవరికీ చెప్పకు.'",sms,threatening,2025-07-21,19274072330cd99c00d8d6fcc6d63e89b7a33ac63dd3b4f27ac32fe6fe8ec47a
EVID-00308,bn,"চ্যাট লগ: 'Bengaluru এর কাছে রাত ১১টায় দেখা করো, একটি লোহার রড নিয়ে এসো, কাউকে বলো না।'",call_transcript,threatening,2025-04-17,34e7f2cd757aa2dce41a2ce760ddf385f99ce1aae482c68be5504a9cf95af0b0
EVID-00309,mr,"ईमेल हेडरमध्ये मूळ आयपी 22.159.103.231 दिसतो, 2025-05-30 रोजी raunak77@example.com वर फॉरवर्ड केले.",call_transcript,neutral,2025-05-30,ce552f77c13254c6c78343d4dca53a7339a70b95bbd5f2c4248d79e16953a816
EVID-00310,bn,"রাসেল চৌধুরী এর বার্তা: 'আমার মনে হচ্ছে Bhopal এর কাছে কেউ আমাকে অনুসরণ করছে, আমি খুব ভয় পাচ্ছি, দয়া করে সাহায্য করুন।'",chat_log,distressed,2025-02-24,49902285b463b65c24dafeafd01508f9830437e1ed9c7c7b1f15d0e3b58b6fc6
EVID-00311,ta,"மின்னஞ்சல் தலைப்பு மூல ஐபி 190.155.233.109 ஐ காட்டுகிறது, 2024-05-23 அன்று cngkelllilunnnmeess@example.net க்கு அனுப்பப்பட்டது.",email,neutral,2024-05-23,6d4bac9ba59c1aaf5a24b4b7045ccfd30b8f5f156533fe6daa9301d30d91a9ea
EVID-00312,ta,"மின்னஞ்சல் தலைப்பு மூல ஐபி 68.123.38.141 ஐ காட்டுகிறது, 2025-09-27 அன்று stirirtnnnaa25@example.com க்கு அனுப்பப்பட்டது.",chat_log,neutral,2025-09-27,f24e470e129a88325f8fb7ead16b9c9f26972dbfe0bae409e80dc8b83c78aaa1
EVID-00313,mr,"Amit Kulkarni चा संदेश: 'मला वाटतंय Indore जवळ कोणीतरी माझा पाठलाग करत आहे, मी खूप घाबरले आहे, कृपया मदत करा.'",chat_log,distressed,2025-06-14,c152cbd8a2deebac0156b1d76016a6db07a9c898474a7d107dda00d5b72d015b
EVID-00314,en,"User contacted Vanya Sule at himmatchaudhry@example.org regarding the shipment, transfer a mobile phone to the account before 2024-12-07.",sms,deceptive,2024-12-07,8b8dea98902f7b8761d5b5b55678139499c60f259839b85077367b257d548c3a
EVID-00315,ta,"பயனர் ஆதி உடன் eelllicaimtieelllicai@example.org இல் அனுப்புகை குறித்து தொடர்பு கொண்டார், 2024-05-04 க்கு முன் கணக்கிற்கு ஒரு மொபைல் போன் அனுப்பவும்.",email,deceptive,2024-05-04,5b8e3bc6a611b0d39b39d8255a0c987da8d9ed4029ef557a39ef2f1a4b9ee417
EVID-00316,ta,"அரட்டை பதிவு: 'Kolkata அருகே இரவு 11 மணிக்கு சந்திப்போம், ஒரு அரிவாள் கொண்டு வா, யாரிடமும் சொல்லாதே.'",sms,threatening,2024-08-16,29f97d638c67e82cec69a3b43ee7c9c752ac1d028ce3f02a559728dfeb2f5364
EVID-00317,te,"వినియోగదారు షిప్‌మెంట్ గురించి jivinthaker@example.net వద్ద Ravi Kumarని సంప్రదించారు, 2024-07-24 లోపు ఖాతాకు ఒక ల్యాప్‌టాప్ పంపండి.",chat_log,deceptive,2024-07-24,662b4e4df6a1429de0dab0ab50685e954b2f71c15af9b75187d3aa7f5c008f12
EVID-00318,en,"Chat log: 'meet me near Kolkata at 11pm, bring a knife, don't tell anyone.'",email,threatening,2024-04-09,673fcc0055c495fe1d69cd1280a5d713341a372536eaa86957fb6ec5d4d4f54f
EVID-00319,en,"Message from Shaan Lad: 'I think I'm being followed near Kanpur, I'm really scared, please help me.'",chat_log,distressed,2025-03-30,1f4408fa01ac7119b954458269eb465217cc96bbbf074b043e969b79490b5f04
EVID-00320,en,"Chat log: 'meet me near Lucknow at 11pm, bring a sickle, don't tell anyone.'",sms,threatening,2024-07-07,f20cc2fc268cb5762bceb0e024ef2bb0a98315c83b489e5a7cd35a5c777b322e
EVID-00321,ta,"பயனர் மணவழகன் உடன் ktiricaivllvnnn@example.com இல் அனுப்புகை குறித்து தொடர்பு கொண்டார், 2024-05-29 க்கு முன் கணக்கிற்கு பணம் அனுப்பவும்.",email,deceptive,2024-05-29,40afc816fd2391eccc066018017da35c63f3d3003b97d0db2bf0e47c299eb865
EVID-00322,hi,"चैट लॉग: 'Ahmedabad के पास रात 11 बजे मिलो, एक कट्टा लाना, किसी को मत बताना।'",call_transcript,threatening,2025-07-13,9efb87ebf78d33f020e860857ab4c670c06d5ef24a238a532027665c1ced7dbb
EVID-00323,mr,"ईमेल हेडरमध्ये मूळ आयपी 188.87.24.4 दिसतो, 2025-05-19 रोजी galareyansh@example.org वर फॉरवर्ड केले.",sms,neutral,2025-05-19,cd14ba92252519d2549795b6e50a4cd234cde71056c5845fb80d165ea23fbaad
EVID-00324,mr,"चॅट लॉग: 'Chennai जवळ रात्री ११ वाजता भेट, एक विळा आण, कोणालाही सांगू नकोस.'",chat_log,threatening,2025-03-11,bc5ae9b33a690843c89e09af2dd510cec7eef03ef428a74dfa8b300542b9db6c
EVID-00325,bn,"ব্যবহারকারী চালানের বিষয়ে aaphsaanaabaagcii@example.net এ মুনতাসির হুরাইরা এর সাথে যোগাযোগ করেছেন, 2025-02-02 এর আগে অ্যাকাউন্টে একটি ল্যাপটপ পাঠান।",sms,deceptive,2025-02-02,ce3ac630be85e9502aa6486595884c6821ceca3b64b965f57bd85f877930c5e2
EVID-00326,en,"Chat log: 'meet me near Chandigarh at 11pm, bring a sickle, don't tell anyone.'",call_transcript,threatening,2024-12-29,210cb93bff87433da18a07c4480a788816a0d1f65dff8cf05a63c2cb2d0ba88a
EVID-00327,te,"చాట్ లాగ్: 'Jaipur దగ్గర రాత్రి 11 గంటలకు కలుద్దాం, ఒక కత్తి తీసుకురా, ఎవరికీ చెప్పకు.'",sms,threatening,2025-01-01,36eb2e1e4cfdeb04069ad45d339d60e9912458f8a8979857bc65ca195c0ab2a7
EVID-00328,te,"ఇమెయిల్ హెడర్ మూల ఐపీ 195.251.244.83 చూపిస్తుంది, 2024-06-04 న manikya45@example.orgకు ఫార్వార్డ్ చేయబడింది.",sms,neutral,2024-06-04,856739bdf51c526c5df474c7b5e6eed1c0ee3d8770a4ecaaa185354df6cbcb91
EVID-00329,mr,"Amit Kulkarni चा संदेश: 'मला वाटतंय Jaipur जवळ कोणीतरी माझा पाठलाग करत आहे, मी खूप घाबरले आहे, कृपया मदत करा.'",call_transcript,distressed,2024-03-10,91554a0bb77b4ee674bce180d8e620bfbe64ca06a43148a919a03c6eea9fef00
EVID-00330,mr,"ईमेल हेडरमध्ये मूळ आयपी 92.101.188.106 दिसतो, 2024-11-27 रोजी sdevi@example.com वर फॉरवर्ड केले.",call_transcript,neutral,2024-11-27,00dcd2e8cc6441389959c26c80a2cc73b1b5bf0c5a34bc337a4a028ff94ff2b5
EVID-00331,en,"User contacted Saksham Lata at fateh54@example.com regarding the shipment, transfer gold jewellery to the account before 2024-08-25.",chat_log,deceptive,2024-08-25,93cf4d57134dc5cf8fc142260fb73fab6df19cd9736f59524d2bf56262f8ba76
EVID-00332,mr,"चॅट लॉग: 'Surat जवळ रात्री ११ वाजता भेट, एक कट्टा आण, कोणालाही सांगू नकोस.'",call_transcript,threatening,2024-04-17,a6aaf9d2492ab6441183c74f844f3b5a5a3c63f5335a2b1a558bc729743c0243
EVID-00333,mr,"वापरकर्त्याने शिपमेंटबाबत vardaniyabedi@example.com वर Sneha Joshi शी संपर्क साधला, 2024-02-08 पूर्वी खात्यात एक मोबाईल फोन पाठवा.",call_transcript,deceptive,2024-02-08,fff0eeb39fbfdc8616e1ee8585e0a96cd02512d78b2c4ce643fb216ed1820d8f
EVID-00334,bn,"ব্যবহারকারী চালানের বিষয়ে rmoddl@example.org এ আজাদ প্রামানিক এর সাথে যোগাযোগ করেছেন, 2024-11-24 এর আগে অ্যাকাউন্টে সোনার গহনা পাঠান।",call_transcript,deceptive,2024-11-24,3a2c803017adc58bf849a8c794a5aa68f39017f3a2d463279de356343987ee48
EVID-00335,mr,"Amit Kulkarni चा संदेश: 'मला वाटतंय Guwahati जवळ कोणीतरी माझा पाठलाग करत आहे, मी खूप घाबरले आहे, कृपया मदत करा.'",call_transcript,distressed,2024-09-15,1ae5a43380be41c795194e8c7260994266b8ba8f02f875d926a3164bf551c126
EVID-00336,te,"చాట్ లాగ్: 'Ahmedabad దగ్గర రాత్రి 11 గంటలకు కలుద్దాం, ఒక దేశీ తుపాకీ తీసుకురా, ఎవరికీ చెప్పకు.'",chat_log,threatening,2025-03-20,05a0cd3316444c8f356596b996b778c061c1108bc3b66de848045c0fc42b83cf
EVID-00337,ta,"அரட்டை பதிவு: 'Mumbai அருகே இரவு 11 மணிக்கு சந்திப்போம், ஒரு கத்தி கொண்டு வா, யாரிடமும் சொல்லாதே.'",chat_log,threatening,2024-02-04,a02e3e053449fa3c519a12598b471d3f2a4fa469297482725df012bdc8092c7e
EVID-00338,bn,"প্রীতি বেগম এর বার্তা: 'আমার মনে হচ্ছে Bhopal এর কাছে কেউ আমাকে অনুসরণ করছে, আমি খুব ভয় পাচ্ছি, দয়া করে সাহায্য করুন।'",email,distressed,2024-07-08,3ff9682c78329ec4326949407fe31ca72c0c4d6acb3ca9814bb1f3fc044e4685
EVID-00339,hi,"ईमेल हेडर मूल आईपी 78.47.96.140 दिखाता है, 2024-12-26 को vidyaashrmaa@example.org पर अग्रेषित किया गया।",email,neutral,2024-12-26,fa2f96721d0fbf5a13d76ce7468a5a6d724aa46490ef594914efaa21514162a4
EVID-00340,en,"User contacted Nakul Jayaraman at kiaan53@example.com regarding the shipment, transfer cash to the account before 2024-03-13.",email,deceptive,2024-03-13,d5164e7ec7f93a48441a0bcce892402647b07ab2039c7426d9b3a90059fb2479
EVID-00341,ta,"அரட்டை பதிவு: 'Lucknow அருகே இரவு 11 மணிக்கு சந்திப்போம், ஒரு கத்தி கொண்டு வா, யாரிடமும் சொல்லாதே.'",chat_log,threatening,2025-05-25,b726b42ea67be90a0621d5eba1c0f8a5df6e81995ae365241fe26e16cd8221fd
EVID-00342,ta,"மின்னஞ்சல் தலைப்பு மூல ஐபி 36.234.0.116 ஐ காட்டுகிறது, 2024-08-17 அன்று aattrrcelvi47@example.com க்கு அனுப்பப்பட்டது.",sms,neutral,2024-08-17,ed29d052eaded070a12e1a708490840caae1d3b3ae31e7fa68d9e4958b2c730c
EVID-00343,mr,"चॅट लॉग: 'Bengaluru जवळ रात्री ११ वाजता भेट, एक कट्टा आण, कोणालाही सांगू नकोस.'",sms,threatening,2024-03-17,ea52aac22c937d77042a2bec5951c660b61b8ef5349cdf46878a6d7dc5dd47e0
EVID-00344,mr,"ईमेल हेडरमध्ये मूळ आयपी 155.85.204.210 दिसतो, 2025-04-27 रोजी samarthsubramanian@example.net वर फॉरवर्ड केले.",chat_log,neutral,2025-04-27,61eedf1c7352a9050acd9243744963da0be4d2c4474c968a3ec12f3eace872f4
EVID-00345,en,"Email header shows origin IP 15.175.253.68, forwarded to hanshkata@example.org on 2024-07-24.",chat_log,neutral,2024-07-24,38eb25f9ccd3764ffd68909b2dcc770ec82e89b1605305aed561792527179b0f
EVID-00346,hi,"लोकनाट्यों, ज़ारा का संदेश: 'मुझे लगता है Pune के पास कोई मेरा पीछा कर रहा है, मैं बहुत डरी हुई हूँ, कृपया मदद करें।'",chat_log,distressed,2024-08-29,f59876dd8ad169920f751cf1c42f05e4538f467cfb52baa80ba14084c89ab65f
EVID-00347,ta,"உமாமகேஷ்வரி இன் செய்தி: 'Chandigarh அருகே யாரோ என்னை பின்தொடர்வதாக நினைக்கிறேன், மிகவும் பயமாக இருக்கிறது, தயவுசெய்து உதவுங்கள்.'",chat_log,distressed,2024-03-13,66d28d81167a2645e11ad98f44ee43c078fc53e71af06fa723c7748baeae826a
EVID-00348,ta,"பயனர் ராணி உடன் knnnnkivaanycinnnaatnnn@example.com இல் அனுப்புகை குறித்து தொடர்பு கொண்டார், 2024-02-12 க்கு முன் கணக்கிற்கு ஒரு இருசக்கர வாகனம் அனுப்பவும்.",chat_log,deceptive,2024-02-12,41115e1b78551bd46e5db30a9d1329c9e17b549a85e8616f287f2af097a22efe
EVID-00349,mr,"ईमेल हेडरमध्ये मूळ आयपी 140.166.186.114 दिसतो, 2025-05-04 रोजी hsrinivas@example.com वर फॉरवर्ड केले.",email,neutral,2025-05-04,a14a0583ef09cc8cb7835324fb601fbccfb7021c838bad7badba656c61579de0
EVID-00350,en,"Message from Hiran Dar: 'I think I'm being followed near Delhi, I'm really scared, please help me.'",chat_log,distressed,2025-07-01,b8e1babbee02e4c77c9f6d5178b0cfbb5b75421b58ca65460fff1a97e5e95d7e
EVID-00351,ta,"அரட்டை பதிவு: 'Kanpur அருகே இரவு 11 மணிக்கு சந்திப்போம், ஒரு கத்தி கொண்டு வா, யாரிடமும் சொல்லாதே.'",call_transcript,threatening,2025-01-21,c6b92edc225532eb0e9d93002afa00704d14ff3f18398425cbc1ac3fff804e8f
EVID-00352,te,"వినియోగదారు షిప్‌మెంట్ గురించి goleyakshit@example.net వద్ద Srinivas Sharmaని సంప్రదించారు, 2025-03-24 లోపు ఖాతాకు ఒక మొబైల్ ఫోన్ పంపండి.",sms,deceptive,2025-03-24,bccd7c6eaa93c283f143c17fee7a4cbc5a5c7fc092609718196f4f12796dea83
EVID-00353,bn,"চ্যাট লগ: 'Pune এর কাছে রাত ১১টায় দেখা করো, একটি লোহার রড নিয়ে এসো, কাউকে বলো না।'",email,threatening,2024-02-29,a8226aff175abdc65202a47aebef8457e5aa0a7c1fb63e5b9674f10638db8161
EVID-00354,en,"User contacted Kiaan Chaudry at vidurrastogi@example.org regarding the shipment, transfer gold jewellery to the account before 2025-02-26.",chat_log,deceptive,2025-02-26,850a56765b6dd3f2f0001e8f07e372d864e5f5a2e081d0428259420bb3c1f3f8
EVID-00355,te,"Anitha Prasad నుండి సందేశం: 'Delhi దగ్గర ఎవరో నన్ను వెంబడిస్తున్నారని అనిపిస్తోంది, చాలా భయంగా ఉంది, దయచేసి సహాయం చేయండి.'",email,distressed,2024-05-09,676472643b69c3840120a116bf2fbf3f016173f610872f7ec18755c95717030e
EVID-00356,bn,"চ্যাট লগ: 'Delhi এর কাছে রাত ১১টায় দেখা করো, একটি লোহার রড নিয়ে এসো, কাউকে বলো না।'",sms,threatening,2025-09-08,f876ab8ce85f04ffee1131c0fa0d0a98bd16fc65884ef0c03d10fed16c501df0
EVID-00357,hi,"उपयोगकर्ता ने pkumaar@example.org पर दीया पाटिल से शिपमेंट के बारे में संपर्क किया, 2024-05-05 से पहले खाते में नकदी भेजें।",chat_log,deceptive,2024-05-05,030a83921074d54a343bd9aaf69570b838c94dd56e16fe26c14ce240dd3e34d4
EVID-00358,bn,"চ্যাট লগ: 'Kochi এর কাছে রাত ১১টায় দেখা করো, একটি দেশি পিস্তল নিয়ে এসো, কাউকে বলো না।'",call_transcript,threatening,2024-12-31,34bb6b9a6c07ac6ba3003fafd762b87ee5d6dd81f032921d0cc4520cc22229c1
EVID-00359,te,"ఇమెయిల్ హెడర్ మూల ఐపీ 136.151.88.112 చూపిస్తుంది, 2025-06-23 న kraja@example.netకు ఫార్వార్డ్ చేయబడింది.",sms,neutral,2025-06-23,da7910148c03b6761ad4bb9808a6f396fef319a886ed4010c030a010313b2a20
EVID-00360,te,"Kiran Babu నుండి సందేశం: 'Coimbatore దగ్గర ఎవరో నన్ను వెంబడిస్తున్నారని అనిపిస్తోంది, చాలా భయంగా ఉంది, దయచేసి సహాయం చేయండి.'",call_transcript,distressed,2024-12-20,6fe2ef3a8d92cba423a3bf3917853536d2c1100d37f8f3690caddc689e37a615
EVID-00361,bn,"চ্যাট লগ: 'Bengaluru এর কাছে রাত ১১টায় দেখা করো, একটি দেশি পিস্তল নিয়ে এসো, কাউকে বলো না।'",sms,threatening,2025-06-17,c7c4b68fb8931f0e48fad786b890119ee12ff7b2355f9c726e7bc8d0985046e3
EVID-00362,te,"వినియోగదారు షిప్‌మెంట్ గురించి ela67@example.com వద్ద Kiran Babuని సంప్రదించారు, 2024-05-25 లోపు ఖాతాకు ఒక ద్విచక్ర వాహనం పంపండి.",email,deceptive,2024-05-25,d6f71bc5450de8cc238c6335206fb338a0d1a84933dc90d52033f8ba65e4a9d5
EVID-00363,te,"వినియోగదారు షిప్‌మెంట్ గురించి taraivana@example.net వద్ద Divya Reddyని సంప్రదించారు, 2025-05-25 లోపు ఖాతాకు ఒక మొబైల్ ఫోన్ పంపండి.",sms,deceptive,2025-05-25,4b5e0f9e6d44babe0bd88401367d9176f0a994d6d76755e5a0548cdc57f0f4ff
EVID-00364,bn,"ব্যবহারকারী চালানের বিষয়ে surbhi42@example.net এ কবিতা দাশগুপ্তা এর সাথে যোগাযোগ করেছেন, 2024-03-27 এর আগে অ্যাকাউন্টে একটি দুই চাকার গাড়ি পাঠান।",sms,deceptive,2024-03-27,d2c736ac0de444c4a91cfa5fcffb915998bb8c91e2582732cb5df9b8263c3224
EVID-00365,ta,"கண்ணன் இன் செய்தி: 'Indore அருகே யாரோ என்னை பின்தொடர்வதாக நினைக்கிறேன், மிகவும் பயமாக இருக்கிறது, தயவுசெய்து உதவுங்கள்.'",call_transcript,distressed,2025-01-26,bba4ada44d30cf90183ac9736a112ae8263480040cbad3cb262e86bb52765ba7
EVID-00366,en,"Message from Miraya Varughese: 'I think I'm being followed near Ahmedabad, I'm really scared, please help me.'",chat_log,distressed,2024-07-07,61275caf105bc824497d3ba24a8c5c918e2c7b8727e402bb9c4d6482bb7bae89
EVID-00367,te,"ఇమెయిల్ హెడర్ మూల ఐపీ 138.51.200.70 చూపిస్తుంది, 2025-09-15 న clall@example.comకు ఫార్వార్డ్ చేయబడింది.",sms,neutral,2025-09-15,178311c272ecc9a299b4d1e37083c48f5bdaa36303138e6e02eba246a5bac4a2
EVID-00368,ta,"தணிகைநம்பி இன் செய்தி: 'Pune அருகே யாரோ என்னை பின்தொடர்வதாக நினைக்கிறேன், மிகவும் பயமாக இருக்கிறது, தயவுசெய்து உதவுங்கள்.'",call_transcript,distressed,2025-09-28,bb5915ded8e14c2eda65f7864e7169422d915be335d93a21da364d7a851b05ab
EVID-00369,te,"Venkatesh Reddy నుండి సందేశం: 'Chennai దగ్గర ఎవరో నన్ను వెంబడిస్తున్నారని అనిపిస్తోంది, చాలా భయంగా ఉంది, దయచేసి సహాయం చేయండి.'",call_transcript,distressed,2025-07-01,830134c1186a39429ede3dc182ac8b6cecf73276933837a1e348cc0368662aef
EVID-00370,ta,"வண்ணன் தங்கவேல் இன் செய்தி: 'Guwahati அருகே யாரோ என்னை பின்தொடர்வதாக நினைக்கிறேன், மிகவும் பயமாக இருக்கிறது, தயவுசெய்து உதவுங்கள்.'",email,distressed,2025-01-25,692d36adeb9c3dddcde8311884e727906a153f6e57ba8cf68a0caab75c22ca77
EVID-00371,hi,"चैट लॉग: 'Mumbai के पास रात 11 बजे मिलो, एक लोहे की रॉड लाना, किसी को मत बताना।'",sms,threatening,2024-03-28,fe3a74d6f0609f3e87cffac9704c3770901663fa7509062180f75580098de782
EVID-00372,bn,"ইমেইল হেডারে মূল আইপি 28.208.163.183 দেখা যাচ্ছে, 2025-09-22 তারিখে zaalm@example.net এ ফরওয়ার্ড করা হয়েছে।",sms,neutral,2025-09-22,0ca4d630999c175262ee6731bbed2d67501b575245ca8b90b35759646dce211c
EVID-00373,bn,"ইমেইল হেডারে মূল আইপি 121.232.223.254 দেখা যাচ্ছে, 2024-11-10 তারিখে praantbndopaadhyaay@example.com এ ফরওয়ার্ড করা হয়েছে।",sms,neutral,2024-11-10,45a82d3ddd9d2fd3c3708869d2ca7c881cbf8bfe2c5375ecdedaf482479c959f
EVID-00374,hi,"उपयोगकर्ता ने aaruss16@example.org पर आरुष हेगडे से शिपमेंट के बारे में संपर्क किया, 2025-03-26 से पहले खाते में एक मोबाइल फोन भेजें।",call_transcript,deceptive,2025-03-26,7578531b64aa8f7804a7dd5a35e7000795ec3a1722a483494c0b9126b25ec1b6
EVID-00375,en,"Message from Indrans Taneja: 'I think I'm being followed near Nagpur, I'm really scared, please help me.'",chat_log,distressed,2024-08-11,f5cf8d85c5a4f1654efa5be462a9486b13649ad3a8bb403f5e88655f01e31895
EVID-00376,ta,"மின்னஞ்சல் தலைப்பு மூல ஐபி 88.184.80.236 ஐ காட்டுகிறது, 2025-07-18 அன்று akttiynnnakmti@example.com க்கு அனுப்பப்பட்டது.",chat_log,neutral,2025-07-18,ba275e1b5b8da978c15b9af29bdb348ed6c38c4cd389975669939f6c2bc4daad
EVID-00377,mr,"चॅट लॉग: 'Jaipur जवळ रात्री ११ वाजता भेट, एक लोखंडी रॉड आण, कोणालाही सांगू नकोस.'",email,threatening,2025-05-21,099b9ed84de6230b2f63b600b917e18b913560af9e0f01ae2a851ad6a3ccba95
EVID-00378,te,"వినియోగదారు షిప్‌మెంట్ గురించి issachiran@example.org వద్ద Suresh Raoని సంప్రదించారు, 2024-04-27 లోపు ఖాతాకు బంగారు నగలు పంపండి.",email,deceptive,2024-04-27,4f66157529b4df25d6903f9d02f976410109b4ffb87cf11ddd9ef15bb6ecdaa1
EVID-00379,te,"చాట్ లాగ్: 'Patna దగ్గర రాత్రి 11 గంటలకు కలుద్దాం, ఒక ఇనుప రాడ్ తీసుకురా, ఎవరికీ చెప్పకు.'",chat_log,threatening,2025-07-20,66fd4edb9f3d4a1012a80c77eede724685246c9ccdafc597663493364afbedcd
EVID-00380,te,"వినియోగదారు షిప్‌మెంట్ గురించి mmahajan@example.com వద్ద Ravi Kumarని సంప్రదించారు, 2025-07-07 లోపు ఖాతాకు ఒక ద్విచక్ర వాహనం పంపండి.",email,deceptive,2025-07-07,a6e17781422286aaf4fe795045a102d94db493e4fd211d162870e0863a6b22b4
EVID-00381,bn,"ব্যবহারকারী চালানের বিষয়ে shubhshriiyaadb@example.org এ প্রান্ত মোড়ল এর সাথে যোগাযোগ করেছেন, 2025-03-30 এর আগে অ্যাকাউন্টে একটি ল্যাপটপ পাঠান।",chat_log,deceptive,2025-03-30,91378dc7f1d7305d678f71d2ffec8575bea2bf95ab80688df026319707904700
EVID-00382,hi,"पुष्पा दारा का संदेश: 'मुझे लगता है Pune के पास कोई मेरा पीछा कर रहा है, मैं बहुत डरी हुई हूँ, कृपया मदद करें।'",chat_log,distressed,2025-01-15,eceb614460ca949438b40351eb31af769108fa5597e48266cb11aa1d290ac678
EVID-00383,te,"ఇమెయిల్ హెడర్ మూల ఐపీ 143.103.127.10 చూపిస్తుంది, 2024-11-30 న vidursama@example.netకు ఫార్వార్డ్ చేయబడింది.",sms,neutral,2024-11-30,a9da555a28d4e0699f57f6f14c9f60ad295666edd175fb35f65b8d11afad173f
EVID-00384,mr,"चॅट लॉग: 'Kanpur जवळ रात्री ११ वाजता भेट, एक लोखंडी रॉड आण, कोणालाही सांगू नकोस.'",sms,threatening,2024-02-01,535c62b64b80dee3f2a66fe013980028309ac7180aef2dc3cc00c39fdf916ed3
EVID-00385,en,"User contacted Madhav Garg at dasshazel@example.com regarding the shipment, transfer a laptop to the account before 2024-01-27.",email,deceptive,2024-01-27,66593e358144593b3383e4b4f5f3e86c8535e189688dd2960f82a29552fab8a1
EVID-00386,bn,"ব্যবহারকারী চালানের বিষয়ে kcndr@example.org এ তন্ময় মজুমদার এর সাথে যোগাযোগ করেছেন, 2025-01-22 এর আগে অ্যাকাউন্টে সোনার গহনা পাঠান।",email,deceptive,2025-01-22,11411aab0e586371573024b259a685638939f91b274a13ef72fb973a5dd1d592
EVID-00387,mr,"Sneha Joshi चा संदेश: 'मला वाटतंय Bengaluru जवळ कोणीतरी माझा पाठलाग करत आहे, मी खूप घाबरले आहे, कृपया मदत करा.'",chat_log,distressed,2025-05-30,057533bcfdb5ff26f96d83e302c22a1fb8357f2de2629c2b7743797b503c50ba
EVID-00388,ta,"இசைச்செல்வன் இன் செய்தி: 'Delhi அருகே யாரோ என்னை பின்தொடர்வதாக நினைக்கிறேன், மிகவும் பயமாக இருக்கிறது, தயவுசெய்து உதவுங்கள்.'",sms,distressed,2025-06-16,99813af7be15ca5876e1f451eeac68c3860442334c5d15775866bb150e782e74
EVID-00389,bn,"চ্যাট লগ: 'Pune এর কাছে রাত ১১টায় দেখা করো, একটি লোহার রড নিয়ে এসো, কাউকে বলো না।'",sms,threatening,2024-12-02,a8226aff175abdc65202a47aebef8457e5aa0a7c1fb63e5b9674f10638db8161
EVID-00390,hi,"सुलभा डानी का संदेश: 'मुझे लगता है Patna के पास कोई मेरा पीछा कर रहा है, मैं बहुत डरी हुई हूँ, कृपया मदद करें।'",call_transcript,distressed,2024-09-03,cecb61d03f0acc57d3cea4cadfd97ff53b81e965482ff3eac784e7195dfa2a89
EVID-00391,bn,"ব্যবহারকারী চালানের বিষয়ে anyjnaagaangguli@example.org এ আরাধ্যা মন্ডল এর সাথে যোগাযোগ করেছেন, 2025-06-01 এর আগে অ্যাকাউন্টে একটি ল্যাপটপ পাঠান।",sms,deceptive,2025-06-01,1f2c3926444cad53cfe5c600e728aeb6daa6b4cc2b05ce44831fb8b4d003cd26
EVID-00392,te,"చాట్ లాగ్: 'Chandigarh దగ్గర రాత్రి 11 గంటలకు కలుద్దాం, ఒక దేశీ తుపాకీ తీసుకురా, ఎవరికీ చెప్పకు.'",email,threatening,2025-03-04,ab1c59dc3ca4b89021796304b70a86bd54bd246b51b075942e5028c4934a4021
EVID-00393,ta,"மின்னஞ்சல் தலைப்பு மூல ஐபி 43.60.158.11 ஐ காட்டுகிறது, 2024-05-21 அன்று vsriicivnaaraaynnnnn@example.org க்கு அனுப்பப்பட்டது.",sms,neutral,2024-05-21,25b805e2786b888f716fd60a6906a52b159451b0284c14c634470f152b2a61f9
EVID-00394,bn,"রাজ হুরাইরা এর বার্তা: 'আমার মনে হচ্ছে Surat এর কাছে কেউ আমাকে অনুসরণ করছে, আমি খুব ভয় পাচ্ছি, দয়া করে সাহায্য করুন।'",email,distressed,2025-02-22,185575b10d4707d05762f269fbfe02ab94de724c7327647c3637cafbefee4f4c
EVID-00395,ta,"பயனர் ஹெலன் உடன் vnnttaarkullllisriinivaacnnn@example.net இல் அனுப்புகை குறித்து தொடர்பு கொண்டார், 2025-04-09 க்கு முன் கணக்கிற்கு தங்க நகைகள் அனுப்பவும்.",email,deceptive,2025-04-09,1a26e95dd23354c1730ab38845b67ec49e155f77ad066f9443f2a0835f2bf075
EVID-00396,en,"User contacted Prisha Banik at sunderelakshi@example.org regarding the shipment, transfer a laptop to the account before 2025-04-26.",email,deceptive,2025-04-26,6d34392a7e06f9c4d2eb236d568100add5386262f9cd6e2ae0276426de962c7a
EVID-00397,en,"Chat log: 'meet me near Bhopal at 11pm, bring a knife, don't tell anyone.'",call_transcript,threatening,2024-03-15,fd0615dda2e92f035d03f8610f5df63112f818dbef888f8c61feea6d355849ce
EVID-00398,mr,"ईमेल हेडरमध्ये मूळ आयपी 66.1.56.69 दिसतो, 2024-09-04 रोजी vyasmyra@example.com वर फॉरवर्ड केले.",chat_log,neutral,2024-09-04,33af86d69552855e3bd57325af440d00b975db90df2527de15ea6b59c1402db4
EVID-00399,bn,"ইমেইল হেডারে মূল আইপি 194.66.56.3 দেখা যাচ্ছে, 2024-03-16 তারিখে ajit75@example.com এ ফরওয়ার্ড করা হয়েছে।",call_transcript,neutral,2024-03-16,d5c629e232868ff9d5479d4e1cd37fe7031b2d3fda025d73ec0f4f2d35336025
EVID-00400,mr,"चॅट लॉग: 'Bhopal जवळ रात्री ११ वाजता भेट, एक लोखंडी रॉड आण, कोणालाही सांगू नकोस.'",chat_log,threatening,2024-05-17,ce471d4ff529e52dcc9fff3dfb1ac1cb27a96251306e5e6cfa5c10d9ba76d430
EVID-00401,hi,"ईमेल हेडर मूल आईपी 136.5.185.228 दिखाता है, 2025-01-23 को ddaarsrlaa@example.net पर अग्रेषित किया गया।",call_transcript,neutral,2025-01-23,8e848ada10c36a1b7509441abc6e25826606ee29d74e9497319f5da4edbafafb
EVID-00402,hi,"ईमेल हेडर मूल आईपी 186.121.223.77 दिखाता है, 2024-08-25 को aanviijoshii@example.com पर अग्रेषित किया गया।",call_transcript,neutral,2024-08-25,7c4bc50d72c1c878bcc32436cefcc2cc8b8207261c0e9b53da6f64377c790ad8
EVID-00403,bn,"মাধুরী মৃধা এর বার্তা: 'আমার মনে হচ্ছে Delhi এর কাছে কেউ আমাকে অনুসরণ করছে, আমি খুব ভয় পাচ্ছি, দয়া করে সাহায্য করুন।'",sms,distressed,2024-11-26,4effcec918aa441bfb340342fff47acadcf01a54634e9286616f9864b210c8ff
EVID-00404,hi,"ईमेल हेडर मूल आईपी 118.5.27.192 दिखाता है, 2025-03-16 को jydev11@example.net पर अग्रेषित किया गया।",sms,neutral,2025-03-16,29b19f5ce60fea0e38f632aab9a7a26dd6319a07d87ab1de3f0e3a16973fb9c5
EVID-00405,en,"Email header shows origin IP 156.232.37.32, forwarded to oorja95@example.net on 2024-05-01.",sms,neutral,2024-05-01,1e911e7e95f80b389c34e880b7648292575973e4024a2a96ebe4d5499ec0d1e2
EVID-00406,mr,"वापरकर्त्याने शिपमेंटबाबत urvigill@example.com वर Swati Gaikwad शी संपर्क साधला, 2024-09-22 पूर्वी खात्यात एक दुचाकी पाठवा.",email,deceptive,2024-09-22,7192b7dd023133721d734de43833ed3a42e3fbb8f7949242b9231a16eb205532
EVID-00407,te,"చాట్ లాగ్: 'Kolkata దగ్గర రాత్రి 11 గంటలకు కలుద్దాం, ఒక కత్తి తీసుకురా, ఎవరికీ చెప్పకు.'",chat_log,threatening,2025-07-19,7444ad686d61fd70f74fc2eb38a2735aafa5df4a71e7ecb4a524e963a06aa19c
EVID-00408,ta,"பயனர் பவளம் உடன் ssrinnni99@example.org இல் அனுப்புகை குறித்து தொடர்பு கொண்டார், 2025-05-15 க்கு முன் கணக்கிற்கு ஒரு மொபைல் போன் அனுப்பவும்.",sms,deceptive,2025-05-15,0b4d06aab0834c1fe55f56c6645f73c04936a034ed0bc7cadfc18a67776939fe
EVID-00409,hi,"चैट लॉग: 'Lucknow के पास रात 11 बजे मिलो, एक हंसिया लाना, किसी को मत बताना।'",call_transcript,threatening,2025-06-17,231cd0d04287bf81477353ed04a4d32a9e4f1c67e3a27b3277f6cd454814d957
EVID-00410,bn,"ইশতিয়াক জামান এর বার্তা: 'আমার মনে হচ্ছে Chennai এর কাছে কেউ আমাকে অনুসরণ করছে, আমি খুব ভয় পাচ্ছি, দয়া করে সাহায্য করুন।'",sms,distressed,2025-03-18,4d198b5526a0ca9bc06c354f5bbb9dd553acfaec3180e5a412efbaa8ccc7f00f
EVID-00411,en,"User contacted Urvi Tak at dishanibandi@example.com regarding the shipment, transfer a mobile phone to the account before 2024-12-28.",email,deceptive,2024-12-28,209e289e8fa80c289436afd4e1cc191b6874d463f058337ed21ec0412520007d
EVID-00412,te,"ఇమెయిల్ హెడర్ మూల ఐపీ 58.18.237.97 చూపిస్తుంది, 2024-12-09 న vedika89@example.orgకు ఫార్వార్డ్ చేయబడింది.",call_transcript,neutral,2024-12-09,35d2d2c90f5bb717cc9db34caed59bf40eb8a85291cfd3d095cf78f098ef8875
EVID-00413,te,"వినియోగదారు షిప్‌మెంట్ గురించి arnavchandran@example.net వద్ద Kiran Babuని సంప్రదించారు, 2025-03-19 లోపు ఖాతాకు ఒక మొబైల్ ఫోన్ పంపండి.",sms,deceptive,2025-03-19,05b347a4ea451395d7f4f54d9774223a2f39660b26f042f6ee2e3fd4280ba596
EVID-00414,hi,"चैट लॉग: 'Kochi के पास रात 11 बजे मिलो, एक चाकू लाना, किसी को मत बताना।'",call_transcript,threatening,2024-09-08,0f911b7874d68f85b26d207d848a155413a74aec600076de834d1883dd886211
EVID-00415,hi,"बसु, मरियम का संदेश: 'मुझे लगता है Pune के पास कोई मेरा पीछा कर रहा है, मैं बहुत डरी हुई हूँ, कृपया मदद करें।'",email,distressed,2024-06-04,300147692d678cc5fff6197a8f8ab0f4a8a3e78690956093ec142eef8e9cb256
EVID-00416,te,"చాట్ లాగ్: 'Lucknow దగ్గర రాత్రి 11 గంటలకు కలుద్దాం, ఒక దేశీ తుపాకీ తీసుకురా, ఎవరికీ చెప్పకు.'",chat_log,threatening,2024-03-31,7cb9bf4cec2ef73de06b5215927b597059bb1b810591c301119c0626c7b89e9f
EVID-00417,mr,"Sneha Joshi चा संदेश: 'मला वाटतंय Kanpur जवळ कोणीतरी माझा पाठलाग करत आहे, मी खूप घाबरले आहे, कृपया मदत करा.'",sms,distressed,2024-02-09,8f79cc41fabbb9447b85670ef4991a83df552b4cf64e5be952f2ebf95719331e
EVID-00418,ta,"அரட்டை பதிவு: 'Indore அருகே இரவு 11 மணிக்கு சந்திப்போம், ஒரு நாட்டு துப்பாக்கி கொண்டு வா, யாரிடமும் சொல்லாதே.'",sms,threatening,2025-05-10,dba43aae0e37907d2ea87ff6e551e09a4590e287bee43e380c9f9304d433e5de
EVID-00419,hi,"ईमेल हेडर मूल आईपी 78.30.103.18 दिखाता है, 2025-02-05 को achaabraa@example.net पर अग्रेषित किया गया।",call_transcript,neutral,2025-02-05,744501f220d71304e5cb06b30197816ac5b3d95f9be7f33979b466ae124d2573
EVID-00420,bn,"আবু মজুমদার এর বার্তা: 'আমার মনে হচ্ছে Chennai এর কাছে কেউ আমাকে অনুসরণ করছে, আমি খুব ভয় পাচ্ছি, দয়া করে সাহায্য করুন।'",call_transcript,distressed,2024-10-21,af44047815123b97d122270c20d69aea45568b1d10a9b8dcb21dfdfc91cdb125
EVID-00421,bn,"আরুণি যাদব এর বার্তা: 'আমার মনে হচ্ছে Ahmedabad এর কাছে কেউ আমাকে অনুসরণ করছে, আমি খুব ভয় পাচ্ছি, দয়া করে সাহায্য করুন।'",sms,distressed,2024-06-29,e26a514585671bb974889e3407562627141c93f41caf514a56f2418bcb7f947b
EVID-00422,te,"Lakshmi Naidu నుండి సందేశం: 'Nagpur దగ్గర ఎవరో నన్ను వెంబడిస్తున్నారని అనిపిస్తోంది, చాలా భయంగా ఉంది, దయచేసి సహాయం చేయండి.'",call_transcript,distressed,2025-05-10,93cde957c4fc4c01cb18a105fb518583bb92b4a9aa2aa084b16696924733e62e
EVID-00423,te,"చాట్ లాగ్: 'Mumbai దగ్గర రాత్రి 11 గంటలకు కలుద్దాం, ఒక ఇనుప రాడ్ తీసుకురా, ఎవరికీ చెప్పకు.'",call_transcript,threatening,2025-06-03,c38b5ec9459c0d3ef7e8c298ab36638ed49a018ac19175b16f953d76282bc7c8
EVID-00424,en,"Message from Shlok Das: 'I think I'm being followed near Kochi, I'm really scared, please help me.'",call_transcript,distressed,2024-11-21,f21ba38c8ae7ec7f3cebff644a038506a50da21bf67d2bd356973cf1a91b9c82
EVID-00425,mr,"Vikram Shinde चा संदेश: 'मला वाटतंय Indore जवळ कोणीतरी माझा पाठलाग करत आहे, मी खूप घाबरले आहे, कृपया मदत करा.'",email,distressed,2024-10-01,368b384514fe8be4a816eaa57c12c1eeb0b277bc605f6708ab9b4cf1c315b596
EVID-00426,bn,"চ্যাট লগ: 'Delhi এর কাছে রাত ১১টায় দেখা করো, একটি লোহার রড নিয়ে এসো, কাউকে বলো না।'",email,threatening,2025-02-23,f876ab8ce85f04ffee1131c0fa0d0a98bd16fc65884ef0c03d10fed16c501df0
EVID-00427,ta,"மின்னஞ்சல் தலைப்பு மூல ஐபி 1.58.179.39 ஐ காட்டுகிறது, 2025-09-17 அன்று uurjiteelllicaiccelvi@example.com க்கு அனுப்பப்பட்டது.",email,neutral,2025-09-17,70d7757793bf6bb273c1cd4df1ee4b7752c2bb37fd807047dc07f507c8b7f0ad
EVID-00428,ta,"பயனர் வாணன் உடன் aisvryaa54@example.com இல் அனுப்புகை குறித்து தொடர்பு கொண்டார், 2025-01-23 க்கு முன் கணக்கிற்கு ஒரு மொபைல் போன் அனுப்பவும்.",sms,deceptive,2025-01-23,e9347721b7cbcd98bf5609a3bea6d370314989c361a12dd0ccf0a5b959b2a841
EVID-00429,bn,"চ্যাট লগ: 'Kochi এর কাছে রাত ১১টায় দেখা করো, একটি ছুরি নিয়ে এসো, কাউকে বলো না।'",sms,threatening,2025-06-15,c00e3787e4252b89e99bfff7943e808eb9dc8f58cc399c08955dc609196c2c90
EVID-00430,ta,"அரட்டை பதிவு: 'Pune அருகே இரவு 11 மணிக்கு சந்திப்போம், ஒரு நாட்டு துப்பாக்கி கொண்டு வா, யாரிடமும் சொல்லாதே.'",sms,threatening,2025-02-09,da647f982ec472fe6717d49df88ed3f1ce35238aeb5ff66356dca04e3d6f9870
EVID-00431,hi,"चैट लॉग: 'Nagpur के पास रात 11 बजे मिलो, एक लोहे की रॉड लाना, किसी को मत बताना।'",chat_log,threatening,2024-08-08,f7e38b938ad32db7cb223eddba7877570e31dd445faaeabfc083de06cfa28fce
EVID-00432,en,"Message from Alia Gopal: 'I think I'm being followed near Mumbai, I'm really scared, please help me.'",chat_log,distressed,2025-02-11,2efd3adbe952bdb3390b25242444890ff31ea25276842537db1c2c1ec526fd6f
EVID-00433,hi,"चैट लॉग: 'Lucknow के पास रात 11 बजे मिलो, एक लोहे की रॉड लाना, किसी को मत बताना।'",chat_log,threatening,2024-08-23,7fee8400748109a079aca1be240793de8c8458cd78437aee850dd2a977f5893b
EVID-00434,bn,"ইমেইল হেডারে মূল আইপি 216.34.253.111 দেখা যাচ্ছে, 2024-05-14 তারিখে khaanashok@example.net এ ফরওয়ার্ড করা হয়েছে।",chat_log,neutral,2024-05-14,4ea387afd8ca0be866ba8f21494e3cb6b94346a3c43ed0fd16bd491d5912c015
EVID-00435,en,"Chat log: 'meet me near Bengaluru at 11pm, bring a sickle, don't tell anyone.'",chat_log,threatening,2024-01-16,a431bc1f90511042626a4637fa1060d626711fea015a74a28c00f4e222a25cff
EVID-00436,te,"ఇమెయిల్ హెడర్ మూల ఐపీ 176.77.188.66 చూపిస్తుంది, 2024-11-15 న vedika05@example.comకు ఫార్వార్డ్ చేయబడింది.",call_transcript,neutral,2024-11-15,38fdcf261e950f923de42f1640bcbe6cb1b5ac247f709b8ae48c787ab49444ca
EVID-00437,ta,"அரட்டை பதிவு: 'Mumbai அருகே இரவு 11 மணிக்கு சந்திப்போம், ஒரு இரும்பு கம்பி கொண்டு வா, யாரிடமும் சொல்லாதே.'",chat_log,threatening,2025-04-14,618f4717998338fae0156b72c536e25c176e8d196f168d4a17f91984a68a869e
EVID-00438,bn,"রহিম হোসাইন এর বার্তা: 'আমার মনে হচ্ছে Guwahati এর কাছে কেউ আমাকে অনুসরণ করছে, আমি খুব ভয় পাচ্ছি, দয়া করে সাহায্য করুন।'",chat_log,distressed,2024-10-25,77b43e96d61c0bbde667b5f01f15bd6a77c9b358fae0d82a94e2272e25e44b66
EVID-00439,hi,"चैट लॉग: 'Bhopal के पास रात 11 बजे मिलो, एक लोहे की रॉड लाना, किसी को मत बताना।'",call_transcript,threatening,2024-10-18,c12dbfcb5285e803504e79d45a1f3ae7f4295476dd4852856f1bccfa4a20787d
EVID-00440,en,"User contacted Adah Gokhale at edate@example.com regarding the shipment, transfer a two-wheeler to the account before 2025-07-13.",call_transcript,deceptive,2025-07-13,a19d835ddeff0306d857beeb810ecc2855390f73ccb60a2409a8ebc681ef9114
EVID-00441,hi,"विद्या महावीर का संदेश: 'मुझे लगता है Guwahati के पास कोई मेरा पीछा कर रहा है, मैं बहुत डरी हुई हूँ, कृपया मदद करें।'",sms,distressed,2024-08-25,f01017ca38a1bc6010f19ada97ec3ada57c6f347df0f3dc7d8f2d3719959167a
EVID-00442,mr,"वापरकर्त्याने शिपमेंटबाबत riya04@example.com वर Pooja Kale शी संपर्क साधला, 2024-05-27 पूर्वी खात्यात एक दुचाकी पाठवा.",chat_log,deceptive,2024-05-27,9afcdc4df1fe45dab77d41306dd95489ed36a439d040d929bbe4e70b36cbc975
EVID-00443,ta,"அரட்டை பதிவு: 'Hyderabad அருகே இரவு 11 மணிக்கு சந்திப்போம், ஒரு நாட்டு துப்பாக்கி கொண்டு வா, யாரிடமும் சொல்லாதே.'",chat_log,threatening,2025-08-30,b7246f578819af4c25b09f6c0aecfcffa307da24e595c2844cf308a8357a710a
EVID-00444,hi,"चैट लॉग: 'Indore के पास रात 11 बजे मिलो, एक हंसिया लाना, किसी को मत बताना।'",chat_log,threatening,2025-08-03,8d17f231f97c85f30979ac3ac135a9fa15d95ce097dd3e3d97e786868ad50835
EVID-00445,mr,"वापरकर्त्याने शिपमेंटबाबत sanghvilavanya@example.org वर Sanjay More शी संपर्क साधला, 2024-06-03 पूर्वी खात्यात एक दुचाकी पाठवा.",sms,deceptive,2024-06-03,8cac49a6a124c6ad9b0f7b0ca214493af8778d91d067cfd445a1c91b46c3aa30
EVID-00446,te,"చాట్ లాగ్: 'Chandigarh దగ్గర రాత్రి 11 గంటలకు కలుద్దాం, ఒక కొడవలి తీసుకురా, ఎవరికీ చెప్పకు.'",call_transcript,threatening,2024-10-01,23c0289d5f6d6a830fa4d8876225ff3b4e0e771c3717af2ea30335b9985b7f62
EVID-00447,ta,"மணிச்சுடர் கனியமுது இன் செய்தி: 'Kanpur அருகே யாரோ என்னை பின்தொடர்வதாக நினைக்கிறேன், மிகவும் பயமாக இருக்கிறது, தயவுசெய்து உதவுங்கள்.'",call_transcript,distressed,2024-11-25,0e71467d3381faaef56a719e61b3535b74aa017540d072f02f40e3f73733e94c
EVID-00448,ta,"பயனர் ஷரண் உடன் intiraa18@example.org இல் அனுப்புகை குறித்து தொடர்பு கொண்டார், 2025-03-11 க்கு முன் கணக்கிற்கு ஒரு மொபைல் போன் அனுப்பவும்.",call_transcript,deceptive,2025-03-11,51bb264f53be07a6c868a5b145ed551422459a59a57a84a4a4d541741e5e92da
EVID-00449,hi,"चैट लॉग: 'Mumbai के पास रात 11 बजे मिलो, एक कट्टा लाना, किसी को मत बताना।'",email,threatening,2024-05-04,995b6f34fff7d63dd7b30dee8fedcc52af1ed6e1c386b3efb08ef906b548921d
EVID-00450,mr,"Sneha Joshi चा संदेश: 'मला वाटतंय Delhi जवळ कोणीतरी माझा पाठलाग करत आहे, मी खूप घाबरले आहे, कृपया मदत करा.'",email,distressed,2024-06-23,802ea390000e3e4b67bfe8a4ad6d11b499efbaa5f71c949527a7728d6b601f89
EVID-00451,te,"వినియోగదారు షిప్‌మెంట్ గురించి nehmathayer@example.org వద్ద Kiran Babuని సంప్రదించారు, 2024-10-30 లోపు ఖాతాకు ఒక మొబైల్ ఫోన్ పంపండి.",call_transcript,deceptive,2024-10-30,ed3a5e7404dab689144305ccb2d87a0aa70fe774f2a273133a42ea64166c8249
EVID-00452,bn,"চ্যাট লগ: 'Jaipur এর কাছে রাত ১১টায় দেখা করো, একটি লোহার রড নিয়ে এসো, কাউকে বলো না।'",email,threatening,2025-01-15,b94a465bac54c8ee79b07e1a0108b387c8661dc4426b10a656a9622e47410687
EVID-00453,bn,"ইমেইল হেডারে মূল আইপি 29.195.83.14 দেখা যাচ্ছে, 2025-01-15 তারিখে saaber55@example.org এ ফরওয়ার্ড করা হয়েছে।",call_transcript,neutral,2025-01-15,f2a7468f695b24cd905255b2afda921a3188634dfb5395a2f4ec09f506e04955
EVID-00454,mr,"Priya Patil चा संदेश: 'मला वाटतंय Surat जवळ कोणीतरी माझा पाठलाग करत आहे, मी खूप घाबरले आहे, कृपया मदत करा.'",chat_log,distressed,2025-06-20,d0eff05db81f239b3562322f643a304c52f690c86bd31d6e52de05defb9a95b0
EVID-00455,bn,"ব্যবহারকারী চালানের বিষয়ে dtthaimntii@example.org এ আমায়া আচার্য্য এর সাথে যোগাযোগ করেছেন, 2025-04-26 এর আগে অ্যাকাউন্টে সোনার গহনা পাঠান।",chat_log,deceptive,2025-04-26,dc056b78cbc79d9385a0fba430558d8b477923c12a7aa6d1eeee195af9173185
EVID-00456,bn,"মৃনাল চ্যাটার্জি এর বার্তা: 'আমার মনে হচ্ছে Pune এর কাছে কেউ আমাকে অনুসরণ করছে, আমি খুব ভয় পাচ্ছি, দয়া করে সাহায্য করুন।'",sms,distressed,2025-07-04,17901799ed9fb2edb01404cfbf20e0344c6c3095f7908407e71cca69e9b865a5
EVID-00457,en,"User contacted Rasha Shetty at pdesai@example.org regarding the shipment, transfer a laptop to the account before 2024-06-09.",sms,deceptive,2024-06-09,dbf3535634b717ff1ed0baaae84d6329708eb144c17f99d21ee6c34004e4e0ed
EVID-00458,te,"ఇమెయిల్ హెడర్ మూల ఐపీ 140.2.216.210 చూపిస్తుంది, 2024-07-16 న sridharjivin@example.netకు ఫార్వార్డ్ చేయబడింది.",sms,neutral,2024-07-16,544851d1afb3a1af04c700cb52923a006c35b16d0a9b3bec56d3130c76e0486c
EVID-00459,mr,"ईमेल हेडरमध्ये मूळ आयपी 75.136.216.82 दिसतो, 2025-02-16 रोजी samiha30@example.com वर फॉरवर्ड केले.",email,neutral,2025-02-16,15a2ad4ebb886cebc8bc421bf3a996c223f080bdef3be4cc60c71509612a23a6
EVID-00460,en,"Email header shows origin IP 207.121.20.186, forwarded to wmangal@example.net on 2024-08-09.",email,neutral,2024-08-09,590b5db5cea1a238e1ce1689f17c8aa32681f3008e8d67fcb8f1e69b4d0498ff
EVID-00461,bn,"রাহুল মৃধা এর বার্তা: 'আমার মনে হচ্ছে Guwahati এর কাছে কেউ আমাকে অনুসরণ করছে, আমি খুব ভয় পাচ্ছি, দয়া করে সাহায্য করুন।'",sms,distressed,2025-06-18,b766bca0ab269347f8c034823b42280dbcc1684100ec0a3fbb0d1d5190245d81
EVID-00462,ta,"அரட்டை பதிவு: 'Guwahati அருகே இரவு 11 மணிக்கு சந்திப்போம், ஒரு இரும்பு கம்பி கொண்டு வா, யாரிடமும் சொல்லாதே.'",email,threatening,2025-04-29,ddd1b77d178dc7d3a7e9331cfd3965838b0cf17fe69631fd2e02a3eac433a13b
EVID-00463,en,"Chat log: 'meet me near Ahmedabad at 11pm, bring a country-made pistol, don't tell anyone.'",email,threatening,2025-09-21,fdeb0674d0a5c9ec7834e5dda08220626283db3a3046fe982b80200c9f44fc30
EVID-00464,hi,"उपयोगकर्ता ने amitaa24@example.com पर शौर्य महादेव से शिपमेंट के बारे में संपर्क किया, 2024-03-20 से पहले खाते में एक दोपहिया वाहन भेजें।",email,deceptive,2024-03-20,4c8d6271f1ab0eb6dd91616dc5308eb21cf7e47df6d5d33fab1f65ca97a15994
EVID-00465,ta,"மின்னஞ்சல் தலைப்பு மூல ஐபி 108.230.177.240 ஐ காட்டுகிறது, 2024-11-30 அன்று ctynaaraaynnnnn57@example.org க்கு அனுப்பப்பட்டது.",chat_log,neutral,2024-11-30,22646993773be102ad2b4b33dfacf324a87e1f9fd437ee53f96054ba2f34c838
EVID-00466,hi,"श्यामा बसु का संदेश: 'मुझे लगता है Kochi के पास कोई मेरा पीछा कर रहा है, मैं बहुत डरी हुई हूँ, कृपया मदद करें।'",sms,distressed,2025-01-29,79bf84147dedeacf5c49e164942b4431042ce25aac48e20f940fa6a560be79b3
EVID-00467,bn,"চ্যাট লগ: 'Coimbatore এর কাছে রাত ১১টায় দেখা করো, একটি লোহার রড নিয়ে এসো, কাউকে বলো না।'",email,threatening,2024-03-21,5d38b00eba6ee16cc4ae05632f6839a95af71f9eddabcc16700c178d90e6043c
EVID-00468,te,"Ravi Kumar నుండి సందేశం: 'Kolkata దగ్గర ఎవరో నన్ను వెంబడిస్తున్నారని అనిపిస్తోంది, చాలా భయంగా ఉంది, దయచేసి సహాయం చేయండి.'",sms,distressed,2025-03-28,a427e86d689480a7f7d8ecb9596fab88dfe92d6c689fd13a429301457f2e74f4
EVID-00469,te,"వినియోగదారు షిప్‌మెంట్ గురించి ayesha45@example.com వద్ద Lakshmi Naiduని సంప్రదించారు, 2024-07-01 లోపు ఖాతాకు ఒక ద్విచక్ర వాహనం పంపండి.",sms,deceptive,2024-07-01,44274558aa3ba30a17c0fdb1a8a21f90584120a8d0b89068d957bd50a0c2e0e5
EVID-00470,mr,"चॅट लॉग: 'Bhopal जवळ रात्री ११ वाजता भेट, एक कट्टा आण, कोणालाही सांगू नकोस.'",call_transcript,threatening,2025-07-27,ce1288d6f6c8f0c88fbaa37ce1d67fbad217f61e2b9fdcc6e56ad8d4263eeebc
EVID-00471,bn,"ইমেইল হেডারে মূল আইপি 170.1.255.65 দেখা যাচ্ছে, 2025-03-28 তারিখে muntaasir31@example.net এ ফরওয়ার্ড করা হয়েছে।",email,neutral,2025-03-28,b14d61bbf1905dc8a4f4a1002b4e3d99902c2ab5c16d52975056623a3ebcfea3
EVID-00472,en,"Email header shows origin IP 115.141.105.230, forwarded to uchana@example.org on 2024-04-06.",sms,neutral,2024-04-06,f2cfa26dcb27a9dd994ae1360d31a98499fbd6532c44781a9bcb5f394cc1bcae
EVID-00473,ta,"அக்மல், இன் செய்தி: 'Mumbai அருகே யாரோ என்னை பின்தொடர்வதாக நினைக்கிறேன், மிகவும் பயமாக இருக்கிறது, தயவுசெய்து உதவுங்கள்.'",call_transcript,distressed,2024-10-08,476a8311c18a3dd8415e46f27b23e3501bb4fa219fe0c1f09ee4885f83071660
EVID-00474,en,"User contacted Alisha Banerjee at prerak89@example.com regarding the shipment, transfer a mobile phone to the account before 2025-08-08.",call_transcript,deceptive,2025-08-08,d6059825aeea9ffa67e4c931494e6057b6b0a2e77a50420ffb8285969475d83c
EVID-00475,ta,"பயனர் பவளமல்லி உடன் ujilaamnnikkeaatti@example.net இல் அனுப்புகை குறித்து தொடர்பு கொண்டார், 2025-04-29 க்கு முன் கணக்கிற்கு தங்க நகைகள் அனுப்பவும்.",chat_log,deceptive,2025-04-29,c7c489381551ba7f9a5055578bd2817a6efba6454de6030499c70377d90fe783
EVID-00476,bn,"ব্যবহারকারী চালানের বিষয়ে antraapoddaar@example.org এ মুনতাসির বিশ্বাস এর সাথে যোগাযোগ করেছেন, 2024-05-14 এর আগে অ্যাকাউন্টে সোনার গহনা পাঠান।",call_transcript,deceptive,2024-05-14,d87c16c50060472fbb938ff8334a70d8e8c257713950a3f82147ef81a56f213c
EVID-00477,en,"User contacted Yashvi Iyer at kapte@example.com regarding the shipment, transfer a mobile phone to the account before 2024-11-17.",sms,deceptive,2024-11-17,cdec167d1bfc123775258de3eda0908ea122a2a5116d7fc830126dfa35b3fe43
EVID-00478,hi,"चैट लॉग: 'Chandigarh के पास रात 11 बजे मिलो, एक चाकू लाना, किसी को मत बताना।'",sms,threatening,2024-11-20,693635a339b1f4ae5197b338b6d9df65990365a2958cf28f5399e31ae8191b71
EVID-00479,ta,"பயனர் எழிலரசன் உடன் pvaannnieelllicaikknnni@example.net இல் அனுப்புகை குறித்து தொடர்பு கொண்டார், 2024-03-03 க்கு முன் கணக்கிற்கு பணம் அனுப்பவும்.",email,deceptive,2024-03-03,76869fe65f275a1ad4e32dd168f1907aefc5986250b2b1865dd7d7664406051a
EVID-00480,ta,"ஹெலன் அகல்யா இன் செய்தி: 'Kolkata அருகே யாரோ என்னை பின்தொடர்வதாக நினைக்கிறேன், மிகவும் பயமாக இருக்கிறது, தயவுசெய்து உதவுங்கள்.'",chat_log,distressed,2024-06-25,5728f18b281ceb42abee87aa6ad7524b96bad364cb6e864e16d04d7868ff68f7
EVID-00481,bn,"চ্যাট লগ: 'Chandigarh এর কাছে রাত ১১টায় দেখা করো, একটি দেশি পিস্তল নিয়ে এসো, কাউকে বলো না।'",chat_log,threatening,2025-02-23,ad402aa4eabafffe8688aa2818e42edb4e0338ea4c791d975eaa18580ee8c2aa
EVID-00482,bn,"খুশি দত্ত এর বার্তা: 'আমার মনে হচ্ছে Jaipur এর কাছে কেউ আমাকে অনুসরণ করছে, আমি খুব ভয় পাচ্ছি, দয়া করে সাহায্য করুন।'",chat_log,distressed,2024-12-15,71cdb2b0d35539881a660f3800bc2195cdbda4b34a521ef9a9a51a6b1ee43f1f
EVID-00483,ta,"அரட்டை பதிவு: 'Patna அருகே இரவு 11 மணிக்கு சந்திப்போம், ஒரு கத்தி கொண்டு வா, யாரிடமும் சொல்லாதே.'",chat_log,threatening,2024-04-02,b55bcccb06350d4b6358888d3e5a928d0899b70b9a1378d357b3a421fa4c3925
EVID-00484,hi,"चैट लॉग: 'Surat के पास रात 11 बजे मिलो, एक चाकू लाना, किसी को मत बताना।'",sms,threatening,2024-01-11,a518db21d09c83c4f8ea55636a9234f4ca35493996439f5206d89b45f24a9c48
EVID-00485,mr,"ईमेल हेडरमध्ये मूळ आयपी 167.220.25.19 दिसतो, 2024-05-15 रोजी kuriansamarth@example.org वर फॉरवर्ड केले.",chat_log,neutral,2024-05-15,310d07ec97bc1a413c27b9364d1c843acaab63ba5a00058f06b246f82a41a7ee
EVID-00486,mr,"ईमेल हेडरमध्ये मूळ आयपी 109.191.28.204 दिसतो, 2025-08-01 रोजी bhavin88@example.org वर फॉरवर्ड केले.",call_transcript,neutral,2025-08-01,7f43b0791b2baa81fe87dd30f172091bff53959cafb601135134fea6b39629ac
EVID-00487,hi,"ईमेल हेडर मूल आईपी 215.57.15.53 दिखाता है, 2024-06-30 को hdyaal@example.org पर अग्रेषित किया गया।",sms,neutral,2024-06-30,64837744fe3242d728a6cb6b1bd1d04fdc181307c99745a8ffa957be284f53e8
EVID-00488,te,"ఇమెయిల్ హెడర్ మూల ఐపీ 140.208.109.68 చూపిస్తుంది, 2024-12-29 న joshitaimur@example.netకు ఫార్వార్డ్ చేయబడింది.",sms,neutral,2024-12-29,2d4919c9cd5a85ed8ecf8814c1844fabf4689ec5d6f3bbee3f88be9d9996beaa
EVID-00489,te,"Kiran Babu నుండి సందేశం: 'Patna దగ్గర ఎవరో నన్ను వెంబడిస్తున్నారని అనిపిస్తోంది, చాలా భయంగా ఉంది, దయచేసి సహాయం చేయండి.'",email,distressed,2025-08-22,f3f53373ab1482d3c2aedb9938f77d3d24d9b7c3ba8e10bf4d7da6e558ff9015
EVID-00490,ta,"மின்னஞ்சல் தலைப்பு மூல ஐபி 74.148.145.203 ஐ காட்டுகிறது, 2024-12-21 அன்று raajveelu69@example.org க்கு அனுப்பப்பட்டது.",email,neutral,2024-12-21,66dc487b5002805544dcede1c739eb8a096f828b59f8ed50316ca28fade455c5
EVID-00491,bn,"চ্যাট লগ: 'Coimbatore এর কাছে রাত ১১টায় দেখা করো, একটি লোহার রড নিয়ে এসো, কাউকে বলো না।'",sms,threatening,2025-06-09,5d38b00eba6ee16cc4ae05632f6839a95af71f9eddabcc16700c178d90e6043c
EVID-00492,hi,"चैट लॉग: 'Patna के पास रात 11 बजे मिलो, एक लोहे की रॉड लाना, किसी को मत बताना।'",call_transcript,threatening,2024-04-28,fb881df79196fc9d92af7a2f5c69c6e41d614b247d8c52fd5e424359085dc25f
EVID-00493,hi,"जगदीश दवे का संदेश: 'मुझे लगता है Patna के पास कोई मेरा पीछा कर रहा है, मैं बहुत डरी हुई हूँ, कृपया मदद करें।'",chat_log,distressed,2025-07-31,0cc7e22eb799e8115013f4021650266bade9ea5cac5923f8cfd2788a543a1e0e
EVID-00494,bn,"মৃনাল চৌধুরী এর বার্তা: 'আমার মনে হচ্ছে Chennai এর কাছে কেউ আমাকে অনুসরণ করছে, আমি খুব ভয় পাচ্ছি, দয়া করে সাহায্য করুন।'",call_transcript,distressed,2024-06-11,6be83b49c6330eccafc6afd68a146b2f8b1249eeed6f5dd5613eb1f5952caeeb
EVID-00495,bn,"ইমেইল হেডারে মূল আইপি 68.134.82.163 দেখা যাচ্ছে, 2025-01-01 তারিখে aaktaaraasen@example.com এ ফরওয়ার্ড করা হয়েছে।",email,neutral,2025-01-01,7fd3d1c621ce4e72e80e84fd1886802e6fd0c7232e29d8744293872d9d59bab0
EVID-00496,mr,"Nikhil Jadhav चा संदेश: 'मला वाटतंय Hyderabad जवळ कोणीतरी माझा पाठलाग करत आहे, मी खूप घाबरले आहे, कृपया मदत करा.'",call_transcript,distressed,2025-09-23,8868eb2def4028a51fc7738236986b78c56559fcf8215d92628f73d3d639f391
EVID-00497,te,"ఇమెయిల్ హెడర్ మూల ఐపీ 211.116.17.197 చూపిస్తుంది, 2025-01-17 న battamannat@example.netకు ఫార్వార్డ్ చేయబడింది.",call_transcript,neutral,2025-01-17,940886f15750cdf115a944659184c4d5868e441f0b94f19c8a034e9485609487
EVID-00498,te,"వినియోగదారు షిప్‌మెంట్ గురించి saksham23@example.net వద్ద Srinivas Sharmaని సంప్రదించారు, 2025-06-03 లోపు ఖాతాకు బంగారు నగలు పంపండి.",call_transcript,deceptive,2025-06-03,8dc02863723e64372d25831a2f769a51409cc5473f2ad0c34e698cde3c5ff737
EVID-00499,mr,"चॅट लॉग: 'Guwahati जवळ रात्री ११ वाजता भेट, एक विळा आण, कोणालाही सांगू नकोस.'",email,threatening,2024-01-30,bac38f39ae7f81fc748ee46e335b57e5150c62fbfe984b2da34925740652a4ac
EVID-00500,bn,"চ্যাট লগ: 'Chandigarh এর কাছে রাত ১১টায় দেখা করো, একটি দেশি পিস্তল নিয়ে এসো, কাউকে বলো না।'",sms,threatening,2024-05-22,ad402aa4eabafffe8688aa2818e42edb4e0338ea4c791d975eaa18580ee8c2aa
